crash_date,traffic_control_device,weather_condition,lighting_condition,first_crash_type,trafficway_type,alignment,roadway_surface_cond,road_defect,crash_type,intersection_related_i,damage,prim_contributory_cause,num_units,most_severe_injury,injuries_total,injuries_fatal,injuries_incapacitating,injuries_non_incapacitating,injuries_reported_not_evident,injuries_no_indication,crash_hour,crash_day_of_week,crash_month,parsed_datetime,date,time
06/18/2024 03:31:00 PM,5.0,2,1,6,5,1,3,1,0,1,3,FAILING TO REDUCE SPEED TO AVOID CRASH,2,1,0.0,0.0,0.0,0.0,0.0,2.0,15,3,6,06/18/2024,2024-06-18,15:31:00
01/01/2024 02:05:00 AM,5.0,2,4,3,6,1,4,3,0,1,2,"OPERATING VEHICLE IN ERRATIC, RECKLESS, CARELESS, NEGLIGENT OR AGGRESSIVE MANNER",2,1,0.0,0.0,0.0,0.0,0.0,2.0,2,2,1,01/01/2024,2024-01-01,02:05:00
06/25/2024 11:40:00 AM,7.0,2,1,14,5,1,3,3,1,1,1,UNABLE TO DETERMINE,2,2,1.0,0.0,0.0,0.0,1.0,1.0,11,3,6,06/25/2024,2024-06-25,11:40:00
06/28/2024 04:40:00 PM,3.0,4,1,6,4,1,4,3,0,1,2,IMPROPER TURNING/NO SIGNAL,2,1,0.0,0.0,0.0,0.0,0.0,2.0,16,6,6,06/28/2024,2024-06-28,16:40:00
04/10/2024 03:35:00 PM,7.0,2,1,6,10,1,1,1,0,0,3,FAILING TO YIELD RIGHT-OF-WAY,2,1,0.0,0.0,0.0,0.0,0.0,2.0,15,4,4,04/10/2024,2024-04-10,15:35:00
04/22/2024 08:00:00 AM,7.0,2,1,5,7,1,1,1,1,1,3,FAILING TO YIELD RIGHT-OF-WAY,2,2,1.0,0.0,0.0,0.0,1.0,6.0,8,2,4,04/22/2024,2024-04-22,08:00:00
07/03/2024 04:21:00 PM,3.0,2,1,4,6,1,3,3,0,1,3,FAILING TO REDUCE SPEED TO AVOID CRASH,2,1,0.0,0.0,0.0,0.0,0.0,2.0,16,4,7,07/03/2024,2024-07-03,16:21:00
07/09/2024 04:48:00 PM,7.0,4,1,5,5,1,4,3,1,1,3,DISREGARDING STOP SIGN,2,2,1.0,0.0,0.0,0.0,1.0,2.0,16,3,7,07/09/2024,2024-07-09,16:48:00
05/22/2024 06:15:00 PM,5.0,2,1,14,5,2,3,3,0,1,2,DRIVING SKILLS/KNOWLEDGE/EXPERIENCE,2,1,0.0,0.0,0.0,0.0,0.0,2.0,18,4,5,05/22/2024,2024-05-22,18:15:00
06/20/2024 10:41:00 AM,7.0,2,1,5,5,1,3,3,0,1,3,FAILING TO YIELD RIGHT-OF-WAY,2,1,0.0,0.0,0.0,0.0,0.0,2.0,10,5,6,06/20/2024,2024-06-20,10:41:00
05/19/2024 02:55:00 PM,5.0,2,1,6,5,1,3,3,0,1,3,FAILING TO YIELD RIGHT-OF-WAY,2,1,0.0,0.0,0.0,0.0,0.0,3.0,14,1,5,05/19/2024,2024-05-19,14:55:00
06/22/2024 06:45:00 PM,5.0,2,1,4,6,1,3,1,0,1,2,UNABLE TO DETERMINE,2,1,0.0,0.0,0.0,0.0,0.0,2.0,18,7,6,06/22/2024,2024-06-22,18:45:00
03/02/2024 03:50:00 PM,7.0,2,1,6,6,1,3,3,0,1,1,IMPROPER TURNING/NO SIGNAL,2,1,0.0,0.0,0.0,0.0,0.0,3.0,15,7,3,03/02/2024,2024-03-02,15:50:00
01/31/2024 07:28:00 PM,5.0,2,4,4,5,1,3,3,0,1,3,FOLLOWING TOO CLOSELY,2,1,0.0,0.0,0.0,0.0,0.0,2.0,19,4,1,01/31/2024,2024-01-31,19:28:00
06/06/2024 10:00:00 PM,3.0,2,1,11,10,1,3,1,0,0,3,UNABLE TO DETERMINE,2,1,0.0,0.0,0.0,0.0,0.0,1.0,22,5,6,06/06/2024,2024-06-06,22:00:00
05/16/2024 08:25:00 PM,5.0,2,3,6,4,1,3,3,0,1,3,IMPROPER TURNING/NO SIGNAL,2,1,0.0,0.0,0.0,0.0,0.0,3.0,20,5,5,05/16/2024,2024-05-16,20:25:00
05/16/2024 09:00:00 PM,7.0,2,1,4,6,1,1,1,0,1,2,FOLLOWING TOO CLOSELY,2,1,0.0,0.0,0.0,0.0,0.0,3.0,21,5,5,05/16/2024,2024-05-16,21:00:00
06/17/2024 05:57:00 PM,5.0,2,1,6,5,1,3,3,1,1,3,FAILING TO YIELD RIGHT-OF-WAY,2,1,0.0,0.0,0.0,0.0,0.0,3.0,17,2,6,06/17/2024,2024-06-17,17:57:00
05/27/2024 02:10:00 PM,5.0,2,1,6,5,1,3,3,1,1,3,DRIVING SKILLS/KNOWLEDGE/EXPERIENCE,2,1,0.0,0.0,0.0,0.0,0.0,2.0,14,2,5,05/27/2024,2024-05-27,14:10:00
02/10/2024 03:41:00 PM,5.0,2,1,6,5,1,3,1,0,1,3,NOT APPLICABLE,2,1,0.0,0.0,0.0,0.0,0.0,2.0,15,7,2,02/10/2024,2024-02-10,15:41:00
01/27/2024 11:30:00 AM,7.0,4,1,5,5,1,4,3,0,1,2,UNABLE TO DETERMINE,2,1,0.0,0.0,0.0,0.0,0.0,2.0,11,7,1,01/27/2024,2024-01-27,11:30:00
06/23/2024 04:20:00 PM,1.0,2,1,5,6,1,3,1,0,1,2,NOT APPLICABLE,2,1,0.0,0.0,0.0,0.0,0.0,4.0,16,1,6,06/23/2024,2024-06-23,16:20:00
03/01/2024 08:38:00 AM,7.0,2,1,6,7,1,3,3,1,1,3,FAILING TO YIELD RIGHT-OF-WAY,2,3,2.0,0.0,0.0,2.0,0.0,0.0,8,6,3,03/01/2024,2024-03-01,08:38:00
02/26/2024 06:55:00 PM,5.0,2,3,4,5,1,3,3,0,1,3,UNABLE TO DETERMINE,2,1,0.0,0.0,0.0,0.0,0.0,3.0,18,2,2,02/26/2024,2024-02-26,18:55:00
03/31/2024 08:35:00 PM,7.0,4,4,6,5,1,4,3,1,1,3,FAILING TO REDUCE SPEED TO AVOID CRASH,2,3,1.0,0.0,0.0,1.0,0.0,2.0,20,1,3,03/31/2024,2024-03-31,20:35:00
01/17/2024 06:30:00 PM,5.0,2,4,4,3,1,3,3,0,1,3,FOLLOWING TOO CLOSELY,2,1,0.0,0.0,0.0,0.0,0.0,3.0,18,4,1,01/17/2024,2024-01-17,18:30:00
05/16/2024 03:00:00 PM,3.0,2,1,3,7,1,1,1,0,1,3,UNABLE TO DETERMINE,2,1,0.0,0.0,0.0,0.0,0.0,2.0,15,5,5,05/16/2024,2024-05-16,15:00:00
06/21/2024 11:20:00 AM,3.0,2,1,14,7,1,3,3,1,1,3,FAILING TO YIELD RIGHT-OF-WAY,2,4,1.0,0.0,1.0,0.0,0.0,1.0,11,6,6,06/21/2024,2024-06-21,11:20:00
08/27/2024 11:30:00 AM,5.0,2,1,3,3,1,3,1,0,1,3,UNABLE TO DETERMINE,2,1,0.0,0.0,0.0,0.0,0.0,4.0,11,3,8,08/27/2024,2024-08-27,11:30:00
01/29/2024 02:30:00 PM,5.0,2,1,3,4,1,3,3,0,0,2,UNABLE TO DETERMINE,2,1,0.0,0.0,0.0,0.0,0.0,3.0,14,2,1,01/29/2024,2024-01-29,14:30:00
03/14/2024 12:40:00 PM,3.0,2,1,6,5,1,3,3,1,1,3,FAILING TO YIELD RIGHT-OF-WAY,2,3,2.0,0.0,0.0,2.0,0.0,1.0,12,5,3,03/14/2024,2024-03-14,12:40:00
02/20/2024 08:10:00 AM,5.0,2,1,6,5,1,3,3,1,1,3,UNABLE TO DETERMINE,2,3,2.0,0.0,0.0,2.0,0.0,0.0,8,3,2,02/20/2024,2024-02-20,08:10:00
02/20/2024 04:19:00 PM,5.0,2,1,6,5,1,3,1,0,1,3,UNABLE TO DETERMINE,2,1,0.0,0.0,0.0,0.0,0.0,2.0,16,3,2,02/20/2024,2024-02-20,16:19:00
02/04/2024 11:19:00 AM,5.0,2,1,6,5,1,3,1,0,1,3,UNABLE TO DETERMINE,2,1,0.0,0.0,0.0,0.0,0.0,2.0,11,1,2,02/04/2024,2024-02-04,11:19:00
08/04/2024 01:06:00 AM,4.0,2,4,5,10,1,3,3,1,1,3,FAILING TO YIELD RIGHT-OF-WAY,2,1,0.0,0.0,0.0,0.0,0.0,2.0,1,1,8,08/04/2024,2024-08-04,01:06:00
04/15/2024 11:19:00 AM,7.0,2,1,5,5,1,3,3,1,1,3,DRIVING SKILLS/KNOWLEDGE/EXPERIENCE,2,3,1.0,0.0,0.0,1.0,0.0,1.0,11,2,4,04/15/2024,2024-04-15,11:19:00
07/05/2024 06:40:00 PM,5.0,2,1,4,5,1,3,3,0,1,3,FOLLOWING TOO CLOSELY,2,1,0.0,0.0,0.0,0.0,0.0,2.0,18,6,7,07/05/2024,2024-07-05,18:40:00
01/31/2024 07:01:00 PM,7.0,2,4,5,5,1,3,3,1,1,3,DISREGARDING STOP SIGN,2,1,0.0,0.0,0.0,0.0,0.0,3.0,19,4,1,01/31/2024,2024-01-31,19:01:00
07/20/2024 09:00:00 AM,5.0,2,1,6,7,1,3,3,1,1,3,FAILING TO YIELD RIGHT-OF-WAY,2,1,0.0,0.0,0.0,0.0,0.0,2.0,9,7,7,07/20/2024,2024-07-20,09:00:00
02/03/2024 06:14:00 PM,5.0,2,4,4,5,1,3,1,0,1,3,UNABLE TO DETERMINE,2,1,0.0,0.0,0.0,0.0,0.0,3.0,18,7,2,02/03/2024,2024-02-03,18:14:00
02/05/2024 02:53:00 PM,3.0,2,1,6,6,1,3,3,0,1,3,IMPROPER TURNING/NO SIGNAL,2,1,0.0,0.0,0.0,0.0,0.0,2.0,14,2,2,02/05/2024,2024-02-05,14:53:00
05/17/2024 07:38:00 AM,7.0,2,1,5,4,1,3,3,1,1,3,FAILING TO YIELD RIGHT-OF-WAY,2,4,1.0,0.0,1.0,0.0,0.0,4.0,7,6,5,05/17/2024,2024-05-17,07:38:00
03/27/2024 03:31:00 PM,5.0,2,1,3,6,1,3,3,0,1,3,UNABLE TO DETERMINE,2,1,0.0,0.0,0.0,0.0,0.0,2.0,15,4,3,03/27/2024,2024-03-27,15:31:00
02/17/2024 02:30:00 PM,3.0,2,1,6,3,1,3,3,0,1,2,UNABLE TO DETERMINE,2,1,0.0,0.0,0.0,0.0,0.0,3.0,14,7,2,02/17/2024,2024-02-17,14:30:00
04/25/2024 09:35:00 AM,3.0,2,1,6,6,1,3,3,0,0,3,FAILING TO YIELD RIGHT-OF-WAY,2,1,0.0,0.0,0.0,0.0,0.0,3.0,9,5,4,04/25/2024,2024-04-25,09:35:00
04/26/2024 04:45:00 PM,7.0,4,1,5,5,1,4,1,1,1,3,UNABLE TO DETERMINE,2,3,1.0,0.0,0.0,1.0,0.0,2.0,16,6,4,04/26/2024,2024-04-26,16:45:00
05/26/2024 12:14:00 AM,3.0,2,4,6,4,1,3,3,1,0,3,IMPROPER TURNING/NO SIGNAL,2,3,1.0,0.0,0.0,1.0,0.0,1.0,0,1,5,05/26/2024,2024-05-26,00:14:00
03/31/2024 11:35:00 AM,5.0,2,1,4,7,1,3,3,1,1,3,FOLLOWING TOO CLOSELY,2,3,1.0,0.0,0.0,1.0,0.0,1.0,11,1,3,03/31/2024,2024-03-31,11:35:00
07/07/2024 05:27:00 PM,7.0,4,1,6,5,1,4,3,1,1,3,FAILING TO YIELD RIGHT-OF-WAY,2,3,1.0,0.0,0.0,1.0,0.0,2.0,17,1,7,07/07/2024,2024-07-07,17:27:00
04/28/2024 10:57:00 PM,5.0,2,5,14,6,1,3,3,1,0,2,NOT APPLICABLE,2,3,1.0,0.0,0.0,1.0,0.0,1.0,22,1,4,04/28/2024,2024-04-28,22:57:00
03/10/2024 06:30:00 PM,5.0,2,1,14,5,1,3,3,1,1,3,UNABLE TO DETERMINE,2,3,1.0,0.0,0.0,1.0,0.0,3.0,18,1,3,03/10/2024,2024-03-10,18:30:00
04/01/2024 07:45:00 AM,7.0,2,1,13,5,1,4,3,1,1,2,UNABLE TO DETERMINE,2,3,1.0,0.0,0.0,1.0,0.0,1.0,7,2,4,04/01/2024,2024-04-01,07:45:00
08/10/2024 12:05:00 PM,5.0,2,1,6,3,1,3,3,0,1,2,IMPROPER OVERTAKING/PASSING,2,1,0.0,0.0,0.0,0.0,0.0,2.0,12,7,8,08/10/2024,2024-08-10,12:05:00
02/10/2024 07:30:00 PM,5.0,2,4,3,4,1,3,3,0,1,2,UNABLE TO DETERMINE,2,1,0.0,0.0,0.0,0.0,0.0,2.0,19,7,2,02/10/2024,2024-02-10,19:30:00
05/07/2024 04:30:00 PM,5.0,2,1,5,5,1,3,3,1,1,2,UNABLE TO DETERMINE,2,3,2.0,0.0,0.0,2.0,0.0,2.0,16,3,5,05/07/2024,2024-05-07,16:30:00
04/21/2024 04:17:00 PM,5.0,2,1,3,5,1,3,3,0,1,3,FAILING TO YIELD RIGHT-OF-WAY,2,1,0.0,0.0,0.0,0.0,0.0,2.0,16,1,4,04/21/2024,2024-04-21,16:17:00
07/11/2024 04:55:00 PM,5.0,2,1,4,12,1,3,3,0,1,3,UNABLE TO DETERMINE,2,1,0.0,0.0,0.0,0.0,0.0,2.0,16,5,7,07/11/2024,2024-07-11,16:55:00
01/22/2024 10:20:00 AM,7.0,4,1,6,5,1,4,3,0,1,2,WEATHER,2,1,0.0,0.0,0.0,0.0,0.0,2.0,10,2,1,01/22/2024,2024-01-22,10:20:00
07/03/2024 12:00:00 PM,5.0,2,1,6,4,1,3,3,0,1,3,FAILING TO YIELD RIGHT-OF-WAY,2,1,0.0,0.0,0.0,0.0,0.0,2.0,12,4,7,07/03/2024,2024-07-03,12:00:00
02/11/2024 04:18:00 AM,7.0,2,4,6,4,1,3,3,1,1,3,FAILING TO YIELD RIGHT-OF-WAY,2,1,0.0,0.0,0.0,0.0,0.0,2.0,4,1,2,02/11/2024,2024-02-11,04:18:00
04/15/2024 11:40:00 PM,7.0,2,4,13,5,1,3,3,1,1,1,DISREGARDING STOP SIGN,2,4,1.0,0.0,1.0,0.0,0.0,1.0,23,2,4,04/15/2024,2024-04-15,23:40:00
06/24/2024 10:20:00 PM,5.0,4,4,6,5,4,4,3,0,1,3,IMPROPER TURNING/NO SIGNAL,2,1,0.0,0.0,0.0,0.0,0.0,2.0,22,2,6,06/24/2024,2024-06-24,22:20:00
07/25/2024 07:53:00 AM,5.0,2,1,6,7,1,3,3,1,1,3,DISREGARDING TRAFFIC SIGNALS,2,4,2.0,0.0,2.0,0.0,0.0,0.0,7,5,7,07/25/2024,2024-07-25,07:53:00
08/05/2024 08:30:00 PM,5.0,2,4,5,5,1,3,3,1,1,3,DISREGARDING TRAFFIC SIGNALS,2,2,1.0,0.0,0.0,0.0,1.0,1.0,20,2,8,08/05/2024,2024-08-05,20:30:00
03/17/2024 02:20:00 PM,3.0,2,1,6,6,1,3,3,1,1,3,"VISION OBSCURED (SIGNS, TREE LIMBS, BUILDINGS, ETC.)",2,3,1.0,0.0,0.0,1.0,0.0,1.0,14,1,3,03/17/2024,2024-03-17,14:20:00
03/20/2024 08:10:00 AM,7.0,2,1,6,1,1,3,3,0,1,3,FAILING TO YIELD RIGHT-OF-WAY,2,1,0.0,0.0,0.0,0.0,0.0,2.0,8,4,3,03/20/2024,2024-03-20,08:10:00
05/06/2024 06:47:00 AM,5.0,2,1,4,5,1,3,1,0,1,1,UNABLE TO DETERMINE,2,1,0.0,0.0,0.0,0.0,0.0,2.0,6,2,5,05/06/2024,2024-05-06,06:47:00
04/19/2024 02:30:00 PM,5.0,2,1,4,10,1,3,3,1,0,3,UNABLE TO DETERMINE,2,2,1.0,0.0,0.0,0.0,1.0,1.0,14,6,4,04/19/2024,2024-04-19,14:30:00
03/30/2024 08:00:00 PM,5.0,2,4,4,1,1,3,3,1,1,3,FOLLOWING TOO CLOSELY,2,2,1.0,0.0,0.0,0.0,1.0,3.0,20,7,3,03/30/2024,2024-03-30,20:00:00
04/23/2024 01:00:00 PM,5.0,2,1,5,7,1,1,1,1,1,3,UNABLE TO DETERMINE,2,3,1.0,0.0,0.0,1.0,0.0,1.0,13,3,4,04/23/2024,2024-04-23,13:00:00
06/23/2024 01:00:00 AM,3.0,2,5,7,6,1,3,3,0,1,3,UNABLE TO DETERMINE,2,1,0.0,0.0,0.0,0.0,0.0,2.0,1,1,6,06/23/2024,2024-06-23,01:00:00
01/18/2024 05:20:00 PM,7.0,2,4,5,6,1,3,3,0,1,1,FAILING TO YIELD RIGHT-OF-WAY,2,1,0.0,0.0,0.0,0.0,0.0,3.0,17,5,1,01/18/2024,2024-01-18,17:20:00
04/25/2024 12:25:00 PM,5.0,2,1,6,5,1,3,3,0,1,3,FAILING TO YIELD RIGHT-OF-WAY,2,1,0.0,0.0,0.0,0.0,0.0,2.0,12,5,4,04/25/2024,2024-04-25,12:25:00
05/07/2024 12:14:00 PM,5.0,2,1,6,7,1,3,3,1,1,3,DISREGARDING TRAFFIC SIGNALS,2,2,1.0,0.0,0.0,0.0,1.0,1.0,12,3,5,05/07/2024,2024-05-07,12:14:00
01/12/2024 05:15:00 AM,5.0,2,4,5,5,1,4,3,0,1,2,UNABLE TO DETERMINE,2,1,0.0,0.0,0.0,0.0,0.0,2.0,5,6,1,01/12/2024,2024-01-12,05:15:00
01/02/2024 02:00:00 PM,3.0,2,1,5,6,1,3,3,0,1,2,UNABLE TO DETERMINE,2,1,0.0,0.0,0.0,0.0,0.0,2.0,14,3,1,01/02/2024,2024-01-02,14:00:00
08/01/2024 04:48:00 PM,5.0,2,1,4,10,1,3,1,0,1,2,FAILING TO REDUCE SPEED TO AVOID CRASH,2,1,0.0,0.0,0.0,0.0,0.0,2.0,16,5,8,08/01/2024,2024-08-01,16:48:00
06/18/2024 04:45:00 PM,5.0,2,1,3,12,1,3,3,0,1,3,UNABLE TO DETERMINE,2,1,0.0,0.0,0.0,0.0,0.0,2.0,16,3,6,06/18/2024,2024-06-18,16:45:00
06/04/2024 10:00:00 AM,3.0,2,1,4,7,1,3,3,0,1,1,UNABLE TO DETERMINE,2,1,0.0,0.0,0.0,0.0,0.0,2.0,10,3,6,06/04/2024,2024-06-04,10:00:00
08/04/2024 03:32:00 AM,5.0,2,4,4,4,1,3,3,1,0,3,FAILING TO YIELD RIGHT-OF-WAY,2,2,1.0,0.0,0.0,0.0,1.0,1.0,3,1,8,08/04/2024,2024-08-04,03:32:00
05/20/2024 12:10:00 PM,3.0,2,1,6,5,1,3,3,0,1,3,UNABLE TO DETERMINE,2,1,0.0,0.0,0.0,0.0,0.0,4.0,12,2,5,05/20/2024,2024-05-20,12:10:00
02/23/2024 02:01:00 PM,7.0,2,1,5,5,1,4,1,1,1,3,DISREGARDING STOP SIGN,2,2,1.0,0.0,0.0,0.0,1.0,2.0,14,6,2,02/23/2024,2024-02-23,14:01:00
05/05/2024 09:28:00 PM,5.0,2,4,4,3,1,3,3,1,1,3,NOT APPLICABLE,2,2,1.0,0.0,0.0,0.0,1.0,1.0,21,1,5,05/05/2024,2024-05-05,21:28:00
05/18/2024 10:13:00 PM,5.0,2,4,6,5,1,1,1,0,1,3,FAILING TO YIELD RIGHT-OF-WAY,2,1,0.0,0.0,0.0,0.0,0.0,4.0,22,7,5,05/18/2024,2024-05-18,22:13:00
03/05/2024 04:10:00 PM,5.0,2,1,5,5,1,1,1,0,1,3,UNABLE TO DETERMINE,2,1,0.0,0.0,0.0,0.0,0.0,2.0,16,3,3,03/05/2024,2024-03-05,16:10:00
05/03/2024 09:00:00 AM,5.0,4,1,6,5,1,4,1,0,1,3,IMPROPER TURNING/NO SIGNAL,2,1,0.0,0.0,0.0,0.0,0.0,3.0,9,6,5,05/03/2024,2024-05-03,09:00:00
05/28/2024 04:00:00 PM,5.0,2,1,5,6,1,3,3,1,1,3,NOT APPLICABLE,2,2,1.0,0.0,0.0,0.0,1.0,1.0,16,3,5,05/28/2024,2024-05-28,16:00:00
06/13/2024 07:35:00 PM,7.0,2,1,5,2,1,3,3,1,1,3,FAILING TO YIELD RIGHT-OF-WAY,2,1,0.0,0.0,0.0,0.0,0.0,3.0,19,5,6,06/13/2024,2024-06-13,19:35:00
04/23/2024 05:29:00 PM,7.0,2,1,14,10,1,3,3,1,1,2,UNABLE TO DETERMINE,2,3,1.0,0.0,0.0,1.0,0.0,1.0,17,3,4,04/23/2024,2024-04-23,17:29:00
05/01/2024 04:00:00 PM,3.0,2,1,14,6,1,3,1,0,1,2,FAILING TO YIELD RIGHT-OF-WAY,2,1,0.0,0.0,0.0,0.0,0.0,2.0,16,4,5,05/01/2024,2024-05-01,16:00:00
05/09/2024 08:21:00 AM,7.0,4,1,10,5,1,4,1,0,1,3,UNABLE TO DETERMINE,2,1,0.0,0.0,0.0,0.0,0.0,3.0,8,5,5,05/09/2024,2024-05-09,08:21:00
07/17/2024 02:37:00 PM,5.0,2,1,5,5,1,3,3,1,1,3,DISREGARDING TRAFFIC SIGNALS,2,2,1.0,0.0,0.0,0.0,1.0,1.0,14,4,7,07/17/2024,2024-07-17,14:37:00
02/14/2024 06:35:00 PM,5.0,2,5,4,4,1,3,3,0,0,2,UNABLE TO DETERMINE,2,1,0.0,0.0,0.0,0.0,0.0,2.0,18,4,2,02/14/2024,2024-02-14,18:35:00
01/20/2024 06:40:00 PM,5.0,2,4,4,5,1,4,3,0,1,1,FAILING TO REDUCE SPEED TO AVOID CRASH,2,1,0.0,0.0,0.0,0.0,0.0,3.0,18,7,1,01/20/2024,2024-01-20,18:40:00
01/02/2024 11:40:00 AM,5.0,2,1,4,12,1,3,3,1,1,3,FOLLOWING TOO CLOSELY,2,1,0.0,0.0,0.0,0.0,0.0,2.0,11,3,1,01/02/2024,2024-01-02,11:40:00
04/08/2024 05:55:00 PM,5.0,2,1,5,5,1,3,3,0,1,3,UNABLE TO DETERMINE,2,1,0.0,0.0,0.0,0.0,0.0,2.0,17,2,4,04/08/2024,2024-04-08,17:55:00
07/25/2024 11:05:00 AM,5.0,2,1,13,5,1,3,3,1,1,2,FAILING TO YIELD RIGHT-OF-WAY,2,3,1.0,0.0,0.0,1.0,0.0,1.0,11,5,7,07/25/2024,2024-07-25,11:05:00
02/03/2024 12:54:00 PM,5.0,2,1,5,5,1,3,3,1,1,3,DISREGARDING TRAFFIC SIGNALS,2,1,0.0,0.0,0.0,0.0,0.0,3.0,12,7,2,02/03/2024,2024-02-03,12:54:00
03/07/2024 07:25:00 PM,7.0,3,4,6,5,1,3,3,0,1,3,UNABLE TO DETERMINE,2,1,0.0,0.0,0.0,0.0,0.0,2.0,19,5,3,03/07/2024,2024-03-07,19:25:00
05/23/2024 01:10:00 PM,5.0,2,1,5,2,1,3,3,0,1,3,NOT APPLICABLE,2,1,0.0,0.0,0.0,0.0,0.0,2.0,13,5,5,05/23/2024,2024-05-23,13:10:00
03/27/2024 06:05:00 PM,5.0,2,1,5,6,1,3,3,1,1,3,DISREGARDING TRAFFIC SIGNALS,2,3,1.0,0.0,0.0,1.0,0.0,1.0,18,4,3,03/27/2024,2024-03-27,18:05:00
04/26/2024 10:05:00 PM,5.0,2,4,5,5,1,3,3,0,1,3,DISREGARDING TRAFFIC SIGNALS,2,1,0.0,0.0,0.0,0.0,0.0,3.0,22,6,4,04/26/2024,2024-04-26,22:05:00
05/22/2024 08:45:00 AM,7.0,2,1,6,6,1,3,3,0,1,1,FAILING TO YIELD RIGHT-OF-WAY,2,1,0.0,0.0,0.0,0.0,0.0,2.0,8,4,5,05/22/2024,2024-05-22,08:45:00
01/25/2024 06:56:00 AM,7.0,8,3,6,6,1,4,3,1,1,3,FAILING TO YIELD RIGHT-OF-WAY,2,3,1.0,0.0,0.0,1.0,0.0,1.0,6,5,1,01/25/2024,2024-01-25,06:56:00
03/15/2024 06:45:00 AM,5.0,2,2,13,5,1,1,1,1,1,1,FAILING TO YIELD RIGHT-OF-WAY,2,2,1.0,0.0,0.0,0.0,1.0,1.0,6,6,3,03/15/2024,2024-03-15,06:45:00
02/03/2024 04:34:00 PM,5.0,2,1,3,5,1,3,3,0,1,3,PHYSICAL CONDITION OF DRIVER,2,1,0.0,0.0,0.0,0.0,0.0,2.0,16,7,2,02/03/2024,2024-02-03,16:34:00
02/03/2024 04:30:00 PM,5.0,2,3,3,6,1,3,3,0,1,3,IMPROPER OVERTAKING/PASSING,2,1,0.0,0.0,0.0,0.0,0.0,4.0,16,7,2,02/03/2024,2024-02-03,16:30:00
06/27/2024 11:00:00 AM,5.0,2,1,6,4,1,3,1,0,1,3,FAILING TO YIELD RIGHT-OF-WAY,2,1,0.0,0.0,0.0,0.0,0.0,2.0,11,5,6,06/27/2024,2024-06-27,11:00:00
06/30/2024 09:21:00 PM,5.0,2,4,6,4,1,3,3,1,1,1,"OPERATING VEHICLE IN ERRATIC, RECKLESS, CARELESS, NEGLIGENT OR AGGRESSIVE MANNER",2,1,0.0,0.0,0.0,0.0,0.0,2.0,21,1,6,06/30/2024,2024-06-30,21:21:00
03/24/2024 12:52:00 PM,5.0,2,1,3,5,1,3,3,0,1,2,IMPROPER OVERTAKING/PASSING,2,1,0.0,0.0,0.0,0.0,0.0,3.0,12,1,3,03/24/2024,2024-03-24,12:52:00
05/23/2024 03:44:00 PM,1.0,2,1,6,5,1,3,3,1,1,3,FAILING TO YIELD RIGHT-OF-WAY,2,1,0.0,0.0,0.0,0.0,0.0,2.0,15,5,5,05/23/2024,2024-05-23,15:44:00
02/07/2024 05:35:00 PM,7.0,2,4,5,5,1,3,3,1,1,3,FAILING TO YIELD RIGHT-OF-WAY,2,1,0.0,0.0,0.0,0.0,0.0,2.0,17,4,2,02/07/2024,2024-02-07,17:35:00
03/23/2024 05:08:00 PM,3.0,2,1,3,5,1,3,3,1,1,3,FAILING TO YIELD RIGHT-OF-WAY,2,1,0.0,0.0,0.0,0.0,0.0,4.0,17,7,3,03/23/2024,2024-03-23,17:08:00
07/17/2024 12:10:00 PM,5.0,2,1,4,5,1,3,3,0,1,3,FAILING TO REDUCE SPEED TO AVOID CRASH,2,1,0.0,0.0,0.0,0.0,0.0,2.0,12,4,7,07/17/2024,2024-07-17,12:10:00
04/05/2024 09:14:00 AM,5.0,2,1,6,5,1,3,3,0,1,3,FAILING TO REDUCE SPEED TO AVOID CRASH,2,1,0.0,0.0,0.0,0.0,0.0,3.0,9,6,4,04/05/2024,2024-04-05,09:14:00
03/30/2024 03:05:00 PM,5.0,2,1,6,7,1,3,1,0,1,3,IMPROPER TURNING/NO SIGNAL,2,1,0.0,0.0,0.0,0.0,0.0,2.0,15,7,3,03/30/2024,2024-03-30,15:05:00
06/19/2024 05:15:00 PM,7.0,2,1,4,10,1,3,3,1,1,3,FOLLOWING TOO CLOSELY,2,2,1.0,0.0,0.0,0.0,1.0,4.0,17,4,6,06/19/2024,2024-06-19,17:15:00
05/18/2024 03:22:00 PM,5.0,2,1,6,5,1,3,3,1,1,3,UNABLE TO DETERMINE,2,3,2.0,0.0,0.0,2.0,0.0,1.0,15,7,5,05/18/2024,2024-05-18,15:22:00
01/29/2024 08:37:00 PM,5.0,2,4,4,5,1,1,3,1,1,2,UNABLE TO DETERMINE,2,2,1.0,0.0,0.0,0.0,1.0,1.0,20,2,1,01/29/2024,2024-01-29,20:37:00
06/10/2024 05:50:00 PM,1.0,2,1,4,1,1,1,1,0,1,3,DRIVING SKILLS/KNOWLEDGE/EXPERIENCE,2,1,0.0,0.0,0.0,0.0,0.0,2.0,17,2,6,06/10/2024,2024-06-10,17:50:00
02/06/2024 01:40:00 PM,7.0,2,1,10,6,1,3,3,0,1,3,IMPROPER LANE USAGE,2,1,0.0,0.0,0.0,0.0,0.0,2.0,13,3,2,02/06/2024,2024-02-06,13:40:00
05/14/2024 08:45:00 AM,5.0,2,1,4,5,1,3,1,0,1,3,UNABLE TO DETERMINE,2,1,0.0,0.0,0.0,0.0,0.0,2.0,8,3,5,05/14/2024,2024-05-14,08:45:00