crash_date,traffic_control_device,weather_condition,lighting_condition,first_crash_type,trafficway_type,alignment,roadway_surface_cond,road_defect,crash_type,intersection_related_i,damage,prim_contributory_cause,num_units,most_severe_injury,injuries_total,injuries_fatal,injuries_incapacitating,injuries_non_incapacitating,injuries_reported_not_evident,injuries_no_indication,crash_hour,crash_day_of_week,crash_month,parsed_datetime,date,time
06/07/2024 10:22:00 AM,5.0,2,1,6,5,1,3,3,0,1,3,FAILING TO YIELD RIGHT-OF-WAY,2,1,0.0,0.0,0.0,0.0,0.0,3.0,10,6,6,06/07/2024,2024-06-07,10:22:00
04/12/2024 12:16:00 PM,5.0,2,1,6,5,1,3,1,0,1,3,IMPROPER OVERTAKING/PASSING,2,1,0.0,0.0,0.0,0.0,0.0,4.0,12,6,4,04/12/2024,2024-04-12,12:16:00
06/24/2024 07:31:00 PM,7.0,2,2,6,5,1,3,3,0,1,3,DISREGARDING STOP SIGN,2,1,0.0,0.0,0.0,0.0,0.0,4.0,19,2,6,06/24/2024,2024-06-24,19:31:00
06/23/2024 05:10:00 AM,1.0,2,2,3,7,1,3,3,0,1,2,IMPROPER OVERTAKING/PASSING,2,1,0.0,0.0,0.0,0.0,0.0,5.0,5,1,6,06/23/2024,2024-06-23,05:10:00
05/29/2024 03:11:00 PM,7.0,2,1,13,7,1,3,1,1,1,2,DISTRACTION - FROM OUTSIDE VEHICLE,2,3,1.0,0.0,0.0,1.0,0.0,1.0,15,4,5,05/29/2024,2024-05-29,15:11:00
03/22/2024 01:25:00 PM,3.0,2,1,10,6,1,4,3,0,1,3,IMPROPER BACKING,2,1,0.0,0.0,0.0,0.0,0.0,2.0,13,6,3,03/22/2024,2024-03-22,13:25:00
02/18/2024 08:19:00 PM,7.0,2,4,5,5,1,3,3,1,1,3,UNABLE TO DETERMINE,2,3,2.0,0.0,0.0,2.0,0.0,1.0,20,1,2,02/18/2024,2024-02-18,20:19:00
02/03/2024 08:40:00 PM,5.0,2,4,4,3,1,3,3,0,1,1,FOLLOWING TOO CLOSELY,2,1,0.0,0.0,0.0,0.0,0.0,2.0,20,7,2,02/03/2024,2024-02-03,20:40:00
03/27/2024 08:05:00 AM,7.0,2,1,6,6,1,3,3,0,1,3,FAILING TO YIELD RIGHT-OF-WAY,2,1,0.0,0.0,0.0,0.0,0.0,2.0,8,4,3,03/27/2024,2024-03-27,08:05:00
08/13/2024 02:40:00 PM,5.0,2,1,4,5,1,3,3,0,1,3,UNABLE TO DETERMINE,2,1,0.0,0.0,0.0,0.0,0.0,2.0,14,3,8,08/13/2024,2024-08-13,14:40:00
02/16/2024 03:55:00 PM,5.0,2,4,6,3,1,3,3,1,1,3,DISREGARDING TRAFFIC SIGNALS,2,3,1.0,0.0,0.0,1.0,0.0,1.0,15,6,2,02/16/2024,2024-02-16,15:55:00
05/20/2024 03:11:00 PM,5.0,2,1,5,5,1,3,3,1,1,3,FAILING TO YIELD RIGHT-OF-WAY,2,1,0.0,0.0,0.0,0.0,0.0,3.0,15,2,5,05/20/2024,2024-05-20,15:11:00
04/13/2024 05:34:00 PM,5.0,2,1,6,5,1,3,3,1,1,3,FAILING TO YIELD RIGHT-OF-WAY,2,2,1.0,0.0,0.0,0.0,1.0,1.0,17,7,4,04/13/2024,2024-04-13,17:34:00
07/06/2024 01:20:00 PM,7.0,2,1,5,5,1,3,3,1,1,3,UNABLE TO DETERMINE,2,2,1.0,0.0,0.0,0.0,1.0,3.0,13,7,7,07/06/2024,2024-07-06,13:20:00
02/21/2024 08:10:00 AM,7.0,2,1,11,6,1,3,3,0,1,3,UNABLE TO DETERMINE,2,1,0.0,0.0,0.0,0.0,0.0,1.0,8,4,2,02/21/2024,2024-02-21,08:10:00
08/04/2024 07:45:00 PM,5.0,2,1,5,5,1,3,1,1,1,2,FAILING TO YIELD RIGHT-OF-WAY,2,1,0.0,0.0,0.0,0.0,0.0,3.0,19,1,8,08/04/2024,2024-08-04,19:45:00
08/05/2024 10:20:00 AM,7.0,2,1,6,6,1,3,3,0,1,3,TURNING RIGHT ON RED,2,1,0.0,0.0,0.0,0.0,0.0,3.0,10,2,8,08/05/2024,2024-08-05,10:20:00
02/17/2024 05:05:00 PM,7.0,2,1,6,6,1,3,3,0,1,3,FAILING TO YIELD RIGHT-OF-WAY,2,1,0.0,0.0,0.0,0.0,0.0,2.0,17,7,2,02/17/2024,2024-02-17,17:05:00
07/18/2024 11:00:00 AM,5.0,2,1,5,4,1,3,3,1,1,3,DISREGARDING TRAFFIC SIGNALS,2,1,0.0,0.0,0.0,0.0,0.0,2.0,11,5,7,07/18/2024,2024-07-18,11:00:00
06/07/2024 02:01:00 PM,5.0,2,1,6,13,1,3,3,1,1,3,FAILING TO YIELD RIGHT-OF-WAY,2,1,0.0,0.0,0.0,0.0,0.0,3.0,14,6,6,06/07/2024,2024-06-07,14:01:00
04/17/2024 03:40:00 AM,7.0,2,4,5,5,1,3,3,1,1,3,DISREGARDING STOP SIGN,2,2,1.0,0.0,0.0,0.0,1.0,1.0,3,4,4,04/17/2024,2024-04-17,03:40:00
05/10/2024 02:00:00 PM,5.0,2,1,3,6,1,3,3,0,1,1,NOT APPLICABLE,2,1,0.0,0.0,0.0,0.0,0.0,2.0,14,6,5,05/10/2024,2024-05-10,14:00:00
05/13/2024 08:08:00 AM,7.0,2,1,6,5,1,3,3,0,1,3,DRIVING SKILLS/KNOWLEDGE/EXPERIENCE,2,1,0.0,0.0,0.0,0.0,0.0,6.0,8,2,5,05/13/2024,2024-05-13,08:08:00
05/22/2024 08:23:00 AM,7.0,2,1,4,6,1,3,3,0,1,3,UNABLE TO DETERMINE,2,1,0.0,0.0,0.0,0.0,0.0,2.0,8,4,5,05/22/2024,2024-05-22,08:23:00
07/13/2024 01:55:00 AM,5.0,2,4,6,6,4,1,1,0,1,3,IMPROPER OVERTAKING/PASSING,2,1,0.0,0.0,0.0,0.0,0.0,2.0,1,7,7,07/13/2024,2024-07-13,01:55:00
07/06/2024 07:27:00 PM,5.0,2,1,4,1,1,1,1,0,1,3,UNABLE TO DETERMINE,2,1,0.0,0.0,0.0,0.0,0.0,2.0,19,7,7,07/06/2024,2024-07-06,19:27:00
02/14/2024 06:00:00 PM,7.0,2,4,6,7,1,3,3,1,1,3,FAILING TO YIELD RIGHT-OF-WAY,2,1,0.0,0.0,0.0,0.0,0.0,2.0,18,4,2,02/14/2024,2024-02-14,18:00:00
01/20/2024 01:30:00 PM,7.0,2,1,5,6,1,3,3,0,1,3,UNABLE TO DETERMINE,2,1,0.0,0.0,0.0,0.0,0.0,2.0,13,7,1,01/20/2024,2024-01-20,13:30:00
05/10/2024 03:40:00 PM,5.0,2,1,4,4,1,3,3,0,1,3,FOLLOWING TOO CLOSELY,2,1,0.0,0.0,0.0,0.0,0.0,2.0,15,6,5,05/10/2024,2024-05-10,15:40:00
01/22/2024 09:37:00 PM,5.0,6,4,13,5,1,5,1,1,1,1,UNABLE TO DETERMINE,2,3,1.0,0.0,0.0,1.0,0.0,1.0,21,2,1,01/22/2024,2024-01-22,21:37:00
08/22/2024 03:50:00 PM,5.0,2,1,6,5,1,3,3,0,1,3,IMPROPER TURNING/NO SIGNAL,2,1,0.0,0.0,0.0,0.0,0.0,2.0,15,5,8,08/22/2024,2024-08-22,15:50:00
06/27/2024 04:28:00 PM,7.0,2,1,6,5,1,3,3,1,1,3,FAILING TO YIELD RIGHT-OF-WAY,2,4,1.0,0.0,1.0,0.0,0.0,1.0,16,5,6,06/27/2024,2024-06-27,16:28:00
05/02/2024 08:40:00 AM,5.0,2,1,5,6,1,3,3,0,1,3,UNABLE TO DETERMINE,2,1,0.0,0.0,0.0,0.0,0.0,2.0,8,5,5,05/02/2024,2024-05-02,08:40:00
02/20/2024 01:40:00 PM,5.0,2,1,6,7,1,3,3,0,1,3,UNABLE TO DETERMINE,2,1,0.0,0.0,0.0,0.0,0.0,2.0,13,3,2,02/20/2024,2024-02-20,13:40:00
01/16/2024 01:00:00 PM,5.0,2,1,4,6,1,1,1,0,1,3,UNABLE TO DETERMINE,2,1,0.0,0.0,0.0,0.0,0.0,2.0,13,3,1,01/16/2024,2024-01-16,13:00:00
08/02/2024 09:07:00 PM,5.0,2,4,5,6,1,3,3,1,1,3,FAILING TO YIELD RIGHT-OF-WAY,2,1,0.0,0.0,0.0,0.0,0.0,5.0,21,6,8,08/02/2024,2024-08-02,21:07:00
06/18/2024 01:33:00 PM,4.0,2,1,6,3,1,3,3,1,0,2,FOLLOWING TOO CLOSELY,2,3,2.0,0.0,0.0,1.0,1.0,1.0,13,3,6,06/18/2024,2024-06-18,13:33:00
06/13/2024 12:10:00 PM,5.0,2,1,4,5,1,3,3,0,1,3,NOT APPLICABLE,2,1,0.0,0.0,0.0,0.0,0.0,2.0,12,5,6,06/13/2024,2024-06-13,12:10:00
02/06/2024 07:30:00 PM,5.0,2,4,6,5,1,3,3,0,1,2,IMPROPER TURNING/NO SIGNAL,2,1,0.0,0.0,0.0,0.0,0.0,2.0,19,3,2,02/06/2024,2024-02-06,19:30:00
04/21/2024 05:40:00 PM,7.0,2,1,5,6,1,3,3,1,1,3,FAILING TO YIELD RIGHT-OF-WAY,2,3,1.0,0.0,0.0,1.0,0.0,4.0,17,1,4,04/21/2024,2024-04-21,17:40:00
06/10/2024 09:45:00 AM,5.0,2,1,6,4,1,3,3,1,1,2,FAILING TO YIELD RIGHT-OF-WAY,2,1,0.0,0.0,0.0,0.0,0.0,2.0,9,2,6,06/10/2024,2024-06-10,09:45:00
03/23/2024 05:50:00 PM,5.0,2,1,5,5,1,3,3,0,1,3,DISREGARDING TRAFFIC SIGNALS,2,1,0.0,0.0,0.0,0.0,0.0,4.0,17,7,3,03/23/2024,2024-03-23,17:50:00
06/14/2024 07:44:00 PM,5.0,2,1,14,6,1,3,1,1,1,2,UNABLE TO DETERMINE,2,3,1.0,0.0,0.0,1.0,0.0,3.0,19,6,6,06/14/2024,2024-06-14,19:44:00
02/17/2024 12:30:00 PM,5.0,2,1,6,13,1,3,3,0,1,3,IMPROPER OVERTAKING/PASSING,2,1,0.0,0.0,0.0,0.0,0.0,2.0,12,7,2,02/17/2024,2024-02-17,12:30:00
07/05/2024 05:55:00 AM,5.0,2,1,5,4,1,3,3,1,1,3,CELL PHONE USE OTHER THAN TEXTING,2,2,2.0,0.0,0.0,0.0,2.0,1.0,5,6,7,07/05/2024,2024-07-05,05:55:00
04/19/2024 03:25:00 PM,5.0,2,1,6,10,1,3,3,0,1,3,UNABLE TO DETERMINE,2,1,0.0,0.0,0.0,0.0,0.0,2.0,15,6,4,04/19/2024,2024-04-19,15:25:00
01/28/2024 11:10:00 PM,5.0,2,4,5,5,1,3,3,0,1,3,UNABLE TO DETERMINE,2,1,0.0,0.0,0.0,0.0,0.0,3.0,23,1,1,01/28/2024,2024-01-28,23:10:00
01/11/2024 07:30:00 PM,5.0,2,4,4,5,1,3,3,1,1,3,FOLLOWING TOO CLOSELY,2,1,0.0,0.0,0.0,0.0,0.0,2.0,19,5,1,01/11/2024,2024-01-11,19:30:00
01/13/2024 01:00:00 PM,3.0,2,1,5,6,1,5,3,0,1,3,UNABLE TO DETERMINE,2,1,0.0,0.0,0.0,0.0,0.0,3.0,13,7,1,01/13/2024,2024-01-13,13:00:00
05/09/2024 07:45:00 AM,5.0,4,1,6,5,1,4,3,1,1,3,FAILING TO YIELD RIGHT-OF-WAY,2,2,1.0,0.0,0.0,0.0,1.0,2.0,7,5,5,05/09/2024,2024-05-09,07:45:00
04/20/2024 03:00:00 PM,7.0,2,2,5,1,1,3,3,0,1,3,FAILING TO YIELD RIGHT-OF-WAY,2,1,0.0,0.0,0.0,0.0,0.0,2.0,15,7,4,04/20/2024,2024-04-20,15:00:00
06/11/2024 09:20:00 PM,5.0,2,4,4,5,1,3,3,0,1,3,UNABLE TO DETERMINE,2,1,0.0,0.0,0.0,0.0,0.0,3.0,21,3,6,06/11/2024,2024-06-11,21:20:00
01/23/2024 08:04:00 PM,5.0,8,4,6,5,1,4,3,1,1,3,FAILING TO YIELD RIGHT-OF-WAY,2,1,0.0,0.0,0.0,0.0,0.0,3.0,20,3,1,01/23/2024,2024-01-23,20:04:00
08/02/2024 03:02:00 PM,5.0,2,1,4,5,1,3,3,0,1,1,FAILING TO REDUCE SPEED TO AVOID CRASH,2,1,0.0,0.0,0.0,0.0,0.0,2.0,15,6,8,08/02/2024,2024-08-02,15:02:00
07/25/2024 12:50:00 PM,9.0,2,1,5,5,1,3,3,0,1,3,FAILING TO YIELD RIGHT-OF-WAY,2,1,0.0,0.0,0.0,0.0,0.0,3.0,12,5,7,07/25/2024,2024-07-25,12:50:00
07/09/2024 06:00:00 PM,7.0,2,1,4,6,1,1,1,0,1,3,FOLLOWING TOO CLOSELY,2,1,0.0,0.0,0.0,0.0,0.0,2.0,18,3,7,07/09/2024,2024-07-09,18:00:00
03/05/2024 10:45:00 AM,5.0,4,1,4,3,1,4,3,1,1,3,FOLLOWING TOO CLOSELY,2,1,0.0,0.0,0.0,0.0,0.0,2.0,10,3,3,03/05/2024,2024-03-05,10:45:00
05/11/2024 07:00:00 PM,7.0,2,1,10,4,1,3,1,1,1,3,FAILING TO YIELD RIGHT-OF-WAY,2,1,0.0,0.0,0.0,0.0,0.0,2.0,19,7,5,05/11/2024,2024-05-11,19:00:00
04/20/2024 01:00:00 PM,5.0,2,1,8,5,1,3,3,0,1,3,IMPROPER BACKING,2,1,0.0,0.0,0.0,0.0,0.0,3.0,13,7,4,04/20/2024,2024-04-20,13:00:00
03/18/2024 07:57:00 PM,7.0,2,4,9,5,1,3,1,1,1,3,FAILING TO YIELD RIGHT-OF-WAY,2,3,1.0,0.0,0.0,1.0,0.0,1.0,19,2,3,03/18/2024,2024-03-18,19:57:00
08/01/2024 07:01:00 PM,5.0,2,1,2,5,1,3,3,1,1,3,FAILING TO YIELD RIGHT-OF-WAY,2,3,1.0,0.0,0.0,1.0,0.0,1.0,19,5,8,08/01/2024,2024-08-01,19:01:00
05/18/2024 07:38:00 PM,4.0,2,1,5,5,1,3,3,1,1,3,UNABLE TO DETERMINE,2,1,0.0,0.0,0.0,0.0,0.0,2.0,19,7,5,05/18/2024,2024-05-18,19:38:00
06/15/2024 06:10:00 PM,5.0,2,1,4,6,1,3,3,0,1,1,FAILING TO YIELD RIGHT-OF-WAY,2,1,0.0,0.0,0.0,0.0,0.0,2.0,18,7,6,06/15/2024,2024-06-15,18:10:00
02/06/2024 09:14:00 AM,7.0,3,1,4,5,1,3,3,0,1,1,FOLLOWING TOO CLOSELY,2,1,0.0,0.0,0.0,0.0,0.0,2.0,9,3,2,02/06/2024,2024-02-06,09:14:00
06/10/2024 11:15:00 AM,7.0,2,1,6,6,1,3,3,1,1,3,FAILING TO YIELD RIGHT-OF-WAY,2,3,1.0,0.0,0.0,1.0,0.0,1.0,11,2,6,06/10/2024,2024-06-10,11:15:00
05/31/2024 02:54:00 AM,5.0,2,4,6,4,1,3,3,0,0,1,IMPROPER OVERTAKING/PASSING,2,1,0.0,0.0,0.0,0.0,0.0,3.0,2,6,5,05/31/2024,2024-05-31,02:54:00
02/14/2024 01:05:00 PM,7.0,2,1,5,6,1,3,3,1,1,3,FAILING TO YIELD RIGHT-OF-WAY,2,1,0.0,0.0,0.0,0.0,0.0,3.0,13,4,2,02/14/2024,2024-02-14,13:05:00
03/26/2024 04:42:00 PM,5.0,2,1,6,6,1,3,3,1,1,1,IMPROPER TURNING/NO SIGNAL,2,1,0.0,0.0,0.0,0.0,0.0,3.0,16,3,3,03/26/2024,2024-03-26,16:42:00
08/03/2024 11:50:00 AM,7.0,2,1,5,6,1,3,3,0,1,3,FAILING TO YIELD RIGHT-OF-WAY,2,1,0.0,0.0,0.0,0.0,0.0,2.0,11,7,8,08/03/2024,2024-08-03,11:50:00
07/27/2024 01:00:00 PM,3.0,2,1,11,10,1,3,1,0,0,3,DRIVING SKILLS/KNOWLEDGE/EXPERIENCE,2,1,0.0,0.0,0.0,0.0,0.0,1.0,13,7,7,07/27/2024,2024-07-27,13:00:00
03/27/2024 06:47:00 PM,8.0,2,1,11,6,1,3,3,0,1,2,UNABLE TO DETERMINE,2,1,0.0,0.0,0.0,0.0,0.0,1.0,18,4,3,03/27/2024,2024-03-27,18:47:00
04/25/2024 09:00:00 PM,5.0,2,4,6,6,1,3,1,0,1,3,UNABLE TO DETERMINE,2,1,0.0,0.0,0.0,0.0,0.0,2.0,21,5,4,04/25/2024,2024-04-25,21:00:00
07/19/2024 08:51:00 PM,5.0,2,4,13,5,1,3,3,1,1,3,FAILING TO YIELD RIGHT-OF-WAY,2,3,1.0,0.0,0.0,1.0,0.0,2.0,20,6,7,07/19/2024,2024-07-19,20:51:00
03/09/2024 01:10:00 PM,5.0,2,1,3,5,1,3,3,0,1,3,UNABLE TO DETERMINE,2,1,0.0,0.0,0.0,0.0,0.0,2.0,13,7,3,03/09/2024,2024-03-09,13:10:00
05/28/2024 05:46:00 PM,7.0,4,1,5,7,1,4,3,1,1,3,DISREGARDING STOP SIGN,2,1,0.0,0.0,0.0,0.0,0.0,2.0,17,3,5,05/28/2024,2024-05-28,17:46:00
02/01/2024 08:30:00 AM,7.0,2,1,14,2,1,3,3,1,1,1,UNABLE TO DETERMINE,2,2,1.0,0.0,0.0,0.0,1.0,1.0,8,5,2,02/01/2024,2024-02-01,08:30:00
03/21/2024 07:45:00 AM,5.0,2,1,4,6,1,3,3,0,1,3,FOLLOWING TOO CLOSELY,2,1,0.0,0.0,0.0,0.0,0.0,2.0,7,5,3,03/21/2024,2024-03-21,07:45:00
01/03/2024 05:45:00 PM,7.0,2,4,14,7,1,3,3,1,1,1,DRIVING ON WRONG SIDE/WRONG WAY,2,2,1.0,0.0,0.0,0.0,1.0,2.0,17,4,1,01/03/2024,2024-01-03,17:45:00
05/15/2024 03:58:00 PM,7.0,2,1,5,6,1,3,3,0,1,3,FAILING TO YIELD RIGHT-OF-WAY,2,1,0.0,0.0,0.0,0.0,0.0,2.0,15,4,5,05/15/2024,2024-05-15,15:58:00
05/14/2024 06:40:00 PM,5.0,2,1,6,4,1,3,1,0,1,3,UNABLE TO DETERMINE,2,1,0.0,0.0,0.0,0.0,0.0,2.0,18,3,5,05/14/2024,2024-05-14,18:40:00
06/06/2024 10:10:00 AM,7.0,2,1,5,5,1,3,3,1,1,3,FAILING TO YIELD RIGHT-OF-WAY,2,3,1.0,0.0,0.0,1.0,0.0,1.0,10,5,6,06/06/2024,2024-06-06,10:10:00
06/10/2024 04:53:00 PM,5.0,2,1,6,7,1,3,3,0,1,1,FAILING TO YIELD RIGHT-OF-WAY,2,1,0.0,0.0,0.0,0.0,0.0,2.0,16,2,6,06/10/2024,2024-06-10,16:53:00
01/03/2024 03:30:00 PM,5.0,2,1,6,5,1,3,3,1,1,3,IMPROPER LANE USAGE,2,1,0.0,0.0,0.0,0.0,0.0,2.0,15,4,1,01/03/2024,2024-01-03,15:30:00
07/07/2024 02:11:00 PM,7.0,2,1,6,7,1,3,3,1,1,3,UNABLE TO DETERMINE,2,2,2.0,0.0,0.0,0.0,2.0,3.0,14,1,7,07/07/2024,2024-07-07,14:11:00
02/08/2024 05:00:00 PM,5.0,2,4,3,4,1,3,3,0,1,3,IMPROPER OVERTAKING/PASSING,2,1,0.0,0.0,0.0,0.0,0.0,2.0,17,5,2,02/08/2024,2024-02-08,17:00:00
06/07/2024 03:25:00 PM,3.0,2,1,6,6,1,3,3,1,1,3,FAILING TO YIELD RIGHT-OF-WAY,2,3,2.0,0.0,0.0,2.0,0.0,2.0,15,6,6,06/07/2024,2024-06-07,15:25:00
01/05/2024 01:52:00 PM,7.0,2,1,5,5,1,3,3,1,1,3,FAILING TO YIELD RIGHT-OF-WAY,2,1,0.0,0.0,0.0,0.0,0.0,5.0,13,6,1,01/05/2024,2024-01-05,13:52:00
03/03/2024 04:00:00 AM,3.0,2,4,5,5,1,3,3,1,1,3,UNABLE TO DETERMINE,2,1,0.0,0.0,0.0,0.0,0.0,4.0,4,1,3,03/03/2024,2024-03-03,04:00:00
04/19/2024 05:00:00 PM,5.0,2,4,6,6,1,3,3,1,1,3,IMPROPER OVERTAKING/PASSING,2,1,0.0,0.0,0.0,0.0,0.0,2.0,17,6,4,04/19/2024,2024-04-19,17:00:00
01/25/2024 07:10:00 PM,5.0,4,4,6,6,1,4,3,1,1,3,IMPROPER LANE USAGE,2,1,0.0,0.0,0.0,0.0,0.0,2.0,19,5,1,01/25/2024,2024-01-25,19:10:00
02/24/2024 09:15:00 PM,7.0,2,4,5,6,1,3,3,1,1,2,DISREGARDING STOP SIGN,2,3,1.0,0.0,0.0,1.0,0.0,1.0,21,7,2,02/24/2024,2024-02-24,21:15:00
06/30/2024 02:00:00 AM,5.0,2,4,3,5,1,3,3,1,1,3,IMPROPER TURNING/NO SIGNAL,2,1,0.0,0.0,0.0,0.0,0.0,2.0,2,1,6,06/30/2024,2024-06-30,02:00:00
07/08/2024 07:00:00 PM,5.0,2,1,5,6,1,3,3,1,1,3,IMPROPER TURNING/NO SIGNAL,2,3,1.0,0.0,0.0,1.0,0.0,2.0,19,2,7,07/08/2024,2024-07-08,19:00:00
02/09/2024 07:15:00 PM,7.0,2,5,6,1,1,3,1,0,0,3,UNABLE TO DETERMINE,2,1,0.0,0.0,0.0,0.0,0.0,2.0,19,6,2,02/09/2024,2024-02-09,19:15:00
01/10/2024 08:00:00 AM,5.0,2,1,5,5,1,3,3,0,1,3,DISREGARDING TRAFFIC SIGNALS,2,1,0.0,0.0,0.0,0.0,0.0,2.0,8,4,1,01/10/2024,2024-01-10,08:00:00
01/09/2024 08:32:00 PM,5.0,5,4,13,6,1,5,3,1,1,1,FAILING TO YIELD RIGHT-OF-WAY,2,3,1.0,0.0,0.0,1.0,0.0,1.0,20,3,1,01/09/2024,2024-01-09,20:32:00
08/03/2024 12:45:00 PM,7.0,2,1,5,5,1,3,3,1,1,3,DISREGARDING STOP SIGN,2,3,1.0,0.0,0.0,1.0,0.0,3.0,12,7,8,08/03/2024,2024-08-03,12:45:00
02/22/2024 09:30:00 AM,7.0,2,1,5,5,1,3,3,0,1,2,FAILING TO YIELD RIGHT-OF-WAY,2,1,0.0,0.0,0.0,0.0,0.0,2.0,9,5,2,02/22/2024,2024-02-22,09:30:00
07/20/2024 10:45:00 PM,5.0,2,4,6,4,1,3,3,1,1,3,UNABLE TO DETERMINE,2,2,2.0,0.0,0.0,0.0,2.0,1.0,22,7,7,07/20/2024,2024-07-20,22:45:00
07/11/2024 02:12:00 PM,5.0,2,1,6,7,1,3,3,0,1,3,IMPROPER TURNING/NO SIGNAL,2,1,0.0,0.0,0.0,0.0,0.0,2.0,14,5,7,07/11/2024,2024-07-11,14:12:00
02/07/2024 02:54:00 PM,5.0,2,1,6,6,1,3,3,1,1,3,FAILING TO YIELD RIGHT-OF-WAY,2,3,1.0,0.0,0.0,1.0,0.0,1.0,14,4,2,02/07/2024,2024-02-07,14:54:00
08/11/2024 04:00:00 PM,5.0,2,1,5,5,1,3,3,1,1,3,UNABLE TO DETERMINE,2,1,0.0,0.0,0.0,0.0,0.0,3.0,16,1,8,08/11/2024,2024-08-11,16:00:00
06/25/2024 04:45:00 PM,7.0,2,1,5,5,1,1,1,0,1,3,FAILING TO YIELD RIGHT-OF-WAY,2,1,0.0,0.0,0.0,0.0,0.0,2.0,16,3,6,06/25/2024,2024-06-25,16:45:00
06/27/2024 11:00:00 PM,5.0,2,4,6,6,1,3,3,0,1,3,IMPROPER TURNING/NO SIGNAL,2,1,0.0,0.0,0.0,0.0,0.0,2.0,23,5,6,06/27/2024,2024-06-27,23:00:00
07/03/2024 03:32:00 PM,7.0,2,1,5,5,1,3,3,1,1,3,FAILING TO YIELD RIGHT-OF-WAY,2,3,1.0,0.0,0.0,1.0,0.0,1.0,15,4,7,07/03/2024,2024-07-03,15:32:00
05/14/2024 05:00:00 PM,3.0,2,1,4,5,1,3,3,1,1,3,FOLLOWING TOO CLOSELY,2,2,1.0,0.0,0.0,0.0,1.0,2.0,17,3,5,05/14/2024,2024-05-14,17:00:00
07/19/2024 07:40:00 AM,3.0,2,1,6,7,1,3,3,1,1,3,IMPROPER TURNING/NO SIGNAL,2,1,0.0,0.0,0.0,0.0,0.0,3.0,7,6,7,07/19/2024,2024-07-19,07:40:00
08/07/2024 03:02:00 PM,1.0,2,1,5,7,1,1,1,0,1,3,UNABLE TO DETERMINE,2,1,0.0,0.0,0.0,0.0,0.0,5.0,15,4,8,08/07/2024,2024-08-07,15:02:00
01/16/2024 03:00:00 PM,3.0,2,1,6,6,1,3,1,0,1,3,DRIVING SKILLS/KNOWLEDGE/EXPERIENCE,2,1,0.0,0.0,0.0,0.0,0.0,3.0,15,3,1,01/16/2024,2024-01-16,15:00:00
06/12/2024 05:48:00 PM,5.0,2,1,13,5,1,3,3,1,1,3,FAILING TO YIELD RIGHT-OF-WAY,2,3,1.0,0.0,0.0,1.0,0.0,1.0,17,4,6,06/12/2024,2024-06-12,17:48:00
02/02/2024 05:10:00 PM,5.0,2,3,4,3,1,3,3,0,1,3,FAILING TO YIELD RIGHT-OF-WAY,2,1,0.0,0.0,0.0,0.0,0.0,2.0,17,6,2,02/02/2024,2024-02-02,17:10:00
05/15/2024 06:41:00 PM,5.0,2,1,4,5,1,3,3,0,1,2,UNABLE TO DETERMINE,2,1,0.0,0.0,0.0,0.0,0.0,2.0,18,4,5,05/15/2024,2024-05-15,18:41:00
01/29/2024 11:20:00 AM,5.0,2,1,6,5,1,3,3,0,0,1,UNABLE TO DETERMINE,2,1,0.0,0.0,0.0,0.0,0.0,2.0,11,2,1,01/29/2024,2024-01-29,11:20:00
04/03/2024 08:25:00 AM,7.0,7,1,6,1,1,4,1,0,1,3,FAILING TO YIELD RIGHT-OF-WAY,2,1,0.0,0.0,0.0,0.0,0.0,2.0,8,4,4,04/03/2024,2024-04-03,08:25:00
02/04/2024 02:00:00 AM,5.0,2,4,10,4,1,3,3,1,1,3,DISREGARDING TRAFFIC SIGNALS,2,3,1.0,0.0,0.0,1.0,0.0,1.0,2,1,2,02/04/2024,2024-02-04,02:00:00
02/21/2024 11:00:00 PM,7.0,2,4,13,7,1,3,3,1,1,3,FAILING TO YIELD RIGHT-OF-WAY,2,3,1.0,0.0,0.0,1.0,0.0,1.0,23,4,2,02/21/2024,2024-02-21,23:00:00
07/14/2024 10:58:00 PM,5.0,4,4,13,5,1,4,1,1,1,3,FAILING TO YIELD RIGHT-OF-WAY,2,2,1.0,0.0,0.0,0.0,1.0,1.0,22,1,7,07/14/2024,2024-07-14,22:58:00
06/01/2024 03:29:00 PM,5.0,4,1,14,6,1,4,1,1,1,1,IMPROPER TURNING/NO SIGNAL,2,2,1.0,0.0,0.0,0.0,1.0,2.0,15,7,6,06/01/2024,2024-06-01,15:29:00
02/09/2024 11:40:00 PM,5.0,2,4,6,5,1,3,3,1,1,3,UNABLE TO DETERMINE,2,1,0.0,0.0,0.0,0.0,0.0,3.0,23,6,2,02/09/2024,2024-02-09,23:40:00
04/17/2024 02:20:00 PM,3.0,2,1,13,4,1,3,3,1,1,3,FAILING TO YIELD RIGHT-OF-WAY,2,4,1.0,0.0,1.0,0.0,0.0,1.0,14,4,4,04/17/2024,2024-04-17,14:20:00
01/15/2024 11:57:00 AM,5.0,2,1,6,5,1,3,3,1,1,3,FAILING TO YIELD RIGHT-OF-WAY,2,3,2.0,0.0,0.0,2.0,0.0,2.0,11,2,1,01/15/2024,2024-01-15,11:57:00
06/08/2024 07:00:00 AM,1.0,2,1,6,7,1,1,1,0,1,3,UNABLE TO DETERMINE,2,1,0.0,0.0,0.0,0.0,0.0,3.0,7,7,6,06/08/2024,2024-06-08,07:00:00