crash_date,traffic_control_device,weather_condition,lighting_condition,first_crash_type,trafficway_type,alignment,roadway_surface_cond,road_defect,crash_type,intersection_related_i,damage,prim_contributory_cause,num_units,most_severe_injury,injuries_total,injuries_fatal,injuries_incapacitating,injuries_non_incapacitating,injuries_reported_not_evident,injuries_no_indication,crash_hour,crash_day_of_week,crash_month,parsed_datetime,date,time
03/14/2024 03:48:00 PM,7.0,2,3,6,7,1,3,3,1,1,3,FAILING TO YIELD RIGHT-OF-WAY,2,1,0.0,0.0,0.0,0.0,0.0,4.0,15,5,3,03/14/2024,2024-03-14,15:48:00
01/26/2024 05:16:00 AM,3.0,2,1,6,2,1,4,1,0,1,3,IMPROPER OVERTAKING/PASSING,2,1,0.0,0.0,0.0,0.0,0.0,2.0,5,6,1,01/26/2024,2024-01-26,05:16:00
05/12/2024 02:55:00 PM,5.0,2,1,5,4,1,3,3,1,1,3,DISREGARDING TRAFFIC SIGNALS,2,1,0.0,0.0,0.0,0.0,0.0,4.0,14,1,5,05/12/2024,2024-05-12,14:55:00
01/17/2024 11:00:00 AM,5.0,2,1,6,6,1,3,3,0,1,2,FAILING TO YIELD RIGHT-OF-WAY,2,1,0.0,0.0,0.0,0.0,0.0,2.0,11,4,1,01/17/2024,2024-01-17,11:00:00
01/04/2024 03:42:00 PM,5.0,2,1,11,6,1,3,3,0,1,3,UNABLE TO DETERMINE,2,1,0.0,0.0,0.0,0.0,0.0,1.0,15,5,1,01/04/2024,2024-01-04,15:42:00
04/27/2024 04:00:00 PM,5.0,2,1,6,3,1,3,3,0,1,2,FOLLOWING TOO CLOSELY,2,1,0.0,0.0,0.0,0.0,0.0,2.0,16,7,4,04/27/2024,2024-04-27,16:00:00
02/28/2024 08:15:00 AM,5.0,2,1,4,5,1,3,3,0,1,2,IMPROPER OVERTAKING/PASSING,2,1,0.0,0.0,0.0,0.0,0.0,2.0,8,4,2,02/28/2024,2024-02-28,08:15:00
05/10/2024 04:00:00 PM,7.0,2,1,4,5,1,3,3,0,1,3,FOLLOWING TOO CLOSELY,2,1,0.0,0.0,0.0,0.0,0.0,2.0,16,6,5,05/10/2024,2024-05-10,16:00:00
01/02/2024 12:25:00 PM,3.0,3,1,4,4,1,3,3,0,1,2,FAILING TO REDUCE SPEED TO AVOID CRASH,2,1,0.0,0.0,0.0,0.0,0.0,2.0,12,3,1,01/02/2024,2024-01-02,12:25:00
05/04/2024 09:48:00 AM,5.0,2,1,5,5,1,3,3,1,1,3,DISREGARDING TRAFFIC SIGNALS,2,2,2.0,0.0,0.0,0.0,2.0,0.0,9,7,5,05/04/2024,2024-05-04,09:48:00
06/08/2024 03:20:00 PM,5.0,2,1,6,3,1,3,3,0,1,3,IMPROPER TURNING/NO SIGNAL,2,1,0.0,0.0,0.0,0.0,0.0,2.0,15,7,6,06/08/2024,2024-06-08,15:20:00
04/13/2024 05:20:00 PM,7.0,2,3,5,4,1,3,3,0,1,3,FAILING TO YIELD RIGHT-OF-WAY,2,1,0.0,0.0,0.0,0.0,0.0,5.0,17,7,4,04/13/2024,2024-04-13,17:20:00
07/27/2024 09:20:00 AM,5.0,2,1,4,5,1,3,3,0,1,1,FOLLOWING TOO CLOSELY,2,1,0.0,0.0,0.0,0.0,0.0,4.0,9,7,7,07/27/2024,2024-07-27,09:20:00
03/05/2024 06:15:00 PM,7.0,2,4,5,4,1,3,3,0,1,3,UNABLE TO DETERMINE,2,1,0.0,0.0,0.0,0.0,0.0,3.0,18,3,3,03/05/2024,2024-03-05,18:15:00
05/23/2024 07:25:00 PM,5.0,2,1,6,4,1,3,3,0,1,3,UNABLE TO DETERMINE,2,1,0.0,0.0,0.0,0.0,0.0,2.0,19,5,5,05/23/2024,2024-05-23,19:25:00
05/08/2024 09:01:00 PM,3.0,2,4,13,4,1,3,3,1,1,2,IMPROPER OVERTAKING/PASSING,2,3,1.0,0.0,0.0,1.0,0.0,1.0,21,4,5,05/08/2024,2024-05-08,21:01:00
02/29/2024 04:18:00 AM,3.0,2,4,11,15,1,3,3,1,1,3,IMPROPER OVERTAKING/PASSING,2,1,0.0,0.0,0.0,0.0,0.0,1.0,4,5,2,02/29/2024,2024-02-29,04:18:00
06/02/2024 03:24:00 PM,5.0,2,1,6,5,1,3,1,1,1,3,"OPERATING VEHICLE IN ERRATIC, RECKLESS, CARELESS, NEGLIGENT OR AGGRESSIVE MANNER",2,3,2.0,0.0,0.0,2.0,0.0,1.0,15,1,6,06/02/2024,2024-06-02,15:24:00
07/01/2024 12:30:00 PM,5.0,2,1,3,5,1,3,3,0,1,3,IMPROPER OVERTAKING/PASSING,2,1,0.0,0.0,0.0,0.0,0.0,2.0,12,2,7,07/01/2024,2024-07-01,12:30:00
08/09/2024 06:00:00 PM,5.0,2,1,4,6,1,3,3,0,1,3,FOLLOWING TOO CLOSELY,2,1,0.0,0.0,0.0,0.0,0.0,2.0,18,6,8,08/09/2024,2024-08-09,18:00:00
08/05/2024 05:55:00 PM,6.0,2,1,13,6,1,3,3,1,1,1,FAILING TO YIELD RIGHT-OF-WAY,2,2,1.0,0.0,0.0,0.0,1.0,1.0,17,2,8,08/05/2024,2024-08-05,17:55:00
03/01/2024 02:23:00 PM,3.0,2,1,6,6,1,3,3,0,0,1,UNABLE TO DETERMINE,2,1,0.0,0.0,0.0,0.0,0.0,5.0,14,6,3,03/01/2024,2024-03-01,14:23:00
04/06/2024 07:00:00 PM,5.0,2,1,3,10,1,3,2,0,1,3,FAILING TO YIELD RIGHT-OF-WAY,2,1,0.0,0.0,0.0,0.0,0.0,7.0,19,7,4,04/06/2024,2024-04-06,19:00:00
07/25/2024 03:06:00 PM,5.0,2,1,6,6,1,3,3,0,1,2,UNABLE TO DETERMINE,2,1,0.0,0.0,0.0,0.0,0.0,2.0,15,5,7,07/25/2024,2024-07-25,15:06:00
07/06/2024 08:03:00 AM,5.0,2,1,6,5,1,3,3,0,1,3,IMPROPER TURNING/NO SIGNAL,2,1,0.0,0.0,0.0,0.0,0.0,2.0,8,7,7,07/06/2024,2024-07-06,08:03:00
06/17/2024 12:40:00 AM,5.0,2,4,5,6,1,3,3,0,1,3,UNABLE TO DETERMINE,2,1,0.0,0.0,0.0,0.0,0.0,6.0,0,2,6,06/17/2024,2024-06-17,00:40:00
01/19/2024 11:43:00 PM,7.0,5,4,6,5,1,5,1,0,1,3,IMPROPER TURNING/NO SIGNAL,2,1,0.0,0.0,0.0,0.0,0.0,3.0,23,6,1,01/19/2024,2024-01-19,23:43:00
04/03/2024 07:15:00 AM,3.0,4,1,5,5,1,4,3,1,1,3,WEATHER,2,1,0.0,0.0,0.0,0.0,0.0,2.0,7,4,4,04/03/2024,2024-04-03,07:15:00
01/24/2024 02:30:00 PM,3.0,3,3,3,4,1,4,3,0,1,3,FOLLOWING TOO CLOSELY,2,1,0.0,0.0,0.0,0.0,0.0,3.0,14,4,1,01/24/2024,2024-01-24,14:30:00
02/22/2024 11:00:00 AM,3.0,2,1,6,2,1,3,1,0,1,3,UNABLE TO DETERMINE,2,1,0.0,0.0,0.0,0.0,0.0,2.0,11,5,2,02/22/2024,2024-02-22,11:00:00
05/26/2024 08:08:00 AM,7.0,2,1,5,5,1,3,3,1,1,3,FAILING TO YIELD RIGHT-OF-WAY,2,1,0.0,0.0,0.0,0.0,0.0,2.0,8,1,5,05/26/2024,2024-05-26,08:08:00
02/11/2024 10:00:00 PM,5.0,2,4,6,5,1,3,3,0,1,3,FAILING TO YIELD RIGHT-OF-WAY,2,1,0.0,0.0,0.0,0.0,0.0,2.0,22,1,2,02/11/2024,2024-02-11,22:00:00
02/14/2024 12:30:00 PM,7.0,2,1,5,2,1,3,3,0,0,2,FAILING TO YIELD RIGHT-OF-WAY,2,1,0.0,0.0,0.0,0.0,0.0,2.0,12,4,2,02/14/2024,2024-02-14,12:30:00
02/08/2024 05:05:00 PM,5.0,3,1,6,6,1,4,3,1,1,2,FAILING TO YIELD RIGHT-OF-WAY,2,3,1.0,0.0,0.0,1.0,0.0,3.0,17,5,2,02/08/2024,2024-02-08,17:05:00
01/11/2024 06:00:00 PM,5.0,2,4,3,10,1,3,3,0,1,3,FAILING TO YIELD RIGHT-OF-WAY,2,1,0.0,0.0,0.0,0.0,0.0,3.0,18,5,1,01/11/2024,2024-01-11,18:00:00
03/03/2024 12:45:00 PM,7.0,2,1,14,5,1,3,3,1,1,2,UNABLE TO DETERMINE,2,3,1.0,0.0,0.0,1.0,0.0,1.0,12,1,3,03/03/2024,2024-03-03,12:45:00
06/15/2024 01:00:00 PM,5.0,2,1,4,5,1,3,3,0,1,2,FOLLOWING TOO CLOSELY,2,1,0.0,0.0,0.0,0.0,0.0,2.0,13,7,6,06/15/2024,2024-06-15,13:00:00
07/27/2024 03:21:00 PM,3.0,2,1,5,17,1,3,3,1,1,3,FAILING TO YIELD RIGHT-OF-WAY,2,2,1.0,0.0,0.0,0.0,1.0,1.0,15,7,7,07/27/2024,2024-07-27,15:21:00
07/26/2024 03:39:00 AM,5.0,2,4,5,5,3,3,3,1,1,3,DISREGARDING TRAFFIC SIGNALS,2,3,2.0,0.0,0.0,2.0,0.0,1.0,3,6,7,07/26/2024,2024-07-26,03:39:00
07/31/2024 06:18:00 PM,7.0,2,1,5,1,1,1,1,0,1,2,FAILING TO YIELD RIGHT-OF-WAY,2,1,0.0,0.0,0.0,0.0,0.0,2.0,18,4,7,07/31/2024,2024-07-31,18:18:00
02/13/2024 05:21:00 PM,5.0,2,4,6,6,1,3,3,0,1,3,DISTRACTION - FROM OUTSIDE VEHICLE,2,1,0.0,0.0,0.0,0.0,0.0,2.0,17,3,2,02/13/2024,2024-02-13,17:21:00
02/02/2024 12:50:00 PM,5.0,2,1,3,6,1,3,3,0,1,3,DRIVING SKILLS/KNOWLEDGE/EXPERIENCE,2,1,0.0,0.0,0.0,0.0,0.0,2.0,12,6,2,02/02/2024,2024-02-02,12:50:00
06/28/2024 06:19:00 AM,5.0,2,2,4,6,1,3,3,1,1,3,FAILING TO REDUCE SPEED TO AVOID CRASH,2,3,1.0,0.0,0.0,1.0,0.0,1.0,6,6,6,06/28/2024,2024-06-28,06:19:00
05/28/2024 10:55:00 AM,7.0,2,1,5,5,1,3,3,0,1,3,FAILING TO YIELD RIGHT-OF-WAY,2,1,0.0,0.0,0.0,0.0,0.0,2.0,10,3,5,05/28/2024,2024-05-28,10:55:00
06/19/2024 07:10:00 PM,10.0,2,1,13,7,1,3,1,1,1,3,DISREGARDING OTHER TRAFFIC SIGNS,2,3,1.0,0.0,0.0,1.0,0.0,1.0,19,4,6,06/19/2024,2024-06-19,19:10:00
02/21/2024 01:20:00 AM,5.0,2,1,6,2,1,3,1,0,1,2,IMPROPER TURNING/NO SIGNAL,2,1,0.0,0.0,0.0,0.0,0.0,2.0,1,4,2,02/21/2024,2024-02-21,01:20:00
05/29/2024 06:55:00 AM,7.0,2,1,6,6,1,3,3,0,1,2,IMPROPER TURNING/NO SIGNAL,2,1,0.0,0.0,0.0,0.0,0.0,2.0,6,4,5,05/29/2024,2024-05-29,06:55:00
07/01/2024 09:58:00 PM,5.0,2,4,3,6,1,3,3,0,1,2,IMPROPER OVERTAKING/PASSING,2,1,0.0,0.0,0.0,0.0,0.0,2.0,21,2,7,07/01/2024,2024-07-01,21:58:00
01/18/2024 05:00:00 PM,3.0,2,5,6,6,1,4,3,0,1,3,FAILING TO YIELD RIGHT-OF-WAY,2,1,0.0,0.0,0.0,0.0,0.0,2.0,17,5,1,01/18/2024,2024-01-18,17:00:00
06/16/2024 01:30:00 PM,3.0,2,1,6,2,1,3,3,0,0,3,FAILING TO REDUCE SPEED TO AVOID CRASH,2,1,0.0,0.0,0.0,0.0,0.0,2.0,13,1,6,06/16/2024,2024-06-16,13:30:00
08/08/2024 05:30:00 PM,5.0,2,1,4,5,1,3,3,0,1,3,FAILING TO REDUCE SPEED TO AVOID CRASH,2,1,0.0,0.0,0.0,0.0,0.0,2.0,17,5,8,08/08/2024,2024-08-08,17:30:00
06/30/2024 07:27:00 PM,5.0,2,1,5,5,1,3,1,1,1,3,UNABLE TO DETERMINE,2,1,0.0,0.0,0.0,0.0,0.0,3.0,19,1,6,06/30/2024,2024-06-30,19:27:00
06/16/2024 09:07:00 AM,5.0,2,1,6,6,1,3,3,0,1,3,FAILING TO YIELD RIGHT-OF-WAY,2,1,0.0,0.0,0.0,0.0,0.0,4.0,9,1,6,06/16/2024,2024-06-16,09:07:00
04/19/2024 07:45:00 PM,3.0,2,5,6,16,1,3,3,0,0,3,UNABLE TO DETERMINE,2,1,0.0,0.0,0.0,0.0,0.0,6.0,19,6,4,04/19/2024,2024-04-19,19:45:00
05/30/2024 02:37:00 PM,7.0,2,1,5,7,1,3,3,1,1,3,FAILING TO YIELD RIGHT-OF-WAY,2,1,0.0,0.0,0.0,0.0,0.0,3.0,14,5,5,05/30/2024,2024-05-30,14:37:00
01/30/2024 04:55:00 AM,5.0,2,4,6,5,1,4,3,1,1,3,FAILING TO YIELD RIGHT-OF-WAY,2,3,1.0,0.0,0.0,1.0,0.0,1.0,4,3,1,01/30/2024,2024-01-30,04:55:00
05/27/2024 05:00:00 PM,3.0,2,1,6,6,1,3,3,1,1,3,IMPROPER TURNING/NO SIGNAL,2,3,1.0,0.0,0.0,1.0,0.0,3.0,17,2,5,05/27/2024,2024-05-27,17:00:00
03/22/2024 05:00:00 PM,1.0,2,1,4,5,1,1,1,0,1,3,UNABLE TO DETERMINE,2,1,0.0,0.0,0.0,0.0,0.0,2.0,17,6,3,03/22/2024,2024-03-22,17:00:00
06/02/2024 11:55:00 AM,7.0,2,1,5,5,1,3,3,1,1,3,FAILING TO YIELD RIGHT-OF-WAY,2,3,1.0,0.0,0.0,1.0,0.0,1.0,11,1,6,06/02/2024,2024-06-02,11:55:00
06/28/2024 02:20:00 PM,5.0,4,1,3,5,1,4,3,0,1,3,UNABLE TO DETERMINE,2,1,0.0,0.0,0.0,0.0,0.0,2.0,14,6,6,06/28/2024,2024-06-28,14:20:00
03/12/2024 01:12:00 PM,1.0,2,1,6,5,1,1,1,0,1,3,IMPROPER TURNING/NO SIGNAL,2,1,0.0,0.0,0.0,0.0,0.0,3.0,13,3,3,03/12/2024,2024-03-12,13:12:00
07/07/2024 07:17:00 PM,7.0,4,2,5,5,1,4,3,1,1,3,DISREGARDING STOP SIGN,2,1,0.0,0.0,0.0,0.0,0.0,2.0,19,1,7,07/07/2024,2024-07-07,19:17:00
03/20/2024 09:25:00 AM,5.0,2,5,6,6,1,3,3,1,1,3,IMPROPER OVERTAKING/PASSING,2,2,2.0,0.0,0.0,0.0,2.0,3.0,9,4,3,03/20/2024,2024-03-20,09:25:00
05/05/2024 02:30:00 PM,3.0,2,1,7,5,1,3,1,0,1,3,UNABLE TO DETERMINE,2,1,0.0,0.0,0.0,0.0,0.0,2.0,14,1,5,05/05/2024,2024-05-05,14:30:00
01/19/2024 08:30:00 PM,5.0,9,4,4,7,1,4,3,0,1,3,FAILING TO REDUCE SPEED TO AVOID CRASH,2,1,0.0,0.0,0.0,0.0,0.0,2.0,20,6,1,01/19/2024,2024-01-19,20:30:00
02/14/2024 10:40:00 AM,5.0,2,1,6,6,1,3,3,0,1,3,IMPROPER TURNING/NO SIGNAL,2,1,0.0,0.0,0.0,0.0,0.0,3.0,10,4,2,02/14/2024,2024-02-14,10:40:00
06/12/2024 12:30:00 PM,3.0,2,2,6,3,1,3,3,1,0,1,FAILING TO YIELD RIGHT-OF-WAY,2,3,2.0,0.0,0.0,2.0,0.0,2.0,12,4,6,06/12/2024,2024-06-12,12:30:00
05/20/2024 03:10:00 PM,7.0,2,1,4,6,1,3,3,0,1,3,FOLLOWING TOO CLOSELY,2,1,0.0,0.0,0.0,0.0,0.0,4.0,15,2,5,05/20/2024,2024-05-20,15:10:00
07/27/2024 04:10:00 AM,5.0,2,4,8,10,1,3,3,0,1,1,UNABLE TO DETERMINE,2,1,0.0,0.0,0.0,0.0,0.0,2.0,4,7,7,07/27/2024,2024-07-27,04:10:00
03/25/2024 08:42:00 AM,5.0,2,1,6,12,1,3,3,1,1,3,NOT APPLICABLE,2,2,2.0,0.0,0.0,0.0,2.0,0.0,8,2,3,03/25/2024,2024-03-25,08:42:00
03/12/2024 09:15:00 AM,5.0,2,1,4,6,1,3,3,1,1,3,"OPERATING VEHICLE IN ERRATIC, RECKLESS, CARELESS, NEGLIGENT OR AGGRESSIVE MANNER",2,2,1.0,0.0,0.0,0.0,1.0,1.0,9,3,3,03/12/2024,2024-03-12,09:15:00
07/30/2024 11:43:00 AM,5.0,2,1,6,5,1,3,3,0,1,3,FAILING TO YIELD RIGHT-OF-WAY,2,1,0.0,0.0,0.0,0.0,0.0,2.0,11,3,7,07/30/2024,2024-07-30,11:43:00
02/07/2024 08:15:00 AM,7.0,2,1,5,5,1,3,3,1,1,3,DRIVING SKILLS/KNOWLEDGE/EXPERIENCE,2,1,0.0,0.0,0.0,0.0,0.0,2.0,8,4,2,02/07/2024,2024-02-07,08:15:00
06/02/2024 01:34:00 AM,5.0,4,4,4,3,1,4,3,0,0,3,DISREGARDING TRAFFIC SIGNALS,2,1,0.0,0.0,0.0,0.0,0.0,2.0,1,1,6,06/02/2024,2024-06-02,01:34:00
05/23/2024 05:15:00 PM,7.0,2,1,9,6,1,3,3,0,1,3,UNABLE TO DETERMINE,2,1,0.0,0.0,0.0,0.0,0.0,3.0,17,5,5,05/23/2024,2024-05-23,17:15:00
02/01/2024 08:05:00 AM,7.0,2,1,5,5,1,3,3,1,1,2,DISREGARDING STOP SIGN,2,1,0.0,0.0,0.0,0.0,0.0,4.0,8,5,2,02/01/2024,2024-02-01,08:05:00
04/29/2024 07:05:00 AM,7.0,2,1,5,6,1,3,3,0,1,2,DISREGARDING STOP SIGN,2,1,0.0,0.0,0.0,0.0,0.0,2.0,7,2,4,04/29/2024,2024-04-29,07:05:00
05/15/2024 07:43:00 AM,3.0,2,1,6,7,1,3,3,0,1,3,FAILING TO YIELD RIGHT-OF-WAY,2,1,0.0,0.0,0.0,0.0,0.0,2.0,7,4,5,05/15/2024,2024-05-15,07:43:00
05/18/2024 10:45:00 AM,5.0,2,1,6,7,1,3,3,0,1,3,IMPROPER LANE USAGE,2,1,0.0,0.0,0.0,0.0,0.0,3.0,10,7,5,05/18/2024,2024-05-18,10:45:00
05/17/2024 02:10:00 PM,5.0,2,1,3,2,1,3,1,0,1,3,UNABLE TO DETERMINE,2,1,0.0,0.0,0.0,0.0,0.0,2.0,14,6,5,05/17/2024,2024-05-17,14:10:00
05/18/2024 01:00:00 PM,5.0,2,1,8,6,1,3,3,0,1,3,IMPROPER BACKING,2,1,0.0,0.0,0.0,0.0,0.0,2.0,13,7,5,05/18/2024,2024-05-18,13:00:00
06/16/2024 04:08:00 PM,5.0,2,1,6,5,1,3,3,0,1,3,IMPROPER OVERTAKING/PASSING,2,1,0.0,0.0,0.0,0.0,0.0,2.0,16,1,6,06/16/2024,2024-06-16,16:08:00
07/17/2024 01:30:00 PM,7.0,2,1,6,6,1,3,3,1,1,3,DISREGARDING STOP SIGN,2,2,1.0,0.0,0.0,0.0,1.0,1.0,13,4,7,07/17/2024,2024-07-17,13:30:00
01/28/2024 02:07:00 PM,3.0,2,1,4,6,1,3,3,1,1,3,NOT APPLICABLE,2,2,1.0,0.0,0.0,0.0,1.0,3.0,14,1,1,01/28/2024,2024-01-28,14:07:00
06/04/2024 01:15:00 PM,7.0,2,1,4,5,1,3,3,0,1,2,UNABLE TO DETERMINE,2,1,0.0,0.0,0.0,0.0,0.0,2.0,13,3,6,06/04/2024,2024-06-04,13:15:00
05/05/2024 02:46:00 PM,3.0,2,1,6,4,1,1,1,0,0,3,UNABLE TO DETERMINE,2,1,0.0,0.0,0.0,0.0,0.0,3.0,14,1,5,05/05/2024,2024-05-05,14:46:00
01/26/2024 11:30:00 AM,5.0,2,1,6,5,1,3,3,0,1,3,IMPROPER OVERTAKING/PASSING,2,1,0.0,0.0,0.0,0.0,0.0,3.0,11,6,1,01/26/2024,2024-01-26,11:30:00
02/01/2024 03:40:00 PM,5.0,2,1,5,6,1,3,1,0,1,3,UNABLE TO DETERMINE,2,1,0.0,0.0,0.0,0.0,0.0,2.0,15,5,2,02/01/2024,2024-02-01,15:40:00
06/08/2024 05:15:00 PM,3.0,4,2,6,5,1,4,3,1,1,3,FAILING TO YIELD RIGHT-OF-WAY,2,1,0.0,0.0,0.0,0.0,0.0,2.0,17,7,6,06/08/2024,2024-06-08,17:15:00
07/10/2024 08:20:00 AM,5.0,2,1,6,5,1,4,1,0,1,3,FAILING TO YIELD RIGHT-OF-WAY,2,1,0.0,0.0,0.0,0.0,0.0,2.0,8,4,7,07/10/2024,2024-07-10,08:20:00
06/29/2024 10:12:00 PM,5.0,2,4,3,5,1,3,1,0,1,2,FAILING TO YIELD RIGHT-OF-WAY,2,1,0.0,0.0,0.0,0.0,0.0,3.0,22,7,6,06/29/2024,2024-06-29,22:12:00
04/17/2024 08:39:00 AM,5.0,4,1,6,5,1,3,3,0,1,2,FAILING TO YIELD RIGHT-OF-WAY,2,1,0.0,0.0,0.0,0.0,0.0,2.0,8,4,4,04/17/2024,2024-04-17,08:39:00
01/18/2024 03:50:00 PM,7.0,3,1,6,5,1,3,3,0,1,2,DISREGARDING STOP SIGN,2,1,0.0,0.0,0.0,0.0,0.0,4.0,15,5,1,01/18/2024,2024-01-18,15:50:00
07/31/2024 09:50:00 PM,3.0,2,4,14,4,1,3,3,1,1,3,FAILING TO YIELD RIGHT-OF-WAY,2,3,1.0,0.0,0.0,1.0,0.0,1.0,21,4,7,07/31/2024,2024-07-31,21:50:00
06/25/2024 03:48:00 PM,5.0,2,1,4,5,1,3,3,0,1,3,FOLLOWING TOO CLOSELY,2,1,0.0,0.0,0.0,0.0,0.0,3.0,15,3,6,06/25/2024,2024-06-25,15:48:00
07/24/2024 04:45:00 PM,7.0,2,1,5,6,1,3,3,1,1,3,UNABLE TO DETERMINE,2,1,0.0,0.0,0.0,0.0,0.0,2.0,16,4,7,07/24/2024,2024-07-24,16:45:00
05/29/2024 01:06:00 PM,5.0,2,1,8,5,1,3,3,0,1,1,UNABLE TO DETERMINE,2,1,0.0,0.0,0.0,0.0,0.0,3.0,13,4,5,05/29/2024,2024-05-29,13:06:00
06/27/2024 04:30:00 PM,5.0,2,1,6,6,1,3,3,0,1,3,NOT APPLICABLE,2,1,0.0,0.0,0.0,0.0,0.0,2.0,16,5,6,06/27/2024,2024-06-27,16:30:00
02/27/2024 10:55:00 AM,7.0,2,1,5,6,1,3,3,0,1,1,FAILING TO YIELD RIGHT-OF-WAY,2,1,0.0,0.0,0.0,0.0,0.0,2.0,10,3,2,02/27/2024,2024-02-27,10:55:00
05/09/2024 07:28:00 PM,5.0,2,1,4,4,1,3,3,0,1,3,UNABLE TO DETERMINE,2,1,0.0,0.0,0.0,0.0,0.0,2.0,19,5,5,05/09/2024,2024-05-09,19:28:00
01/30/2024 05:30:00 PM,5.0,2,4,6,10,1,3,3,0,1,3,UNABLE TO DETERMINE,2,1,0.0,0.0,0.0,0.0,0.0,4.0,17,3,1,01/30/2024,2024-01-30,17:30:00
01/29/2024 05:46:00 PM,5.0,2,4,6,5,1,1,1,1,1,3,IMPROPER TURNING/NO SIGNAL,2,1,0.0,0.0,0.0,0.0,0.0,2.0,17,2,1,01/29/2024,2024-01-29,17:46:00
05/14/2024 07:22:00 PM,7.0,2,1,5,6,1,3,3,0,1,3,IMPROPER BACKING,2,1,0.0,0.0,0.0,0.0,0.0,4.0,19,3,5,05/14/2024,2024-05-14,19:22:00
06/20/2024 07:00:00 AM,1.0,2,1,5,6,1,3,3,0,1,3,NOT APPLICABLE,2,1,0.0,0.0,0.0,0.0,0.0,2.0,7,5,6,06/20/2024,2024-06-20,07:00:00
05/04/2024 10:50:00 AM,5.0,2,1,6,5,1,3,3,0,1,3,FAILING TO YIELD RIGHT-OF-WAY,2,1,0.0,0.0,0.0,0.0,0.0,2.0,10,7,5,05/04/2024,2024-05-04,10:50:00
03/08/2024 06:49:00 PM,7.0,4,4,5,5,1,4,1,1,1,3,FAILING TO YIELD RIGHT-OF-WAY,2,1,0.0,0.0,0.0,0.0,0.0,2.0,18,6,3,03/08/2024,2024-03-08,18:49:00
08/08/2024 11:21:00 AM,5.0,2,1,6,10,1,3,7,1,0,3,IMPROPER TURNING/NO SIGNAL,2,1,0.0,0.0,0.0,0.0,0.0,2.0,11,5,8,08/08/2024,2024-08-08,11:21:00
04/09/2024 05:57:00 PM,7.0,2,1,5,13,1,3,3,1,1,3,FAILING TO YIELD RIGHT-OF-WAY,2,2,1.0,0.0,0.0,0.0,1.0,3.0,17,3,4,04/09/2024,2024-04-09,17:57:00
03/21/2024 05:21:00 PM,3.0,2,1,6,6,1,3,3,1,1,3,UNABLE TO DETERMINE,2,3,2.0,0.0,0.0,1.0,1.0,0.0,17,5,3,03/21/2024,2024-03-21,17:21:00
03/12/2024 04:58:00 PM,5.0,2,1,4,5,1,3,3,0,1,2,FOLLOWING TOO CLOSELY,2,1,0.0,0.0,0.0,0.0,0.0,2.0,16,3,3,03/12/2024,2024-03-12,16:58:00
06/03/2024 03:55:00 PM,3.0,2,1,8,4,2,3,3,1,0,3,FAILING TO REDUCE SPEED TO AVOID CRASH,2,1,0.0,0.0,0.0,0.0,0.0,2.0,15,2,6,06/03/2024,2024-06-03,15:55:00
05/22/2024 01:04:00 PM,5.0,2,1,5,5,1,3,3,1,1,3,DISREGARDING TRAFFIC SIGNALS,2,1,0.0,0.0,0.0,0.0,0.0,2.0,13,4,5,05/22/2024,2024-05-22,13:04:00
06/10/2024 07:18:00 AM,7.0,2,1,4,5,1,3,3,1,1,3,FOLLOWING TOO CLOSELY,2,3,1.0,0.0,0.0,1.0,0.0,1.0,7,2,6,06/10/2024,2024-06-10,07:18:00
05/28/2024 08:15:00 AM,3.0,2,1,5,6,1,3,3,0,1,2,UNABLE TO DETERMINE,2,1,0.0,0.0,0.0,0.0,0.0,2.0,8,3,5,05/28/2024,2024-05-28,08:15:00
01/12/2024 07:00:00 AM,5.0,5,4,6,5,1,5,3,0,1,3,IMPROPER TURNING/NO SIGNAL,2,1,0.0,0.0,0.0,0.0,0.0,2.0,7,6,1,01/12/2024,2024-01-12,07:00:00
01/31/2024 06:20:00 PM,7.0,2,4,4,10,1,3,3,0,1,3,UNABLE TO DETERMINE,2,1,0.0,0.0,0.0,0.0,0.0,2.0,18,4,1,01/31/2024,2024-01-31,18:20:00
06/10/2024 02:45:00 PM,5.0,2,1,6,6,1,3,3,1,1,3,FAILING TO YIELD RIGHT-OF-WAY,2,3,1.0,0.0,0.0,1.0,0.0,1.0,14,2,6,06/10/2024,2024-06-10,14:45:00
04/24/2024 05:36:00 PM,5.0,2,1,14,5,1,3,3,0,1,2,FAILING TO YIELD RIGHT-OF-WAY,2,1,0.0,0.0,0.0,0.0,0.0,2.0,17,4,4,04/24/2024,2024-04-24,17:36:00
05/31/2024 10:30:00 AM,5.0,3,1,4,6,1,3,3,0,1,3,FOLLOWING TOO CLOSELY,2,1,0.0,0.0,0.0,0.0,0.0,2.0,10,6,5,05/31/2024,2024-05-31,10:30:00
02/19/2024 08:58:00 PM,3.0,2,4,6,5,1,3,1,0,1,3,IMPROPER TURNING/NO SIGNAL,2,1,0.0,0.0,0.0,0.0,0.0,2.0,20,2,2,02/19/2024,2024-02-19,20:58:00
05/04/2024 05:00:00 PM,5.0,2,1,6,5,1,3,3,0,1,2,FOLLOWING TOO CLOSELY,2,1,0.0,0.0,0.0,0.0,0.0,3.0,17,7,5,05/04/2024,2024-05-04,17:00:00