crash_date,traffic_control_device,weather_condition,lighting_condition,first_crash_type,trafficway_type,alignment,roadway_surface_cond,road_defect,crash_type,intersection_related_i,damage,prim_contributory_cause,num_units,most_severe_injury,injuries_total,injuries_fatal,injuries_incapacitating,injuries_non_incapacitating,injuries_reported_not_evident,injuries_no_indication,crash_hour,crash_day_of_week,crash_month,parsed_datetime,date,time
04/14/2024 11:00:00 AM,7.0,2,1,6,6,1,3,3,1,1,3,FAILING TO YIELD RIGHT-OF-WAY,2,2,1.0,0.0,0.0,0.0,1.0,3.0,11,1,4,04/14/2024,2024-04-14,11:00:00
01/24/2024 09:30:00 AM,5.0,2,1,3,5,1,3,3,0,1,1,FAILING TO YIELD RIGHT-OF-WAY,2,1,0.0,0.0,0.0,0.0,0.0,2.0,9,4,1,01/24/2024,2024-01-24,09:30:00
08/01/2024 09:46:00 AM,3.0,4,3,8,10,1,4,3,1,0,3,FAILING TO YIELD RIGHT-OF-WAY,2,2,1.0,0.0,0.0,0.0,1.0,2.0,9,5,8,08/01/2024,2024-08-01,09:46:00
03/08/2024 12:15:00 PM,5.0,4,1,3,6,1,4,3,0,1,3,FAILING TO YIELD RIGHT-OF-WAY,2,1,0.0,0.0,0.0,0.0,0.0,2.0,12,6,3,03/08/2024,2024-03-08,12:15:00
02/01/2024 10:30:00 AM,5.0,2,1,8,6,1,3,3,0,0,3,UNABLE TO DETERMINE,2,1,0.0,0.0,0.0,0.0,0.0,2.0,10,5,2,02/01/2024,2024-02-01,10:30:00
01/29/2024 02:45:00 PM,7.0,2,1,5,4,1,3,3,0,1,3,FAILING TO YIELD RIGHT-OF-WAY,2,1,0.0,0.0,0.0,0.0,0.0,2.0,14,2,1,01/29/2024,2024-01-29,14:45:00
06/14/2024 09:45:00 AM,7.0,2,1,6,5,1,3,3,0,1,3,IMPROPER TURNING/NO SIGNAL,2,1,0.0,0.0,0.0,0.0,0.0,6.0,9,6,6,06/14/2024,2024-06-14,09:45:00
01/29/2024 01:00:00 PM,7.0,2,1,6,5,1,3,3,0,1,3,FAILING TO YIELD RIGHT-OF-WAY,2,1,0.0,0.0,0.0,0.0,0.0,2.0,13,2,1,01/29/2024,2024-01-29,13:00:00
01/22/2024 06:00:00 PM,5.0,2,1,6,10,1,1,1,0,1,3,IMPROPER TURNING/NO SIGNAL,2,1,0.0,0.0,0.0,0.0,0.0,2.0,18,2,1,01/22/2024,2024-01-22,18:00:00
04/06/2024 03:40:00 PM,5.0,2,1,5,5,1,1,1,1,1,3,UNABLE TO DETERMINE,2,1,0.0,0.0,0.0,0.0,0.0,2.0,15,7,4,04/06/2024,2024-04-06,15:40:00
07/10/2024 07:30:00 AM,7.0,4,1,5,4,1,4,3,0,1,2,DISREGARDING OTHER TRAFFIC SIGNS,2,1,0.0,0.0,0.0,0.0,0.0,2.0,7,4,7,07/10/2024,2024-07-10,07:30:00
03/20/2024 08:00:00 AM,7.0,2,1,5,6,1,1,1,1,1,2,UNABLE TO DETERMINE,2,2,1.0,0.0,0.0,0.0,1.0,3.0,8,4,3,03/20/2024,2024-03-20,08:00:00
05/18/2024 05:10:00 PM,5.0,2,2,3,6,1,3,3,0,1,3,IMPROPER OVERTAKING/PASSING,2,1,0.0,0.0,0.0,0.0,0.0,4.0,17,7,5,05/18/2024,2024-05-18,17:10:00
06/06/2024 02:00:00 PM,3.0,2,1,4,4,1,3,3,1,1,2,FOLLOWING TOO CLOSELY,2,1,0.0,0.0,0.0,0.0,0.0,2.0,14,5,6,06/06/2024,2024-06-06,14:00:00
04/13/2024 02:05:00 PM,5.0,2,1,5,5,1,3,3,1,1,3,UNABLE TO DETERMINE,2,1,0.0,0.0,0.0,0.0,0.0,2.0,14,7,4,04/13/2024,2024-04-13,14:05:00
07/03/2024 09:53:00 PM,7.0,2,4,5,5,1,3,1,0,1,3,DISREGARDING STOP SIGN,2,1,0.0,0.0,0.0,0.0,0.0,4.0,21,4,7,07/03/2024,2024-07-03,21:53:00
05/29/2024 05:55:00 AM,7.0,2,1,4,5,1,3,3,1,1,3,DRIVING SKILLS/KNOWLEDGE/EXPERIENCE,2,1,0.0,0.0,0.0,0.0,0.0,2.0,5,4,5,05/29/2024,2024-05-29,05:55:00
05/28/2024 04:28:00 PM,5.0,4,1,6,4,1,4,3,0,1,3,UNABLE TO DETERMINE,2,1,0.0,0.0,0.0,0.0,0.0,5.0,16,3,5,05/28/2024,2024-05-28,16:28:00
03/21/2024 05:15:00 PM,7.0,2,1,10,5,1,1,1,0,1,3,NOT APPLICABLE,2,1,0.0,0.0,0.0,0.0,0.0,3.0,17,5,3,03/21/2024,2024-03-21,17:15:00
08/11/2024 02:45:00 PM,5.0,2,1,4,5,1,3,3,0,1,3,UNABLE TO DETERMINE,2,1,0.0,0.0,0.0,0.0,0.0,2.0,14,1,8,08/11/2024,2024-08-11,14:45:00
02/08/2024 11:40:00 AM,5.0,2,1,6,5,1,3,3,0,1,2,IMPROPER TURNING/NO SIGNAL,2,1,0.0,0.0,0.0,0.0,0.0,2.0,11,5,2,02/08/2024,2024-02-08,11:40:00
06/21/2024 04:30:00 PM,5.0,2,1,6,5,1,3,3,0,1,3,UNABLE TO DETERMINE,2,1,0.0,0.0,0.0,0.0,0.0,4.0,16,6,6,06/21/2024,2024-06-21,16:30:00
08/02/2024 01:56:00 PM,5.0,2,1,6,5,1,3,3,0,1,3,DISREGARDING TRAFFIC SIGNALS,2,1,0.0,0.0,0.0,0.0,0.0,4.0,13,6,8,08/02/2024,2024-08-02,13:56:00
01/23/2024 03:45:00 PM,7.0,7,3,6,6,1,4,3,1,1,3,FAILING TO YIELD RIGHT-OF-WAY,2,3,2.0,0.0,0.0,1.0,1.0,2.0,15,3,1,01/23/2024,2024-01-23,15:45:00
05/13/2024 11:28:00 PM,3.0,4,5,18,3,1,4,3,1,0,3,UNABLE TO DETERMINE,2,2,1.0,0.0,0.0,0.0,1.0,1.0,23,2,5,05/13/2024,2024-05-13,23:28:00
06/16/2024 03:24:00 PM,3.0,2,1,6,16,1,3,3,1,1,3,UNABLE TO DETERMINE,2,3,1.0,0.0,0.0,1.0,0.0,2.0,15,1,6,06/16/2024,2024-06-16,15:24:00
07/31/2024 09:17:00 PM,5.0,2,4,4,4,1,1,1,0,1,1,UNABLE TO DETERMINE,2,1,0.0,0.0,0.0,0.0,0.0,6.0,21,4,7,07/31/2024,2024-07-31,21:17:00
07/14/2024 06:30:00 PM,7.0,2,1,6,7,1,1,1,0,1,3,UNABLE TO DETERMINE,2,1,0.0,0.0,0.0,0.0,0.0,3.0,18,1,7,07/14/2024,2024-07-14,18:30:00
07/05/2024 02:30:00 PM,3.0,2,1,11,6,1,3,3,0,1,2,IMPROPER BACKING,2,1,0.0,0.0,0.0,0.0,0.0,1.0,14,6,7,07/05/2024,2024-07-05,14:30:00
06/22/2024 11:35:00 PM,1.0,4,4,6,7,1,4,1,0,1,3,UNABLE TO DETERMINE,2,1,0.0,0.0,0.0,0.0,0.0,6.0,23,7,6,06/22/2024,2024-06-22,23:35:00
04/26/2024 04:55:00 PM,5.0,4,1,6,6,1,4,3,0,1,1,DRIVING SKILLS/KNOWLEDGE/EXPERIENCE,2,1,0.0,0.0,0.0,0.0,0.0,3.0,16,6,4,04/26/2024,2024-04-26,16:55:00
02/24/2024 04:58:00 PM,7.0,2,1,5,10,1,3,3,1,1,3,FAILING TO YIELD RIGHT-OF-WAY,2,4,1.0,0.0,1.0,0.0,0.0,1.0,16,7,2,02/24/2024,2024-02-24,16:58:00
05/12/2024 08:00:00 PM,3.0,2,2,5,5,1,3,3,0,1,2,UNABLE TO DETERMINE,2,1,0.0,0.0,0.0,0.0,0.0,2.0,20,1,5,05/12/2024,2024-05-12,20:00:00
02/06/2024 01:30:00 PM,7.0,2,1,4,7,1,3,3,0,1,3,UNABLE TO DETERMINE,2,1,0.0,0.0,0.0,0.0,0.0,2.0,13,3,2,02/06/2024,2024-02-06,13:30:00
06/12/2024 11:30:00 PM,5.0,2,1,6,5,1,3,3,0,1,3,FAILING TO YIELD RIGHT-OF-WAY,2,1,0.0,0.0,0.0,0.0,0.0,2.0,23,4,6,06/12/2024,2024-06-12,23:30:00
06/20/2024 01:22:00 PM,5.0,2,1,6,6,1,3,3,0,1,3,IMPROPER TURNING/NO SIGNAL,2,1,0.0,0.0,0.0,0.0,0.0,3.0,13,5,6,06/20/2024,2024-06-20,13:22:00
05/10/2024 04:55:00 PM,5.0,2,1,6,10,1,3,3,0,1,3,IMPROPER LANE USAGE,2,1,0.0,0.0,0.0,0.0,0.0,2.0,16,6,5,05/10/2024,2024-05-10,16:55:00
06/27/2024 11:45:00 AM,7.0,2,1,5,5,1,3,3,0,1,3,DISREGARDING STOP SIGN,2,1,0.0,0.0,0.0,0.0,0.0,2.0,11,5,6,06/27/2024,2024-06-27,11:45:00
02/05/2024 09:22:00 PM,5.0,2,4,6,7,1,3,3,0,1,3,DISREGARDING TRAFFIC SIGNALS,2,1,0.0,0.0,0.0,0.0,0.0,3.0,21,2,2,02/05/2024,2024-02-05,21:22:00
06/10/2024 04:45:00 PM,5.0,2,1,3,6,1,3,3,0,1,3,FAILING TO YIELD RIGHT-OF-WAY,2,1,0.0,0.0,0.0,0.0,0.0,2.0,16,2,6,06/10/2024,2024-06-10,16:45:00
01/19/2024 02:57:00 PM,5.0,5,1,6,1,1,5,1,1,1,3,DISREGARDING TRAFFIC SIGNALS,2,2,1.0,0.0,0.0,0.0,1.0,2.0,14,6,1,01/19/2024,2024-01-19,14:57:00
03/17/2024 08:20:00 PM,5.0,2,4,6,7,1,3,7,0,1,3,IMPROPER OVERTAKING/PASSING,2,1,0.0,0.0,0.0,0.0,0.0,2.0,20,1,3,03/17/2024,2024-03-17,20:20:00
08/05/2024 06:50:00 AM,5.0,3,1,13,4,1,4,3,1,1,2,UNABLE TO DETERMINE,2,3,1.0,0.0,0.0,1.0,0.0,1.0,6,2,8,08/05/2024,2024-08-05,06:50:00
06/06/2024 05:25:00 PM,5.0,2,1,3,1,1,3,3,1,1,3,FAILING TO YIELD RIGHT-OF-WAY,2,1,0.0,0.0,0.0,0.0,0.0,2.0,17,5,6,06/06/2024,2024-06-06,17:25:00
04/08/2024 08:55:00 AM,3.0,2,1,6,5,1,3,3,1,1,3,UNABLE TO DETERMINE,2,2,1.0,0.0,0.0,0.0,1.0,1.0,8,2,4,04/08/2024,2024-04-08,08:55:00
07/27/2024 01:00:00 PM,5.0,2,1,3,4,1,3,1,0,1,2,IMPROPER LANE USAGE,2,1,0.0,0.0,0.0,0.0,0.0,2.0,13,7,7,07/27/2024,2024-07-27,13:00:00
07/18/2024 12:35:00 PM,5.0,2,1,4,6,1,3,3,1,1,3,FOLLOWING TOO CLOSELY,2,1,0.0,0.0,0.0,0.0,0.0,2.0,12,5,7,07/18/2024,2024-07-18,12:35:00
05/05/2024 10:38:00 PM,5.0,2,4,6,6,1,3,3,1,1,3,UNDER THE INFLUENCE OF ALCOHOL/DRUGS (USE WHEN ARREST IS EFFECTED),2,1,0.0,0.0,0.0,0.0,0.0,2.0,22,1,5,05/05/2024,2024-05-05,22:38:00
03/26/2024 05:11:00 PM,5.0,2,1,6,6,1,1,1,0,1,3,FOLLOWING TOO CLOSELY,2,1,0.0,0.0,0.0,0.0,0.0,2.0,17,3,3,03/26/2024,2024-03-26,17:11:00
03/27/2024 05:30:00 PM,5.0,2,1,4,4,1,3,3,1,1,3,FOLLOWING TOO CLOSELY,2,3,2.0,0.0,0.0,2.0,0.0,0.0,17,4,3,03/27/2024,2024-03-27,17:30:00
03/30/2024 02:55:00 PM,5.0,3,1,6,3,1,3,3,1,1,3,FAILING TO YIELD RIGHT-OF-WAY,2,2,1.0,0.0,0.0,0.0,1.0,3.0,14,7,3,03/30/2024,2024-03-30,14:55:00
02/09/2024 12:58:00 AM,5.0,2,4,3,5,1,3,3,0,1,3,FAILING TO REDUCE SPEED TO AVOID CRASH,2,1,0.0,0.0,0.0,0.0,0.0,2.0,0,6,2,02/09/2024,2024-02-09,00:58:00
06/11/2024 12:30:00 PM,5.0,2,1,3,5,1,3,3,0,1,2,"VISION OBSCURED (SIGNS, TREE LIMBS, BUILDINGS, ETC.)",2,1,0.0,0.0,0.0,0.0,0.0,3.0,12,3,6,06/11/2024,2024-06-11,12:30:00
01/14/2024 02:39:00 AM,5.0,5,4,4,3,1,5,3,1,1,3,UNABLE TO DETERMINE,2,3,2.0,0.0,0.0,1.0,1.0,5.0,2,1,1,01/14/2024,2024-01-14,02:39:00
04/29/2024 07:20:00 AM,1.0,4,3,6,6,1,4,1,0,1,2,IMPROPER TURNING/NO SIGNAL,2,1,0.0,0.0,0.0,0.0,0.0,2.0,7,2,4,04/29/2024,2024-04-29,07:20:00
04/09/2024 08:17:00 PM,5.0,2,4,3,6,1,3,3,1,1,3,UNABLE TO DETERMINE,2,1,0.0,0.0,0.0,0.0,0.0,2.0,20,3,4,04/09/2024,2024-04-09,20:17:00
06/20/2024 01:30:00 PM,5.0,2,1,4,5,1,3,3,1,1,3,FAILING TO REDUCE SPEED TO AVOID CRASH,2,3,1.0,0.0,0.0,1.0,0.0,1.0,13,5,6,06/20/2024,2024-06-20,13:30:00
04/23/2024 09:00:00 AM,5.0,2,1,4,5,1,3,3,0,1,3,FOLLOWING TOO CLOSELY,2,1,0.0,0.0,0.0,0.0,0.0,2.0,9,3,4,04/23/2024,2024-04-23,09:00:00
06/07/2024 03:30:00 PM,7.0,2,1,5,6,1,3,3,0,1,3,FAILING TO YIELD RIGHT-OF-WAY,2,1,0.0,0.0,0.0,0.0,0.0,2.0,15,6,6,06/07/2024,2024-06-07,15:30:00
04/06/2024 07:40:00 PM,5.0,2,4,6,5,1,3,3,0,1,2,FAILING TO YIELD RIGHT-OF-WAY,2,1,0.0,0.0,0.0,0.0,0.0,2.0,19,7,4,04/06/2024,2024-04-06,19:40:00
06/18/2024 09:15:00 AM,5.0,2,1,3,6,1,3,3,0,1,3,UNABLE TO DETERMINE,2,1,0.0,0.0,0.0,0.0,0.0,2.0,9,3,6,06/18/2024,2024-06-18,09:15:00
06/18/2024 03:55:00 AM,7.0,2,4,8,5,1,3,3,0,1,1,UNABLE TO DETERMINE,2,1,0.0,0.0,0.0,0.0,0.0,2.0,3,3,6,06/18/2024,2024-06-18,03:55:00
07/21/2024 06:10:00 PM,5.0,2,1,6,7,1,3,3,0,1,3,UNABLE TO DETERMINE,2,1,0.0,0.0,0.0,0.0,0.0,2.0,18,1,7,07/21/2024,2024-07-21,18:10:00
04/15/2024 03:40:00 PM,5.0,2,1,13,4,1,3,3,1,1,3,UNABLE TO DETERMINE,2,3,1.0,0.0,0.0,1.0,0.0,1.0,15,2,4,04/15/2024,2024-04-15,15:40:00
04/24/2024 05:00:00 PM,5.0,2,1,14,10,1,3,3,0,1,3,UNABLE TO DETERMINE,2,1,0.0,0.0,0.0,0.0,0.0,4.0,17,4,4,04/24/2024,2024-04-24,17:00:00
02/28/2024 12:58:00 PM,7.0,2,1,5,5,1,3,3,1,1,3,UNABLE TO DETERMINE,2,2,1.0,0.0,0.0,0.0,1.0,1.0,12,4,2,02/28/2024,2024-02-28,12:58:00
06/27/2024 10:10:00 AM,7.0,2,1,8,10,1,3,3,0,1,2,IMPROPER BACKING,2,1,0.0,0.0,0.0,0.0,0.0,2.0,10,5,6,06/27/2024,2024-06-27,10:10:00
05/18/2024 08:03:00 AM,3.0,2,1,6,6,1,3,3,0,1,3,UNABLE TO DETERMINE,2,1,0.0,0.0,0.0,0.0,0.0,3.0,8,7,5,05/18/2024,2024-05-18,08:03:00
01/11/2024 03:54:00 PM,5.0,2,1,5,14,1,1,1,1,1,3,UNABLE TO DETERMINE,2,2,1.0,0.0,0.0,0.0,1.0,1.0,15,5,1,01/11/2024,2024-01-11,15:54:00
01/23/2024 10:20:00 AM,7.0,1,1,5,2,1,6,3,0,1,2,WEATHER,2,1,0.0,0.0,0.0,0.0,0.0,2.0,10,3,1,01/23/2024,2024-01-23,10:20:00
07/02/2024 02:30:00 PM,5.0,2,1,11,5,1,3,3,0,1,2,IMPROPER TURNING/NO SIGNAL,2,1,0.0,0.0,0.0,0.0,0.0,1.0,14,3,7,07/02/2024,2024-07-02,14:30:00
03/12/2024 03:00:00 PM,7.0,2,1,6,5,1,3,3,0,1,3,IMPROPER TURNING/NO SIGNAL,2,1,0.0,0.0,0.0,0.0,0.0,2.0,15,3,3,03/12/2024,2024-03-12,15:00:00
03/15/2024 11:15:00 PM,5.0,2,4,5,5,1,3,3,1,1,3,FAILING TO YIELD RIGHT-OF-WAY,2,1,0.0,0.0,0.0,0.0,0.0,3.0,23,6,3,03/15/2024,2024-03-15,23:15:00
07/21/2024 04:05:00 PM,7.0,2,1,6,10,1,3,3,1,1,3,NOT APPLICABLE,2,3,1.0,0.0,0.0,1.0,0.0,2.0,16,1,7,07/21/2024,2024-07-21,16:05:00
02/25/2024 08:47:00 PM,5.0,2,4,3,5,1,3,3,0,1,2,IMPROPER LANE USAGE,2,1,0.0,0.0,0.0,0.0,0.0,4.0,20,1,2,02/25/2024,2024-02-25,20:47:00
04/02/2024 11:20:00 AM,7.0,4,1,5,6,1,4,1,1,1,3,UNABLE TO DETERMINE,2,1,0.0,0.0,0.0,0.0,0.0,2.0,11,3,4,04/02/2024,2024-04-02,11:20:00
01/01/2024 02:00:00 AM,3.0,2,4,5,4,1,3,3,1,1,3,FAILING TO YIELD RIGHT-OF-WAY,2,1,0.0,0.0,0.0,0.0,0.0,5.0,2,2,1,01/01/2024,2024-01-01,02:00:00
04/22/2024 09:00:00 AM,5.0,2,1,4,5,1,3,3,1,1,1,UNABLE TO DETERMINE,2,2,1.0,0.0,0.0,0.0,1.0,4.0,9,2,4,04/22/2024,2024-04-22,09:00:00
01/24/2024 06:30:00 PM,5.0,4,4,13,5,1,4,1,1,1,1,UNABLE TO DETERMINE,2,3,1.0,0.0,0.0,1.0,0.0,1.0,18,4,1,01/24/2024,2024-01-24,18:30:00
08/09/2024 11:05:00 AM,3.0,2,1,14,5,1,3,3,1,1,1,FAILING TO YIELD RIGHT-OF-WAY,2,4,1.0,0.0,1.0,0.0,0.0,1.0,11,6,8,08/09/2024,2024-08-09,11:05:00
02/14/2024 07:42:00 AM,7.0,2,1,4,5,1,1,1,0,1,3,UNABLE TO DETERMINE,2,1,0.0,0.0,0.0,0.0,0.0,3.0,7,4,2,02/14/2024,2024-02-14,07:42:00
02/14/2024 07:30:00 AM,5.0,2,1,6,6,1,3,3,0,1,2,IMPROPER BACKING,2,1,0.0,0.0,0.0,0.0,0.0,2.0,7,4,2,02/14/2024,2024-02-14,07:30:00
06/17/2024 07:50:00 PM,7.0,2,1,6,6,1,3,3,1,1,3,DISREGARDING STOP SIGN,2,2,2.0,0.0,0.0,0.0,2.0,0.0,19,2,6,06/17/2024,2024-06-17,19:50:00
03/07/2024 07:35:00 AM,5.0,2,1,6,4,1,3,3,1,1,3,FAILING TO YIELD RIGHT-OF-WAY,2,2,1.0,0.0,0.0,0.0,1.0,2.0,7,5,3,03/07/2024,2024-03-07,07:35:00
07/25/2024 08:10:00 AM,5.0,2,1,4,5,1,3,3,0,1,3,FOLLOWING TOO CLOSELY,2,1,0.0,0.0,0.0,0.0,0.0,2.0,8,5,7,07/25/2024,2024-07-25,08:10:00
03/08/2024 05:34:00 PM,7.0,4,3,5,6,1,4,3,0,1,2,FAILING TO YIELD RIGHT-OF-WAY,2,1,0.0,0.0,0.0,0.0,0.0,2.0,17,6,3,03/08/2024,2024-03-08,17:34:00
05/20/2024 09:27:00 AM,5.0,3,1,5,5,1,3,3,1,1,3,PHYSICAL CONDITION OF DRIVER,2,4,1.0,0.0,1.0,0.0,0.0,1.0,9,2,5,05/20/2024,2024-05-20,09:27:00
03/30/2024 07:25:00 AM,9.0,2,1,13,5,1,4,3,1,1,3,DISREGARDING TRAFFIC SIGNALS,2,2,1.0,0.0,0.0,0.0,1.0,1.0,7,7,3,03/30/2024,2024-03-30,07:25:00
07/01/2024 12:19:00 PM,5.0,2,1,4,4,1,3,3,1,1,3,"OPERATING VEHICLE IN ERRATIC, RECKLESS, CARELESS, NEGLIGENT OR AGGRESSIVE MANNER",2,1,0.0,0.0,0.0,0.0,0.0,3.0,12,2,7,07/01/2024,2024-07-01,12:19:00
03/13/2024 06:20:00 AM,7.0,2,1,5,5,1,3,3,0,1,3,DISREGARDING STOP SIGN,2,1,0.0,0.0,0.0,0.0,0.0,2.0,6,4,3,03/13/2024,2024-03-13,06:20:00
08/05/2024 02:37:00 PM,7.0,2,1,5,6,1,3,1,0,1,1,UNABLE TO DETERMINE,2,1,0.0,0.0,0.0,0.0,0.0,2.0,14,2,8,08/05/2024,2024-08-05,14:37:00
04/03/2024 03:16:00 PM,3.0,4,1,5,6,1,4,3,1,1,3,FAILING TO YIELD RIGHT-OF-WAY,2,2,1.0,0.0,0.0,0.0,1.0,1.0,15,4,4,04/03/2024,2024-04-03,15:16:00
05/20/2024 08:21:00 AM,7.0,2,1,8,5,1,3,3,0,1,1,DRIVING SKILLS/KNOWLEDGE/EXPERIENCE,2,1,0.0,0.0,0.0,0.0,0.0,2.0,8,2,5,05/20/2024,2024-05-20,08:21:00
06/12/2024 09:12:00 PM,7.0,2,3,5,5,1,3,3,1,1,3,DISREGARDING STOP SIGN,2,3,1.0,0.0,0.0,1.0,0.0,2.0,21,4,6,06/12/2024,2024-06-12,21:12:00
04/01/2024 12:27:00 PM,5.0,2,1,5,5,1,3,3,1,1,3,DISREGARDING OTHER TRAFFIC SIGNS,2,3,1.0,0.0,0.0,1.0,0.0,1.0,12,2,4,04/01/2024,2024-04-01,12:27:00
05/28/2024 05:30:00 PM,7.0,4,1,5,5,1,4,3,0,1,3,UNABLE TO DETERMINE,2,1,0.0,0.0,0.0,0.0,0.0,2.0,17,3,5,05/28/2024,2024-05-28,17:30:00
05/24/2024 12:51:00 PM,3.0,2,1,6,6,1,4,3,1,0,3,FAILING TO YIELD RIGHT-OF-WAY,2,2,1.0,0.0,0.0,0.0,1.0,2.0,12,6,5,05/24/2024,2024-05-24,12:51:00
01/06/2024 09:20:00 AM,7.0,5,1,5,6,1,5,3,1,1,2,FAILING TO YIELD RIGHT-OF-WAY,2,4,2.0,0.0,2.0,0.0,0.0,0.0,9,7,1,01/06/2024,2024-01-06,09:20:00
03/07/2024 06:55:00 AM,7.0,3,1,5,7,1,3,3,0,1,3,FAILING TO YIELD RIGHT-OF-WAY,2,1,0.0,0.0,0.0,0.0,0.0,2.0,6,5,3,03/07/2024,2024-03-07,06:55:00
03/15/2024 01:17:00 PM,5.0,2,1,5,6,1,1,1,0,1,3,FAILING TO YIELD RIGHT-OF-WAY,2,1,0.0,0.0,0.0,0.0,0.0,3.0,13,6,3,03/15/2024,2024-03-15,13:17:00
06/03/2024 02:56:00 PM,5.0,2,1,4,5,1,3,3,1,1,3,FOLLOWING TOO CLOSELY,2,3,1.0,0.0,0.0,1.0,0.0,2.0,14,2,6,06/03/2024,2024-06-03,14:56:00
06/07/2024 08:15:00 AM,7.0,2,1,5,1,1,3,1,0,1,2,UNABLE TO DETERMINE,2,1,0.0,0.0,0.0,0.0,0.0,2.0,8,6,6,06/07/2024,2024-06-07,08:15:00
07/03/2024 07:57:00 PM,5.0,2,1,5,4,1,3,3,0,1,3,FAILING TO YIELD RIGHT-OF-WAY,2,1,0.0,0.0,0.0,0.0,0.0,2.0,19,4,7,07/03/2024,2024-07-03,19:57:00
01/27/2024 09:11:00 PM,3.0,2,4,5,5,1,3,3,1,1,3,NOT APPLICABLE,2,1,0.0,0.0,0.0,0.0,0.0,2.0,21,7,1,01/27/2024,2024-01-27,21:11:00
05/03/2024 11:30:00 AM,7.0,2,1,6,6,1,3,3,0,1,3,IMPROPER TURNING/NO SIGNAL,2,1,0.0,0.0,0.0,0.0,0.0,3.0,11,6,5,05/03/2024,2024-05-03,11:30:00
03/14/2024 02:20:00 PM,7.0,2,1,5,5,1,3,1,0,1,3,FAILING TO YIELD RIGHT-OF-WAY,2,1,0.0,0.0,0.0,0.0,0.0,2.0,14,5,3,03/14/2024,2024-03-14,14:20:00
05/26/2024 02:25:00 PM,5.0,3,1,5,7,1,3,3,0,1,1,DISREGARDING TRAFFIC SIGNALS,2,1,0.0,0.0,0.0,0.0,0.0,2.0,14,1,5,05/26/2024,2024-05-26,14:25:00
08/09/2024 04:30:00 PM,5.0,2,1,4,5,1,3,3,0,1,3,UNABLE TO DETERMINE,2,1,0.0,0.0,0.0,0.0,0.0,3.0,16,6,8,08/09/2024,2024-08-09,16:30:00
04/12/2024 02:40:00 PM,5.0,2,1,4,4,1,3,3,1,1,2,FAILING TO REDUCE SPEED TO AVOID CRASH,2,2,1.0,0.0,0.0,0.0,1.0,1.0,14,6,4,04/12/2024,2024-04-12,14:40:00
02/11/2024 05:50:00 PM,5.0,2,4,4,6,1,3,3,0,1,2,FOLLOWING TOO CLOSELY,2,1,0.0,0.0,0.0,0.0,0.0,5.0,17,1,2,02/11/2024,2024-02-11,17:50:00
02/20/2024 02:00:00 PM,5.0,2,1,6,5,1,3,3,0,1,3,UNABLE TO DETERMINE,2,1,0.0,0.0,0.0,0.0,0.0,2.0,14,3,2,02/20/2024,2024-02-20,14:00:00
02/22/2024 08:17:00 AM,7.0,2,1,3,5,1,3,3,0,1,3,IMPROPER BACKING,2,1,0.0,0.0,0.0,0.0,0.0,4.0,8,5,2,02/22/2024,2024-02-22,08:17:00
06/09/2024 09:00:00 PM,5.0,2,4,14,6,1,3,3,1,1,3,FAILING TO YIELD RIGHT-OF-WAY,2,3,1.0,0.0,0.0,1.0,0.0,1.0,21,1,6,06/09/2024,2024-06-09,21:00:00
01/15/2024 04:00:00 PM,7.0,5,4,5,6,1,5,3,1,1,3,FAILING TO YIELD RIGHT-OF-WAY,2,2,1.0,0.0,0.0,0.0,1.0,1.0,16,2,1,01/15/2024,2024-01-15,16:00:00
04/10/2024 09:49:00 AM,5.0,2,1,3,6,1,3,3,0,1,3,IMPROPER LANE USAGE,2,1,0.0,0.0,0.0,0.0,0.0,3.0,9,4,4,04/10/2024,2024-04-10,09:49:00
05/06/2024 03:02:00 PM,5.0,2,1,4,6,1,3,3,0,1,3,FOLLOWING TOO CLOSELY,2,1,0.0,0.0,0.0,0.0,0.0,2.0,15,2,5,05/06/2024,2024-05-06,15:02:00
01/30/2024 10:00:00 AM,5.0,2,1,6,4,1,4,3,1,1,1,FOLLOWING TOO CLOSELY,2,3,1.0,0.0,0.0,1.0,0.0,1.0,10,3,1,01/30/2024,2024-01-30,10:00:00
03/10/2024 12:45:00 PM,3.0,2,1,6,17,1,3,1,0,1,3,IMPROPER TURNING/NO SIGNAL,2,1,0.0,0.0,0.0,0.0,0.0,2.0,12,1,3,03/10/2024,2024-03-10,12:45:00
02/19/2024 05:30:00 PM,5.0,2,2,6,5,1,3,3,0,1,2,UNABLE TO DETERMINE,2,1,0.0,0.0,0.0,0.0,0.0,3.0,17,2,2,02/19/2024,2024-02-19,17:30:00
05/28/2024 01:15:00 PM,5.0,3,1,3,5,1,3,3,0,1,2,IMPROPER LANE USAGE,2,1,0.0,0.0,0.0,0.0,0.0,2.0,13,3,5,05/28/2024,2024-05-28,13:15:00
03/14/2024 07:10:00 AM,5.0,4,3,13,5,1,4,3,1,1,1,"VISION OBSCURED (SIGNS, TREE LIMBS, BUILDINGS, ETC.)",2,3,1.0,0.0,0.0,1.0,0.0,1.0,7,5,3,03/14/2024,2024-03-14,07:10:00
05/31/2024 10:00:00 AM,3.0,2,1,11,10,1,3,3,0,1,3,DRIVING SKILLS/KNOWLEDGE/EXPERIENCE,2,1,0.0,0.0,0.0,0.0,0.0,1.0,10,6,5,05/31/2024,2024-05-31,10:00:00