crash_date,traffic_control_device,weather_condition,lighting_condition,first_crash_type,trafficway_type,alignment,roadway_surface_cond,road_defect,crash_type,intersection_related_i,damage,prim_contributory_cause,num_units,most_severe_injury,injuries_total,injuries_fatal,injuries_incapacitating,injuries_non_incapacitating,injuries_reported_not_evident,injuries_no_indication,crash_hour,crash_day_of_week,crash_month,parsed_datetime,date,time
02/20/2024 02:50:00 PM,5.0,2,1,4,3,1,3,3,0,1,3,UNABLE TO DETERMINE,2,1,0.0,0.0,0.0,0.0,0.0,2.0,14,3,2,02/20/2024,2024-02-20,14:50:00
05/14/2024 06:55:00 AM,7.0,4,1,5,5,1,4,3,0,1,2,FAILING TO REDUCE SPEED TO AVOID CRASH,2,1,0.0,0.0,0.0,0.0,0.0,3.0,6,3,5,05/14/2024,2024-05-14,06:55:00
01/01/2024 06:05:00 PM,5.0,2,5,4,6,1,3,3,0,1,3,UNABLE TO DETERMINE,2,1,0.0,0.0,0.0,0.0,0.0,3.0,18,2,1,01/01/2024,2024-01-01,18:05:00
07/23/2024 06:09:00 PM,5.0,2,1,6,4,1,3,3,0,1,3,FAILING TO YIELD RIGHT-OF-WAY,2,1,0.0,0.0,0.0,0.0,0.0,2.0,18,3,7,07/23/2024,2024-07-23,18:09:00
07/26/2024 05:10:00 PM,7.0,2,1,5,5,1,3,3,1,1,3,FAILING TO YIELD RIGHT-OF-WAY,2,3,2.0,0.0,0.0,2.0,0.0,3.0,17,6,7,07/26/2024,2024-07-26,17:10:00
04/27/2024 06:48:00 PM,5.0,2,1,6,5,1,3,3,1,1,3,FAILING TO YIELD RIGHT-OF-WAY,2,2,1.0,0.0,0.0,0.0,1.0,1.0,18,7,4,04/27/2024,2024-04-27,18:48:00
04/17/2024 02:36:00 PM,5.0,2,1,6,14,1,3,1,1,1,3,FAILING TO REDUCE SPEED TO AVOID CRASH,2,1,0.0,0.0,0.0,0.0,0.0,2.0,14,4,4,04/17/2024,2024-04-17,14:36:00
05/30/2024 10:37:00 AM,5.0,2,1,6,4,1,3,1,1,1,3,FAILING TO YIELD RIGHT-OF-WAY,2,1,0.0,0.0,0.0,0.0,0.0,2.0,10,5,5,05/30/2024,2024-05-30,10:37:00
02/15/2024 08:25:00 AM,5.0,4,4,6,7,1,3,3,0,1,3,FAILING TO YIELD RIGHT-OF-WAY,2,1,0.0,0.0,0.0,0.0,0.0,2.0,8,5,2,02/15/2024,2024-02-15,08:25:00
05/29/2024 06:15:00 PM,5.0,2,1,3,4,1,3,2,0,1,2,FAILING TO YIELD RIGHT-OF-WAY,2,1,0.0,0.0,0.0,0.0,0.0,3.0,18,4,5,05/29/2024,2024-05-29,18:15:00
08/10/2024 08:00:00 PM,3.0,2,3,3,6,1,3,3,0,1,1,IMPROPER LANE USAGE,2,1,0.0,0.0,0.0,0.0,0.0,2.0,20,7,8,08/10/2024,2024-08-10,20:00:00
07/30/2024 01:43:00 PM,5.0,2,1,4,5,1,3,7,0,1,3,IMPROPER LANE USAGE,2,1,0.0,0.0,0.0,0.0,0.0,2.0,13,3,7,07/30/2024,2024-07-30,13:43:00
04/15/2024 10:00:00 PM,5.0,2,4,5,9,1,3,3,0,1,3,FAILING TO YIELD RIGHT-OF-WAY,2,1,0.0,0.0,0.0,0.0,0.0,2.0,22,2,4,04/15/2024,2024-04-15,22:00:00
03/29/2024 07:00:00 PM,5.0,2,4,3,4,1,3,1,0,1,3,UNABLE TO DETERMINE,2,1,0.0,0.0,0.0,0.0,0.0,2.0,19,6,3,03/29/2024,2024-03-29,19:00:00
07/02/2024 12:45:00 PM,3.0,2,1,6,2,1,3,1,0,1,2,IMPROPER OVERTAKING/PASSING,2,1,0.0,0.0,0.0,0.0,0.0,2.0,12,3,7,07/02/2024,2024-07-02,12:45:00
01/09/2024 05:16:00 PM,5.0,4,4,13,5,1,4,3,1,1,3,FAILING TO YIELD RIGHT-OF-WAY,2,3,1.0,0.0,0.0,1.0,0.0,1.0,17,3,1,01/09/2024,2024-01-09,17:16:00
04/05/2024 04:00:00 PM,5.0,2,1,6,2,1,3,3,0,1,3,IMPROPER TURNING/NO SIGNAL,2,1,0.0,0.0,0.0,0.0,0.0,2.0,16,6,4,04/05/2024,2024-04-05,16:00:00
05/23/2024 05:10:00 PM,7.0,2,1,5,3,1,3,1,0,1,3,UNABLE TO DETERMINE,2,1,0.0,0.0,0.0,0.0,0.0,2.0,17,5,5,05/23/2024,2024-05-23,17:10:00
07/12/2024 03:40:00 PM,5.0,2,1,5,5,1,3,3,0,1,3,"VISION OBSCURED (SIGNS, TREE LIMBS, BUILDINGS, ETC.)",2,1,0.0,0.0,0.0,0.0,0.0,2.0,15,6,7,07/12/2024,2024-07-12,15:40:00
01/16/2024 02:00:00 PM,7.0,2,3,5,6,1,1,1,0,1,2,UNABLE TO DETERMINE,2,1,0.0,0.0,0.0,0.0,0.0,2.0,14,3,1,01/16/2024,2024-01-16,14:00:00
04/29/2024 04:50:00 PM,3.0,2,1,14,16,1,3,1,1,1,3,FAILING TO YIELD RIGHT-OF-WAY,2,3,1.0,0.0,0.0,1.0,0.0,2.0,16,2,4,04/29/2024,2024-04-29,16:50:00
07/07/2024 03:05:00 AM,5.0,2,4,4,4,1,3,3,1,1,3,FAILING TO REDUCE SPEED TO AVOID CRASH,2,1,0.0,0.0,0.0,0.0,0.0,3.0,3,1,7,07/07/2024,2024-07-07,03:05:00
01/31/2024 04:45:00 PM,5.0,2,1,3,5,1,3,3,0,1,3,IMPROPER LANE USAGE,2,1,0.0,0.0,0.0,0.0,0.0,3.0,16,4,1,01/31/2024,2024-01-31,16:45:00
05/08/2024 04:40:00 PM,5.0,2,1,4,6,1,3,3,1,1,3,UNABLE TO DETERMINE,2,2,1.0,0.0,0.0,0.0,1.0,1.0,16,4,5,05/08/2024,2024-05-08,16:40:00
03/28/2024 05:18:00 PM,5.0,2,1,7,5,1,3,3,1,1,3,DISREGARDING TRAFFIC SIGNALS,2,4,1.0,0.0,1.0,0.0,0.0,1.0,17,5,3,03/28/2024,2024-03-28,17:18:00
07/27/2024 02:05:00 PM,5.0,2,1,5,5,1,3,3,1,1,3,DISREGARDING TRAFFIC SIGNALS,2,4,1.0,0.0,1.0,0.0,0.0,1.0,14,7,7,07/27/2024,2024-07-27,14:05:00
05/17/2024 02:00:00 PM,3.0,2,1,6,3,1,3,3,0,1,2,FAILING TO YIELD RIGHT-OF-WAY,2,1,0.0,0.0,0.0,0.0,0.0,3.0,14,6,5,05/17/2024,2024-05-17,14:00:00
06/30/2024 04:21:00 PM,7.0,2,1,5,10,1,3,1,1,1,3,NOT APPLICABLE,2,2,1.0,0.0,0.0,0.0,1.0,3.0,16,1,6,06/30/2024,2024-06-30,16:21:00
07/16/2024 12:10:00 PM,4.0,2,1,6,6,1,3,3,0,1,3,FOLLOWING TOO CLOSELY,2,1,0.0,0.0,0.0,0.0,0.0,2.0,12,3,7,07/16/2024,2024-07-16,12:10:00
07/13/2024 09:44:00 AM,3.0,2,1,13,6,1,3,3,1,1,3,NOT APPLICABLE,2,4,1.0,0.0,1.0,0.0,0.0,1.0,9,7,7,07/13/2024,2024-07-13,09:44:00
04/16/2024 04:09:00 PM,5.0,2,1,11,6,1,3,1,0,1,1,FOLLOWING TOO CLOSELY,2,1,0.0,0.0,0.0,0.0,0.0,4.0,16,3,4,04/16/2024,2024-04-16,16:09:00
04/30/2024 08:20:00 AM,5.0,2,1,13,5,1,3,3,1,1,3,"VISION OBSCURED (SIGNS, TREE LIMBS, BUILDINGS, ETC.)",2,3,1.0,0.0,0.0,1.0,0.0,1.0,8,3,4,04/30/2024,2024-04-30,08:20:00
01/18/2024 08:10:00 AM,5.0,2,1,6,7,1,1,1,0,1,3,IMPROPER TURNING/NO SIGNAL,2,1,0.0,0.0,0.0,0.0,0.0,2.0,8,5,1,01/18/2024,2024-01-18,08:10:00
07/21/2024 12:30:00 AM,5.0,2,4,6,5,1,3,1,1,1,3,FOLLOWING TOO CLOSELY,2,1,0.0,0.0,0.0,0.0,0.0,3.0,0,1,7,07/21/2024,2024-07-21,00:30:00
03/29/2024 08:40:00 AM,5.0,2,1,6,5,1,3,3,0,1,2,UNABLE TO DETERMINE,2,1,0.0,0.0,0.0,0.0,0.0,2.0,8,6,3,03/29/2024,2024-03-29,08:40:00
06/06/2024 01:30:00 PM,5.0,2,1,6,5,1,3,3,1,1,3,DISREGARDING TRAFFIC SIGNALS,2,1,0.0,0.0,0.0,0.0,0.0,2.0,13,5,6,06/06/2024,2024-06-06,13:30:00
07/01/2024 01:25:00 PM,5.0,2,3,4,6,1,3,3,0,1,2,IMPROPER LANE USAGE,2,1,0.0,0.0,0.0,0.0,0.0,2.0,13,2,7,07/01/2024,2024-07-01,13:25:00
03/10/2024 10:15:00 AM,5.0,2,1,5,3,1,3,3,0,1,3,FAILING TO YIELD RIGHT-OF-WAY,2,1,0.0,0.0,0.0,0.0,0.0,3.0,10,1,3,03/10/2024,2024-03-10,10:15:00
04/10/2024 02:29:00 PM,8.0,2,1,4,4,1,3,1,0,1,2,FOLLOWING TOO CLOSELY,2,1,0.0,0.0,0.0,0.0,0.0,2.0,14,4,4,04/10/2024,2024-04-10,14:29:00
06/15/2024 09:00:00 AM,5.0,2,1,4,6,1,3,3,0,1,3,"VISION OBSCURED (SIGNS, TREE LIMBS, BUILDINGS, ETC.)",2,1,0.0,0.0,0.0,0.0,0.0,2.0,9,7,6,06/15/2024,2024-06-15,09:00:00
05/14/2024 06:40:00 AM,5.0,2,1,6,6,1,3,3,0,1,1,UNABLE TO DETERMINE,2,1,0.0,0.0,0.0,0.0,0.0,2.0,6,3,5,05/14/2024,2024-05-14,06:40:00
06/29/2024 01:00:00 PM,5.0,2,1,3,4,1,3,3,0,1,3,FAILING TO YIELD RIGHT-OF-WAY,2,1,0.0,0.0,0.0,0.0,0.0,2.0,13,7,6,06/29/2024,2024-06-29,13:00:00
02/14/2024 03:50:00 PM,5.0,2,1,6,6,1,3,3,0,1,3,IMPROPER TURNING/NO SIGNAL,2,1,0.0,0.0,0.0,0.0,0.0,2.0,15,4,2,02/14/2024,2024-02-14,15:50:00
01/02/2024 12:09:00 PM,1.0,2,1,4,6,1,3,3,0,0,3,IMPROPER OVERTAKING/PASSING,2,1,0.0,0.0,0.0,0.0,0.0,2.0,12,3,1,01/02/2024,2024-01-02,12:09:00
06/04/2024 08:30:00 PM,5.0,3,4,3,5,1,4,3,0,1,3,FAILING TO YIELD RIGHT-OF-WAY,2,1,0.0,0.0,0.0,0.0,0.0,2.0,20,3,6,06/04/2024,2024-06-04,20:30:00
01/19/2024 05:43:00 PM,3.0,5,4,5,16,1,5,1,0,0,3,UNABLE TO DETERMINE,2,1,0.0,0.0,0.0,0.0,0.0,2.0,17,6,1,01/19/2024,2024-01-19,17:43:00
07/20/2024 09:00:00 PM,7.0,2,1,5,5,1,1,1,0,0,3,DISREGARDING STOP SIGN,2,1,0.0,0.0,0.0,0.0,0.0,2.0,21,7,7,07/20/2024,2024-07-20,21:00:00
01/13/2024 02:31:00 PM,7.0,2,1,5,3,1,3,3,0,1,2,UNABLE TO DETERMINE,2,1,0.0,0.0,0.0,0.0,0.0,2.0,14,7,1,01/13/2024,2024-01-13,14:31:00
05/12/2024 08:24:00 AM,7.0,2,1,5,6,1,3,3,0,1,3,UNABLE TO DETERMINE,2,1,0.0,0.0,0.0,0.0,0.0,3.0,8,1,5,05/12/2024,2024-05-12,08:24:00
03/15/2024 04:00:00 PM,7.0,2,1,5,4,1,3,3,0,1,3,UNABLE TO DETERMINE,2,1,0.0,0.0,0.0,0.0,0.0,2.0,16,6,3,03/15/2024,2024-03-15,16:00:00
07/12/2024 01:10:00 PM,5.0,2,1,4,5,1,3,3,1,1,1,DRIVING SKILLS/KNOWLEDGE/EXPERIENCE,2,2,1.0,0.0,0.0,0.0,1.0,2.0,13,6,7,07/12/2024,2024-07-12,13:10:00
04/06/2024 06:30:00 PM,7.0,2,1,5,5,1,3,3,0,1,3,FAILING TO YIELD RIGHT-OF-WAY,2,1,0.0,0.0,0.0,0.0,0.0,4.0,18,7,4,04/06/2024,2024-04-06,18:30:00
06/15/2024 05:28:00 PM,7.0,2,1,6,6,4,3,4,1,1,3,UNABLE TO DETERMINE,2,1,0.0,0.0,0.0,0.0,0.0,2.0,17,7,6,06/15/2024,2024-06-15,17:28:00
03/15/2024 04:56:00 AM,5.0,2,4,6,14,1,3,3,1,1,3,FAILING TO YIELD RIGHT-OF-WAY,2,1,0.0,0.0,0.0,0.0,0.0,2.0,4,6,3,03/15/2024,2024-03-15,04:56:00
03/13/2024 03:45:00 PM,3.0,2,1,6,5,1,3,3,0,1,3,UNABLE TO DETERMINE,2,1,0.0,0.0,0.0,0.0,0.0,2.0,15,4,3,03/13/2024,2024-03-13,15:45:00
07/13/2024 11:43:00 PM,5.0,4,4,4,7,1,4,1,0,1,3,UNABLE TO DETERMINE,2,1,0.0,0.0,0.0,0.0,0.0,4.0,23,7,7,07/13/2024,2024-07-13,23:43:00
07/12/2024 07:05:00 PM,5.0,2,1,5,4,1,3,3,0,1,3,FAILING TO YIELD RIGHT-OF-WAY,2,1,0.0,0.0,0.0,0.0,0.0,2.0,19,6,7,07/12/2024,2024-07-12,19:05:00
03/31/2024 06:54:00 PM,3.0,2,2,6,7,1,3,3,1,0,3,FOLLOWING TOO CLOSELY,2,2,1.0,0.0,0.0,0.0,1.0,2.0,18,1,3,03/31/2024,2024-03-31,18:54:00
08/05/2024 03:00:00 PM,5.0,2,1,3,7,1,3,3,0,1,2,IMPROPER OVERTAKING/PASSING,2,1,0.0,0.0,0.0,0.0,0.0,2.0,15,2,8,08/05/2024,2024-08-05,15:00:00
07/31/2024 07:20:00 AM,5.0,2,1,4,5,1,3,3,0,1,3,FOLLOWING TOO CLOSELY,2,1,0.0,0.0,0.0,0.0,0.0,2.0,7,4,7,07/31/2024,2024-07-31,07:20:00
06/24/2024 04:15:00 PM,5.0,2,1,18,6,1,3,3,0,0,3,FOLLOWING TOO CLOSELY,2,1,0.0,0.0,0.0,0.0,0.0,4.0,16,2,6,06/24/2024,2024-06-24,16:15:00
03/05/2024 09:00:00 AM,3.0,4,1,4,5,1,3,3,0,1,2,NOT APPLICABLE,2,1,0.0,0.0,0.0,0.0,0.0,2.0,9,3,3,03/05/2024,2024-03-05,09:00:00
01/01/2024 11:57:00 PM,5.0,2,4,6,14,1,3,3,1,1,3,IMPROPER TURNING/NO SIGNAL,2,3,1.0,0.0,0.0,1.0,0.0,1.0,23,2,1,01/01/2024,2024-01-01,23:57:00
06/26/2024 06:57:00 PM,7.0,2,1,6,6,1,3,3,0,1,3,DRIVING ON WRONG SIDE/WRONG WAY,2,1,0.0,0.0,0.0,0.0,0.0,4.0,18,4,6,06/26/2024,2024-06-26,18:57:00
07/12/2024 02:30:00 PM,5.0,2,1,6,1,1,3,3,0,1,2,IMPROPER LANE USAGE,2,1,0.0,0.0,0.0,0.0,0.0,3.0,14,6,7,07/12/2024,2024-07-12,14:30:00
05/22/2024 08:50:00 AM,5.0,2,1,13,3,1,3,3,1,1,1,UNABLE TO DETERMINE,2,3,1.0,0.0,0.0,1.0,0.0,1.0,8,4,5,05/22/2024,2024-05-22,08:50:00
02/07/2024 10:30:00 PM,7.0,2,4,5,5,1,3,3,0,1,3,FAILING TO YIELD RIGHT-OF-WAY,2,1,0.0,0.0,0.0,0.0,0.0,2.0,22,4,2,02/07/2024,2024-02-07,22:30:00
04/05/2024 03:30:00 PM,5.0,2,1,3,10,1,3,1,0,1,3,FAILING TO YIELD RIGHT-OF-WAY,2,1,0.0,0.0,0.0,0.0,0.0,5.0,15,6,4,04/05/2024,2024-04-05,15:30:00
02/23/2024 03:45:00 PM,7.0,2,1,5,6,1,3,3,0,1,2,FAILING TO YIELD RIGHT-OF-WAY,2,1,0.0,0.0,0.0,0.0,0.0,5.0,15,6,2,02/23/2024,2024-02-23,15:45:00
04/29/2024 10:30:00 AM,5.0,2,1,4,4,1,3,3,0,1,1,UNABLE TO DETERMINE,2,1,0.0,0.0,0.0,0.0,0.0,2.0,10,2,4,04/29/2024,2024-04-29,10:30:00
03/08/2024 03:30:00 PM,5.0,4,1,4,7,1,4,3,0,1,3,UNABLE TO DETERMINE,2,1,0.0,0.0,0.0,0.0,0.0,2.0,15,6,3,03/08/2024,2024-03-08,15:30:00
04/24/2024 03:40:00 PM,5.0,2,1,10,5,1,3,1,1,1,3,DISREGARDING TRAFFIC SIGNALS,2,3,1.0,0.0,0.0,1.0,0.0,2.0,15,4,4,04/24/2024,2024-04-24,15:40:00
07/08/2024 09:30:00 PM,11.0,2,4,5,2,1,3,3,1,1,3,DISREGARDING TRAFFIC SIGNALS,2,1,0.0,0.0,0.0,0.0,0.0,4.0,21,2,7,07/08/2024,2024-07-08,21:30:00
07/06/2024 11:46:00 PM,5.0,2,4,6,5,1,3,3,0,1,3,IMPROPER OVERTAKING/PASSING,2,1,0.0,0.0,0.0,0.0,0.0,3.0,23,7,7,07/06/2024,2024-07-06,23:46:00
01/17/2024 09:20:00 AM,5.0,2,1,3,6,1,3,3,0,1,3,FAILING TO YIELD RIGHT-OF-WAY,2,1,0.0,0.0,0.0,0.0,0.0,2.0,9,4,1,01/17/2024,2024-01-17,09:20:00
08/10/2024 06:56:00 PM,7.0,2,1,5,5,1,3,3,0,1,3,FAILING TO YIELD RIGHT-OF-WAY,2,1,0.0,0.0,0.0,0.0,0.0,2.0,18,7,8,08/10/2024,2024-08-10,18:56:00
06/09/2024 03:05:00 PM,5.0,2,1,6,5,1,3,3,0,1,3,IMPROPER LANE USAGE,2,1,0.0,0.0,0.0,0.0,0.0,2.0,15,1,6,06/09/2024,2024-06-09,15:05:00
04/23/2024 03:55:00 PM,5.0,2,1,6,5,1,3,1,0,1,3,FAILING TO YIELD RIGHT-OF-WAY,2,1,0.0,0.0,0.0,0.0,0.0,2.0,15,3,4,04/23/2024,2024-04-23,15:55:00
07/19/2024 01:30:00 PM,3.0,2,1,5,5,1,3,1,0,1,3,FAILING TO YIELD RIGHT-OF-WAY,2,1,0.0,0.0,0.0,0.0,0.0,2.0,13,6,7,07/19/2024,2024-07-19,13:30:00
06/04/2024 07:30:00 PM,5.0,4,4,4,5,1,4,1,1,1,3,FAILING TO REDUCE SPEED TO AVOID CRASH,2,1,0.0,0.0,0.0,0.0,0.0,2.0,19,3,6,06/04/2024,2024-06-04,19:30:00
06/28/2024 11:45:00 AM,5.0,4,1,5,5,1,4,3,1,1,3,FAILING TO YIELD RIGHT-OF-WAY,2,1,0.0,0.0,0.0,0.0,0.0,3.0,11,6,6,06/28/2024,2024-06-28,11:45:00
05/13/2024 08:20:00 AM,5.0,2,1,6,5,1,3,3,1,1,3,FAILING TO YIELD RIGHT-OF-WAY,2,2,2.0,0.0,0.0,0.0,2.0,1.0,8,2,5,05/13/2024,2024-05-13,08:20:00
05/18/2024 12:30:00 AM,5.0,2,4,5,5,1,3,3,1,1,3,DISREGARDING TRAFFIC SIGNALS,2,1,0.0,0.0,0.0,0.0,0.0,2.0,0,7,5,05/18/2024,2024-05-18,00:30:00
04/28/2024 04:00:00 PM,7.0,2,1,5,5,1,3,3,1,1,3,FAILING TO YIELD RIGHT-OF-WAY,2,1,0.0,0.0,0.0,0.0,0.0,2.0,16,1,4,04/28/2024,2024-04-28,16:00:00
03/08/2024 07:00:00 AM,7.0,2,1,5,6,1,4,3,1,1,3,FAILING TO YIELD RIGHT-OF-WAY,2,1,0.0,0.0,0.0,0.0,0.0,2.0,7,6,3,03/08/2024,2024-03-08,07:00:00
05/09/2024 06:15:00 PM,1.0,3,1,6,10,1,1,1,0,1,1,UNABLE TO DETERMINE,2,1,0.0,0.0,0.0,0.0,0.0,2.0,18,5,5,05/09/2024,2024-05-09,18:15:00
06/06/2024 03:48:00 PM,5.0,2,1,6,5,1,3,3,1,1,3,UNABLE TO DETERMINE,2,1,0.0,0.0,0.0,0.0,0.0,3.0,15,5,6,06/06/2024,2024-06-06,15:48:00
06/28/2024 03:00:00 PM,7.0,4,1,6,10,1,4,3,0,1,2,UNABLE TO DETERMINE,2,1,0.0,0.0,0.0,0.0,0.0,2.0,15,6,6,06/28/2024,2024-06-28,15:00:00
05/22/2024 06:30:00 PM,5.0,2,1,4,7,1,1,1,0,1,3,FOLLOWING TOO CLOSELY,2,1,0.0,0.0,0.0,0.0,0.0,2.0,18,4,5,05/22/2024,2024-05-22,18:30:00
05/23/2024 01:52:00 PM,5.0,2,1,3,4,1,3,3,0,1,3,UNABLE TO DETERMINE,2,1,0.0,0.0,0.0,0.0,0.0,2.0,13,5,5,05/23/2024,2024-05-23,13:52:00
01/14/2024 08:16:00 PM,5.0,2,4,4,5,1,1,1,1,1,3,FAILING TO REDUCE SPEED TO AVOID CRASH,2,4,2.0,0.0,1.0,1.0,0.0,1.0,20,1,1,01/14/2024,2024-01-14,20:16:00
07/30/2024 05:26:00 PM,7.0,2,1,14,5,1,3,3,1,1,2,UNABLE TO DETERMINE,2,3,1.0,0.0,0.0,1.0,0.0,1.0,17,3,7,07/30/2024,2024-07-30,17:26:00
05/03/2024 06:00:00 PM,5.0,2,1,4,3,1,3,3,0,1,1,UNABLE TO DETERMINE,2,1,0.0,0.0,0.0,0.0,0.0,2.0,18,6,5,05/03/2024,2024-05-03,18:00:00
04/25/2024 09:45:00 AM,5.0,2,1,6,6,1,3,3,0,1,1,IMPROPER OVERTAKING/PASSING,2,1,0.0,0.0,0.0,0.0,0.0,2.0,9,5,4,04/25/2024,2024-04-25,09:45:00
04/08/2024 08:05:00 PM,5.0,2,4,4,5,1,3,3,1,1,3,UNABLE TO DETERMINE,2,2,2.0,0.0,0.0,0.0,2.0,2.0,20,2,4,04/08/2024,2024-04-08,20:05:00
08/01/2024 09:15:00 AM,5.0,2,1,3,5,1,4,3,0,1,2,FOLLOWING TOO CLOSELY,2,1,0.0,0.0,0.0,0.0,0.0,4.0,9,5,8,08/01/2024,2024-08-01,09:15:00
06/24/2024 09:45:00 PM,7.0,4,4,5,5,1,4,3,1,1,3,FAILING TO YIELD RIGHT-OF-WAY,2,1,0.0,0.0,0.0,0.0,0.0,2.0,21,2,6,06/24/2024,2024-06-24,21:45:00
06/20/2024 05:40:00 AM,7.0,2,1,5,6,1,3,3,1,1,3,FAILING TO REDUCE SPEED TO AVOID CRASH,2,3,1.0,0.0,0.0,1.0,0.0,2.0,5,5,6,06/20/2024,2024-06-20,05:40:00
02/24/2024 02:54:00 PM,5.0,2,1,4,5,1,3,3,0,1,1,FAILING TO REDUCE SPEED TO AVOID CRASH,2,1,0.0,0.0,0.0,0.0,0.0,2.0,14,7,2,02/24/2024,2024-02-24,14:54:00
05/23/2024 09:15:00 AM,5.0,2,1,14,11,1,3,3,1,1,1,DISREGARDING TRAFFIC SIGNALS,2,3,1.0,0.0,0.0,1.0,0.0,1.0,9,5,5,05/23/2024,2024-05-23,09:15:00
03/13/2024 12:32:00 PM,7.0,2,1,5,5,1,3,3,0,1,2,DISREGARDING STOP SIGN,2,1,0.0,0.0,0.0,0.0,0.0,2.0,12,4,3,03/13/2024,2024-03-13,12:32:00
02/27/2024 05:21:00 PM,5.0,2,4,6,5,1,3,3,0,1,2,FOLLOWING TOO CLOSELY,2,1,0.0,0.0,0.0,0.0,0.0,3.0,17,3,2,02/27/2024,2024-02-27,17:21:00
03/04/2024 11:00:00 AM,5.0,2,1,5,12,1,3,3,1,1,3,FAILING TO YIELD RIGHT-OF-WAY,2,1,0.0,0.0,0.0,0.0,0.0,2.0,11,2,3,03/04/2024,2024-03-04,11:00:00
06/30/2024 03:26:00 PM,3.0,2,1,6,4,1,3,3,0,1,2,UNABLE TO DETERMINE,2,1,0.0,0.0,0.0,0.0,0.0,4.0,15,1,6,06/30/2024,2024-06-30,15:26:00
03/15/2024 01:10:00 AM,8.0,2,4,6,5,1,3,3,0,1,3,UNABLE TO DETERMINE,2,1,0.0,0.0,0.0,0.0,0.0,4.0,1,6,3,03/15/2024,2024-03-15,01:10:00
07/28/2024 06:28:00 PM,7.0,2,1,5,5,1,3,3,1,1,2,FAILING TO YIELD RIGHT-OF-WAY,2,1,0.0,0.0,0.0,0.0,0.0,2.0,18,1,7,07/28/2024,2024-07-28,18:28:00
08/06/2024 03:10:00 PM,3.0,2,1,6,6,1,3,3,1,0,3,UNABLE TO DETERMINE,2,1,0.0,0.0,0.0,0.0,0.0,2.0,15,3,8,08/06/2024,2024-08-06,15:10:00
04/18/2024 08:00:00 PM,5.0,4,4,4,6,1,4,3,0,1,3,FOLLOWING TOO CLOSELY,2,1,0.0,0.0,0.0,0.0,0.0,2.0,20,5,4,04/18/2024,2024-04-18,20:00:00
01/16/2024 09:50:00 AM,5.0,1,1,6,7,1,3,3,1,1,3,FAILING TO YIELD RIGHT-OF-WAY,2,2,1.0,0.0,0.0,0.0,1.0,5.0,9,3,1,01/16/2024,2024-01-16,09:50:00
03/25/2024 03:00:00 PM,5.0,2,1,6,5,1,3,1,0,1,3,UNABLE TO DETERMINE,2,1,0.0,0.0,0.0,0.0,0.0,2.0,15,2,3,03/25/2024,2024-03-25,15:00:00
05/15/2024 03:30:00 PM,5.0,2,1,4,6,1,3,3,0,1,3,FOLLOWING TOO CLOSELY,2,1,0.0,0.0,0.0,0.0,0.0,2.0,15,4,5,05/15/2024,2024-05-15,15:30:00
05/14/2024 08:30:00 AM,5.0,2,1,3,5,1,3,1,0,0,3,UNABLE TO DETERMINE,2,1,0.0,0.0,0.0,0.0,0.0,6.0,8,3,5,05/14/2024,2024-05-14,08:30:00
03/21/2024 04:52:00 PM,7.0,2,1,5,6,1,3,3,1,1,3,FAILING TO YIELD RIGHT-OF-WAY,2,2,2.0,0.0,0.0,0.0,2.0,1.0,16,5,3,03/21/2024,2024-03-21,16:52:00
07/19/2024 03:41:00 PM,5.0,2,1,3,5,1,3,7,0,1,2,IMPROPER LANE USAGE,2,1,0.0,0.0,0.0,0.0,0.0,2.0,15,6,7,07/19/2024,2024-07-19,15:41:00
06/27/2024 10:58:00 AM,5.0,2,1,6,6,1,3,1,1,1,3,UNABLE TO DETERMINE,2,1,0.0,0.0,0.0,0.0,0.0,2.0,10,5,6,06/27/2024,2024-06-27,10:58:00
07/26/2024 10:30:00 PM,5.0,3,4,13,1,1,3,3,1,1,3,UNABLE TO DETERMINE,2,3,1.0,0.0,0.0,1.0,0.0,1.0,22,6,7,07/26/2024,2024-07-26,22:30:00
08/04/2024 03:00:00 AM,7.0,2,4,9,5,1,3,3,0,1,3,UNABLE TO DETERMINE,2,1,0.0,0.0,0.0,0.0,0.0,2.0,3,1,8,08/04/2024,2024-08-04,03:00:00
05/12/2024 02:06:00 AM,5.0,2,4,6,5,1,3,3,1,1,3,DISREGARDING TRAFFIC SIGNALS,2,2,2.0,0.0,0.0,0.0,2.0,2.0,2,1,5,05/12/2024,2024-05-12,02:06:00
01/30/2024 06:15:00 PM,5.0,4,4,4,3,1,4,3,0,1,2,UNABLE TO DETERMINE,2,1,0.0,0.0,0.0,0.0,0.0,2.0,18,3,1,01/30/2024,2024-01-30,18:15:00
02/26/2024 05:20:00 PM,7.0,2,1,5,6,1,1,1,0,1,3,UNABLE TO DETERMINE,2,1,0.0,0.0,0.0,0.0,0.0,2.0,17,2,2,02/26/2024,2024-02-26,17:20:00
06/28/2024 01:00:00 PM,5.0,2,1,3,5,1,3,3,0,1,3,IMPROPER OVERTAKING/PASSING,2,1,0.0,0.0,0.0,0.0,0.0,4.0,13,6,6,06/28/2024,2024-06-28,13:00:00
05/27/2024 10:45:00 PM,5.0,2,4,5,5,1,3,3,1,1,3,FAILING TO REDUCE SPEED TO AVOID CRASH,2,3,1.0,0.0,0.0,1.0,0.0,5.0,22,2,5,05/27/2024,2024-05-27,22:45:00