crash_date,traffic_control_device,weather_condition,lighting_condition,first_crash_type,trafficway_type,alignment,roadway_surface_cond,road_defect,crash_type,intersection_related_i,damage,prim_contributory_cause,num_units,most_severe_injury,injuries_total,injuries_fatal,injuries_incapacitating,injuries_non_incapacitating,injuries_reported_not_evident,injuries_no_indication,crash_hour,crash_day_of_week,crash_month,parsed_datetime,date,time
01/16/2024 07:50:00 AM,5.0,2,1,6,5,1,6,3,0,1,3,IMPROPER TURNING/NO SIGNAL,2,1,0.0,0.0,0.0,0.0,0.0,4.0,7,3,1,01/16/2024,2024-01-16,07:50:00
02/11/2024 02:35:00 PM,3.0,2,1,13,5,1,3,3,1,1,3,"VISION OBSCURED (SIGNS, TREE LIMBS, BUILDINGS, ETC.)",2,3,1.0,0.0,0.0,1.0,0.0,1.0,14,1,2,02/11/2024,2024-02-11,14:35:00
05/23/2024 08:45:00 AM,7.0,2,1,5,5,1,3,3,0,1,3,UNABLE TO DETERMINE,2,1,0.0,0.0,0.0,0.0,0.0,2.0,8,5,5,05/23/2024,2024-05-23,08:45:00
06/06/2024 03:55:00 PM,7.0,2,1,5,5,1,3,3,1,1,3,UNABLE TO DETERMINE,2,1,0.0,0.0,0.0,0.0,0.0,2.0,15,5,6,06/06/2024,2024-06-06,15:55:00
08/07/2024 03:45:00 PM,7.0,2,1,4,6,1,3,1,1,1,3,FAILING TO YIELD RIGHT-OF-WAY,2,2,1.0,0.0,0.0,0.0,1.0,1.0,15,4,8,08/07/2024,2024-08-07,15:45:00
03/30/2024 07:08:00 PM,5.0,2,1,4,5,1,3,3,1,1,1,PHYSICAL CONDITION OF DRIVER,2,3,1.0,0.0,0.0,1.0,0.0,1.0,19,7,3,03/30/2024,2024-03-30,19:08:00
07/12/2024 11:45:00 AM,5.0,2,1,4,5,1,3,3,0,1,3,FOLLOWING TOO CLOSELY,2,1,0.0,0.0,0.0,0.0,0.0,2.0,11,6,7,07/12/2024,2024-07-12,11:45:00
08/13/2024 06:14:00 PM,5.0,2,1,6,14,1,3,3,1,1,3,FAILING TO YIELD RIGHT-OF-WAY,2,1,0.0,0.0,0.0,0.0,0.0,2.0,18,3,8,08/13/2024,2024-08-13,18:14:00
05/10/2024 08:51:00 PM,7.0,2,4,5,7,1,3,3,1,1,3,FAILING TO YIELD RIGHT-OF-WAY,2,4,1.0,0.0,1.0,0.0,0.0,2.0,20,6,5,05/10/2024,2024-05-10,20:51:00
01/25/2024 07:15:00 PM,7.0,4,3,6,5,1,4,3,1,1,3,FAILING TO YIELD RIGHT-OF-WAY,2,1,0.0,0.0,0.0,0.0,0.0,3.0,19,5,1,01/25/2024,2024-01-25,19:15:00
02/07/2024 08:59:00 AM,7.0,2,1,6,6,1,3,3,1,1,3,UNABLE TO DETERMINE,2,1,0.0,0.0,0.0,0.0,0.0,2.0,8,4,2,02/07/2024,2024-02-07,08:59:00
01/16/2024 06:06:00 AM,5.0,1,2,5,5,1,3,3,1,1,3,DISREGARDING TRAFFIC SIGNALS,2,2,1.0,0.0,0.0,0.0,1.0,2.0,6,3,1,01/16/2024,2024-01-16,06:06:00
03/05/2024 11:15:00 AM,7.0,3,1,5,5,1,1,3,0,1,3,"VISION OBSCURED (SIGNS, TREE LIMBS, BUILDINGS, ETC.)",2,1,0.0,0.0,0.0,0.0,0.0,5.0,11,3,3,03/05/2024,2024-03-05,11:15:00
02/22/2024 07:12:00 PM,7.0,2,4,5,5,1,3,3,1,1,3,FAILING TO YIELD RIGHT-OF-WAY,2,1,0.0,0.0,0.0,0.0,0.0,2.0,19,5,2,02/22/2024,2024-02-22,19:12:00
03/12/2024 11:26:00 AM,3.0,2,1,5,7,1,3,3,0,1,2,"VISION OBSCURED (SIGNS, TREE LIMBS, BUILDINGS, ETC.)",2,1,0.0,0.0,0.0,0.0,0.0,2.0,11,3,3,03/12/2024,2024-03-12,11:26:00
07/21/2024 09:31:00 PM,5.0,2,4,13,5,1,3,3,1,1,1,UNABLE TO DETERMINE,2,3,1.0,0.0,0.0,1.0,0.0,1.0,21,1,7,07/21/2024,2024-07-21,21:31:00
03/22/2024 05:26:00 PM,5.0,5,3,14,7,1,4,1,0,1,2,UNABLE TO DETERMINE,2,1,0.0,0.0,0.0,0.0,0.0,2.0,17,6,3,03/22/2024,2024-03-22,17:26:00
07/18/2024 04:30:00 PM,5.0,2,1,4,10,1,3,3,0,1,3,FOLLOWING TOO CLOSELY,2,1,0.0,0.0,0.0,0.0,0.0,2.0,16,5,7,07/18/2024,2024-07-18,16:30:00
08/07/2024 06:20:00 PM,7.0,2,1,6,10,1,3,3,0,1,3,FOLLOWING TOO CLOSELY,2,1,0.0,0.0,0.0,0.0,0.0,2.0,18,4,8,08/07/2024,2024-08-07,18:20:00
07/26/2024 05:40:00 PM,5.0,2,1,2,4,1,3,3,1,1,3,DISREGARDING TRAFFIC SIGNALS,2,4,1.0,0.0,1.0,0.0,0.0,1.0,17,6,7,07/26/2024,2024-07-26,17:40:00
04/14/2024 06:08:00 PM,3.0,2,1,6,5,1,3,3,0,1,2,FAILING TO YIELD RIGHT-OF-WAY,2,1,0.0,0.0,0.0,0.0,0.0,2.0,18,1,4,04/14/2024,2024-04-14,18:08:00
05/02/2024 04:00:00 PM,3.0,2,1,5,6,1,1,1,0,1,3,IMPROPER OVERTAKING/PASSING,2,1,0.0,0.0,0.0,0.0,0.0,2.0,16,5,5,05/02/2024,2024-05-02,16:00:00
01/12/2024 07:30:00 AM,5.0,5,1,6,5,1,5,1,1,1,3,FAILING TO YIELD RIGHT-OF-WAY,2,1,0.0,0.0,0.0,0.0,0.0,2.0,7,6,1,01/12/2024,2024-01-12,07:30:00
04/27/2024 12:05:00 PM,7.0,2,1,5,5,1,3,3,0,1,3,DISREGARDING STOP SIGN,2,1,0.0,0.0,0.0,0.0,0.0,3.0,12,7,4,04/27/2024,2024-04-27,12:05:00
02/17/2024 02:53:00 PM,5.0,2,1,5,6,1,3,1,0,1,3,NOT APPLICABLE,2,1,0.0,0.0,0.0,0.0,0.0,2.0,14,7,2,02/17/2024,2024-02-17,14:53:00
06/10/2024 05:30:00 PM,5.0,2,1,3,6,1,3,3,0,1,3,IMPROPER OVERTAKING/PASSING,2,1,0.0,0.0,0.0,0.0,0.0,2.0,17,2,6,06/10/2024,2024-06-10,17:30:00
05/18/2024 06:25:00 PM,5.0,2,1,6,4,1,3,3,0,1,3,UNABLE TO DETERMINE,2,1,0.0,0.0,0.0,0.0,0.0,2.0,18,7,5,05/18/2024,2024-05-18,18:25:00
05/15/2024 01:15:00 PM,5.0,2,1,3,4,1,3,1,0,1,1,UNABLE TO DETERMINE,2,1,0.0,0.0,0.0,0.0,0.0,2.0,13,4,5,05/15/2024,2024-05-15,13:15:00
03/04/2024 12:10:00 PM,7.0,2,1,5,5,1,3,3,1,1,3,FAILING TO YIELD RIGHT-OF-WAY,2,3,1.0,0.0,0.0,1.0,0.0,1.0,12,2,3,03/04/2024,2024-03-04,12:10:00
01/24/2024 08:00:00 PM,5.0,2,5,6,6,1,3,1,0,1,3,UNABLE TO DETERMINE,2,1,0.0,0.0,0.0,0.0,0.0,2.0,20,4,1,01/24/2024,2024-01-24,20:00:00
08/09/2024 07:04:00 PM,7.0,2,1,6,6,1,3,3,1,1,3,FAILING TO YIELD RIGHT-OF-WAY,2,3,2.0,0.0,0.0,2.0,0.0,0.0,19,6,8,08/09/2024,2024-08-09,19:04:00
02/12/2024 04:10:00 PM,5.0,2,1,5,5,1,3,3,1,1,3,DISREGARDING TRAFFIC SIGNALS,2,2,1.0,0.0,0.0,0.0,1.0,1.0,16,2,2,02/12/2024,2024-02-12,16:10:00
03/14/2024 06:55:00 AM,7.0,4,4,5,5,1,4,3,0,1,1,DISREGARDING STOP SIGN,2,1,0.0,0.0,0.0,0.0,0.0,2.0,6,5,3,03/14/2024,2024-03-14,06:55:00
05/13/2024 05:16:00 PM,5.0,4,1,5,6,1,4,3,1,1,3,DRIVING SKILLS/KNOWLEDGE/EXPERIENCE,2,3,2.0,0.0,0.0,2.0,0.0,1.0,17,2,5,05/13/2024,2024-05-13,17:16:00
03/14/2024 10:00:00 PM,5.0,2,3,6,12,1,3,1,0,1,2,DISREGARDING TRAFFIC SIGNALS,2,1,0.0,0.0,0.0,0.0,0.0,2.0,22,5,3,03/14/2024,2024-03-14,22:00:00
06/28/2024 04:35:00 PM,5.0,4,1,3,10,1,4,3,0,1,2,WEATHER,2,1,0.0,0.0,0.0,0.0,0.0,2.0,16,6,6,06/28/2024,2024-06-28,16:35:00
03/21/2024 07:55:00 AM,3.0,2,1,10,4,1,3,1,0,0,1,DRIVING ON WRONG SIDE/WRONG WAY,2,1,0.0,0.0,0.0,0.0,0.0,3.0,7,5,3,03/21/2024,2024-03-21,07:55:00
06/04/2024 06:20:00 PM,3.0,2,1,5,5,1,3,3,0,1,3,UNABLE TO DETERMINE,2,1,0.0,0.0,0.0,0.0,0.0,2.0,18,3,6,06/04/2024,2024-06-04,18:20:00
03/19/2024 07:06:00 PM,5.0,2,3,4,5,1,3,3,0,1,3,NOT APPLICABLE,2,1,0.0,0.0,0.0,0.0,0.0,2.0,19,3,3,03/19/2024,2024-03-19,19:06:00
08/04/2024 12:19:00 AM,5.0,2,4,5,5,1,3,3,1,1,3,DISREGARDING TRAFFIC SIGNALS,2,1,0.0,0.0,0.0,0.0,0.0,4.0,0,1,8,08/04/2024,2024-08-04,00:19:00
01/27/2024 04:30:00 AM,5.0,4,4,5,5,1,4,3,1,1,3,FAILING TO YIELD RIGHT-OF-WAY,2,1,0.0,0.0,0.0,0.0,0.0,2.0,4,7,1,01/27/2024,2024-01-27,04:30:00
07/18/2024 06:40:00 PM,5.0,2,1,5,6,1,3,3,0,1,3,UNABLE TO DETERMINE,2,1,0.0,0.0,0.0,0.0,0.0,2.0,18,5,7,07/18/2024,2024-07-18,18:40:00
03/18/2024 03:15:00 PM,7.0,2,1,5,6,1,3,3,0,1,3,FAILING TO YIELD RIGHT-OF-WAY,2,1,0.0,0.0,0.0,0.0,0.0,3.0,15,2,3,03/18/2024,2024-03-18,15:15:00
08/10/2024 11:30:00 AM,5.0,2,1,6,5,1,3,3,1,1,3,DISREGARDING TRAFFIC SIGNALS,2,1,0.0,0.0,0.0,0.0,0.0,2.0,11,7,8,08/10/2024,2024-08-10,11:30:00
06/07/2024 03:34:00 PM,5.0,2,1,6,5,1,3,1,0,1,3,DISREGARDING TRAFFIC SIGNALS,2,1,0.0,0.0,0.0,0.0,0.0,2.0,15,6,6,06/07/2024,2024-06-07,15:34:00
04/02/2024 07:30:00 AM,5.0,2,1,4,10,1,1,1,0,1,3,UNABLE TO DETERMINE,2,1,0.0,0.0,0.0,0.0,0.0,2.0,7,3,4,04/02/2024,2024-04-02,07:30:00
02/17/2024 11:20:00 AM,5.0,2,1,3,4,1,3,3,1,1,3,IMPROPER OVERTAKING/PASSING,2,2,2.0,0.0,0.0,0.0,2.0,1.0,11,7,2,02/17/2024,2024-02-17,11:20:00
07/26/2024 12:20:00 PM,5.0,2,1,6,5,1,3,3,1,1,3,IMPROPER TURNING/NO SIGNAL,2,2,1.0,0.0,0.0,0.0,1.0,4.0,12,6,7,07/26/2024,2024-07-26,12:20:00
05/03/2024 08:00:00 AM,7.0,2,1,5,5,1,1,1,0,1,3,FAILING TO YIELD RIGHT-OF-WAY,2,1,0.0,0.0,0.0,0.0,0.0,2.0,8,6,5,05/03/2024,2024-05-03,08:00:00
03/30/2024 09:42:00 AM,7.0,2,1,6,6,1,3,3,1,1,3,UNABLE TO DETERMINE,2,3,2.0,0.0,0.0,2.0,0.0,0.0,9,7,3,03/30/2024,2024-03-30,09:42:00
01/19/2024 08:05:00 AM,7.0,2,1,5,5,1,5,3,0,1,3,IMPROPER LANE USAGE,2,1,0.0,0.0,0.0,0.0,0.0,3.0,8,6,1,01/19/2024,2024-01-19,08:05:00
07/15/2024 01:00:00 PM,5.0,2,1,5,6,1,3,3,1,1,3,DISREGARDING TRAFFIC SIGNALS,2,4,2.0,0.0,2.0,0.0,0.0,1.0,13,2,7,07/15/2024,2024-07-15,13:00:00
02/13/2024 04:30:00 PM,7.0,2,1,6,5,1,3,3,0,1,3,UNABLE TO DETERMINE,2,1,0.0,0.0,0.0,0.0,0.0,3.0,16,3,2,02/13/2024,2024-02-13,16:30:00
01/02/2024 09:30:00 PM,5.0,2,4,5,5,1,1,1,1,1,3,DISREGARDING TRAFFIC SIGNALS,2,1,0.0,0.0,0.0,0.0,0.0,2.0,21,3,1,01/02/2024,2024-01-02,21:30:00
07/01/2024 08:00:00 AM,5.0,2,1,3,5,1,3,1,0,1,3,UNABLE TO DETERMINE,2,1,0.0,0.0,0.0,0.0,0.0,2.0,8,2,7,07/01/2024,2024-07-01,08:00:00
05/22/2024 04:00:00 PM,5.0,2,1,6,5,1,3,3,1,1,3,UNABLE TO DETERMINE,2,1,0.0,0.0,0.0,0.0,0.0,3.0,16,4,5,05/22/2024,2024-05-22,16:00:00
04/14/2024 12:50:00 AM,7.0,2,4,4,6,1,3,3,1,1,3,FOLLOWING TOO CLOSELY,2,2,1.0,0.0,0.0,0.0,1.0,3.0,0,1,4,04/14/2024,2024-04-14,00:50:00
01/14/2024 10:20:00 AM,5.0,5,4,4,4,1,5,1,1,1,3,DISREGARDING OTHER TRAFFIC SIGNS,2,1,0.0,0.0,0.0,0.0,0.0,2.0,10,1,1,01/14/2024,2024-01-14,10:20:00
02/04/2024 09:37:00 AM,7.0,2,1,5,10,1,3,3,1,1,3,FAILING TO YIELD RIGHT-OF-WAY,2,1,0.0,0.0,0.0,0.0,0.0,3.0,9,1,2,02/04/2024,2024-02-04,09:37:00
03/12/2024 07:11:00 AM,5.0,2,1,13,1,1,3,3,1,1,3,FAILING TO YIELD RIGHT-OF-WAY,2,2,1.0,0.0,0.0,0.0,1.0,1.0,7,3,3,03/12/2024,2024-03-12,07:11:00
02/21/2024 12:10:00 PM,3.0,2,1,5,6,1,3,1,1,1,3,UNABLE TO DETERMINE,2,2,1.0,0.0,0.0,0.0,1.0,3.0,12,4,2,02/21/2024,2024-02-21,12:10:00
04/24/2024 10:15:00 AM,5.0,2,1,3,6,1,3,3,0,0,3,IMPROPER OVERTAKING/PASSING,2,1,0.0,0.0,0.0,0.0,0.0,2.0,10,4,4,04/24/2024,2024-04-24,10:15:00
07/20/2024 10:14:00 AM,5.0,2,1,6,5,1,3,3,0,1,3,FAILING TO YIELD RIGHT-OF-WAY,2,1,0.0,0.0,0.0,0.0,0.0,2.0,10,7,7,07/20/2024,2024-07-20,10:14:00
03/01/2024 04:30:00 PM,7.0,2,1,5,7,1,3,3,0,1,3,UNABLE TO DETERMINE,2,1,0.0,0.0,0.0,0.0,0.0,5.0,16,6,3,03/01/2024,2024-03-01,16:30:00
08/03/2024 10:53:00 PM,5.0,2,4,3,7,1,3,3,0,1,3,IMPROPER OVERTAKING/PASSING,2,1,0.0,0.0,0.0,0.0,0.0,2.0,22,7,8,08/03/2024,2024-08-03,22:53:00
04/15/2024 03:40:00 PM,7.0,2,1,5,6,1,3,1,0,0,3,UNABLE TO DETERMINE,2,1,0.0,0.0,0.0,0.0,0.0,5.0,15,2,4,04/15/2024,2024-04-15,15:40:00
01/17/2024 05:02:00 PM,5.0,2,4,4,5,1,4,1,1,1,3,FAILING TO REDUCE SPEED TO AVOID CRASH,2,3,1.0,0.0,0.0,1.0,0.0,4.0,17,4,1,01/17/2024,2024-01-17,17:02:00
01/11/2024 09:00:00 PM,5.0,2,4,4,4,1,3,3,0,1,3,FOLLOWING TOO CLOSELY,2,1,0.0,0.0,0.0,0.0,0.0,2.0,21,5,1,01/11/2024,2024-01-11,21:00:00
06/16/2024 11:45:00 PM,5.0,2,4,5,14,1,3,3,1,1,3,DISREGARDING TRAFFIC SIGNALS,2,1,0.0,0.0,0.0,0.0,0.0,2.0,23,1,6,06/16/2024,2024-06-16,23:45:00
07/24/2024 03:37:00 PM,1.0,2,1,4,5,1,1,1,0,1,3,NOT APPLICABLE,2,1,0.0,0.0,0.0,0.0,0.0,2.0,15,4,7,07/24/2024,2024-07-24,15:37:00
02/03/2024 07:30:00 PM,5.0,2,4,4,4,1,3,3,0,1,3,FAILING TO YIELD RIGHT-OF-WAY,2,1,0.0,0.0,0.0,0.0,0.0,2.0,19,7,2,02/03/2024,2024-02-03,19:30:00
08/13/2024 01:53:00 PM,7.0,2,1,5,4,1,3,3,1,1,3,FAILING TO YIELD RIGHT-OF-WAY,2,1,0.0,0.0,0.0,0.0,0.0,2.0,13,3,8,08/13/2024,2024-08-13,13:53:00
02/01/2024 08:35:00 PM,7.0,2,4,6,7,1,3,3,1,1,3,IMPROPER OVERTAKING/PASSING,2,1,0.0,0.0,0.0,0.0,0.0,3.0,20,5,2,02/01/2024,2024-02-01,20:35:00
06/27/2024 12:30:00 PM,3.0,2,1,11,7,1,3,3,0,1,2,FAILING TO REDUCE SPEED TO AVOID CRASH,2,1,0.0,0.0,0.0,0.0,0.0,4.0,12,5,6,06/27/2024,2024-06-27,12:30:00
01/22/2024 09:30:00 PM,5.0,7,4,5,4,1,6,3,1,1,3,WEATHER,2,1,0.0,0.0,0.0,0.0,0.0,2.0,21,2,1,01/22/2024,2024-01-22,21:30:00
05/22/2024 04:30:00 PM,7.0,2,1,5,5,1,3,3,0,1,3,UNABLE TO DETERMINE,2,1,0.0,0.0,0.0,0.0,0.0,3.0,16,4,5,05/22/2024,2024-05-22,16:30:00
07/31/2024 03:24:00 PM,7.0,2,1,5,5,1,3,3,1,1,3,FAILING TO YIELD RIGHT-OF-WAY,2,3,1.0,0.0,0.0,1.0,0.0,3.0,15,4,7,07/31/2024,2024-07-31,15:24:00
02/06/2024 05:45:00 AM,7.0,2,4,5,6,1,3,3,1,1,3,FAILING TO YIELD RIGHT-OF-WAY,2,1,0.0,0.0,0.0,0.0,0.0,2.0,5,3,2,02/06/2024,2024-02-06,05:45:00
05/15/2024 05:03:00 PM,5.0,2,1,4,6,1,3,3,0,1,3,FOLLOWING TOO CLOSELY,2,1,0.0,0.0,0.0,0.0,0.0,2.0,17,4,5,05/15/2024,2024-05-15,17:03:00
02/28/2024 07:42:00 AM,5.0,2,1,5,5,1,3,3,0,1,3,UNABLE TO DETERMINE,2,1,0.0,0.0,0.0,0.0,0.0,3.0,7,4,2,02/28/2024,2024-02-28,07:42:00
03/27/2024 07:55:00 PM,5.0,2,1,5,7,1,1,1,1,1,3,FAILING TO YIELD RIGHT-OF-WAY,2,3,1.0,0.0,0.0,1.0,0.0,1.0,19,4,3,03/27/2024,2024-03-27,19:55:00
06/03/2024 07:09:00 PM,5.0,2,1,4,6,1,3,3,0,1,3,FOLLOWING TOO CLOSELY,2,1,0.0,0.0,0.0,0.0,0.0,4.0,19,2,6,06/03/2024,2024-06-03,19:09:00
06/28/2024 11:36:00 PM,5.0,4,4,4,4,1,4,3,1,1,3,UNDER THE INFLUENCE OF ALCOHOL/DRUGS (USE WHEN ARREST IS EFFECTED),2,1,0.0,0.0,0.0,0.0,0.0,3.0,23,6,6,06/28/2024,2024-06-28,23:36:00
07/18/2024 08:33:00 PM,7.0,2,4,11,7,1,3,3,1,1,3,UNABLE TO DETERMINE,2,2,1.0,0.0,0.0,0.0,1.0,3.0,20,5,7,07/18/2024,2024-07-18,20:33:00
06/21/2024 07:20:00 PM,5.0,2,3,6,6,1,3,7,0,1,3,FAILING TO REDUCE SPEED TO AVOID CRASH,2,1,0.0,0.0,0.0,0.0,0.0,2.0,19,6,6,06/21/2024,2024-06-21,19:20:00
02/24/2024 11:20:00 PM,5.0,2,4,4,6,1,3,1,1,1,3,UNABLE TO DETERMINE,2,3,1.0,0.0,0.0,1.0,0.0,1.0,23,7,2,02/24/2024,2024-02-24,23:20:00
03/06/2024 05:16:00 PM,5.0,2,1,6,4,1,3,3,1,1,3,DISREGARDING TRAFFIC SIGNALS,2,3,1.0,0.0,0.0,1.0,0.0,1.0,17,4,3,03/06/2024,2024-03-06,17:16:00
01/23/2024 04:00:00 PM,7.0,2,1,4,4,1,5,3,0,1,3,FOLLOWING TOO CLOSELY,2,1,0.0,0.0,0.0,0.0,0.0,5.0,16,3,1,01/23/2024,2024-01-23,16:00:00
06/22/2024 12:15:00 AM,7.0,2,4,6,6,1,3,3,1,1,3,IMPROPER TURNING/NO SIGNAL,2,2,1.0,0.0,0.0,0.0,1.0,4.0,0,7,6,06/22/2024,2024-06-22,00:15:00
03/19/2024 01:30:00 PM,5.0,2,1,5,5,1,3,3,1,1,3,FAILING TO YIELD RIGHT-OF-WAY,2,1,0.0,0.0,0.0,0.0,0.0,3.0,13,3,3,03/19/2024,2024-03-19,13:30:00
04/05/2024 06:15:00 PM,5.0,2,1,4,5,1,3,3,1,1,3,FOLLOWING TOO CLOSELY,2,3,1.0,0.0,0.0,1.0,0.0,3.0,18,6,4,04/05/2024,2024-04-05,18:15:00
04/30/2024 01:30:00 PM,5.0,2,1,3,6,1,3,3,0,1,2,UNABLE TO DETERMINE,2,1,0.0,0.0,0.0,0.0,0.0,2.0,13,3,4,04/30/2024,2024-04-30,13:30:00
06/18/2024 12:30:00 PM,7.0,2,1,6,6,1,3,1,0,0,3,FAILING TO YIELD RIGHT-OF-WAY,2,1,0.0,0.0,0.0,0.0,0.0,2.0,12,3,6,06/18/2024,2024-06-18,12:30:00
03/30/2024 03:30:00 PM,7.0,2,1,5,5,1,1,1,0,1,3,UNABLE TO DETERMINE,2,1,0.0,0.0,0.0,0.0,0.0,4.0,15,7,3,03/30/2024,2024-03-30,15:30:00
06/06/2024 09:47:00 PM,2.0,2,4,14,5,1,3,1,1,1,1,UNABLE TO DETERMINE,2,3,1.0,0.0,0.0,1.0,0.0,1.0,21,5,6,06/06/2024,2024-06-06,21:47:00
07/07/2024 05:47:00 PM,7.0,4,1,6,5,1,4,3,1,1,3,IMPROPER TURNING/NO SIGNAL,2,1,0.0,0.0,0.0,0.0,0.0,5.0,17,1,7,07/07/2024,2024-07-07,17:47:00
01/24/2024 04:50:00 PM,5.0,8,3,6,4,1,1,1,0,1,2,FAILING TO YIELD RIGHT-OF-WAY,2,1,0.0,0.0,0.0,0.0,0.0,2.0,16,4,1,01/24/2024,2024-01-24,16:50:00
07/15/2024 02:47:00 PM,1.0,2,1,6,6,1,1,1,0,1,3,UNABLE TO DETERMINE,2,1,0.0,0.0,0.0,0.0,0.0,2.0,14,2,7,07/15/2024,2024-07-15,14:47:00
02/25/2024 10:00:00 AM,3.0,2,1,3,6,1,3,3,0,1,3,UNABLE TO DETERMINE,2,1,0.0,0.0,0.0,0.0,0.0,2.0,10,1,2,02/25/2024,2024-02-25,10:00:00
05/10/2024 11:30:00 PM,5.0,4,4,6,12,1,4,1,1,1,3,FAILING TO YIELD RIGHT-OF-WAY,2,1,0.0,0.0,0.0,0.0,0.0,3.0,23,6,5,05/10/2024,2024-05-10,23:30:00
05/16/2024 09:00:00 PM,5.0,2,4,9,5,1,1,1,0,1,3,UNABLE TO DETERMINE,2,1,0.0,0.0,0.0,0.0,0.0,2.0,21,5,5,05/16/2024,2024-05-16,21:00:00
08/05/2024 04:00:00 PM,7.0,2,4,5,5,1,3,3,0,1,3,FAILING TO YIELD RIGHT-OF-WAY,2,1,0.0,0.0,0.0,0.0,0.0,2.0,16,2,8,08/05/2024,2024-08-05,16:00:00
08/12/2024 12:00:00 PM,3.0,2,1,6,3,1,3,1,1,1,3,IMPROPER LANE USAGE,2,2,1.0,0.0,0.0,0.0,1.0,2.0,12,2,8,08/12/2024,2024-08-12,12:00:00
01/04/2024 06:45:00 AM,7.0,2,5,5,5,1,3,3,0,1,3,FAILING TO YIELD RIGHT-OF-WAY,2,1,0.0,0.0,0.0,0.0,0.0,2.0,6,5,1,01/04/2024,2024-01-04,06:45:00
03/15/2024 08:18:00 AM,5.0,2,1,3,4,1,1,1,0,1,2,UNABLE TO DETERMINE,2,1,0.0,0.0,0.0,0.0,0.0,2.0,8,6,3,03/15/2024,2024-03-15,08:18:00
06/02/2024 09:12:00 AM,5.0,2,1,5,6,1,3,3,0,1,3,FAILING TO YIELD RIGHT-OF-WAY,2,1,0.0,0.0,0.0,0.0,0.0,2.0,9,1,6,06/02/2024,2024-06-02,09:12:00
05/31/2024 06:08:00 PM,5.0,2,3,6,5,1,3,3,1,1,3,DISREGARDING TRAFFIC SIGNALS,2,3,1.0,0.0,0.0,1.0,0.0,2.0,18,6,5,05/31/2024,2024-05-31,18:08:00
03/16/2024 04:57:00 PM,7.0,2,1,5,6,1,3,3,0,1,3,FAILING TO YIELD RIGHT-OF-WAY,2,1,0.0,0.0,0.0,0.0,0.0,2.0,16,7,3,03/16/2024,2024-03-16,16:57:00
03/20/2024 11:05:00 AM,5.0,2,1,3,10,1,3,3,0,1,1,UNABLE TO DETERMINE,2,1,0.0,0.0,0.0,0.0,0.0,2.0,11,4,3,03/20/2024,2024-03-20,11:05:00
01/12/2024 09:00:00 AM,7.0,5,1,5,5,1,5,1,0,1,2,UNABLE TO DETERMINE,2,1,0.0,0.0,0.0,0.0,0.0,2.0,9,6,1,01/12/2024,2024-01-12,09:00:00
05/16/2024 12:39:00 PM,7.0,2,1,5,6,1,3,1,1,1,3,UNABLE TO DETERMINE,2,1,0.0,0.0,0.0,0.0,0.0,2.0,12,5,5,05/16/2024,2024-05-16,12:39:00
01/18/2024 08:20:00 PM,5.0,5,4,4,4,1,5,3,0,1,3,FAILING TO REDUCE SPEED TO AVOID CRASH,2,1,0.0,0.0,0.0,0.0,0.0,2.0,20,5,1,01/18/2024,2024-01-18,20:20:00
05/29/2024 01:05:00 AM,7.0,2,4,5,5,1,3,3,0,1,3,FAILING TO YIELD RIGHT-OF-WAY,2,1,0.0,0.0,0.0,0.0,0.0,2.0,1,4,5,05/29/2024,2024-05-29,01:05:00
08/11/2024 09:10:00 PM,3.0,2,4,11,6,1,3,3,0,1,3,UNABLE TO DETERMINE,2,1,0.0,0.0,0.0,0.0,0.0,1.0,21,1,8,08/11/2024,2024-08-11,21:10:00
01/16/2024 03:04:00 AM,5.0,2,3,5,5,1,3,1,1,1,3,DISREGARDING TRAFFIC SIGNALS,2,2,1.0,0.0,0.0,0.0,1.0,4.0,3,3,1,01/16/2024,2024-01-16,03:04:00
03/08/2024 11:30:00 AM,5.0,4,1,5,5,1,4,3,1,1,3,UNABLE TO DETERMINE,2,1,0.0,0.0,0.0,0.0,0.0,2.0,11,6,3,03/08/2024,2024-03-08,11:30:00
03/08/2024 08:25:00 AM,5.0,4,1,6,4,1,4,3,0,1,2,FAILING TO YIELD RIGHT-OF-WAY,2,1,0.0,0.0,0.0,0.0,0.0,2.0,8,6,3,03/08/2024,2024-03-08,08:25:00
07/19/2024 07:42:00 AM,5.0,2,4,6,3,4,3,3,1,1,3,FAILING TO YIELD RIGHT-OF-WAY,2,2,1.0,0.0,0.0,0.0,1.0,1.0,7,6,7,07/19/2024,2024-07-19,07:42:00
04/16/2024 06:40:00 AM,7.0,2,1,5,6,1,3,3,1,1,3,FAILING TO YIELD RIGHT-OF-WAY,2,1,0.0,0.0,0.0,0.0,0.0,2.0,6,3,4,04/16/2024,2024-04-16,06:40:00
02/15/2024 06:34:00 PM,7.0,2,4,12,7,1,3,3,1,1,3,"OPERATING VEHICLE IN ERRATIC, RECKLESS, CARELESS, NEGLIGENT OR AGGRESSIVE MANNER",2,1,0.0,0.0,0.0,0.0,0.0,4.0,18,5,2,02/15/2024,2024-02-15,18:34:00
06/06/2024 12:50:00 PM,5.0,2,4,6,7,1,3,1,1,1,3,FAILING TO YIELD RIGHT-OF-WAY,2,2,2.0,0.0,0.0,0.0,2.0,1.0,12,5,6,06/06/2024,2024-06-06,12:50:00