crash_date,traffic_control_device,weather_condition,lighting_condition,first_crash_type,trafficway_type,alignment,roadway_surface_cond,road_defect,crash_type,intersection_related_i,damage,prim_contributory_cause,num_units,most_severe_injury,injuries_total,injuries_fatal,injuries_incapacitating,injuries_non_incapacitating,injuries_reported_not_evident,injuries_no_indication,crash_hour,crash_day_of_week,crash_month,parsed_datetime,date,time
05/03/2024 04:15:00 PM,5.0,2,1,4,5,1,3,3,0,1,3,FOLLOWING TOO CLOSELY,2,1,0.0,0.0,0.0,0.0,0.0,2.0,16,6,5,05/03/2024,2024-05-03,16:15:00
07/27/2024 11:00:00 PM,7.0,2,4,6,5,1,3,3,0,1,3,FAILING TO YIELD RIGHT-OF-WAY,2,1,0.0,0.0,0.0,0.0,0.0,4.0,23,7,7,07/27/2024,2024-07-27,23:00:00
08/06/2024 11:55:00 AM,1.0,2,1,5,1,1,3,1,0,1,3,UNABLE TO DETERMINE,2,1,0.0,0.0,0.0,0.0,0.0,2.0,11,3,8,08/06/2024,2024-08-06,11:55:00
05/18/2024 02:50:00 PM,7.0,2,1,9,5,1,3,1,1,1,3,FAILING TO YIELD RIGHT-OF-WAY,2,3,2.0,0.0,0.0,2.0,0.0,1.0,14,7,5,05/18/2024,2024-05-18,14:50:00
02/29/2024 05:41:00 PM,7.0,2,4,6,5,1,3,3,1,1,3,IMPROPER OVERTAKING/PASSING,2,3,1.0,0.0,0.0,1.0,0.0,1.0,17,5,2,02/29/2024,2024-02-29,17:41:00
04/10/2024 08:10:00 AM,7.0,2,1,5,6,1,3,3,1,1,3,UNABLE TO DETERMINE,2,1,0.0,0.0,0.0,0.0,0.0,3.0,8,4,4,04/10/2024,2024-04-10,08:10:00
02/23/2024 06:46:00 AM,5.0,2,1,4,3,1,3,3,1,0,2,FOLLOWING TOO CLOSELY,2,3,1.0,0.0,0.0,1.0,0.0,2.0,6,6,2,02/23/2024,2024-02-23,06:46:00
05/01/2024 03:00:00 PM,5.0,2,1,6,4,1,3,3,0,1,2,FOLLOWING TOO CLOSELY,2,1,0.0,0.0,0.0,0.0,0.0,2.0,15,4,5,05/01/2024,2024-05-01,15:00:00
04/17/2024 03:32:00 PM,7.0,2,1,5,5,1,3,6,1,1,3,DISREGARDING STOP SIGN,2,3,1.0,0.0,0.0,1.0,0.0,4.0,15,4,4,04/17/2024,2024-04-17,15:32:00
04/23/2024 08:30:00 AM,7.0,3,1,6,7,1,3,3,0,1,3,FAILING TO YIELD RIGHT-OF-WAY,2,1,0.0,0.0,0.0,0.0,0.0,2.0,8,3,4,04/23/2024,2024-04-23,08:30:00
07/16/2024 09:07:00 AM,5.0,2,1,5,5,1,3,3,1,1,3,UNABLE TO DETERMINE,2,2,1.0,0.0,0.0,0.0,1.0,2.0,9,3,7,07/16/2024,2024-07-16,09:07:00
02/27/2024 03:45:00 PM,5.0,2,1,3,6,1,3,1,0,1,3,FAILING TO YIELD RIGHT-OF-WAY,2,1,0.0,0.0,0.0,0.0,0.0,2.0,15,3,2,02/27/2024,2024-02-27,15:45:00
08/10/2024 12:40:00 AM,7.0,2,4,5,5,1,3,1,0,1,3,UNABLE TO DETERMINE,2,1,0.0,0.0,0.0,0.0,0.0,2.0,0,7,8,08/10/2024,2024-08-10,00:40:00
03/24/2024 07:34:00 PM,5.0,2,4,3,6,1,3,3,0,1,3,UNABLE TO DETERMINE,2,1,0.0,0.0,0.0,0.0,0.0,3.0,19,1,3,03/24/2024,2024-03-24,19:34:00
06/07/2024 11:25:00 PM,5.0,2,4,14,6,1,3,3,1,1,2,FAILING TO YIELD RIGHT-OF-WAY,2,3,1.0,0.0,0.0,1.0,0.0,1.0,23,6,6,06/07/2024,2024-06-07,23:25:00
02/19/2024 08:40:00 AM,5.0,2,1,6,5,1,3,3,0,1,3,IMPROPER TURNING/NO SIGNAL,2,1,0.0,0.0,0.0,0.0,0.0,3.0,8,2,2,02/19/2024,2024-02-19,08:40:00
03/29/2024 02:10:00 PM,5.0,2,1,6,5,1,3,1,0,1,3,DRIVING SKILLS/KNOWLEDGE/EXPERIENCE,2,1,0.0,0.0,0.0,0.0,0.0,5.0,14,6,3,03/29/2024,2024-03-29,14:10:00
06/06/2024 11:20:00 AM,1.0,2,1,3,6,1,3,1,0,1,2,UNABLE TO DETERMINE,2,1,0.0,0.0,0.0,0.0,0.0,3.0,11,5,6,06/06/2024,2024-06-06,11:20:00
01/27/2024 10:55:00 AM,5.0,4,4,3,4,1,4,1,1,1,3,UNABLE TO DETERMINE,2,2,1.0,0.0,0.0,0.0,1.0,1.0,10,7,1,01/27/2024,2024-01-27,10:55:00
06/13/2024 01:15:00 PM,7.0,2,1,5,7,1,3,3,1,1,3,DISREGARDING STOP SIGN,2,1,0.0,0.0,0.0,0.0,0.0,2.0,13,5,6,06/13/2024,2024-06-13,13:15:00
01/12/2024 04:35:00 AM,5.0,2,4,5,6,1,4,3,0,1,3,DISREGARDING TRAFFIC SIGNALS,2,1,0.0,0.0,0.0,0.0,0.0,2.0,4,6,1,01/12/2024,2024-01-12,04:35:00
02/23/2024 10:00:00 PM,3.0,2,5,6,6,1,3,3,0,1,3,FAILING TO YIELD RIGHT-OF-WAY,2,1,0.0,0.0,0.0,0.0,0.0,2.0,22,6,2,02/23/2024,2024-02-23,22:00:00
07/10/2024 05:10:00 PM,5.0,2,1,4,3,1,3,3,0,1,3,UNABLE TO DETERMINE,2,1,0.0,0.0,0.0,0.0,0.0,2.0,17,4,7,07/10/2024,2024-07-10,17:10:00
03/17/2024 11:47:00 AM,5.0,2,1,5,5,1,3,3,0,1,3,DISREGARDING TRAFFIC SIGNALS,2,1,0.0,0.0,0.0,0.0,0.0,5.0,11,1,3,03/17/2024,2024-03-17,11:47:00
06/04/2024 08:00:00 PM,3.0,2,4,6,6,1,3,1,1,1,3,DISREGARDING OTHER TRAFFIC SIGNS,2,2,1.0,0.0,0.0,0.0,1.0,1.0,20,3,6,06/04/2024,2024-06-04,20:00:00
04/19/2024 01:55:00 PM,5.0,2,1,13,7,1,3,3,1,1,1,UNABLE TO DETERMINE,2,2,1.0,0.0,0.0,0.0,1.0,1.0,13,6,4,04/19/2024,2024-04-19,13:55:00
07/11/2024 02:30:00 PM,5.0,2,1,8,4,1,3,3,0,1,1,IMPROPER BACKING,2,1,0.0,0.0,0.0,0.0,0.0,2.0,14,5,7,07/11/2024,2024-07-11,14:30:00
03/15/2024 04:52:00 PM,3.0,2,1,4,6,1,3,3,0,1,3,FOLLOWING TOO CLOSELY,2,1,0.0,0.0,0.0,0.0,0.0,3.0,16,6,3,03/15/2024,2024-03-15,16:52:00
05/17/2024 08:38:00 PM,7.0,2,4,5,5,1,3,3,0,1,3,FAILING TO REDUCE SPEED TO AVOID CRASH,2,1,0.0,0.0,0.0,0.0,0.0,3.0,20,6,5,05/17/2024,2024-05-17,20:38:00
04/03/2024 08:15:00 AM,7.0,5,1,6,5,1,4,3,0,0,2,UNABLE TO DETERMINE,2,1,0.0,0.0,0.0,0.0,0.0,2.0,8,4,4,04/03/2024,2024-04-03,08:15:00
03/31/2024 08:20:00 PM,5.0,4,4,6,6,1,4,3,1,1,3,WEATHER,2,1,0.0,0.0,0.0,0.0,0.0,2.0,20,1,3,03/31/2024,2024-03-31,20:20:00
04/01/2024 09:35:00 AM,5.0,2,1,5,5,1,3,1,1,1,3,DISREGARDING TRAFFIC SIGNALS,2,1,0.0,0.0,0.0,0.0,0.0,2.0,9,2,4,04/01/2024,2024-04-01,09:35:00
01/26/2024 08:20:00 AM,3.0,5,1,5,3,1,4,3,0,1,3,FAILING TO YIELD RIGHT-OF-WAY,2,1,0.0,0.0,0.0,0.0,0.0,4.0,8,6,1,01/26/2024,2024-01-26,08:20:00
06/21/2024 02:15:00 PM,7.0,2,1,6,1,1,1,1,0,1,3,UNABLE TO DETERMINE,2,1,0.0,0.0,0.0,0.0,0.0,2.0,14,6,6,06/21/2024,2024-06-21,14:15:00
05/24/2024 12:54:00 PM,7.0,4,1,4,4,1,4,3,1,1,3,UNABLE TO DETERMINE,2,2,1.0,0.0,0.0,0.0,1.0,4.0,12,6,5,05/24/2024,2024-05-24,12:54:00
03/11/2024 10:53:00 AM,5.0,2,1,3,4,1,3,3,0,1,2,IMPROPER OVERTAKING/PASSING,2,1,0.0,0.0,0.0,0.0,0.0,2.0,10,2,3,03/11/2024,2024-03-11,10:53:00
03/12/2024 07:15:00 AM,3.0,2,1,7,7,1,3,3,0,1,3,IMPROPER BACKING,2,1,0.0,0.0,0.0,0.0,0.0,3.0,7,3,3,03/12/2024,2024-03-12,07:15:00
05/25/2024 04:54:00 PM,5.0,2,1,6,5,1,3,3,0,1,3,FAILING TO YIELD RIGHT-OF-WAY,2,1,0.0,0.0,0.0,0.0,0.0,3.0,16,7,5,05/25/2024,2024-05-25,16:54:00
04/22/2024 08:10:00 AM,5.0,2,1,6,6,1,3,3,0,1,1,IMPROPER TURNING/NO SIGNAL,2,1,0.0,0.0,0.0,0.0,0.0,3.0,8,2,4,04/22/2024,2024-04-22,08:10:00
08/11/2024 06:36:00 PM,7.0,2,1,5,5,1,3,3,1,1,3,UNABLE TO DETERMINE,2,1,0.0,0.0,0.0,0.0,0.0,3.0,18,1,8,08/11/2024,2024-08-11,18:36:00
01/19/2024 09:00:00 PM,5.0,2,4,4,9,1,5,3,0,1,3,UNABLE TO DETERMINE,2,1,0.0,0.0,0.0,0.0,0.0,2.0,21,6,1,01/19/2024,2024-01-19,21:00:00
05/03/2024 04:30:00 PM,7.0,2,1,5,6,1,3,3,1,1,3,DISREGARDING STOP SIGN,2,1,0.0,0.0,0.0,0.0,0.0,3.0,16,6,5,05/03/2024,2024-05-03,16:30:00
05/23/2024 07:30:00 AM,7.0,2,1,4,9,1,3,3,0,1,2,"VISION OBSCURED (SIGNS, TREE LIMBS, BUILDINGS, ETC.)",2,1,0.0,0.0,0.0,0.0,0.0,2.0,7,5,5,05/23/2024,2024-05-23,07:30:00
03/27/2024 10:00:00 PM,5.0,2,4,10,5,1,1,7,1,1,3,UNDER THE INFLUENCE OF ALCOHOL/DRUGS (USE WHEN ARREST IS EFFECTED),2,1,0.0,0.0,0.0,0.0,0.0,3.0,22,4,3,03/27/2024,2024-03-27,22:00:00
02/13/2024 03:15:00 PM,5.0,2,1,4,1,1,1,1,0,1,1,UNABLE TO DETERMINE,2,1,0.0,0.0,0.0,0.0,0.0,2.0,15,3,2,02/13/2024,2024-02-13,15:15:00
08/04/2024 11:53:00 AM,7.0,2,1,5,4,1,3,3,1,1,3,UNABLE TO DETERMINE,2,2,1.0,0.0,0.0,0.0,1.0,1.0,11,1,8,08/04/2024,2024-08-04,11:53:00
03/12/2024 04:30:00 PM,3.0,2,1,3,6,1,3,3,0,1,3,IMPROPER OVERTAKING/PASSING,2,1,0.0,0.0,0.0,0.0,0.0,2.0,16,3,3,03/12/2024,2024-03-12,16:30:00
04/09/2024 02:41:00 PM,5.0,2,1,4,6,1,3,3,1,1,3,FOLLOWING TOO CLOSELY,2,2,1.0,0.0,0.0,0.0,1.0,1.0,14,3,4,04/09/2024,2024-04-09,14:41:00
02/18/2024 02:37:00 PM,5.0,2,1,5,5,1,3,3,1,1,3,DISREGARDING OTHER TRAFFIC SIGNS,2,3,1.0,0.0,0.0,1.0,0.0,1.0,14,1,2,02/18/2024,2024-02-18,14:37:00
07/26/2024 10:15:00 PM,7.0,2,4,6,2,1,3,1,0,1,3,DISREGARDING STOP SIGN,2,1,0.0,0.0,0.0,0.0,0.0,2.0,22,6,7,07/26/2024,2024-07-26,22:15:00
05/15/2024 10:00:00 AM,5.0,2,1,6,5,1,1,1,0,1,2,FOLLOWING TOO CLOSELY,2,1,0.0,0.0,0.0,0.0,0.0,5.0,10,4,5,05/15/2024,2024-05-15,10:00:00
07/13/2024 10:20:00 AM,5.0,2,1,14,5,1,3,3,0,1,2,DISREGARDING TRAFFIC SIGNALS,2,1,0.0,0.0,0.0,0.0,0.0,2.0,10,7,7,07/13/2024,2024-07-13,10:20:00
06/15/2024 01:08:00 PM,5.0,2,1,2,6,1,3,1,0,1,2,DISREGARDING TRAFFIC SIGNALS,2,1,0.0,0.0,0.0,0.0,0.0,2.0,13,7,6,06/15/2024,2024-06-15,13:08:00
07/29/2024 05:50:00 PM,7.0,2,1,5,4,1,3,3,1,1,3,FAILING TO YIELD RIGHT-OF-WAY,2,2,1.0,0.0,0.0,0.0,1.0,1.0,17,2,7,07/29/2024,2024-07-29,17:50:00
06/28/2024 07:29:00 AM,3.0,4,1,3,5,1,4,3,0,0,2,FAILING TO YIELD RIGHT-OF-WAY,2,1,0.0,0.0,0.0,0.0,0.0,2.0,7,6,6,06/28/2024,2024-06-28,07:29:00
01/07/2024 06:25:00 AM,5.0,4,4,4,6,1,4,3,1,1,3,WEATHER,2,1,0.0,0.0,0.0,0.0,0.0,2.0,6,1,1,01/07/2024,2024-01-07,06:25:00
02/25/2024 10:00:00 AM,5.0,2,1,5,7,1,3,3,1,1,3,UNABLE TO DETERMINE,2,3,2.0,0.0,0.0,2.0,0.0,1.0,10,1,2,02/25/2024,2024-02-25,10:00:00
02/16/2024 03:05:00 PM,3.0,2,1,6,6,1,3,3,0,1,2,UNABLE TO DETERMINE,2,1,0.0,0.0,0.0,0.0,0.0,3.0,15,6,2,02/16/2024,2024-02-16,15:05:00
05/06/2024 05:26:00 PM,5.0,2,1,2,5,1,3,3,1,1,2,FAILING TO YIELD RIGHT-OF-WAY,2,4,1.0,0.0,1.0,0.0,0.0,1.0,17,2,5,05/06/2024,2024-05-06,17:26:00
08/12/2024 03:00:00 PM,3.0,2,1,5,10,1,3,3,0,1,3,FAILING TO YIELD RIGHT-OF-WAY,2,1,0.0,0.0,0.0,0.0,0.0,2.0,15,2,8,08/12/2024,2024-08-12,15:00:00
06/04/2024 10:30:00 AM,3.0,2,1,6,6,1,3,3,1,1,3,UNABLE TO DETERMINE,2,1,0.0,0.0,0.0,0.0,0.0,2.0,10,3,6,06/04/2024,2024-06-04,10:30:00
03/01/2024 08:43:00 PM,7.0,2,4,5,5,1,3,1,1,1,3,DISREGARDING STOP SIGN,2,1,0.0,0.0,0.0,0.0,0.0,2.0,20,6,3,03/01/2024,2024-03-01,20:43:00
07/19/2024 10:31:00 PM,1.0,2,4,11,6,1,1,1,0,0,3,UNABLE TO DETERMINE,2,1,0.0,0.0,0.0,0.0,0.0,1.0,22,6,7,07/19/2024,2024-07-19,22:31:00
02/24/2024 01:45:00 AM,5.0,2,4,13,5,1,2,3,1,1,1,UNABLE TO DETERMINE,2,3,1.0,0.0,0.0,1.0,0.0,1.0,1,7,2,02/24/2024,2024-02-24,01:45:00
04/08/2024 09:33:00 PM,7.0,2,4,14,5,1,3,3,1,1,1,UNABLE TO DETERMINE,2,3,1.0,0.0,0.0,1.0,0.0,1.0,21,2,4,04/08/2024,2024-04-08,21:33:00
05/24/2024 11:09:00 AM,5.0,2,1,4,3,1,3,3,0,1,1,UNABLE TO DETERMINE,2,1,0.0,0.0,0.0,0.0,0.0,2.0,11,6,5,05/24/2024,2024-05-24,11:09:00
01/21/2024 02:20:00 PM,5.0,2,1,4,5,1,3,3,0,1,2,UNABLE TO DETERMINE,2,1,0.0,0.0,0.0,0.0,0.0,2.0,14,1,1,01/21/2024,2024-01-21,14:20:00
01/23/2024 01:30:00 PM,7.0,2,1,4,4,1,4,3,0,1,3,FOLLOWING TOO CLOSELY,2,1,0.0,0.0,0.0,0.0,0.0,3.0,13,3,1,01/23/2024,2024-01-23,13:30:00
02/11/2024 08:30:00 PM,5.0,2,4,3,6,1,3,3,0,1,3,UNABLE TO DETERMINE,2,1,0.0,0.0,0.0,0.0,0.0,2.0,20,1,2,02/11/2024,2024-02-11,20:30:00
07/28/2024 03:30:00 PM,3.0,4,1,4,4,1,4,3,0,1,2,FOLLOWING TOO CLOSELY,2,1,0.0,0.0,0.0,0.0,0.0,2.0,15,1,7,07/28/2024,2024-07-28,15:30:00
06/05/2024 06:36:00 PM,5.0,2,1,5,5,1,3,3,1,1,3,DISREGARDING TRAFFIC SIGNALS,2,3,1.0,0.0,0.0,1.0,0.0,4.0,18,4,6,06/05/2024,2024-06-05,18:36:00
07/25/2024 04:16:00 PM,5.0,2,1,6,5,1,3,3,1,1,3,IMPROPER OVERTAKING/PASSING,2,3,1.0,0.0,0.0,1.0,0.0,1.0,16,5,7,07/25/2024,2024-07-25,16:16:00
03/23/2024 10:00:00 AM,3.0,2,1,6,6,1,3,3,0,1,3,DRIVING SKILLS/KNOWLEDGE/EXPERIENCE,2,1,0.0,0.0,0.0,0.0,0.0,3.0,10,7,3,03/23/2024,2024-03-23,10:00:00
06/22/2024 11:00:00 AM,3.0,2,1,11,4,1,3,3,0,1,3,UNABLE TO DETERMINE,2,1,0.0,0.0,0.0,0.0,0.0,1.0,11,7,6,06/22/2024,2024-06-22,11:00:00
02/23/2024 10:30:00 PM,1.0,5,4,9,6,1,6,1,0,0,2,WEATHER,2,1,0.0,0.0,0.0,0.0,0.0,2.0,22,6,2,02/23/2024,2024-02-23,22:30:00
08/03/2024 01:45:00 PM,7.0,2,1,5,5,1,3,3,1,1,3,DISREGARDING STOP SIGN,2,3,1.0,0.0,0.0,1.0,0.0,5.0,13,7,8,08/03/2024,2024-08-03,13:45:00
08/01/2024 08:00:00 AM,5.0,3,1,4,4,1,4,3,0,1,3,UNABLE TO DETERMINE,2,1,0.0,0.0,0.0,0.0,0.0,2.0,8,5,8,08/01/2024,2024-08-01,08:00:00
04/09/2024 01:00:00 PM,5.0,2,1,5,5,1,3,1,1,1,3,UNABLE TO DETERMINE,2,3,2.0,0.0,0.0,2.0,0.0,0.0,13,3,4,04/09/2024,2024-04-09,13:00:00
05/16/2024 07:46:00 PM,5.0,2,1,5,5,1,3,3,0,1,3,UNABLE TO DETERMINE,2,1,0.0,0.0,0.0,0.0,0.0,5.0,19,5,5,05/16/2024,2024-05-16,19:46:00
04/17/2024 08:26:00 PM,5.0,2,4,6,6,1,3,3,0,1,3,UNABLE TO DETERMINE,2,1,0.0,0.0,0.0,0.0,0.0,2.0,20,4,4,04/17/2024,2024-04-17,20:26:00
07/30/2024 11:20:00 AM,5.0,2,1,4,5,1,3,3,0,1,1,FOLLOWING TOO CLOSELY,2,1,0.0,0.0,0.0,0.0,0.0,2.0,11,3,7,07/30/2024,2024-07-30,11:20:00
07/06/2024 07:50:00 PM,5.0,2,4,14,10,1,3,3,0,1,3,NOT APPLICABLE,2,1,0.0,0.0,0.0,0.0,0.0,2.0,19,7,7,07/06/2024,2024-07-06,19:50:00
04/30/2024 10:30:00 AM,9.0,2,1,5,5,1,3,3,1,1,3,UNABLE TO DETERMINE,2,1,0.0,0.0,0.0,0.0,0.0,2.0,10,3,4,04/30/2024,2024-04-30,10:30:00
02/02/2024 09:25:00 AM,3.0,2,1,13,5,1,3,1,1,1,3,FAILING TO YIELD RIGHT-OF-WAY,2,4,1.0,0.0,1.0,0.0,0.0,1.0,9,6,2,02/02/2024,2024-02-02,09:25:00
05/23/2024 03:51:00 PM,3.0,2,1,3,3,1,3,3,1,0,3,FAILING TO YIELD RIGHT-OF-WAY,2,1,0.0,0.0,0.0,0.0,0.0,3.0,15,5,5,05/23/2024,2024-05-23,15:51:00
02/26/2024 02:57:00 PM,3.0,2,1,5,16,1,3,3,0,1,1,UNABLE TO DETERMINE,2,1,0.0,0.0,0.0,0.0,0.0,2.0,14,2,2,02/26/2024,2024-02-26,14:57:00
08/05/2024 11:21:00 PM,7.0,2,4,6,6,1,3,1,0,1,3,UNABLE TO DETERMINE,2,1,0.0,0.0,0.0,0.0,0.0,3.0,23,2,8,08/05/2024,2024-08-05,23:21:00
03/21/2024 05:42:00 PM,5.0,2,1,13,6,1,3,3,1,1,3,FAILING TO YIELD RIGHT-OF-WAY,2,3,1.0,0.0,0.0,1.0,0.0,2.0,17,5,3,03/21/2024,2024-03-21,17:42:00
04/15/2024 12:00:00 PM,5.0,2,1,4,6,1,3,3,0,1,3,FOLLOWING TOO CLOSELY,2,1,0.0,0.0,0.0,0.0,0.0,2.0,12,2,4,04/15/2024,2024-04-15,12:00:00
06/23/2024 11:45:00 PM,7.0,2,4,5,5,1,3,3,1,1,3,DISREGARDING STOP SIGN,2,3,1.0,0.0,0.0,1.0,0.0,1.0,23,1,6,06/23/2024,2024-06-23,23:45:00
05/14/2024 09:10:00 AM,7.0,3,1,5,10,1,3,3,1,1,3,DRIVING ON WRONG SIDE/WRONG WAY,2,1,0.0,0.0,0.0,0.0,0.0,4.0,9,3,5,05/14/2024,2024-05-14,09:10:00
06/25/2024 12:50:00 PM,5.0,2,1,6,5,1,3,3,0,1,2,IMPROPER TURNING/NO SIGNAL,2,1,0.0,0.0,0.0,0.0,0.0,2.0,12,3,6,06/25/2024,2024-06-25,12:50:00
04/13/2024 08:20:00 PM,7.0,2,5,6,5,1,3,1,0,1,2,FAILING TO YIELD RIGHT-OF-WAY,2,1,0.0,0.0,0.0,0.0,0.0,2.0,20,7,4,04/13/2024,2024-04-13,20:20:00
08/05/2024 06:32:00 PM,5.0,2,1,6,16,1,3,3,1,1,3,UNABLE TO DETERMINE,2,2,1.0,0.0,0.0,0.0,1.0,2.0,18,2,8,08/05/2024,2024-08-05,18:32:00
01/28/2024 12:49:00 PM,5.0,4,4,14,6,1,4,3,0,1,1,FOLLOWING TOO CLOSELY,2,1,0.0,0.0,0.0,0.0,0.0,2.0,12,1,1,01/28/2024,2024-01-28,12:49:00
02/15/2024 05:43:00 PM,7.0,2,5,5,6,1,3,1,1,1,3,DISREGARDING TRAFFIC SIGNALS,2,2,1.0,0.0,0.0,0.0,1.0,2.0,17,5,2,02/15/2024,2024-02-15,17:43:00
05/25/2024 11:30:00 AM,5.0,2,1,14,4,1,3,3,1,1,1,UNABLE TO DETERMINE,2,3,1.0,0.0,0.0,1.0,0.0,3.0,11,7,5,05/25/2024,2024-05-25,11:30:00
03/09/2024 02:43:00 PM,7.0,2,1,14,5,1,3,3,1,1,1,UNABLE TO DETERMINE,2,2,2.0,0.0,0.0,0.0,2.0,3.0,14,7,3,03/09/2024,2024-03-09,14:43:00
06/28/2024 08:00:00 AM,5.0,4,1,3,6,1,1,1,0,1,3,FAILING TO YIELD RIGHT-OF-WAY,2,1,0.0,0.0,0.0,0.0,0.0,3.0,8,6,6,06/28/2024,2024-06-28,08:00:00
05/07/2024 01:30:00 PM,7.0,2,1,14,5,1,3,3,1,1,3,NOT APPLICABLE,2,2,1.0,0.0,0.0,0.0,1.0,1.0,13,3,5,05/07/2024,2024-05-07,13:30:00
03/05/2024 11:00:00 AM,7.0,2,1,5,5,1,3,3,0,1,2,UNABLE TO DETERMINE,2,1,0.0,0.0,0.0,0.0,0.0,2.0,11,3,3,03/05/2024,2024-03-05,11:00:00
04/09/2024 11:00:00 PM,1.0,2,1,6,5,1,1,1,0,1,3,NOT APPLICABLE,2,1,0.0,0.0,0.0,0.0,0.0,3.0,23,3,4,04/09/2024,2024-04-09,23:00:00
02/03/2024 08:20:00 PM,1.0,2,1,5,2,1,1,1,0,0,3,UNABLE TO DETERMINE,2,1,0.0,0.0,0.0,0.0,0.0,2.0,20,7,2,02/03/2024,2024-02-03,20:20:00
03/11/2024 04:15:00 PM,3.0,2,1,11,6,1,3,3,1,0,3,FAILING TO REDUCE SPEED TO AVOID CRASH,2,2,1.0,0.0,0.0,0.0,1.0,0.0,16,2,3,03/11/2024,2024-03-11,16:15:00
07/05/2024 08:36:00 AM,5.0,2,1,5,6,1,3,1,0,1,3,DISREGARDING TRAFFIC SIGNALS,2,1,0.0,0.0,0.0,0.0,0.0,2.0,8,6,7,07/05/2024,2024-07-05,08:36:00
07/27/2024 03:30:00 PM,4.0,2,1,4,9,1,3,1,0,1,3,UNABLE TO DETERMINE,2,1,0.0,0.0,0.0,0.0,0.0,3.0,15,7,7,07/27/2024,2024-07-27,15:30:00
01/30/2024 10:00:00 AM,5.0,3,1,13,6,1,4,3,1,1,1,UNABLE TO DETERMINE,2,3,1.0,0.0,0.0,1.0,0.0,1.0,10,3,1,01/30/2024,2024-01-30,10:00:00
02/16/2024 03:05:00 PM,7.0,2,1,6,6,1,1,1,0,1,3,DISTRACTION - FROM INSIDE VEHICLE,2,1,0.0,0.0,0.0,0.0,0.0,2.0,15,6,2,02/16/2024,2024-02-16,15:05:00
07/06/2024 07:50:00 PM,7.0,2,4,6,2,1,3,3,0,1,3,FAILING TO YIELD RIGHT-OF-WAY,2,1,0.0,0.0,0.0,0.0,0.0,2.0,19,7,7,07/06/2024,2024-07-06,19:50:00
01/06/2024 02:50:00 PM,5.0,1,1,6,6,1,1,1,0,1,2,UNABLE TO DETERMINE,2,1,0.0,0.0,0.0,0.0,0.0,2.0,14,7,1,01/06/2024,2024-01-06,14:50:00
07/30/2024 01:20:00 PM,5.0,2,1,6,5,1,3,3,0,1,2,UNABLE TO DETERMINE,2,1,0.0,0.0,0.0,0.0,0.0,2.0,13,3,7,07/30/2024,2024-07-30,13:20:00
07/05/2024 01:00:00 AM,8.0,2,4,5,6,1,3,3,1,1,3,DISREGARDING TRAFFIC SIGNALS,2,3,1.0,0.0,0.0,1.0,0.0,1.0,1,6,7,07/05/2024,2024-07-05,01:00:00
02/20/2024 04:00:00 PM,3.0,2,1,6,5,1,3,3,0,1,3,UNABLE TO DETERMINE,2,1,0.0,0.0,0.0,0.0,0.0,2.0,16,3,2,02/20/2024,2024-02-20,16:00:00
05/18/2024 11:30:00 AM,5.0,2,4,4,10,1,3,3,0,1,1,UNABLE TO DETERMINE,2,1,0.0,0.0,0.0,0.0,0.0,3.0,11,7,5,05/18/2024,2024-05-18,11:30:00
03/05/2024 07:00:00 AM,5.0,4,1,5,6,1,4,3,0,1,3,DISREGARDING TRAFFIC SIGNALS,2,1,0.0,0.0,0.0,0.0,0.0,4.0,7,3,3,03/05/2024,2024-03-05,07:00:00
05/17/2024 03:10:00 PM,3.0,2,1,5,10,1,3,3,1,1,3,FAILING TO YIELD RIGHT-OF-WAY,2,3,1.0,0.0,0.0,1.0,0.0,1.0,15,6,5,05/17/2024,2024-05-17,15:10:00
04/03/2024 09:00:00 AM,7.0,4,1,4,5,1,4,3,0,1,3,FOLLOWING TOO CLOSELY,2,1,0.0,0.0,0.0,0.0,0.0,2.0,9,4,4,04/03/2024,2024-04-03,09:00:00
02/12/2024 07:20:00 AM,3.0,2,1,5,6,1,1,1,0,1,2,UNABLE TO DETERMINE,2,1,0.0,0.0,0.0,0.0,0.0,2.0,7,2,2,02/12/2024,2024-02-12,07:20:00
05/18/2024 11:25:00 AM,5.0,2,1,4,5,1,3,3,0,0,3,UNABLE TO DETERMINE,2,1,0.0,0.0,0.0,0.0,0.0,3.0,11,7,5,05/18/2024,2024-05-18,11:25:00
04/02/2024 12:28:00 PM,5.0,4,5,6,7,1,4,3,1,1,3,FAILING TO YIELD RIGHT-OF-WAY,2,1,0.0,0.0,0.0,0.0,0.0,2.0,12,3,4,04/02/2024,2024-04-02,12:28:00
02/05/2024 02:10:00 PM,5.0,2,1,6,6,1,3,3,0,1,3,IMPROPER TURNING/NO SIGNAL,2,1,0.0,0.0,0.0,0.0,0.0,2.0,14,2,2,02/05/2024,2024-02-05,14:10:00
06/09/2024 06:30:00 AM,5.0,2,1,3,6,1,3,3,1,1,3,UNABLE TO DETERMINE,2,3,1.0,0.0,0.0,1.0,0.0,1.0,6,1,6,06/09/2024,2024-06-09,06:30:00
06/10/2024 12:25:00 PM,5.0,2,1,8,6,1,3,3,0,1,2,IMPROPER BACKING,2,1,0.0,0.0,0.0,0.0,0.0,2.0,12,2,6,06/10/2024,2024-06-10,12:25:00
05/28/2024 10:00:00 AM,5.0,2,1,4,4,1,3,3,1,1,3,EQUIPMENT - VEHICLE CONDITION,2,1,0.0,0.0,0.0,0.0,0.0,2.0,10,3,5,05/28/2024,2024-05-28,10:00:00