crash_date,traffic_control_device,weather_condition,lighting_condition,first_crash_type,trafficway_type,alignment,roadway_surface_cond,road_defect,crash_type,intersection_related_i,damage,prim_contributory_cause,num_units,most_severe_injury,injuries_total,injuries_fatal,injuries_incapacitating,injuries_non_incapacitating,injuries_reported_not_evident,injuries_no_indication,crash_hour,crash_day_of_week,crash_month,parsed_datetime,date,time
05/01/2024 05:43:00 PM,5.0,2,1,4,6,1,3,3,0,1,3,FOLLOWING TOO CLOSELY,2,1,0.0,0.0,0.0,0.0,0.0,5.0,17,4,5,05/01/2024,2024-05-01,17:43:00
06/07/2024 09:15:00 PM,5.0,2,4,6,1,1,3,3,0,1,2,UNABLE TO DETERMINE,2,1,0.0,0.0,0.0,0.0,0.0,2.0,21,6,6,06/07/2024,2024-06-07,21:15:00
07/31/2024 05:25:00 PM,7.0,2,1,7,6,1,3,1,0,1,3,UNABLE TO DETERMINE,2,1,0.0,0.0,0.0,0.0,0.0,2.0,17,4,7,07/31/2024,2024-07-31,17:25:00
05/10/2024 10:50:00 AM,5.0,2,1,4,5,1,3,3,0,1,2,IMPROPER LANE USAGE,2,1,0.0,0.0,0.0,0.0,0.0,2.0,10,6,5,05/10/2024,2024-05-10,10:50:00
06/11/2024 11:25:00 AM,5.0,2,1,3,10,1,3,3,0,1,3,DRIVING SKILLS/KNOWLEDGE/EXPERIENCE,2,1,0.0,0.0,0.0,0.0,0.0,3.0,11,3,6,06/11/2024,2024-06-11,11:25:00
07/28/2024 01:30:00 PM,3.0,2,1,6,4,1,3,3,1,0,3,IMPROPER LANE USAGE,2,1,0.0,0.0,0.0,0.0,0.0,2.0,13,1,7,07/28/2024,2024-07-28,13:30:00
05/09/2024 09:30:00 PM,5.0,2,4,6,5,1,4,3,0,1,3,UNABLE TO DETERMINE,2,1,0.0,0.0,0.0,0.0,0.0,2.0,21,5,5,05/09/2024,2024-05-09,21:30:00
03/30/2024 06:00:00 PM,5.0,2,1,13,6,1,3,1,1,1,3,NOT APPLICABLE,2,2,1.0,0.0,0.0,0.0,1.0,1.0,18,7,3,03/30/2024,2024-03-30,18:00:00
07/10/2024 03:18:00 PM,1.0,2,1,5,4,1,3,1,1,1,3,UNABLE TO DETERMINE,2,1,0.0,0.0,0.0,0.0,0.0,6.0,15,4,7,07/10/2024,2024-07-10,15:18:00
06/29/2024 04:40:00 PM,5.0,2,1,6,6,1,3,3,0,1,3,IMPROPER TURNING/NO SIGNAL,2,1,0.0,0.0,0.0,0.0,0.0,2.0,16,7,6,06/29/2024,2024-06-29,16:40:00
07/13/2024 03:00:00 PM,5.0,2,1,4,4,1,3,1,0,1,3,FAILING TO REDUCE SPEED TO AVOID CRASH,2,1,0.0,0.0,0.0,0.0,0.0,4.0,15,7,7,07/13/2024,2024-07-13,15:00:00
05/26/2024 04:50:00 PM,5.0,2,1,5,5,1,3,3,0,1,3,UNABLE TO DETERMINE,2,1,0.0,0.0,0.0,0.0,0.0,2.0,16,1,5,05/26/2024,2024-05-26,16:50:00
03/27/2024 02:00:00 PM,5.0,2,1,5,6,1,3,3,0,1,3,FAILING TO YIELD RIGHT-OF-WAY,2,1,0.0,0.0,0.0,0.0,0.0,4.0,14,4,3,03/27/2024,2024-03-27,14:00:00
05/30/2024 09:27:00 AM,5.0,2,1,5,5,1,3,3,1,1,3,EQUIPMENT - VEHICLE CONDITION,2,1,0.0,0.0,0.0,0.0,0.0,2.0,9,5,5,05/30/2024,2024-05-30,09:27:00
04/30/2024 07:25:00 AM,5.0,2,1,4,5,1,3,1,0,1,3,FOLLOWING TOO CLOSELY,2,1,0.0,0.0,0.0,0.0,0.0,4.0,7,3,4,04/30/2024,2024-04-30,07:25:00
02/29/2024 12:04:00 PM,5.0,2,1,13,6,1,3,3,1,1,1,FAILING TO YIELD RIGHT-OF-WAY,2,3,1.0,0.0,0.0,1.0,0.0,1.0,12,5,2,02/29/2024,2024-02-29,12:04:00
01/04/2024 04:00:00 PM,5.0,2,3,6,6,1,3,3,0,1,1,UNABLE TO DETERMINE,2,1,0.0,0.0,0.0,0.0,0.0,3.0,16,5,1,01/04/2024,2024-01-04,16:00:00
02/25/2024 09:20:00 AM,5.0,2,1,4,5,1,3,3,0,1,3,UNABLE TO DETERMINE,2,1,0.0,0.0,0.0,0.0,0.0,3.0,9,1,2,02/25/2024,2024-02-25,09:20:00
04/05/2024 04:12:00 PM,3.0,2,1,6,4,1,3,3,1,1,3,UNABLE TO DETERMINE,2,3,2.0,0.0,0.0,2.0,0.0,0.0,16,6,4,04/05/2024,2024-04-05,16:12:00
06/21/2024 10:00:00 AM,7.0,2,1,5,3,1,3,3,1,1,3,UNABLE TO DETERMINE,2,3,1.0,0.0,0.0,1.0,0.0,1.0,10,6,6,06/21/2024,2024-06-21,10:00:00
01/25/2024 05:28:00 AM,5.0,8,4,5,5,1,4,1,1,1,3,FAILING TO YIELD RIGHT-OF-WAY,2,1,0.0,0.0,0.0,0.0,0.0,3.0,5,5,1,01/25/2024,2024-01-25,05:28:00
01/11/2024 05:22:00 AM,5.0,2,4,5,5,1,4,3,1,1,3,DISREGARDING TRAFFIC SIGNALS,2,3,1.0,0.0,0.0,1.0,0.0,1.0,5,5,1,01/11/2024,2024-01-11,05:22:00
02/06/2024 12:32:00 PM,5.0,2,1,14,5,1,3,3,0,1,1,UNABLE TO DETERMINE,2,1,0.0,0.0,0.0,0.0,0.0,2.0,12,3,2,02/06/2024,2024-02-06,12:32:00
03/19/2024 09:00:00 AM,7.0,2,1,5,5,1,3,3,0,1,3,FAILING TO YIELD RIGHT-OF-WAY,2,1,0.0,0.0,0.0,0.0,0.0,4.0,9,3,3,03/19/2024,2024-03-19,09:00:00
03/22/2024 03:10:00 PM,5.0,5,1,6,5,1,1,1,0,1,1,NOT APPLICABLE,2,1,0.0,0.0,0.0,0.0,0.0,2.0,15,6,3,03/22/2024,2024-03-22,15:10:00
04/24/2024 05:25:00 PM,7.0,2,1,5,6,1,3,3,0,1,3,FAILING TO YIELD RIGHT-OF-WAY,2,1,0.0,0.0,0.0,0.0,0.0,2.0,17,4,4,04/24/2024,2024-04-24,17:25:00
01/08/2024 11:07:00 PM,7.0,2,4,4,1,1,1,1,0,1,3,UNABLE TO DETERMINE,2,1,0.0,0.0,0.0,0.0,0.0,2.0,23,2,1,01/08/2024,2024-01-08,23:07:00
01/11/2024 01:54:00 PM,7.0,2,1,6,7,1,3,3,0,1,3,UNABLE TO DETERMINE,2,1,0.0,0.0,0.0,0.0,0.0,2.0,13,5,1,01/11/2024,2024-01-11,13:54:00
04/19/2024 12:00:00 PM,3.0,2,1,5,4,1,3,3,0,1,2,UNABLE TO DETERMINE,2,1,0.0,0.0,0.0,0.0,0.0,4.0,12,6,4,04/19/2024,2024-04-19,12:00:00
01/04/2024 12:25:00 PM,5.0,2,1,6,4,1,3,3,0,1,2,ROAD ENGINEERING/SURFACE/MARKING DEFECTS,2,1,0.0,0.0,0.0,0.0,0.0,2.0,12,5,1,01/04/2024,2024-01-04,12:25:00
05/02/2024 07:09:00 AM,3.0,2,1,3,5,1,3,3,0,1,3,IMPROPER OVERTAKING/PASSING,2,1,0.0,0.0,0.0,0.0,0.0,2.0,7,5,5,05/02/2024,2024-05-02,07:09:00
05/28/2024 02:00:00 PM,5.0,3,1,4,5,1,3,3,0,1,2,FOLLOWING TOO CLOSELY,2,1,0.0,0.0,0.0,0.0,0.0,2.0,14,3,5,05/28/2024,2024-05-28,14:00:00
03/22/2024 11:50:00 AM,5.0,3,1,6,5,1,4,3,0,1,3,IMPROPER TURNING/NO SIGNAL,2,1,0.0,0.0,0.0,0.0,0.0,2.0,11,6,3,03/22/2024,2024-03-22,11:50:00
05/18/2024 02:21:00 PM,7.0,2,1,5,5,1,3,3,0,1,3,UNABLE TO DETERMINE,2,1,0.0,0.0,0.0,0.0,0.0,5.0,14,7,5,05/18/2024,2024-05-18,14:21:00
07/29/2024 09:10:00 AM,5.0,4,1,6,6,1,4,3,0,1,2,UNABLE TO DETERMINE,2,1,0.0,0.0,0.0,0.0,0.0,2.0,9,2,7,07/29/2024,2024-07-29,09:10:00
03/15/2024 03:10:00 PM,3.0,2,1,6,7,1,1,1,0,1,3,UNABLE TO DETERMINE,2,1,0.0,0.0,0.0,0.0,0.0,2.0,15,6,3,03/15/2024,2024-03-15,15:10:00
02/04/2024 05:20:00 AM,5.0,2,4,4,5,1,3,3,0,1,3,NOT APPLICABLE,2,1,0.0,0.0,0.0,0.0,0.0,2.0,5,1,2,02/04/2024,2024-02-04,05:20:00
05/21/2024 11:00:00 AM,5.0,2,1,13,5,1,3,3,1,1,1,UNABLE TO DETERMINE,2,3,1.0,0.0,0.0,1.0,0.0,1.0,11,3,5,05/21/2024,2024-05-21,11:00:00
07/19/2024 02:40:00 PM,1.0,2,1,4,6,1,1,1,0,1,3,UNABLE TO DETERMINE,2,1,0.0,0.0,0.0,0.0,0.0,3.0,14,6,7,07/19/2024,2024-07-19,14:40:00
03/05/2024 12:55:00 PM,5.0,2,1,4,5,1,3,3,0,1,3,UNABLE TO DETERMINE,2,1,0.0,0.0,0.0,0.0,0.0,2.0,12,3,3,03/05/2024,2024-03-05,12:55:00
03/14/2024 11:30:00 AM,7.0,3,1,11,7,1,4,3,0,1,3,UNABLE TO DETERMINE,2,1,0.0,0.0,0.0,0.0,0.0,1.0,11,5,3,03/14/2024,2024-03-14,11:30:00
08/03/2024 04:00:00 PM,5.0,2,1,14,4,1,3,3,0,1,1,UNABLE TO DETERMINE,2,1,0.0,0.0,0.0,0.0,0.0,2.0,16,7,8,08/03/2024,2024-08-03,16:00:00
02/11/2024 02:35:00 PM,5.0,2,1,13,4,1,3,3,1,1,1,PHYSICAL CONDITION OF DRIVER,2,3,1.0,0.0,0.0,1.0,0.0,1.0,14,1,2,02/11/2024,2024-02-11,14:35:00
07/15/2024 07:20:00 AM,5.0,2,1,5,7,1,3,3,1,1,3,UNABLE TO DETERMINE,2,3,1.0,0.0,0.0,1.0,0.0,1.0,7,2,7,07/15/2024,2024-07-15,07:20:00
05/12/2024 12:50:00 AM,5.0,2,4,13,7,1,3,3,1,1,1,FAILING TO YIELD RIGHT-OF-WAY,2,3,1.0,0.0,0.0,1.0,0.0,2.0,0,1,5,05/12/2024,2024-05-12,00:50:00
06/07/2024 11:26:00 AM,7.0,2,1,6,7,1,3,3,0,1,3,DISREGARDING ROAD MARKINGS,2,1,0.0,0.0,0.0,0.0,0.0,4.0,11,6,6,06/07/2024,2024-06-07,11:26:00
01/30/2024 07:10:00 AM,5.0,4,1,6,5,1,4,3,1,1,3,IMPROPER TURNING/NO SIGNAL,2,3,1.0,0.0,0.0,1.0,0.0,1.0,7,3,1,01/30/2024,2024-01-30,07:10:00
03/20/2024 07:24:00 AM,7.0,2,1,11,6,1,3,3,1,1,3,NOT APPLICABLE,2,1,0.0,0.0,0.0,0.0,0.0,1.0,7,4,3,03/20/2024,2024-03-20,07:24:00
06/02/2024 12:17:00 PM,5.0,2,1,6,7,1,1,1,0,1,2,UNABLE TO DETERMINE,2,1,0.0,0.0,0.0,0.0,0.0,3.0,12,1,6,06/02/2024,2024-06-02,12:17:00
02/27/2024 08:10:00 AM,5.0,4,1,6,7,1,4,3,0,1,3,UNABLE TO DETERMINE,2,1,0.0,0.0,0.0,0.0,0.0,2.0,8,3,2,02/27/2024,2024-02-27,08:10:00
01/11/2024 08:48:00 PM,7.0,2,4,5,5,1,1,1,0,1,3,FAILING TO YIELD RIGHT-OF-WAY,2,1,0.0,0.0,0.0,0.0,0.0,2.0,20,5,1,01/11/2024,2024-01-11,20:48:00
02/23/2024 11:26:00 PM,7.0,5,4,6,6,1,4,3,0,1,3,DISREGARDING STOP SIGN,2,1,0.0,0.0,0.0,0.0,0.0,5.0,23,6,2,02/23/2024,2024-02-23,23:26:00
07/04/2024 09:14:00 PM,5.0,2,4,4,14,1,3,3,0,1,2,FOLLOWING TOO CLOSELY,2,1,0.0,0.0,0.0,0.0,0.0,3.0,21,5,7,07/04/2024,2024-07-04,21:14:00
07/07/2024 05:12:00 PM,5.0,4,1,6,7,1,4,3,0,1,3,DRIVING SKILLS/KNOWLEDGE/EXPERIENCE,2,1,0.0,0.0,0.0,0.0,0.0,6.0,17,1,7,07/07/2024,2024-07-07,17:12:00
01/03/2024 07:00:00 AM,5.0,2,1,4,14,1,4,3,1,1,3,FOLLOWING TOO CLOSELY,2,2,1.0,0.0,0.0,0.0,1.0,1.0,7,4,1,01/03/2024,2024-01-03,07:00:00
02/24/2024 09:42:00 AM,3.0,2,1,13,6,1,3,3,1,1,3,UNABLE TO DETERMINE,2,3,1.0,0.0,0.0,1.0,0.0,2.0,9,7,2,02/24/2024,2024-02-24,09:42:00
01/09/2024 05:15:00 AM,7.0,5,4,3,6,1,5,3,1,1,3,WEATHER,2,1,0.0,0.0,0.0,0.0,0.0,2.0,5,3,1,01/09/2024,2024-01-09,05:15:00
06/22/2024 05:45:00 PM,5.0,2,1,6,6,1,3,3,0,1,3,IMPROPER OVERTAKING/PASSING,2,1,0.0,0.0,0.0,0.0,0.0,2.0,17,7,6,06/22/2024,2024-06-22,17:45:00
04/11/2024 02:22:00 PM,5.0,2,1,6,5,1,3,3,0,1,3,FAILING TO YIELD RIGHT-OF-WAY,2,1,0.0,0.0,0.0,0.0,0.0,2.0,14,5,4,04/11/2024,2024-04-11,14:22:00
06/21/2024 12:30:00 PM,5.0,2,1,6,1,1,1,1,0,1,3,UNABLE TO DETERMINE,2,1,0.0,0.0,0.0,0.0,0.0,6.0,12,6,6,06/21/2024,2024-06-21,12:30:00
07/02/2024 11:29:00 AM,7.0,2,1,5,3,1,3,3,1,1,3,FAILING TO YIELD RIGHT-OF-WAY,2,1,0.0,0.0,0.0,0.0,0.0,2.0,11,3,7,07/02/2024,2024-07-02,11:29:00
06/20/2024 04:42:00 PM,7.0,2,1,16,4,1,3,3,0,1,1,FAILING TO YIELD RIGHT-OF-WAY,2,1,0.0,0.0,0.0,0.0,0.0,2.0,16,5,6,06/20/2024,2024-06-20,16:42:00
07/14/2024 02:09:00 AM,5.0,4,4,4,5,1,4,3,0,1,3,FOLLOWING TOO CLOSELY,2,1,0.0,0.0,0.0,0.0,0.0,3.0,2,1,7,07/14/2024,2024-07-14,02:09:00
08/01/2024 07:00:00 AM,5.0,3,1,6,5,1,3,3,0,1,3,IMPROPER TURNING/NO SIGNAL,2,1,0.0,0.0,0.0,0.0,0.0,2.0,7,5,8,08/01/2024,2024-08-01,07:00:00
04/13/2024 09:55:00 PM,5.0,2,1,4,5,1,1,1,1,1,3,UNABLE TO DETERMINE,2,2,1.0,0.0,0.0,0.0,1.0,1.0,21,7,4,04/13/2024,2024-04-13,21:55:00
07/27/2024 09:10:00 AM,5.0,2,1,4,7,1,3,3,1,1,1,FOLLOWING TOO CLOSELY,2,2,1.0,0.0,0.0,0.0,1.0,4.0,9,7,7,07/27/2024,2024-07-27,09:10:00
08/08/2024 11:40:00 AM,5.0,2,1,6,5,1,3,3,0,1,3,FAILING TO YIELD RIGHT-OF-WAY,2,1,0.0,0.0,0.0,0.0,0.0,2.0,11,5,8,08/08/2024,2024-08-08,11:40:00
06/11/2024 04:36:00 PM,5.0,2,1,4,4,1,3,3,0,1,3,FAILING TO REDUCE SPEED TO AVOID CRASH,2,1,0.0,0.0,0.0,0.0,0.0,2.0,16,3,6,06/11/2024,2024-06-11,16:36:00
08/11/2024 08:30:00 PM,5.0,2,5,5,6,1,3,3,0,1,3,DISREGARDING TRAFFIC SIGNALS,2,1,0.0,0.0,0.0,0.0,0.0,2.0,20,1,8,08/11/2024,2024-08-11,20:30:00
04/02/2024 02:11:00 PM,7.0,4,1,5,2,1,4,1,1,1,3,DISREGARDING STOP SIGN,2,1,0.0,0.0,0.0,0.0,0.0,3.0,14,3,4,04/02/2024,2024-04-02,14:11:00
06/16/2024 11:30:00 PM,5.0,2,4,13,6,1,3,3,1,1,3,UNABLE TO DETERMINE,2,3,1.0,0.0,0.0,1.0,0.0,1.0,23,1,6,06/16/2024,2024-06-16,23:30:00
04/10/2024 01:49:00 PM,5.0,2,1,13,5,1,3,3,1,1,1,FAILING TO YIELD RIGHT-OF-WAY,2,3,1.0,0.0,0.0,1.0,0.0,1.0,13,4,4,04/10/2024,2024-04-10,13:49:00
04/27/2024 10:00:00 AM,5.0,2,1,4,6,1,3,3,0,1,3,FOLLOWING TOO CLOSELY,2,1,0.0,0.0,0.0,0.0,0.0,2.0,10,7,4,04/27/2024,2024-04-27,10:00:00
06/07/2024 12:12:00 PM,5.0,2,1,8,5,1,3,3,0,1,3,"OPERATING VEHICLE IN ERRATIC, RECKLESS, CARELESS, NEGLIGENT OR AGGRESSIVE MANNER",2,1,0.0,0.0,0.0,0.0,0.0,2.0,12,6,6,06/07/2024,2024-06-07,12:12:00
08/10/2024 10:00:00 PM,5.0,2,4,4,6,1,3,3,0,1,1,FAILING TO REDUCE SPEED TO AVOID CRASH,2,1,0.0,0.0,0.0,0.0,0.0,3.0,22,7,8,08/10/2024,2024-08-10,22:00:00
01/26/2024 02:21:00 PM,5.0,4,1,5,5,1,4,3,1,1,3,UNABLE TO DETERMINE,2,1,0.0,0.0,0.0,0.0,0.0,2.0,14,6,1,01/26/2024,2024-01-26,14:21:00
01/22/2024 08:52:00 PM,5.0,6,4,6,4,1,5,3,1,1,3,FAILING TO REDUCE SPEED TO AVOID CRASH,2,3,1.0,0.0,0.0,1.0,0.0,2.0,20,2,1,01/22/2024,2024-01-22,20:52:00
04/16/2024 03:00:00 PM,5.0,2,1,3,5,1,3,1,0,1,2,IMPROPER OVERTAKING/PASSING,2,1,0.0,0.0,0.0,0.0,0.0,2.0,15,3,4,04/16/2024,2024-04-16,15:00:00
05/22/2024 01:50:00 PM,3.0,2,1,6,16,1,3,3,0,1,3,UNABLE TO DETERMINE,2,1,0.0,0.0,0.0,0.0,0.0,2.0,13,4,5,05/22/2024,2024-05-22,13:50:00
05/24/2024 05:41:00 PM,5.0,3,1,5,5,1,3,3,1,1,3,DISREGARDING TRAFFIC SIGNALS,2,1,0.0,0.0,0.0,0.0,0.0,3.0,17,6,5,05/24/2024,2024-05-24,17:41:00
03/14/2024 10:30:00 PM,5.0,2,4,3,5,1,3,3,0,1,2,IMPROPER OVERTAKING/PASSING,2,1,0.0,0.0,0.0,0.0,0.0,2.0,22,5,3,03/14/2024,2024-03-14,22:30:00
07/02/2024 12:50:00 PM,5.0,2,1,3,7,1,3,3,0,1,2,IMPROPER OVERTAKING/PASSING,2,1,0.0,0.0,0.0,0.0,0.0,2.0,12,3,7,07/02/2024,2024-07-02,12:50:00
03/23/2024 01:53:00 PM,7.0,2,1,6,6,1,3,3,1,1,3,FAILING TO REDUCE SPEED TO AVOID CRASH,2,2,1.0,0.0,0.0,0.0,1.0,2.0,13,7,3,03/23/2024,2024-03-23,13:53:00
08/10/2024 06:54:00 PM,7.0,2,2,5,4,1,3,1,1,1,3,FAILING TO YIELD RIGHT-OF-WAY,2,1,0.0,0.0,0.0,0.0,0.0,4.0,18,7,8,08/10/2024,2024-08-10,18:54:00
05/12/2024 08:30:00 PM,7.0,2,4,8,6,1,3,3,0,1,3,IMPROPER BACKING,2,1,0.0,0.0,0.0,0.0,0.0,2.0,20,1,5,05/12/2024,2024-05-12,20:30:00
04/09/2024 07:35:00 AM,5.0,2,1,4,6,1,3,3,0,1,3,FOLLOWING TOO CLOSELY,2,1,0.0,0.0,0.0,0.0,0.0,3.0,7,3,4,04/09/2024,2024-04-09,07:35:00
02/10/2024 02:00:00 PM,7.0,2,1,6,5,1,3,3,0,1,2,UNABLE TO DETERMINE,2,1,0.0,0.0,0.0,0.0,0.0,2.0,14,7,2,02/10/2024,2024-02-10,14:00:00
02/10/2024 06:40:00 PM,1.0,2,1,3,6,1,1,1,0,0,1,IMPROPER LANE USAGE,2,1,0.0,0.0,0.0,0.0,0.0,2.0,18,7,2,02/10/2024,2024-02-10,18:40:00
05/21/2024 04:00:00 PM,5.0,2,1,6,4,1,3,3,0,1,3,UNABLE TO DETERMINE,2,1,0.0,0.0,0.0,0.0,0.0,2.0,16,3,5,05/21/2024,2024-05-21,16:00:00
05/12/2024 04:30:00 PM,5.0,2,1,6,5,1,3,3,1,1,3,FAILING TO YIELD RIGHT-OF-WAY,2,2,1.0,0.0,0.0,0.0,1.0,1.0,16,1,5,05/12/2024,2024-05-12,16:30:00
08/12/2024 08:15:00 AM,3.0,2,1,4,7,1,3,3,0,1,2,IMPROPER OVERTAKING/PASSING,2,1,0.0,0.0,0.0,0.0,0.0,2.0,8,2,8,08/12/2024,2024-08-12,08:15:00
07/06/2024 11:47:00 PM,3.0,2,4,6,7,1,3,3,1,1,3,FAILING TO YIELD RIGHT-OF-WAY,2,2,1.0,0.0,0.0,0.0,1.0,1.0,23,7,7,07/06/2024,2024-07-06,23:47:00
08/01/2024 10:58:00 PM,5.0,4,4,4,6,1,4,1,0,1,2,DISTRACTION - FROM INSIDE VEHICLE,2,1,0.0,0.0,0.0,0.0,0.0,2.0,22,5,8,08/01/2024,2024-08-01,22:58:00
05/23/2024 05:15:00 PM,5.0,2,1,6,6,1,3,3,1,1,3,FAILING TO YIELD RIGHT-OF-WAY,2,2,1.0,0.0,0.0,0.0,1.0,1.0,17,5,5,05/23/2024,2024-05-23,17:15:00
05/11/2024 10:50:00 PM,5.0,2,4,3,6,1,3,3,0,1,3,UNABLE TO DETERMINE,2,1,0.0,0.0,0.0,0.0,0.0,3.0,22,7,5,05/11/2024,2024-05-11,22:50:00
04/20/2024 03:04:00 PM,3.0,3,1,6,6,1,3,3,1,1,3,IMPROPER TURNING/NO SIGNAL,2,1,0.0,0.0,0.0,0.0,0.0,3.0,15,7,4,04/20/2024,2024-04-20,15:04:00
03/12/2024 09:22:00 PM,5.0,2,4,14,5,1,3,3,1,1,3,FAILING TO YIELD RIGHT-OF-WAY,2,3,1.0,0.0,0.0,1.0,0.0,1.0,21,3,3,03/12/2024,2024-03-12,21:22:00
01/26/2024 06:24:00 PM,5.0,4,4,6,5,1,4,3,0,1,3,IMPROPER TURNING/NO SIGNAL,2,1,0.0,0.0,0.0,0.0,0.0,2.0,18,6,1,01/26/2024,2024-01-26,18:24:00
04/05/2024 06:00:00 PM,5.0,2,1,10,4,1,3,3,0,1,3,FAILING TO YIELD RIGHT-OF-WAY,2,1,0.0,0.0,0.0,0.0,0.0,2.0,18,6,4,04/05/2024,2024-04-05,18:00:00
07/30/2024 12:10:00 PM,5.0,2,1,6,5,1,3,3,1,1,3,FAILING TO YIELD RIGHT-OF-WAY,2,2,1.0,0.0,0.0,0.0,1.0,1.0,12,3,7,07/30/2024,2024-07-30,12:10:00
01/26/2024 06:35:00 PM,5.0,2,5,6,12,1,1,1,0,1,3,UNABLE TO DETERMINE,2,1,0.0,0.0,0.0,0.0,0.0,2.0,18,6,1,01/26/2024,2024-01-26,18:35:00
02/20/2024 10:30:00 AM,7.0,2,1,6,5,1,3,3,1,1,3,UNABLE TO DETERMINE,2,3,1.0,0.0,0.0,1.0,0.0,1.0,10,3,2,02/20/2024,2024-02-20,10:30:00
06/01/2024 02:29:00 PM,3.0,2,1,6,6,1,4,3,1,1,3,IMPROPER TURNING/NO SIGNAL,2,3,1.0,0.0,0.0,1.0,0.0,1.0,14,7,6,06/01/2024,2024-06-01,14:29:00
03/22/2024 04:45:00 PM,3.0,2,1,6,4,1,4,3,0,1,3,UNABLE TO DETERMINE,2,1,0.0,0.0,0.0,0.0,0.0,2.0,16,6,3,03/22/2024,2024-03-22,16:45:00
06/05/2024 03:00:00 PM,5.0,2,1,6,6,1,3,3,0,1,3,DRIVING SKILLS/KNOWLEDGE/EXPERIENCE,2,1,0.0,0.0,0.0,0.0,0.0,4.0,15,4,6,06/05/2024,2024-06-05,15:00:00
08/03/2024 04:39:00 PM,7.0,2,1,6,7,1,3,1,1,1,3,CELL PHONE USE OTHER THAN TEXTING,2,1,0.0,0.0,0.0,0.0,0.0,3.0,16,7,8,08/03/2024,2024-08-03,16:39:00
03/20/2024 02:30:00 PM,5.0,2,1,9,4,1,3,3,1,1,3,DRIVING ON WRONG SIDE/WRONG WAY,2,2,2.0,0.0,0.0,0.0,2.0,0.0,14,4,3,03/20/2024,2024-03-20,14:30:00
07/13/2024 02:20:00 AM,5.0,2,4,5,5,1,3,3,1,1,3,DISREGARDING TRAFFIC SIGNALS,2,3,2.0,0.0,0.0,2.0,0.0,1.0,2,7,7,07/13/2024,2024-07-13,02:20:00
01/14/2024 03:45:00 PM,3.0,3,3,4,4,1,5,3,0,1,1,FAILING TO REDUCE SPEED TO AVOID CRASH,2,1,0.0,0.0,0.0,0.0,0.0,2.0,15,1,1,01/14/2024,2024-01-14,15:45:00
08/12/2024 11:05:00 AM,7.0,2,1,4,5,1,3,3,0,1,3,FOLLOWING TOO CLOSELY,2,1,0.0,0.0,0.0,0.0,0.0,2.0,11,2,8,08/12/2024,2024-08-12,11:05:00
02/18/2024 12:10:00 PM,5.0,2,1,5,6,1,3,3,0,1,3,FAILING TO YIELD RIGHT-OF-WAY,2,1,0.0,0.0,0.0,0.0,0.0,2.0,12,1,2,02/18/2024,2024-02-18,12:10:00
02/26/2024 04:42:00 PM,5.0,2,1,6,5,1,3,1,0,1,3,IMPROPER OVERTAKING/PASSING,2,1,0.0,0.0,0.0,0.0,0.0,2.0,16,2,2,02/26/2024,2024-02-26,16:42:00
03/09/2024 08:40:00 PM,3.0,2,5,6,6,1,3,3,0,0,3,UNABLE TO DETERMINE,2,1,0.0,0.0,0.0,0.0,0.0,2.0,20,7,3,03/09/2024,2024-03-09,20:40:00
01/25/2024 03:50:00 PM,3.0,3,1,6,4,1,3,3,0,1,2,IMPROPER TURNING/NO SIGNAL,2,1,0.0,0.0,0.0,0.0,0.0,2.0,15,5,1,01/25/2024,2024-01-25,15:50:00
06/05/2024 06:54:00 PM,5.0,2,1,14,5,1,3,3,1,1,1,FAILING TO YIELD RIGHT-OF-WAY,2,2,1.0,0.0,0.0,0.0,1.0,1.0,18,4,6,06/05/2024,2024-06-05,18:54:00
06/25/2024 09:46:00 PM,3.0,2,4,13,6,1,3,3,1,1,1,UNABLE TO DETERMINE,2,3,1.0,0.0,0.0,1.0,0.0,1.0,21,3,6,06/25/2024,2024-06-25,21:46:00
06/29/2024 04:30:00 PM,7.0,2,1,5,7,1,3,1,0,1,3,UNABLE TO DETERMINE,2,1,0.0,0.0,0.0,0.0,0.0,3.0,16,7,6,06/29/2024,2024-06-29,16:30:00
03/18/2024 05:37:00 PM,7.0,2,1,4,4,1,3,3,0,1,3,FAILING TO REDUCE SPEED TO AVOID CRASH,2,1,0.0,0.0,0.0,0.0,0.0,4.0,17,2,3,03/18/2024,2024-03-18,17:37:00
02/13/2024 09:00:00 PM,5.0,2,1,3,10,1,3,1,0,1,3,UNABLE TO DETERMINE,2,1,0.0,0.0,0.0,0.0,0.0,2.0,21,3,2,02/13/2024,2024-02-13,21:00:00
03/20/2024 04:15:00 PM,3.0,2,1,4,4,1,3,3,0,1,3,FAILING TO REDUCE SPEED TO AVOID CRASH,2,1,0.0,0.0,0.0,0.0,0.0,2.0,16,4,3,03/20/2024,2024-03-20,16:15:00
05/24/2024 11:19:00 PM,3.0,2,4,6,7,1,4,3,0,1,3,FAILING TO YIELD RIGHT-OF-WAY,2,1,0.0,0.0,0.0,0.0,0.0,2.0,23,6,5,05/24/2024,2024-05-24,23:19:00
07/19/2024 01:00:00 PM,3.0,2,1,8,6,1,3,3,0,1,3,IMPROPER BACKING,2,1,0.0,0.0,0.0,0.0,0.0,2.0,13,6,7,07/19/2024,2024-07-19,13:00:00