crash_date,traffic_control_device,weather_condition,lighting_condition,first_crash_type,trafficway_type,alignment,roadway_surface_cond,road_defect,crash_type,intersection_related_i,damage,prim_contributory_cause,num_units,most_severe_injury,injuries_total,injuries_fatal,injuries_incapacitating,injuries_non_incapacitating,injuries_reported_not_evident,injuries_no_indication,crash_hour,crash_day_of_week,crash_month,parsed_datetime,date,time
05/03/2024 04:30:00 AM,7.0,2,1,6,4,1,3,3,0,1,1,IMPROPER TURNING/NO SIGNAL,2,1,0.0,0.0,0.0,0.0,0.0,2.0,4,6,5,05/03/2024,2024-05-03,04:30:00
05/27/2024 12:10:00 AM,5.0,2,4,5,5,1,4,3,1,1,3,DISREGARDING TRAFFIC SIGNALS,2,3,1.0,0.0,0.0,1.0,0.0,1.0,0,2,5,05/27/2024,2024-05-27,00:10:00
02/15/2024 11:57:00 PM,5.0,2,4,6,1,1,3,3,0,1,3,IMPROPER TURNING/NO SIGNAL,2,1,0.0,0.0,0.0,0.0,0.0,2.0,23,5,2,02/15/2024,2024-02-15,23:57:00
03/12/2024 05:16:00 PM,3.0,2,1,5,6,1,3,3,1,1,3,FAILING TO YIELD RIGHT-OF-WAY,2,1,0.0,0.0,0.0,0.0,0.0,2.0,17,3,3,03/12/2024,2024-03-12,17:16:00
04/04/2024 01:30:00 PM,5.0,4,1,6,7,1,4,3,0,1,3,IMPROPER TURNING/NO SIGNAL,2,1,0.0,0.0,0.0,0.0,0.0,2.0,13,5,4,04/04/2024,2024-04-04,13:30:00
05/04/2024 04:00:00 AM,3.0,2,5,11,10,1,3,3,0,1,3,UNABLE TO DETERMINE,2,1,0.0,0.0,0.0,0.0,0.0,1.0,4,7,5,05/04/2024,2024-05-04,04:00:00
04/05/2024 03:00:00 PM,7.0,2,1,6,10,1,1,1,0,1,2,UNABLE TO DETERMINE,2,1,0.0,0.0,0.0,0.0,0.0,2.0,15,6,4,04/05/2024,2024-04-05,15:00:00
04/02/2024 03:00:00 PM,5.0,4,1,4,4,1,4,3,0,1,3,NOT APPLICABLE,2,1,0.0,0.0,0.0,0.0,0.0,2.0,15,3,4,04/02/2024,2024-04-02,15:00:00
03/10/2024 08:45:00 PM,7.0,2,4,6,6,1,3,3,0,1,2,FAILING TO YIELD RIGHT-OF-WAY,2,1,0.0,0.0,0.0,0.0,0.0,3.0,20,1,3,03/10/2024,2024-03-10,20:45:00
04/12/2024 06:10:00 PM,5.0,2,5,6,9,1,3,1,0,1,3,FOLLOWING TOO CLOSELY,2,1,0.0,0.0,0.0,0.0,0.0,3.0,18,6,4,04/12/2024,2024-04-12,18:10:00
06/28/2024 05:04:00 PM,5.0,4,1,6,6,1,4,3,0,0,2,UNABLE TO DETERMINE,2,1,0.0,0.0,0.0,0.0,0.0,3.0,17,6,6,06/28/2024,2024-06-28,17:04:00
02/20/2024 07:45:00 AM,5.0,2,1,6,5,1,3,3,0,1,3,FAILING TO YIELD RIGHT-OF-WAY,2,1,0.0,0.0,0.0,0.0,0.0,3.0,7,3,2,02/20/2024,2024-02-20,07:45:00
02/25/2024 07:45:00 PM,5.0,2,4,5,5,1,3,1,1,1,3,FAILING TO REDUCE SPEED TO AVOID CRASH,2,3,2.0,0.0,0.0,1.0,1.0,1.0,19,1,2,02/25/2024,2024-02-25,19:45:00
05/09/2024 04:50:00 PM,7.0,4,1,5,5,1,4,1,0,1,3,UNABLE TO DETERMINE,2,1,0.0,0.0,0.0,0.0,0.0,4.0,16,5,5,05/09/2024,2024-05-09,16:50:00
04/09/2024 09:20:00 PM,5.0,2,4,3,5,1,3,3,0,1,3,FAILING TO REDUCE SPEED TO AVOID CRASH,2,1,0.0,0.0,0.0,0.0,0.0,3.0,21,3,4,04/09/2024,2024-04-09,21:20:00
06/11/2024 12:59:00 PM,5.0,2,1,3,4,1,3,1,1,1,3,FAILING TO YIELD RIGHT-OF-WAY,2,1,0.0,0.0,0.0,0.0,0.0,3.0,12,3,6,06/11/2024,2024-06-11,12:59:00
06/26/2024 07:00:00 PM,5.0,2,1,6,12,1,3,3,0,0,3,IMPROPER OVERTAKING/PASSING,2,1,0.0,0.0,0.0,0.0,0.0,2.0,19,4,6,06/26/2024,2024-06-26,19:00:00
07/28/2024 04:19:00 PM,7.0,2,1,4,10,1,3,3,1,1,1,FAILING TO REDUCE SPEED TO AVOID CRASH,2,2,2.0,0.0,0.0,0.0,2.0,2.0,16,1,7,07/28/2024,2024-07-28,16:19:00
03/28/2024 01:13:00 PM,7.0,2,1,5,5,1,3,3,1,1,3,DISREGARDING STOP SIGN,2,2,1.0,0.0,0.0,0.0,1.0,1.0,13,5,3,03/28/2024,2024-03-28,13:13:00
01/24/2024 04:12:00 PM,5.0,4,1,4,5,1,4,3,1,1,3,FOLLOWING TOO CLOSELY,2,2,1.0,0.0,0.0,0.0,1.0,1.0,16,4,1,01/24/2024,2024-01-24,16:12:00
01/20/2024 04:30:00 AM,5.0,2,4,3,9,1,1,3,0,1,2,IMPROPER OVERTAKING/PASSING,2,1,0.0,0.0,0.0,0.0,0.0,2.0,4,7,1,01/20/2024,2024-01-20,04:30:00
06/16/2024 03:06:00 AM,3.0,2,4,11,6,1,3,3,1,0,3,UNABLE TO DETERMINE,2,2,2.0,0.0,0.0,0.0,2.0,0.0,3,1,6,06/16/2024,2024-06-16,03:06:00
01/27/2024 04:30:00 PM,5.0,3,2,3,9,1,4,3,1,1,3,FAILING TO REDUCE SPEED TO AVOID CRASH,2,1,0.0,0.0,0.0,0.0,0.0,3.0,16,7,1,01/27/2024,2024-01-27,16:30:00
03/16/2024 06:30:00 PM,1.0,2,1,3,5,1,1,1,0,1,3,UNABLE TO DETERMINE,2,1,0.0,0.0,0.0,0.0,0.0,2.0,18,7,3,03/16/2024,2024-03-16,18:30:00
04/14/2024 03:30:00 PM,5.0,2,1,6,1,1,1,1,0,1,3,UNABLE TO DETERMINE,2,1,0.0,0.0,0.0,0.0,0.0,2.0,15,1,4,04/14/2024,2024-04-14,15:30:00
05/14/2024 03:30:00 PM,5.0,3,1,3,4,1,3,3,0,1,2,UNABLE TO DETERMINE,2,1,0.0,0.0,0.0,0.0,0.0,2.0,15,3,5,05/14/2024,2024-05-14,15:30:00
07/04/2024 05:01:00 PM,7.0,2,1,6,5,1,3,1,1,1,3,DISTRACTION - FROM OUTSIDE VEHICLE,2,1,0.0,0.0,0.0,0.0,0.0,3.0,17,5,7,07/04/2024,2024-07-04,17:01:00
03/16/2024 10:30:00 AM,5.0,2,1,4,5,1,3,3,1,1,3,UNABLE TO DETERMINE,2,2,2.0,0.0,0.0,0.0,2.0,1.0,10,7,3,03/16/2024,2024-03-16,10:30:00
04/14/2024 02:10:00 PM,7.0,2,1,5,1,1,1,1,0,1,3,UNABLE TO DETERMINE,2,1,0.0,0.0,0.0,0.0,0.0,4.0,14,1,4,04/14/2024,2024-04-14,14:10:00
06/20/2024 09:00:00 PM,5.0,2,1,4,6,1,3,3,0,1,2,UNABLE TO DETERMINE,2,1,0.0,0.0,0.0,0.0,0.0,2.0,21,5,6,06/20/2024,2024-06-20,21:00:00
05/11/2024 03:00:00 PM,1.0,2,1,5,10,1,3,1,0,0,3,DISTRACTION - FROM OUTSIDE VEHICLE,2,1,0.0,0.0,0.0,0.0,0.0,2.0,15,7,5,05/11/2024,2024-05-11,15:00:00
03/06/2024 12:00:00 PM,5.0,2,1,6,10,1,1,3,0,1,3,IMPROPER LANE USAGE,2,1,0.0,0.0,0.0,0.0,0.0,2.0,12,4,3,03/06/2024,2024-03-06,12:00:00
04/19/2024 08:51:00 AM,5.0,2,1,6,5,1,3,3,1,1,3,IMPROPER TURNING/NO SIGNAL,2,3,1.0,0.0,0.0,1.0,0.0,1.0,8,6,4,04/19/2024,2024-04-19,08:51:00
01/10/2024 03:21:00 PM,5.0,2,1,4,10,1,3,3,1,1,3,EQUIPMENT - VEHICLE CONDITION,2,3,1.0,0.0,0.0,1.0,0.0,2.0,15,4,1,01/10/2024,2024-01-10,15:21:00
07/11/2024 06:50:00 PM,5.0,2,1,10,6,1,3,3,0,1,1,NOT APPLICABLE,2,1,0.0,0.0,0.0,0.0,0.0,2.0,18,5,7,07/11/2024,2024-07-11,18:50:00
04/14/2024 12:53:00 AM,5.0,2,4,4,5,1,3,3,1,1,3,UNDER THE INFLUENCE OF ALCOHOL/DRUGS (USE WHEN ARREST IS EFFECTED),2,2,1.0,0.0,0.0,0.0,1.0,2.0,0,1,4,04/14/2024,2024-04-14,00:53:00
03/12/2024 01:04:00 AM,7.0,2,4,5,4,1,3,1,1,1,3,FAILING TO REDUCE SPEED TO AVOID CRASH,2,3,2.0,0.0,0.0,2.0,0.0,1.0,1,3,3,03/12/2024,2024-03-12,01:04:00
04/11/2024 07:00:00 PM,7.0,2,5,4,3,1,3,1,0,1,3,FAILING TO YIELD RIGHT-OF-WAY,2,1,0.0,0.0,0.0,0.0,0.0,4.0,19,5,4,04/11/2024,2024-04-11,19:00:00
06/16/2024 07:10:00 PM,5.0,2,1,3,4,1,3,3,0,1,2,IMPROPER LANE USAGE,2,1,0.0,0.0,0.0,0.0,0.0,2.0,19,1,6,06/16/2024,2024-06-16,19:10:00
07/27/2024 03:45:00 PM,3.0,2,1,4,6,1,3,3,0,1,3,UNABLE TO DETERMINE,2,1,0.0,0.0,0.0,0.0,0.0,2.0,15,7,7,07/27/2024,2024-07-27,15:45:00
06/11/2024 12:14:00 PM,5.0,2,1,5,5,1,3,3,1,1,3,DISREGARDING TRAFFIC SIGNALS,2,3,2.0,0.0,0.0,2.0,0.0,0.0,12,3,6,06/11/2024,2024-06-11,12:14:00
08/04/2024 10:54:00 AM,3.0,2,1,6,7,1,3,3,1,1,3,FAILING TO YIELD RIGHT-OF-WAY,2,2,1.0,0.0,0.0,0.0,1.0,3.0,10,1,8,08/04/2024,2024-08-04,10:54:00
05/01/2024 04:22:00 PM,7.0,2,1,5,6,1,3,3,1,1,3,FAILING TO YIELD RIGHT-OF-WAY,2,1,0.0,0.0,0.0,0.0,0.0,4.0,16,4,5,05/01/2024,2024-05-01,16:22:00
02/06/2024 04:58:00 AM,7.0,2,4,5,5,1,3,3,1,1,3,FAILING TO YIELD RIGHT-OF-WAY,2,1,0.0,0.0,0.0,0.0,0.0,2.0,4,3,2,02/06/2024,2024-02-06,04:58:00
07/20/2024 12:09:00 AM,5.0,2,4,4,5,1,3,3,1,1,3,FAILING TO REDUCE SPEED TO AVOID CRASH,2,1,0.0,0.0,0.0,0.0,0.0,2.0,0,7,7,07/20/2024,2024-07-20,00:09:00
08/19/2024 10:50:00 AM,5.0,2,1,6,5,1,3,3,0,1,3,IMPROPER TURNING/NO SIGNAL,2,1,0.0,0.0,0.0,0.0,0.0,2.0,10,2,8,08/19/2024,2024-08-19,10:50:00
05/04/2024 10:53:00 PM,5.0,2,4,6,14,1,3,3,0,1,2,IMPROPER OVERTAKING/PASSING,2,1,0.0,0.0,0.0,0.0,0.0,2.0,22,7,5,05/04/2024,2024-05-04,22:53:00
01/06/2024 09:22:00 PM,5.0,2,4,6,5,1,4,3,0,1,3,IMPROPER TURNING/NO SIGNAL,2,1,0.0,0.0,0.0,0.0,0.0,2.0,21,7,1,01/06/2024,2024-01-06,21:22:00
03/30/2024 07:08:00 PM,5.0,2,4,6,5,1,3,3,0,1,3,FOLLOWING TOO CLOSELY,2,1,0.0,0.0,0.0,0.0,0.0,2.0,19,7,3,03/30/2024,2024-03-30,19:08:00
02/22/2024 12:12:00 AM,3.0,2,4,6,5,1,3,3,0,1,3,FAILING TO YIELD RIGHT-OF-WAY,2,1,0.0,0.0,0.0,0.0,0.0,6.0,0,5,2,02/22/2024,2024-02-22,00:12:00
07/07/2024 01:05:00 PM,3.0,2,1,5,5,1,3,3,1,1,3,"VISION OBSCURED (SIGNS, TREE LIMBS, BUILDINGS, ETC.)",2,1,0.0,0.0,0.0,0.0,0.0,3.0,13,1,7,07/07/2024,2024-07-07,13:05:00
07/01/2024 04:50:00 PM,5.0,2,1,6,4,1,3,1,1,1,3,IMPROPER OVERTAKING/PASSING,2,2,2.0,0.0,0.0,0.0,2.0,0.0,16,2,7,07/01/2024,2024-07-01,16:50:00
07/23/2024 07:44:00 PM,3.0,2,3,6,5,1,4,3,0,1,2,UNABLE TO DETERMINE,2,1,0.0,0.0,0.0,0.0,0.0,3.0,19,3,7,07/23/2024,2024-07-23,19:44:00
03/08/2024 06:33:00 PM,5.0,4,4,6,5,1,4,3,1,1,3,UNABLE TO DETERMINE,2,2,1.0,0.0,0.0,0.0,1.0,4.0,18,6,3,03/08/2024,2024-03-08,18:33:00
04/09/2024 03:24:00 PM,7.0,2,1,5,6,1,3,3,1,1,3,DISREGARDING STOP SIGN,2,1,0.0,0.0,0.0,0.0,0.0,3.0,15,3,4,04/09/2024,2024-04-09,15:24:00
07/04/2024 05:09:00 PM,5.0,2,1,5,4,1,3,3,0,1,3,DISREGARDING TRAFFIC SIGNALS,2,1,0.0,0.0,0.0,0.0,0.0,2.0,17,5,7,07/04/2024,2024-07-04,17:09:00
01/24/2024 03:30:00 PM,5.0,4,1,3,5,1,4,3,0,1,2,WEATHER,2,1,0.0,0.0,0.0,0.0,0.0,6.0,15,4,1,01/24/2024,2024-01-24,15:30:00
07/31/2024 01:10:00 PM,5.0,2,1,6,3,1,3,3,1,1,3,UNABLE TO DETERMINE,2,1,0.0,0.0,0.0,0.0,0.0,3.0,13,4,7,07/31/2024,2024-07-31,13:10:00
06/26/2024 09:30:00 PM,7.0,2,1,5,3,1,3,3,1,1,3,FAILING TO YIELD RIGHT-OF-WAY,2,3,1.0,0.0,0.0,1.0,0.0,3.0,21,4,6,06/26/2024,2024-06-26,21:30:00
08/06/2024 11:34:00 AM,7.0,2,1,6,5,1,3,3,0,1,3,UNABLE TO DETERMINE,2,1,0.0,0.0,0.0,0.0,0.0,3.0,11,3,8,08/06/2024,2024-08-06,11:34:00
02/02/2024 05:45:00 PM,5.0,2,4,3,5,1,3,3,0,1,3,IMPROPER OVERTAKING/PASSING,2,1,0.0,0.0,0.0,0.0,0.0,3.0,17,6,2,02/02/2024,2024-02-02,17:45:00
03/30/2024 04:50:00 AM,5.0,4,4,4,6,1,4,3,1,1,3,UNABLE TO DETERMINE,2,3,2.0,0.0,0.0,2.0,0.0,1.0,4,7,3,03/30/2024,2024-03-30,04:50:00
02/13/2024 04:26:00 AM,7.0,2,4,11,5,1,3,3,1,1,3,UNABLE TO DETERMINE,2,4,1.0,0.0,1.0,0.0,0.0,0.0,4,3,2,02/13/2024,2024-02-13,04:26:00
05/06/2024 04:15:00 PM,7.0,2,1,5,5,1,3,1,1,1,3,FAILING TO YIELD RIGHT-OF-WAY,2,2,2.0,0.0,0.0,0.0,2.0,2.0,16,2,5,05/06/2024,2024-05-06,16:15:00
07/15/2024 06:40:00 AM,5.0,2,1,4,5,1,3,3,0,1,3,UNABLE TO DETERMINE,2,1,0.0,0.0,0.0,0.0,0.0,2.0,6,2,7,07/15/2024,2024-07-15,06:40:00
03/10/2024 09:15:00 AM,5.0,2,1,3,3,1,3,3,1,1,3,IMPROPER OVERTAKING/PASSING,2,1,0.0,0.0,0.0,0.0,0.0,3.0,9,1,3,03/10/2024,2024-03-10,09:15:00
02/14/2024 07:49:00 PM,3.0,2,4,5,16,1,3,3,0,1,3,UNABLE TO DETERMINE,2,1,0.0,0.0,0.0,0.0,0.0,3.0,19,4,2,02/14/2024,2024-02-14,19:49:00
05/05/2024 10:12:00 PM,5.0,2,4,6,12,1,3,1,0,1,3,FAILING TO REDUCE SPEED TO AVOID CRASH,2,1,0.0,0.0,0.0,0.0,0.0,5.0,22,1,5,05/05/2024,2024-05-05,22:12:00
08/04/2024 11:17:00 PM,7.0,2,4,5,6,1,3,3,1,1,3,FAILING TO YIELD RIGHT-OF-WAY,2,1,0.0,0.0,0.0,0.0,0.0,2.0,23,1,8,08/04/2024,2024-08-04,23:17:00
06/09/2024 06:18:00 AM,5.0,2,2,5,6,1,3,3,1,1,3,DISREGARDING TRAFFIC SIGNALS,2,3,2.0,0.0,0.0,1.0,1.0,1.0,6,1,6,06/09/2024,2024-06-09,06:18:00
05/07/2024 07:27:00 PM,5.0,2,3,5,5,1,3,3,1,1,3,DISREGARDING TRAFFIC SIGNALS,2,3,1.0,0.0,0.0,1.0,0.0,3.0,19,3,5,05/07/2024,2024-05-07,19:27:00
05/09/2024 11:22:00 AM,5.0,2,1,6,5,1,4,3,1,1,3,FAILING TO YIELD RIGHT-OF-WAY,2,3,1.0,0.0,0.0,1.0,0.0,1.0,11,5,5,05/09/2024,2024-05-09,11:22:00
01/19/2024 07:05:00 AM,5.0,2,1,6,5,1,5,3,1,1,3,UNABLE TO DETERMINE,2,1,0.0,0.0,0.0,0.0,0.0,2.0,7,6,1,01/19/2024,2024-01-19,07:05:00
05/07/2024 08:10:00 AM,5.0,2,1,6,6,1,3,3,0,1,3,IMPROPER LANE USAGE,2,1,0.0,0.0,0.0,0.0,0.0,2.0,8,3,5,05/07/2024,2024-05-07,08:10:00
01/08/2024 02:20:00 PM,5.0,2,1,4,4,1,3,3,0,1,3,UNABLE TO DETERMINE,2,1,0.0,0.0,0.0,0.0,0.0,2.0,14,2,1,01/08/2024,2024-01-08,14:20:00
08/10/2024 06:54:00 AM,5.0,2,1,5,4,1,3,1,1,1,3,UNABLE TO DETERMINE,2,1,0.0,0.0,0.0,0.0,0.0,3.0,6,7,8,08/10/2024,2024-08-10,06:54:00
01/18/2024 01:30:00 PM,7.0,5,1,5,5,1,5,3,0,1,3,FAILING TO YIELD RIGHT-OF-WAY,2,1,0.0,0.0,0.0,0.0,0.0,2.0,13,5,1,01/18/2024,2024-01-18,13:30:00
06/06/2024 08:01:00 PM,5.0,2,1,14,5,1,3,1,1,1,3,DISREGARDING TRAFFIC SIGNALS,2,3,1.0,0.0,0.0,1.0,0.0,1.0,20,5,6,06/06/2024,2024-06-06,20:01:00
05/07/2024 07:20:00 PM,5.0,2,1,3,4,1,3,3,1,1,3,"OPERATING VEHICLE IN ERRATIC, RECKLESS, CARELESS, NEGLIGENT OR AGGRESSIVE MANNER",2,4,1.0,0.0,1.0,0.0,0.0,2.0,19,3,5,05/07/2024,2024-05-07,19:20:00
08/01/2024 11:38:00 AM,7.0,3,1,6,6,1,3,3,1,1,3,IMPROPER TURNING/NO SIGNAL,2,1,0.0,0.0,0.0,0.0,0.0,2.0,11,5,8,08/01/2024,2024-08-01,11:38:00
03/02/2024 06:14:00 AM,5.0,2,2,4,5,1,3,3,1,1,3,FAILING TO REDUCE SPEED TO AVOID CRASH,2,3,1.0,0.0,0.0,1.0,0.0,1.0,6,7,3,03/02/2024,2024-03-02,06:14:00
02/15/2024 01:02:00 AM,5.0,2,4,5,5,1,3,3,1,1,3,UNABLE TO DETERMINE,2,1,0.0,0.0,0.0,0.0,0.0,2.0,1,5,2,02/15/2024,2024-02-15,01:02:00
07/14/2024 12:45:00 PM,5.0,2,1,5,4,1,3,3,0,1,3,UNABLE TO DETERMINE,2,1,0.0,0.0,0.0,0.0,0.0,5.0,12,1,7,07/14/2024,2024-07-14,12:45:00
07/14/2024 06:00:00 PM,5.0,2,1,4,5,1,3,3,0,1,3,UNABLE TO DETERMINE,2,1,0.0,0.0,0.0,0.0,0.0,2.0,18,1,7,07/14/2024,2024-07-14,18:00:00
02/15/2024 04:20:00 PM,7.0,2,1,5,7,1,3,3,1,1,3,UNABLE TO DETERMINE,2,1,0.0,0.0,0.0,0.0,0.0,2.0,16,5,2,02/15/2024,2024-02-15,16:20:00
05/30/2024 03:30:00 PM,5.0,2,1,4,5,1,3,3,1,1,3,FOLLOWING TOO CLOSELY,2,2,1.0,0.0,0.0,0.0,1.0,1.0,15,5,5,05/30/2024,2024-05-30,15:30:00
04/20/2024 10:50:00 AM,5.0,2,1,4,5,1,1,1,0,1,3,DRIVING SKILLS/KNOWLEDGE/EXPERIENCE,2,1,0.0,0.0,0.0,0.0,0.0,2.0,10,7,4,04/20/2024,2024-04-20,10:50:00
01/10/2024 03:04:00 PM,3.0,2,1,5,10,1,3,3,0,1,3,IMPROPER BACKING,2,1,0.0,0.0,0.0,0.0,0.0,3.0,15,4,1,01/10/2024,2024-01-10,15:04:00
05/15/2024 07:00:00 PM,7.0,2,1,5,2,1,3,1,1,1,2,DISREGARDING STOP SIGN,2,2,1.0,0.0,0.0,0.0,1.0,1.0,19,4,5,05/15/2024,2024-05-15,19:00:00
06/21/2024 09:21:00 AM,5.0,2,1,6,14,1,3,1,1,1,3,UNABLE TO DETERMINE,2,2,1.0,0.0,0.0,0.0,1.0,1.0,9,6,6,06/21/2024,2024-06-21,09:21:00
02/28/2024 07:20:00 AM,7.0,2,1,5,5,1,3,3,0,1,3,FAILING TO YIELD RIGHT-OF-WAY,2,1,0.0,0.0,0.0,0.0,0.0,2.0,7,4,2,02/28/2024,2024-02-28,07:20:00
02/10/2024 07:51:00 PM,5.0,2,4,5,5,1,3,3,1,1,2,"OPERATING VEHICLE IN ERRATIC, RECKLESS, CARELESS, NEGLIGENT OR AGGRESSIVE MANNER",2,1,0.0,0.0,0.0,0.0,0.0,2.0,19,7,2,02/10/2024,2024-02-10,19:51:00
01/20/2024 02:50:00 PM,1.0,2,1,4,7,1,1,1,0,1,1,UNABLE TO DETERMINE,2,1,0.0,0.0,0.0,0.0,0.0,3.0,14,7,1,01/20/2024,2024-01-20,14:50:00
05/16/2024 04:22:00 PM,5.0,2,1,3,6,1,3,1,1,0,1,IMPROPER OVERTAKING/PASSING,2,3,1.0,0.0,0.0,1.0,0.0,1.0,16,5,5,05/16/2024,2024-05-16,16:22:00
06/19/2024 12:05:00 AM,3.0,2,4,3,10,1,3,3,0,1,3,FAILING TO YIELD RIGHT-OF-WAY,2,1,0.0,0.0,0.0,0.0,0.0,3.0,0,4,6,06/19/2024,2024-06-19,00:05:00
01/03/2024 06:45:00 AM,5.0,4,4,6,6,1,4,1,0,1,3,FAILING TO YIELD RIGHT-OF-WAY,2,1,0.0,0.0,0.0,0.0,0.0,2.0,6,4,1,01/03/2024,2024-01-03,06:45:00
05/12/2024 09:30:00 AM,5.0,2,1,4,5,1,3,3,0,1,3,DISTRACTION - FROM INSIDE VEHICLE,2,1,0.0,0.0,0.0,0.0,0.0,6.0,9,1,5,05/12/2024,2024-05-12,09:30:00
03/04/2024 01:00:00 PM,5.0,2,1,4,6,1,3,3,0,1,3,NOT APPLICABLE,2,1,0.0,0.0,0.0,0.0,0.0,2.0,13,2,3,03/04/2024,2024-03-04,13:00:00
02/25/2024 01:20:00 PM,1.0,2,1,3,10,1,1,1,0,1,3,UNABLE TO DETERMINE,2,1,0.0,0.0,0.0,0.0,0.0,2.0,13,1,2,02/25/2024,2024-02-25,13:20:00
07/12/2024 06:13:00 PM,7.0,2,1,5,6,1,3,3,1,1,3,FAILING TO YIELD RIGHT-OF-WAY,2,3,2.0,0.0,0.0,2.0,0.0,3.0,18,6,7,07/12/2024,2024-07-12,18:13:00
05/08/2024 11:30:00 AM,5.0,2,1,4,7,1,3,3,1,1,3,FOLLOWING TOO CLOSELY,2,1,0.0,0.0,0.0,0.0,0.0,3.0,11,4,5,05/08/2024,2024-05-08,11:30:00
03/14/2024 12:05:00 PM,3.0,3,1,4,4,1,4,3,1,1,3,FOLLOWING TOO CLOSELY,2,2,1.0,0.0,0.0,0.0,1.0,1.0,12,5,3,03/14/2024,2024-03-14,12:05:00
01/31/2024 10:30:00 AM,5.0,2,1,3,4,1,3,3,0,1,3,FAILING TO YIELD RIGHT-OF-WAY,2,1,0.0,0.0,0.0,0.0,0.0,6.0,10,4,1,01/31/2024,2024-01-31,10:30:00
02/13/2024 05:41:00 PM,5.0,2,4,5,4,1,3,3,0,1,2,IMPROPER OVERTAKING/PASSING,2,1,0.0,0.0,0.0,0.0,0.0,5.0,17,3,2,02/13/2024,2024-02-13,17:41:00
06/22/2024 03:00:00 PM,7.0,2,1,5,5,1,3,3,1,1,3,FAILING TO YIELD RIGHT-OF-WAY,2,2,1.0,0.0,0.0,0.0,1.0,2.0,15,7,6,06/22/2024,2024-06-22,15:00:00
02/09/2024 11:20:00 AM,5.0,2,1,3,5,1,3,3,0,1,1,UNABLE TO DETERMINE,2,1,0.0,0.0,0.0,0.0,0.0,2.0,11,6,2,02/09/2024,2024-02-09,11:20:00
07/01/2024 04:38:00 PM,7.0,4,1,5,5,1,3,3,1,1,3,DISREGARDING STOP SIGN,2,3,1.0,0.0,0.0,1.0,0.0,4.0,16,2,7,07/01/2024,2024-07-01,16:38:00
06/02/2024 04:05:00 PM,5.0,2,1,6,7,1,3,3,0,1,3,IMPROPER TURNING/NO SIGNAL,2,1,0.0,0.0,0.0,0.0,0.0,5.0,16,1,6,06/02/2024,2024-06-02,16:05:00
03/27/2024 08:59:00 AM,4.0,2,1,3,5,1,3,3,0,0,1,IMPROPER OVERTAKING/PASSING,2,1,0.0,0.0,0.0,0.0,0.0,2.0,8,4,3,03/27/2024,2024-03-27,08:59:00
04/28/2024 02:06:00 AM,7.0,4,4,5,7,1,4,3,0,1,2,UNABLE TO DETERMINE,2,1,0.0,0.0,0.0,0.0,0.0,2.0,2,1,4,04/28/2024,2024-04-28,02:06:00
06/11/2024 01:15:00 AM,5.0,2,4,4,12,1,3,3,1,1,3,FAILING TO REDUCE SPEED TO AVOID CRASH,2,3,1.0,0.0,0.0,1.0,0.0,1.0,1,3,6,06/11/2024,2024-06-11,01:15:00
08/07/2024 05:33:00 AM,5.0,2,1,5,5,1,3,3,1,1,3,DISREGARDING TRAFFIC SIGNALS,2,3,2.0,0.0,0.0,1.0,1.0,1.0,5,4,8,08/07/2024,2024-08-07,05:33:00
07/07/2024 09:45:00 PM,3.0,2,4,6,5,1,4,3,1,1,3,FAILING TO YIELD RIGHT-OF-WAY,2,1,0.0,0.0,0.0,0.0,0.0,3.0,21,1,7,07/07/2024,2024-07-07,21:45:00
07/03/2024 04:30:00 PM,5.0,2,1,6,4,1,3,3,1,0,3,FAILING TO YIELD RIGHT-OF-WAY,2,1,0.0,0.0,0.0,0.0,0.0,2.0,16,4,7,07/03/2024,2024-07-03,16:30:00
04/26/2024 09:57:00 AM,7.0,2,1,11,5,1,2,4,0,1,1,ROAD CONSTRUCTION/MAINTENANCE,2,1,0.0,0.0,0.0,0.0,0.0,1.0,9,6,4,04/26/2024,2024-04-26,09:57:00
08/09/2024 01:50:00 PM,7.0,2,1,5,6,1,3,3,0,1,2,FAILING TO YIELD RIGHT-OF-WAY,2,1,0.0,0.0,0.0,0.0,0.0,2.0,13,6,8,08/09/2024,2024-08-09,13:50:00
07/07/2024 02:30:00 PM,1.0,2,1,4,6,1,3,1,0,1,3,NOT APPLICABLE,2,1,0.0,0.0,0.0,0.0,0.0,2.0,14,1,7,07/07/2024,2024-07-07,14:30:00
03/05/2024 06:55:00 PM,7.0,2,4,5,5,1,3,3,1,1,3,UNABLE TO DETERMINE,2,2,2.0,0.0,0.0,0.0,2.0,2.0,18,3,3,03/05/2024,2024-03-05,18:55:00
04/21/2024 06:43:00 PM,5.0,2,1,4,5,1,3,1,0,1,2,UNABLE TO DETERMINE,2,1,0.0,0.0,0.0,0.0,0.0,2.0,18,1,4,04/21/2024,2024-04-21,18:43:00
03/20/2024 08:05:00 AM,5.0,2,1,5,10,1,3,3,0,1,3,DISREGARDING TRAFFIC SIGNALS,2,1,0.0,0.0,0.0,0.0,0.0,2.0,8,4,3,03/20/2024,2024-03-20,08:05:00
07/27/2024 07:24:00 AM,5.0,2,1,4,5,1,3,3,1,1,2,FOLLOWING TOO CLOSELY,2,2,1.0,0.0,0.0,0.0,1.0,1.0,7,7,7,07/27/2024,2024-07-27,07:24:00