crash_date,traffic_control_device,weather_condition,lighting_condition,first_crash_type,trafficway_type,alignment,roadway_surface_cond,road_defect,crash_type,intersection_related_i,damage,prim_contributory_cause,num_units,most_severe_injury,injuries_total,injuries_fatal,injuries_incapacitating,injuries_non_incapacitating,injuries_reported_not_evident,injuries_no_indication,crash_hour,crash_day_of_week,crash_month,parsed_datetime,date,time
05/31/2024 03:30:00 PM,5.0,2,1,3,6,1,3,1,0,1,3,FAILING TO YIELD RIGHT-OF-WAY,2,1,0.0,0.0,0.0,0.0,0.0,3.0,15,6,5,05/31/2024,2024-05-31,15:30:00
02/29/2024 12:09:00 PM,5.0,2,1,6,5,1,3,3,0,1,2,DISREGARDING TRAFFIC SIGNALS,2,1,0.0,0.0,0.0,0.0,0.0,2.0,12,5,2,02/29/2024,2024-02-29,12:09:00
07/17/2024 06:20:00 PM,7.0,2,2,14,6,1,3,1,1,1,3,IMPROPER LANE USAGE,2,3,1.0,0.0,0.0,1.0,0.0,1.0,18,4,7,07/17/2024,2024-07-17,18:20:00
01/31/2024 03:20:00 PM,5.0,2,1,3,6,1,3,3,0,1,3,UNABLE TO DETERMINE,2,1,0.0,0.0,0.0,0.0,0.0,2.0,15,4,1,01/31/2024,2024-01-31,15:20:00
02/23/2024 05:30:00 PM,1.0,5,1,11,6,1,1,1,0,1,3,UNABLE TO DETERMINE,2,1,0.0,0.0,0.0,0.0,0.0,2.0,17,6,2,02/23/2024,2024-02-23,17:30:00
04/27/2024 12:15:00 AM,7.0,2,4,4,7,1,3,3,0,1,3,"OPERATING VEHICLE IN ERRATIC, RECKLESS, CARELESS, NEGLIGENT OR AGGRESSIVE MANNER",2,1,0.0,0.0,0.0,0.0,0.0,3.0,0,7,4,04/27/2024,2024-04-27,00:15:00
03/27/2024 11:15:00 AM,5.0,2,1,5,2,1,3,3,1,1,3,UNABLE TO DETERMINE,2,3,2.0,0.0,0.0,2.0,0.0,2.0,11,4,3,03/27/2024,2024-03-27,11:15:00
02/29/2024 04:44:00 PM,5.0,2,1,6,4,1,3,1,0,1,3,UNABLE TO DETERMINE,2,1,0.0,0.0,0.0,0.0,0.0,3.0,16,5,2,02/29/2024,2024-02-29,16:44:00
05/27/2024 03:15:00 PM,7.0,2,1,5,5,1,3,3,0,1,3,FAILING TO YIELD RIGHT-OF-WAY,2,1,0.0,0.0,0.0,0.0,0.0,2.0,15,2,5,05/27/2024,2024-05-27,15:15:00
06/06/2024 06:00:00 AM,7.0,2,1,6,7,1,1,1,0,1,3,FAILING TO YIELD RIGHT-OF-WAY,2,1,0.0,0.0,0.0,0.0,0.0,2.0,6,5,6,06/06/2024,2024-06-06,06:00:00
01/28/2024 09:30:00 PM,3.0,3,4,9,10,1,3,3,0,1,3,DRIVING ON WRONG SIDE/WRONG WAY,2,1,0.0,0.0,0.0,0.0,0.0,2.0,21,1,1,01/28/2024,2024-01-28,21:30:00
07/17/2024 03:36:00 PM,3.0,2,1,13,7,1,3,3,1,1,3,FAILING TO YIELD RIGHT-OF-WAY,2,3,1.0,0.0,0.0,1.0,0.0,1.0,15,4,7,07/17/2024,2024-07-17,15:36:00
06/21/2024 05:30:00 PM,3.0,2,1,5,6,1,3,3,0,1,3,FAILING TO YIELD RIGHT-OF-WAY,2,1,0.0,0.0,0.0,0.0,0.0,2.0,17,6,6,06/21/2024,2024-06-21,17:30:00
06/04/2024 12:03:00 AM,5.0,2,4,6,5,1,3,3,1,1,3,IMPROPER TURNING/NO SIGNAL,2,1,0.0,0.0,0.0,0.0,0.0,2.0,0,3,6,06/04/2024,2024-06-04,00:03:00
05/08/2024 04:20:00 PM,7.0,2,1,4,6,1,3,3,1,1,3,FOLLOWING TOO CLOSELY,2,3,2.0,0.0,0.0,2.0,0.0,1.0,16,4,5,05/08/2024,2024-05-08,16:20:00
04/15/2024 07:45:00 AM,3.0,2,1,5,4,1,3,1,0,1,1,IMPROPER OVERTAKING/PASSING,2,1,0.0,0.0,0.0,0.0,0.0,2.0,7,2,4,04/15/2024,2024-04-15,07:45:00
05/08/2024 05:50:00 PM,5.0,2,1,4,6,1,3,1,0,1,3,UNABLE TO DETERMINE,2,1,0.0,0.0,0.0,0.0,0.0,2.0,17,4,5,05/08/2024,2024-05-08,17:50:00
07/26/2024 10:30:00 PM,5.0,2,4,6,1,1,3,3,1,1,3,UNABLE TO DETERMINE,2,1,0.0,0.0,0.0,0.0,0.0,2.0,22,6,7,07/26/2024,2024-07-26,22:30:00
05/04/2024 07:15:00 PM,5.0,2,4,4,5,1,1,1,0,1,3,UNABLE TO DETERMINE,2,1,0.0,0.0,0.0,0.0,0.0,2.0,19,7,5,05/04/2024,2024-05-04,19:15:00
03/04/2024 07:08:00 PM,5.0,2,4,9,3,1,3,3,1,1,3,DRIVING ON WRONG SIDE/WRONG WAY,2,3,1.0,0.0,0.0,1.0,0.0,1.0,19,2,3,03/04/2024,2024-03-04,19:08:00
02/02/2024 04:29:00 PM,5.0,2,3,3,4,1,3,3,0,0,3,IMPROPER OVERTAKING/PASSING,2,1,0.0,0.0,0.0,0.0,0.0,2.0,16,6,2,02/02/2024,2024-02-02,16:29:00
07/07/2024 05:10:00 PM,5.0,4,1,5,5,1,4,3,1,1,3,UNABLE TO DETERMINE,2,3,1.0,0.0,0.0,1.0,0.0,1.0,17,1,7,07/07/2024,2024-07-07,17:10:00
05/11/2024 04:54:00 PM,5.0,2,1,3,5,1,3,1,0,1,3,UNABLE TO DETERMINE,2,1,0.0,0.0,0.0,0.0,0.0,3.0,16,7,5,05/11/2024,2024-05-11,16:54:00
01/17/2024 07:53:00 AM,5.0,2,1,4,3,1,3,1,1,1,3,UNABLE TO DETERMINE,2,3,1.0,0.0,0.0,1.0,0.0,1.0,7,4,1,01/17/2024,2024-01-17,07:53:00
05/31/2024 03:50:00 PM,5.0,2,1,4,5,1,3,3,0,1,2,UNABLE TO DETERMINE,2,1,0.0,0.0,0.0,0.0,0.0,3.0,15,6,5,05/31/2024,2024-05-31,15:50:00
06/28/2024 04:20:00 AM,5.0,2,4,6,5,1,3,1,0,1,3,TURNING RIGHT ON RED,2,1,0.0,0.0,0.0,0.0,0.0,2.0,4,6,6,06/28/2024,2024-06-28,04:20:00
07/08/2024 08:31:00 AM,3.0,2,1,6,3,1,4,3,0,1,3,FAILING TO YIELD RIGHT-OF-WAY,2,1,0.0,0.0,0.0,0.0,0.0,3.0,8,2,7,07/08/2024,2024-07-08,08:31:00
02/03/2024 12:07:00 AM,5.0,2,4,6,5,1,3,3,0,1,3,UNABLE TO DETERMINE,2,1,0.0,0.0,0.0,0.0,0.0,2.0,0,7,2,02/03/2024,2024-02-03,00:07:00
05/09/2024 05:00:00 PM,1.0,4,1,5,5,1,1,1,0,1,3,UNABLE TO DETERMINE,2,1,0.0,0.0,0.0,0.0,0.0,2.0,17,5,5,05/09/2024,2024-05-09,17:00:00
02/23/2024 08:15:00 AM,5.0,2,1,5,5,1,3,1,1,0,3,DISREGARDING TRAFFIC SIGNALS,2,2,1.0,0.0,0.0,0.0,1.0,1.0,8,6,2,02/23/2024,2024-02-23,08:15:00
06/08/2024 10:00:00 AM,7.0,2,1,6,7,1,3,3,0,1,3,FAILING TO YIELD RIGHT-OF-WAY,2,1,0.0,0.0,0.0,0.0,0.0,2.0,10,7,6,06/08/2024,2024-06-08,10:00:00
04/25/2024 07:30:00 AM,7.0,2,1,6,5,1,3,3,0,1,3,IMPROPER TURNING/NO SIGNAL,2,1,0.0,0.0,0.0,0.0,0.0,2.0,7,5,4,04/25/2024,2024-04-25,07:30:00
06/02/2024 10:48:00 PM,1.0,2,3,4,6,1,3,1,0,1,1,NOT APPLICABLE,2,1,0.0,0.0,0.0,0.0,0.0,2.0,22,1,6,06/02/2024,2024-06-02,22:48:00
03/28/2024 03:20:00 PM,7.0,2,1,6,7,1,3,3,0,1,1,DISREGARDING STOP SIGN,2,1,0.0,0.0,0.0,0.0,0.0,2.0,15,5,3,03/28/2024,2024-03-28,15:20:00
03/22/2024 10:20:00 AM,5.0,2,1,4,5,1,1,3,0,1,3,FOLLOWING TOO CLOSELY,2,1,0.0,0.0,0.0,0.0,0.0,4.0,10,6,3,03/22/2024,2024-03-22,10:20:00
03/08/2024 03:15:00 PM,5.0,4,1,6,6,1,4,3,0,1,2,FAILING TO YIELD RIGHT-OF-WAY,2,1,0.0,0.0,0.0,0.0,0.0,2.0,15,6,3,03/08/2024,2024-03-08,15:15:00
01/13/2024 09:30:00 PM,3.0,2,1,3,4,1,4,1,0,1,3,IMPROPER OVERTAKING/PASSING,2,1,0.0,0.0,0.0,0.0,0.0,2.0,21,7,1,01/13/2024,2024-01-13,21:30:00
03/29/2024 01:40:00 PM,5.0,2,1,7,17,1,3,1,0,0,3,FAILING TO YIELD RIGHT-OF-WAY,2,1,0.0,0.0,0.0,0.0,0.0,2.0,13,6,3,03/29/2024,2024-03-29,13:40:00
05/28/2024 12:12:00 AM,5.0,2,4,6,5,1,3,3,1,1,3,DISREGARDING TRAFFIC SIGNALS,2,2,2.0,0.0,0.0,0.0,2.0,1.0,0,3,5,05/28/2024,2024-05-28,00:12:00
04/23/2024 10:10:00 PM,5.0,2,4,6,5,1,3,3,1,1,3,FAILING TO YIELD RIGHT-OF-WAY,2,1,0.0,0.0,0.0,0.0,0.0,2.0,22,3,4,04/23/2024,2024-04-23,22:10:00
01/06/2024 06:49:00 PM,1.0,5,3,6,7,1,1,1,0,1,3,FAILING TO YIELD RIGHT-OF-WAY,2,1,0.0,0.0,0.0,0.0,0.0,5.0,18,7,1,01/06/2024,2024-01-06,18:49:00
06/12/2024 11:52:00 PM,7.0,2,4,11,4,1,3,3,1,1,3,DISTRACTION - FROM INSIDE VEHICLE,2,1,0.0,0.0,0.0,0.0,0.0,1.0,23,4,6,06/12/2024,2024-06-12,23:52:00
07/05/2024 10:17:00 PM,5.0,2,3,5,6,1,3,3,1,0,3,DISREGARDING TRAFFIC SIGNALS,2,3,2.0,0.0,0.0,2.0,0.0,1.0,22,6,7,07/05/2024,2024-07-05,22:17:00
03/18/2024 04:15:00 PM,5.0,2,1,4,5,1,3,3,0,1,3,FOLLOWING TOO CLOSELY,2,1,0.0,0.0,0.0,0.0,0.0,2.0,16,2,3,03/18/2024,2024-03-18,16:15:00
08/08/2024 03:30:00 PM,5.0,2,1,6,5,1,3,3,0,1,2,FAILING TO YIELD RIGHT-OF-WAY,2,1,0.0,0.0,0.0,0.0,0.0,2.0,15,5,8,08/08/2024,2024-08-08,15:30:00
07/16/2024 03:45:00 PM,5.0,2,1,5,5,1,3,3,1,1,3,FAILING TO YIELD RIGHT-OF-WAY,2,3,2.0,0.0,0.0,2.0,0.0,1.0,15,3,7,07/16/2024,2024-07-16,15:45:00
04/12/2024 06:40:00 PM,5.0,2,1,6,5,1,3,3,0,1,3,IMPROPER TURNING/NO SIGNAL,2,1,0.0,0.0,0.0,0.0,0.0,3.0,18,6,4,04/12/2024,2024-04-12,18:40:00
06/02/2024 06:32:00 PM,5.0,2,1,5,5,1,3,7,1,1,3,DISREGARDING TRAFFIC SIGNALS,2,1,0.0,0.0,0.0,0.0,0.0,2.0,18,1,6,06/02/2024,2024-06-02,18:32:00
06/28/2024 11:00:00 PM,5.0,2,4,4,6,1,3,3,0,0,3,FAILING TO REDUCE SPEED TO AVOID CRASH,2,1,0.0,0.0,0.0,0.0,0.0,2.0,23,6,6,06/28/2024,2024-06-28,23:00:00
07/05/2024 11:01:00 AM,5.0,2,1,5,7,1,3,3,1,1,3,DISREGARDING TRAFFIC SIGNALS,2,3,2.0,0.0,0.0,2.0,0.0,0.0,11,6,7,07/05/2024,2024-07-05,11:01:00
05/04/2024 05:05:00 PM,5.0,2,1,6,4,1,3,3,0,1,3,FOLLOWING TOO CLOSELY,2,1,0.0,0.0,0.0,0.0,0.0,3.0,17,7,5,05/04/2024,2024-05-04,17:05:00
06/20/2024 06:45:00 AM,3.0,2,1,6,6,1,3,3,0,1,3,IMPROPER OVERTAKING/PASSING,2,1,0.0,0.0,0.0,0.0,0.0,2.0,6,5,6,06/20/2024,2024-06-20,06:45:00
03/21/2024 05:47:00 PM,5.0,2,1,13,5,1,3,3,1,1,3,FAILING TO YIELD RIGHT-OF-WAY,2,3,1.0,0.0,0.0,1.0,0.0,1.0,17,5,3,03/21/2024,2024-03-21,17:47:00
03/12/2024 04:00:00 PM,7.0,2,1,5,6,1,3,3,0,1,3,FAILING TO YIELD RIGHT-OF-WAY,2,1,0.0,0.0,0.0,0.0,0.0,2.0,16,3,3,03/12/2024,2024-03-12,16:00:00
02/08/2024 08:10:00 AM,7.0,2,1,6,5,1,1,1,0,1,3,UNABLE TO DETERMINE,2,1,0.0,0.0,0.0,0.0,0.0,3.0,8,5,2,02/08/2024,2024-02-08,08:10:00
05/11/2024 07:30:00 AM,5.0,2,1,6,6,1,3,3,0,1,3,IMPROPER TURNING/NO SIGNAL,2,1,0.0,0.0,0.0,0.0,0.0,5.0,7,7,5,05/11/2024,2024-05-11,07:30:00
07/23/2024 10:32:00 AM,5.0,2,1,6,1,1,1,1,0,1,3,UNABLE TO DETERMINE,2,1,0.0,0.0,0.0,0.0,0.0,3.0,10,3,7,07/23/2024,2024-07-23,10:32:00
04/23/2024 06:25:00 PM,5.0,3,1,6,4,1,4,1,1,1,3,FAILING TO YIELD RIGHT-OF-WAY,2,3,1.0,0.0,0.0,1.0,0.0,3.0,18,3,4,04/23/2024,2024-04-23,18:25:00
06/04/2024 08:19:00 PM,5.0,4,4,13,6,1,4,3,1,1,3,UNABLE TO DETERMINE,2,3,1.0,0.0,0.0,1.0,0.0,1.0,20,3,6,06/04/2024,2024-06-04,20:19:00
04/21/2024 03:30:00 PM,7.0,2,1,5,6,1,3,3,1,1,3,UNABLE TO DETERMINE,2,1,0.0,0.0,0.0,0.0,0.0,2.0,15,1,4,04/21/2024,2024-04-21,15:30:00
02/16/2024 04:00:00 PM,5.0,2,1,3,5,1,1,1,0,1,3,IMPROPER OVERTAKING/PASSING,2,1,0.0,0.0,0.0,0.0,0.0,2.0,16,6,2,02/16/2024,2024-02-16,16:00:00
03/06/2024 02:11:00 PM,7.0,2,1,14,7,1,3,1,1,1,1,UNABLE TO DETERMINE,2,2,1.0,0.0,0.0,0.0,1.0,1.0,14,4,3,03/06/2024,2024-03-06,14:11:00
01/12/2024 02:34:00 PM,5.0,5,1,13,5,1,5,3,1,1,1,FAILING TO YIELD RIGHT-OF-WAY,2,3,1.0,0.0,0.0,1.0,0.0,1.0,14,6,1,01/12/2024,2024-01-12,14:34:00
07/29/2024 05:07:00 PM,5.0,4,1,4,4,1,4,1,1,1,3,FOLLOWING TOO CLOSELY,2,2,1.0,0.0,0.0,0.0,1.0,2.0,17,2,7,07/29/2024,2024-07-29,17:07:00
01/26/2024 11:04:00 PM,5.0,3,4,6,3,1,4,3,1,1,3,IMPROPER TURNING/NO SIGNAL,2,1,0.0,0.0,0.0,0.0,0.0,2.0,23,6,1,01/26/2024,2024-01-26,23:04:00
07/01/2024 12:15:00 PM,5.0,2,1,5,14,1,3,3,1,1,3,DISREGARDING TRAFFIC SIGNALS,2,1,0.0,0.0,0.0,0.0,0.0,4.0,12,2,7,07/01/2024,2024-07-01,12:15:00
05/02/2024 06:47:00 PM,5.0,2,1,5,5,1,1,1,0,1,3,NOT APPLICABLE,2,1,0.0,0.0,0.0,0.0,0.0,2.0,18,5,5,05/02/2024,2024-05-02,18:47:00
02/26/2024 06:12:00 PM,5.0,2,3,5,5,1,3,3,1,1,3,UNABLE TO DETERMINE,2,1,0.0,0.0,0.0,0.0,0.0,2.0,18,2,2,02/26/2024,2024-02-26,18:12:00
05/05/2024 11:41:00 PM,5.0,2,4,5,5,1,3,3,1,1,3,DISREGARDING TRAFFIC SIGNALS,2,2,1.0,0.0,0.0,0.0,1.0,1.0,23,1,5,05/05/2024,2024-05-05,23:41:00
02/21/2024 07:58:00 AM,5.0,2,1,6,4,1,3,3,0,1,3,IMPROPER TURNING/NO SIGNAL,2,1,0.0,0.0,0.0,0.0,0.0,3.0,7,4,2,02/21/2024,2024-02-21,07:58:00
08/05/2024 07:10:00 AM,7.0,2,1,3,6,1,1,1,0,1,1,UNABLE TO DETERMINE,2,1,0.0,0.0,0.0,0.0,0.0,3.0,7,2,8,08/05/2024,2024-08-05,07:10:00
06/19/2024 06:30:00 PM,5.0,2,1,6,4,1,3,3,1,1,3,FAILING TO YIELD RIGHT-OF-WAY,2,3,1.0,0.0,0.0,1.0,0.0,1.0,18,4,6,06/19/2024,2024-06-19,18:30:00
02/26/2024 11:15:00 AM,5.0,2,1,4,5,1,3,1,1,1,3,UNABLE TO DETERMINE,2,1,0.0,0.0,0.0,0.0,0.0,2.0,11,2,2,02/26/2024,2024-02-26,11:15:00
07/10/2024 06:30:00 AM,5.0,2,1,8,4,1,3,3,0,1,3,IMPROPER BACKING,2,1,0.0,0.0,0.0,0.0,0.0,2.0,6,4,7,07/10/2024,2024-07-10,06:30:00
04/26/2024 06:20:00 PM,5.0,4,1,4,4,1,3,3,0,1,3,FOLLOWING TOO CLOSELY,2,1,0.0,0.0,0.0,0.0,0.0,2.0,18,6,4,04/26/2024,2024-04-26,18:20:00
07/28/2024 07:05:00 PM,5.0,2,1,5,6,1,3,1,0,1,3,FAILING TO YIELD RIGHT-OF-WAY,2,1,0.0,0.0,0.0,0.0,0.0,4.0,19,1,7,07/28/2024,2024-07-28,19:05:00
01/14/2024 02:15:00 PM,5.0,2,1,6,7,1,5,1,0,1,3,UNABLE TO DETERMINE,2,1,0.0,0.0,0.0,0.0,0.0,2.0,14,1,1,01/14/2024,2024-01-14,14:15:00
03/23/2024 10:11:00 AM,7.0,2,1,5,6,1,3,1,0,1,3,DISREGARDING STOP SIGN,2,1,0.0,0.0,0.0,0.0,0.0,2.0,10,7,3,03/23/2024,2024-03-23,10:11:00
04/15/2024 05:20:00 PM,5.0,2,1,6,2,1,3,3,1,1,3,FAILING TO YIELD RIGHT-OF-WAY,2,3,1.0,0.0,0.0,1.0,0.0,1.0,17,2,4,04/15/2024,2024-04-15,17:20:00
02/22/2024 11:00:00 AM,3.0,2,1,4,5,1,3,3,1,1,3,FOLLOWING TOO CLOSELY,2,3,1.0,0.0,0.0,1.0,0.0,1.0,11,5,2,02/22/2024,2024-02-22,11:00:00
06/25/2024 12:44:00 PM,5.0,2,1,6,4,1,3,3,1,1,3,IMPROPER TURNING/NO SIGNAL,2,1,0.0,0.0,0.0,0.0,0.0,2.0,12,3,6,06/25/2024,2024-06-25,12:44:00
07/28/2024 02:26:00 PM,5.0,2,1,3,5,1,3,3,0,1,2,UNABLE TO DETERMINE,2,1,0.0,0.0,0.0,0.0,0.0,2.0,14,1,7,07/28/2024,2024-07-28,14:26:00
03/08/2024 05:15:00 PM,7.0,4,1,6,7,1,4,1,0,1,2,UNABLE TO DETERMINE,2,1,0.0,0.0,0.0,0.0,0.0,2.0,17,6,3,03/08/2024,2024-03-08,17:15:00
05/28/2024 10:40:00 PM,5.0,2,4,4,4,1,1,1,1,1,3,UNABLE TO DETERMINE,2,1,0.0,0.0,0.0,0.0,0.0,2.0,22,3,5,05/28/2024,2024-05-28,22:40:00
01/02/2024 10:26:00 AM,5.0,2,1,5,5,1,3,3,1,1,3,DISREGARDING TRAFFIC SIGNALS,2,4,2.0,0.0,1.0,0.0,1.0,0.0,10,3,1,01/02/2024,2024-01-02,10:26:00
05/18/2024 09:40:00 PM,5.0,2,4,4,6,1,3,1,0,1,3,UNABLE TO DETERMINE,2,1,0.0,0.0,0.0,0.0,0.0,2.0,21,7,5,05/18/2024,2024-05-18,21:40:00
03/09/2024 04:10:00 PM,5.0,2,1,6,6,1,3,3,0,1,3,IMPROPER OVERTAKING/PASSING,2,1,0.0,0.0,0.0,0.0,0.0,2.0,16,7,3,03/09/2024,2024-03-09,16:10:00
03/16/2024 12:10:00 PM,7.0,2,1,6,6,2,3,3,0,1,2,IMPROPER TURNING/NO SIGNAL,2,1,0.0,0.0,0.0,0.0,0.0,2.0,12,7,3,03/16/2024,2024-03-16,12:10:00
04/30/2024 09:16:00 PM,7.0,2,3,6,6,1,3,3,1,1,3,UNABLE TO DETERMINE,2,1,0.0,0.0,0.0,0.0,0.0,2.0,21,3,4,04/30/2024,2024-04-30,21:16:00
05/11/2024 03:00:00 PM,7.0,2,1,3,4,1,3,3,0,1,2,DRIVING SKILLS/KNOWLEDGE/EXPERIENCE,2,1,0.0,0.0,0.0,0.0,0.0,2.0,15,7,5,05/11/2024,2024-05-11,15:00:00
04/15/2024 12:30:00 PM,5.0,2,1,6,6,1,3,3,0,1,3,NOT APPLICABLE,2,1,0.0,0.0,0.0,0.0,0.0,2.0,12,2,4,04/15/2024,2024-04-15,12:30:00
08/02/2024 05:39:00 PM,5.0,2,1,6,6,1,3,3,0,1,3,DRIVING ON WRONG SIDE/WRONG WAY,2,1,0.0,0.0,0.0,0.0,0.0,2.0,17,6,8,08/02/2024,2024-08-02,17:39:00
07/04/2024 09:45:00 PM,3.0,2,4,6,4,1,3,3,0,1,2,"EVASIVE ACTION DUE TO ANIMAL, OBJECT, NONMOTORIST",2,1,0.0,0.0,0.0,0.0,0.0,2.0,21,5,7,07/04/2024,2024-07-04,21:45:00
07/03/2024 05:15:00 PM,5.0,2,1,4,10,1,3,3,0,1,3,FAILING TO REDUCE SPEED TO AVOID CRASH,2,1,0.0,0.0,0.0,0.0,0.0,2.0,17,4,7,07/03/2024,2024-07-03,17:15:00
05/13/2024 03:24:00 PM,5.0,2,1,5,6,1,1,1,0,1,3,UNABLE TO DETERMINE,2,1,0.0,0.0,0.0,0.0,0.0,2.0,15,2,5,05/13/2024,2024-05-13,15:24:00
02/03/2024 09:35:00 AM,5.0,2,1,6,3,1,1,1,0,1,3,IMPROPER LANE USAGE,2,1,0.0,0.0,0.0,0.0,0.0,3.0,9,7,2,02/03/2024,2024-02-03,09:35:00
08/13/2024 03:11:00 PM,7.0,2,1,6,7,1,3,3,1,1,3,FAILING TO YIELD RIGHT-OF-WAY,2,1,0.0,0.0,0.0,0.0,0.0,2.0,15,3,8,08/13/2024,2024-08-13,15:11:00
05/13/2024 04:45:00 PM,5.0,4,1,6,5,1,4,3,1,1,3,FAILING TO YIELD RIGHT-OF-WAY,2,1,0.0,0.0,0.0,0.0,0.0,3.0,16,2,5,05/13/2024,2024-05-13,16:45:00
02/17/2024 12:15:00 PM,5.0,2,1,6,5,1,3,3,0,1,3,IMPROPER TURNING/NO SIGNAL,2,1,0.0,0.0,0.0,0.0,0.0,3.0,12,7,2,02/17/2024,2024-02-17,12:15:00
05/05/2024 02:43:00 AM,7.0,2,4,14,5,1,3,3,1,1,1,"OPERATING VEHICLE IN ERRATIC, RECKLESS, CARELESS, NEGLIGENT OR AGGRESSIVE MANNER",2,3,1.0,0.0,0.0,1.0,0.0,1.0,2,1,5,05/05/2024,2024-05-05,02:43:00
02/23/2024 09:55:00 PM,5.0,5,4,4,6,1,5,3,0,1,1,UNABLE TO DETERMINE,2,1,0.0,0.0,0.0,0.0,0.0,2.0,21,6,2,02/23/2024,2024-02-23,21:55:00
08/02/2024 05:45:00 PM,7.0,2,3,5,5,1,3,1,0,1,3,UNABLE TO DETERMINE,2,1,0.0,0.0,0.0,0.0,0.0,5.0,17,6,8,08/02/2024,2024-08-02,17:45:00
03/30/2024 03:38:00 PM,7.0,2,1,4,6,1,3,3,0,1,2,FOLLOWING TOO CLOSELY,2,1,0.0,0.0,0.0,0.0,0.0,2.0,15,7,3,03/30/2024,2024-03-30,15:38:00
02/17/2024 04:00:00 PM,7.0,2,1,3,6,1,3,1,0,1,3,UNABLE TO DETERMINE,2,1,0.0,0.0,0.0,0.0,0.0,3.0,16,7,2,02/17/2024,2024-02-17,16:00:00
01/26/2024 02:50:00 PM,5.0,4,1,6,6,1,4,3,0,1,3,UNABLE TO DETERMINE,2,1,0.0,0.0,0.0,0.0,0.0,3.0,14,6,1,01/26/2024,2024-01-26,14:50:00
06/15/2024 04:39:00 PM,5.0,2,1,3,5,1,3,3,1,1,3,IMPROPER TURNING/NO SIGNAL,2,1,0.0,0.0,0.0,0.0,0.0,5.0,16,7,6,06/15/2024,2024-06-15,16:39:00
01/22/2024 08:55:00 PM,5.0,4,4,5,5,1,4,3,0,1,2,DISREGARDING OTHER TRAFFIC SIGNS,2,1,0.0,0.0,0.0,0.0,0.0,2.0,20,2,1,01/22/2024,2024-01-22,20:55:00
05/22/2024 08:15:00 AM,5.0,2,1,6,5,1,3,1,0,1,3,UNABLE TO DETERMINE,2,1,0.0,0.0,0.0,0.0,0.0,4.0,8,4,5,05/22/2024,2024-05-22,08:15:00
05/28/2024 03:20:00 PM,3.0,2,1,3,6,1,3,3,0,1,3,UNABLE TO DETERMINE,2,1,0.0,0.0,0.0,0.0,0.0,2.0,15,3,5,05/28/2024,2024-05-28,15:20:00
05/08/2024 12:30:00 PM,5.0,2,1,6,5,1,3,1,0,1,3,FAILING TO YIELD RIGHT-OF-WAY,2,1,0.0,0.0,0.0,0.0,0.0,2.0,12,4,5,05/08/2024,2024-05-08,12:30:00
01/17/2024 08:30:00 PM,1.0,2,1,5,6,1,1,1,0,1,3,UNABLE TO DETERMINE,2,1,0.0,0.0,0.0,0.0,0.0,2.0,20,4,1,01/17/2024,2024-01-17,20:30:00
06/11/2024 02:53:00 PM,5.0,2,1,14,5,1,3,3,1,1,3,UNABLE TO DETERMINE,2,3,1.0,0.0,0.0,1.0,0.0,1.0,14,3,6,06/11/2024,2024-06-11,14:53:00
04/16/2024 08:54:00 AM,3.0,2,1,9,1,1,3,3,1,0,3,FAILING TO YIELD RIGHT-OF-WAY,2,1,0.0,0.0,0.0,0.0,0.0,4.0,8,3,4,04/16/2024,2024-04-16,08:54:00
04/02/2024 04:05:00 PM,3.0,2,1,6,6,1,3,3,1,1,3,FAILING TO YIELD RIGHT-OF-WAY,2,3,2.0,0.0,0.0,2.0,0.0,2.0,16,3,4,04/02/2024,2024-04-02,16:05:00
01/18/2024 08:48:00 PM,5.0,5,4,4,5,1,4,1,1,1,3,FOLLOWING TOO CLOSELY,2,1,0.0,0.0,0.0,0.0,0.0,3.0,20,5,1,01/18/2024,2024-01-18,20:48:00
07/24/2024 09:10:00 PM,5.0,2,4,3,5,1,3,1,0,1,2,IMPROPER OVERTAKING/PASSING,2,1,0.0,0.0,0.0,0.0,0.0,4.0,21,4,7,07/24/2024,2024-07-24,21:10:00
05/14/2024 08:50:00 AM,5.0,4,1,3,5,1,4,3,0,1,2,IMPROPER OVERTAKING/PASSING,2,1,0.0,0.0,0.0,0.0,0.0,2.0,8,3,5,05/14/2024,2024-05-14,08:50:00
07/26/2024 09:50:00 PM,5.0,2,4,5,5,1,3,3,1,1,3,DISREGARDING TRAFFIC SIGNALS,2,2,1.0,0.0,0.0,0.0,1.0,3.0,21,6,7,07/26/2024,2024-07-26,21:50:00
02/13/2024 05:19:00 PM,5.0,2,4,4,5,1,3,1,0,0,3,FAILING TO REDUCE SPEED TO AVOID CRASH,2,1,0.0,0.0,0.0,0.0,0.0,2.0,17,3,2,02/13/2024,2024-02-13,17:19:00
04/06/2024 11:40:00 AM,5.0,2,1,4,14,1,3,3,1,1,1,FAILING TO YIELD RIGHT-OF-WAY,2,2,2.0,0.0,0.0,0.0,2.0,2.0,11,7,4,04/06/2024,2024-04-06,11:40:00
06/11/2024 07:24:00 AM,7.0,2,1,5,5,2,3,3,1,1,3,FAILING TO YIELD RIGHT-OF-WAY,2,3,2.0,0.0,0.0,2.0,0.0,0.0,7,3,6,06/11/2024,2024-06-11,07:24:00