crash_date,traffic_control_device,weather_condition,lighting_condition,first_crash_type,trafficway_type,alignment,roadway_surface_cond,road_defect,crash_type,intersection_related_i,damage,prim_contributory_cause,num_units,most_severe_injury,injuries_total,injuries_fatal,injuries_incapacitating,injuries_non_incapacitating,injuries_reported_not_evident,injuries_no_indication,crash_hour,crash_day_of_week,crash_month,parsed_datetime,date,time
02/01/2024 06:15:00 AM,5.0,2,2,6,5,1,3,3,0,1,3,FAILING TO REDUCE SPEED TO AVOID CRASH,2,1,0.0,0.0,0.0,0.0,0.0,2.0,6,5,2,02/01/2024,2024-02-01,06:15:00
06/28/2024 05:25:00 PM,7.0,2,1,5,5,1,4,3,0,1,3,DISREGARDING STOP SIGN,2,1,0.0,0.0,0.0,0.0,0.0,2.0,17,6,6,06/28/2024,2024-06-28,17:25:00
04/24/2024 10:30:00 AM,5.0,3,1,6,5,1,3,3,0,1,3,IMPROPER TURNING/NO SIGNAL,2,1,0.0,0.0,0.0,0.0,0.0,3.0,10,4,4,04/24/2024,2024-04-24,10:30:00
07/23/2024 07:45:00 AM,7.0,2,1,5,5,1,3,3,0,1,3,FAILING TO YIELD RIGHT-OF-WAY,2,1,0.0,0.0,0.0,0.0,0.0,2.0,7,3,7,07/23/2024,2024-07-23,07:45:00
08/06/2024 05:39:00 PM,3.0,2,1,3,6,1,3,3,1,1,1,DRIVING SKILLS/KNOWLEDGE/EXPERIENCE,2,3,1.0,0.0,0.0,1.0,0.0,2.0,17,3,8,08/06/2024,2024-08-06,17:39:00
07/22/2024 06:40:00 PM,5.0,2,3,4,7,1,1,1,0,1,3,UNABLE TO DETERMINE,2,1,0.0,0.0,0.0,0.0,0.0,3.0,18,2,7,07/22/2024,2024-07-22,18:40:00
07/28/2024 12:30:00 PM,7.0,2,1,5,6,1,3,3,0,1,1,FAILING TO YIELD RIGHT-OF-WAY,2,1,0.0,0.0,0.0,0.0,0.0,2.0,12,1,7,07/28/2024,2024-07-28,12:30:00
05/24/2024 08:30:00 AM,5.0,3,1,6,5,1,3,3,0,1,3,IMPROPER TURNING/NO SIGNAL,2,1,0.0,0.0,0.0,0.0,0.0,4.0,8,6,5,05/24/2024,2024-05-24,08:30:00
03/10/2024 01:22:00 AM,5.0,2,4,6,5,1,3,3,1,1,3,FAILING TO REDUCE SPEED TO AVOID CRASH,2,3,2.0,0.0,0.0,2.0,0.0,0.0,1,1,3,03/10/2024,2024-03-10,01:22:00
08/08/2024 06:15:00 AM,5.0,2,1,5,4,1,3,3,1,1,3,EQUIPMENT - VEHICLE CONDITION,2,3,2.0,0.0,0.0,2.0,0.0,0.0,6,5,8,08/08/2024,2024-08-08,06:15:00
04/29/2024 03:09:00 PM,5.0,2,1,4,4,1,3,3,0,1,3,FOLLOWING TOO CLOSELY,2,1,0.0,0.0,0.0,0.0,0.0,2.0,15,2,4,04/29/2024,2024-04-29,15:09:00
07/05/2024 02:24:00 PM,5.0,2,1,13,5,1,3,3,1,1,2,UNABLE TO DETERMINE,2,3,1.0,0.0,0.0,1.0,0.0,1.0,14,6,7,07/05/2024,2024-07-05,14:24:00
03/04/2024 10:00:00 PM,5.0,4,4,13,5,1,4,3,1,1,1,WEATHER,2,2,1.0,0.0,0.0,0.0,1.0,1.0,22,2,3,03/04/2024,2024-03-04,22:00:00
03/29/2024 02:13:00 AM,5.0,2,4,3,4,1,3,3,0,0,1,IMPROPER LANE USAGE,2,1,0.0,0.0,0.0,0.0,0.0,2.0,2,6,3,03/29/2024,2024-03-29,02:13:00
05/22/2024 07:40:00 PM,3.0,2,3,4,6,1,3,3,1,1,3,FOLLOWING TOO CLOSELY,2,2,1.0,0.0,0.0,0.0,1.0,2.0,19,4,5,05/22/2024,2024-05-22,19:40:00
05/08/2024 07:48:00 AM,7.0,2,1,11,5,1,3,3,1,1,3,UNABLE TO DETERMINE,2,3,1.0,0.0,0.0,1.0,0.0,0.0,7,4,5,05/08/2024,2024-05-08,07:48:00
02/01/2024 06:15:00 PM,5.0,2,5,6,4,1,3,3,0,1,3,UNABLE TO DETERMINE,2,1,0.0,0.0,0.0,0.0,0.0,3.0,18,5,2,02/01/2024,2024-02-01,18:15:00
02/18/2024 05:32:00 AM,5.0,2,4,5,5,1,3,1,0,1,3,DISREGARDING TRAFFIC SIGNALS,2,1,0.0,0.0,0.0,0.0,0.0,2.0,5,1,2,02/18/2024,2024-02-18,05:32:00
01/19/2024 01:19:00 PM,5.0,2,1,6,5,1,3,3,1,1,3,IMPROPER TURNING/NO SIGNAL,2,1,0.0,0.0,0.0,0.0,0.0,2.0,13,6,1,01/19/2024,2024-01-19,13:19:00
03/23/2024 02:45:00 PM,5.0,2,1,6,3,1,3,7,1,1,3,NOT APPLICABLE,2,2,1.0,0.0,0.0,0.0,1.0,1.0,14,7,3,03/23/2024,2024-03-23,14:45:00
05/16/2024 02:30:00 PM,7.0,4,1,4,5,1,4,3,0,1,3,WEATHER,2,1,0.0,0.0,0.0,0.0,0.0,2.0,14,5,5,05/16/2024,2024-05-16,14:30:00
07/19/2024 12:27:00 PM,1.0,2,1,6,5,1,3,3,1,1,3,DISREGARDING TRAFFIC SIGNALS,2,3,1.0,0.0,0.0,1.0,0.0,1.0,12,6,7,07/19/2024,2024-07-19,12:27:00
06/04/2024 10:25:00 AM,7.0,2,1,5,4,1,3,3,1,1,3,FAILING TO YIELD RIGHT-OF-WAY,2,1,0.0,0.0,0.0,0.0,0.0,2.0,10,3,6,06/04/2024,2024-06-04,10:25:00
03/15/2024 03:00:00 PM,3.0,2,1,6,6,1,3,3,1,1,3,FAILING TO YIELD RIGHT-OF-WAY,2,1,0.0,0.0,0.0,0.0,0.0,2.0,15,6,3,03/15/2024,2024-03-15,15:00:00
02/13/2024 12:22:00 AM,5.0,2,4,5,5,1,3,3,1,1,3,DISREGARDING TRAFFIC SIGNALS,2,1,0.0,0.0,0.0,0.0,0.0,2.0,0,3,2,02/13/2024,2024-02-13,00:22:00
02/26/2024 05:25:00 PM,5.0,2,1,4,6,1,3,3,0,1,1,UNABLE TO DETERMINE,2,1,0.0,0.0,0.0,0.0,0.0,2.0,17,2,2,02/26/2024,2024-02-26,17:25:00
02/09/2024 01:15:00 PM,5.0,2,1,5,1,1,3,3,1,1,3,FAILING TO YIELD RIGHT-OF-WAY,2,1,0.0,0.0,0.0,0.0,0.0,2.0,13,6,2,02/09/2024,2024-02-09,13:15:00
01/10/2024 03:10:00 PM,3.0,3,1,6,5,1,5,3,0,1,3,FAILING TO YIELD RIGHT-OF-WAY,2,1,0.0,0.0,0.0,0.0,0.0,3.0,15,4,1,01/10/2024,2024-01-10,15:10:00
03/09/2024 09:13:00 PM,5.0,2,4,4,10,1,3,3,1,1,3,UNABLE TO DETERMINE,2,2,1.0,0.0,0.0,0.0,1.0,1.0,21,7,3,03/09/2024,2024-03-09,21:13:00
05/03/2024 04:00:00 PM,5.0,2,1,3,10,1,3,3,0,1,3,UNABLE TO DETERMINE,2,1,0.0,0.0,0.0,0.0,0.0,2.0,16,6,5,05/03/2024,2024-05-03,16:00:00
01/05/2024 01:30:00 AM,5.0,2,4,5,5,1,3,3,1,1,3,DISREGARDING TRAFFIC SIGNALS,2,1,0.0,0.0,0.0,0.0,0.0,2.0,1,6,1,01/05/2024,2024-01-05,01:30:00
02/17/2024 12:11:00 PM,7.0,2,1,5,5,1,3,1,0,1,3,FAILING TO YIELD RIGHT-OF-WAY,2,1,0.0,0.0,0.0,0.0,0.0,3.0,12,7,2,02/17/2024,2024-02-17,12:11:00
02/16/2024 08:45:00 PM,3.0,2,4,6,6,1,3,3,0,1,3,FAILING TO YIELD RIGHT-OF-WAY,2,1,0.0,0.0,0.0,0.0,0.0,2.0,20,6,2,02/16/2024,2024-02-16,20:45:00
04/30/2024 02:30:00 PM,5.0,2,1,5,5,1,3,3,0,1,3,UNABLE TO DETERMINE,2,1,0.0,0.0,0.0,0.0,0.0,2.0,14,3,4,04/30/2024,2024-04-30,14:30:00
04/21/2024 05:22:00 AM,7.0,2,2,5,5,1,3,3,1,1,3,FAILING TO YIELD RIGHT-OF-WAY,2,2,2.0,0.0,0.0,0.0,2.0,2.0,5,1,4,04/21/2024,2024-04-21,05:22:00
07/22/2024 03:39:00 AM,7.0,2,4,7,5,1,3,3,0,1,3,IMPROPER BACKING,2,1,0.0,0.0,0.0,0.0,0.0,2.0,3,2,7,07/22/2024,2024-07-22,03:39:00
05/09/2024 10:13:00 AM,5.0,2,1,3,6,1,3,3,0,1,3,IMPROPER OVERTAKING/PASSING,2,1,0.0,0.0,0.0,0.0,0.0,2.0,10,5,5,05/09/2024,2024-05-09,10:13:00
01/14/2024 12:45:00 PM,5.0,2,1,5,5,1,4,3,0,1,3,UNABLE TO DETERMINE,2,1,0.0,0.0,0.0,0.0,0.0,2.0,12,1,1,01/14/2024,2024-01-14,12:45:00
02/23/2024 05:20:00 PM,5.0,4,3,4,5,1,3,3,0,1,2,FOLLOWING TOO CLOSELY,2,1,0.0,0.0,0.0,0.0,0.0,2.0,17,6,2,02/23/2024,2024-02-23,17:20:00
07/03/2024 11:48:00 AM,7.0,2,1,3,5,1,3,1,0,1,3,IMPROPER OVERTAKING/PASSING,2,1,0.0,0.0,0.0,0.0,0.0,5.0,11,4,7,07/03/2024,2024-07-03,11:48:00
07/06/2024 12:30:00 PM,5.0,2,1,6,7,1,3,3,0,1,2,IMPROPER TURNING/NO SIGNAL,2,1,0.0,0.0,0.0,0.0,0.0,5.0,12,7,7,07/06/2024,2024-07-06,12:30:00
05/06/2024 11:27:00 PM,5.0,2,4,5,6,1,3,1,1,1,3,DISREGARDING TRAFFIC SIGNALS,2,3,1.0,0.0,0.0,1.0,0.0,1.0,23,2,5,05/06/2024,2024-05-06,23:27:00
03/31/2024 03:53:00 AM,5.0,2,4,3,12,1,3,3,1,1,3,"OPERATING VEHICLE IN ERRATIC, RECKLESS, CARELESS, NEGLIGENT OR AGGRESSIVE MANNER",2,3,1.0,0.0,0.0,1.0,0.0,5.0,3,1,3,03/31/2024,2024-03-31,03:53:00
03/14/2024 03:30:00 PM,5.0,2,1,6,5,1,3,3,0,1,3,FOLLOWING TOO CLOSELY,2,1,0.0,0.0,0.0,0.0,0.0,2.0,15,5,3,03/14/2024,2024-03-14,15:30:00
07/08/2024 01:51:00 PM,5.0,2,1,6,6,1,3,3,1,1,3,FAILING TO YIELD RIGHT-OF-WAY,2,2,2.0,0.0,0.0,0.0,2.0,0.0,13,2,7,07/08/2024,2024-07-08,13:51:00
05/01/2024 10:26:00 AM,3.0,2,1,10,6,1,3,3,0,0,2,IMPROPER LANE USAGE,2,1,0.0,0.0,0.0,0.0,0.0,2.0,10,4,5,05/01/2024,2024-05-01,10:26:00
05/13/2024 09:50:00 AM,3.0,2,1,4,4,1,3,3,0,1,3,UNABLE TO DETERMINE,2,1,0.0,0.0,0.0,0.0,0.0,2.0,9,2,5,05/13/2024,2024-05-13,09:50:00
04/27/2024 06:11:00 PM,5.0,2,1,4,6,1,3,1,1,1,2,DRIVING SKILLS/KNOWLEDGE/EXPERIENCE,2,1,0.0,0.0,0.0,0.0,0.0,3.0,18,7,4,04/27/2024,2024-04-27,18:11:00
04/14/2024 01:00:00 PM,5.0,2,1,5,5,1,3,3,1,1,3,DISREGARDING TRAFFIC SIGNALS,2,1,0.0,0.0,0.0,0.0,0.0,2.0,13,1,4,04/14/2024,2024-04-14,13:00:00
03/25/2024 08:57:00 AM,5.0,2,1,5,5,1,2,1,1,1,3,DISREGARDING TRAFFIC SIGNALS,2,3,2.0,0.0,0.0,2.0,0.0,1.0,8,2,3,03/25/2024,2024-03-25,08:57:00
03/25/2024 11:40:00 AM,3.0,2,1,11,7,1,3,3,1,1,3,PHYSICAL CONDITION OF DRIVER,2,3,1.0,0.0,0.0,1.0,0.0,1.0,11,2,3,03/25/2024,2024-03-25,11:40:00
06/19/2024 10:50:00 AM,2.0,2,1,3,3,1,3,3,0,0,2,FOLLOWING TOO CLOSELY,2,1,0.0,0.0,0.0,0.0,0.0,2.0,10,4,6,06/19/2024,2024-06-19,10:50:00
04/08/2024 06:36:00 PM,5.0,2,2,4,7,1,3,3,0,1,3,FOLLOWING TOO CLOSELY,2,1,0.0,0.0,0.0,0.0,0.0,2.0,18,2,4,04/08/2024,2024-04-08,18:36:00
06/24/2024 06:05:00 PM,5.0,2,1,13,4,1,3,3,0,1,3,IMPROPER TURNING/NO SIGNAL,2,1,0.0,0.0,0.0,0.0,0.0,2.0,18,2,6,06/24/2024,2024-06-24,18:05:00
08/02/2024 09:50:00 AM,5.0,4,1,6,6,1,4,3,0,1,3,IMPROPER OVERTAKING/PASSING,2,1,0.0,0.0,0.0,0.0,0.0,4.0,9,6,8,08/02/2024,2024-08-02,09:50:00
08/08/2024 07:40:00 PM,5.0,2,1,13,6,1,3,3,0,1,1,UNABLE TO DETERMINE,2,1,0.0,0.0,0.0,0.0,0.0,2.0,19,5,8,08/08/2024,2024-08-08,19:40:00
02/02/2024 02:35:00 PM,7.0,2,1,13,5,1,3,1,1,1,1,UNABLE TO DETERMINE,2,3,1.0,0.0,0.0,1.0,0.0,1.0,14,6,2,02/02/2024,2024-02-02,14:35:00
06/09/2024 04:45:00 AM,5.0,2,4,4,5,1,3,3,0,0,3,UNABLE TO DETERMINE,2,1,0.0,0.0,0.0,0.0,0.0,3.0,4,1,6,06/09/2024,2024-06-09,04:45:00
04/03/2024 07:47:00 PM,5.0,4,4,13,5,1,4,3,1,1,1,UNABLE TO DETERMINE,2,4,1.0,0.0,1.0,0.0,0.0,1.0,19,4,4,04/03/2024,2024-04-03,19:47:00
06/18/2024 05:29:00 PM,3.0,2,1,6,4,1,3,3,1,1,3,FAILING TO YIELD RIGHT-OF-WAY,2,2,1.0,0.0,0.0,0.0,1.0,1.0,17,3,6,06/18/2024,2024-06-18,17:29:00
05/13/2024 02:05:00 PM,3.0,2,1,11,6,1,1,1,0,1,3,UNABLE TO DETERMINE,2,1,0.0,0.0,0.0,0.0,0.0,1.0,14,2,5,05/13/2024,2024-05-13,14:05:00
06/24/2024 05:55:00 PM,5.0,2,1,5,14,1,3,3,0,1,3,UNABLE TO DETERMINE,2,1,0.0,0.0,0.0,0.0,0.0,2.0,17,2,6,06/24/2024,2024-06-24,17:55:00
04/14/2024 12:00:00 PM,3.0,2,1,6,7,1,3,3,1,1,3,FAILING TO YIELD RIGHT-OF-WAY,2,3,1.0,0.0,0.0,1.0,0.0,2.0,12,1,4,04/14/2024,2024-04-14,12:00:00
04/15/2024 03:45:00 PM,3.0,2,1,3,6,1,3,3,0,1,3,FAILING TO YIELD RIGHT-OF-WAY,2,1,0.0,0.0,0.0,0.0,0.0,3.0,15,2,4,04/15/2024,2024-04-15,15:45:00
04/23/2024 06:35:00 PM,7.0,4,1,5,5,1,4,3,0,1,2,FAILING TO YIELD RIGHT-OF-WAY,2,1,0.0,0.0,0.0,0.0,0.0,2.0,18,3,4,04/23/2024,2024-04-23,18:35:00
08/01/2024 01:45:00 PM,7.0,2,1,5,5,1,3,3,0,1,3,UNABLE TO DETERMINE,2,1,0.0,0.0,0.0,0.0,0.0,2.0,13,5,8,08/01/2024,2024-08-01,13:45:00
06/05/2024 01:52:00 PM,5.0,2,1,6,5,1,3,3,0,1,3,DISREGARDING TRAFFIC SIGNALS,2,1,0.0,0.0,0.0,0.0,0.0,2.0,13,4,6,06/05/2024,2024-06-05,13:52:00
03/20/2024 06:13:00 PM,7.0,2,1,13,6,1,3,3,1,1,3,DISREGARDING STOP SIGN,2,3,1.0,0.0,0.0,1.0,0.0,1.0,18,4,3,03/20/2024,2024-03-20,18:13:00
05/11/2024 06:35:00 PM,7.0,2,1,6,7,1,3,3,0,1,3,UNABLE TO DETERMINE,2,1,0.0,0.0,0.0,0.0,0.0,2.0,18,7,5,05/11/2024,2024-05-11,18:35:00
06/03/2024 04:35:00 PM,5.0,2,1,6,5,1,1,1,0,1,3,UNABLE TO DETERMINE,2,1,0.0,0.0,0.0,0.0,0.0,2.0,16,2,6,06/03/2024,2024-06-03,16:35:00
02/22/2024 02:30:00 PM,7.0,2,1,5,4,1,3,3,0,1,3,FAILING TO YIELD RIGHT-OF-WAY,2,1,0.0,0.0,0.0,0.0,0.0,2.0,14,5,2,02/22/2024,2024-02-22,14:30:00
08/01/2024 09:49:00 AM,5.0,3,1,6,7,1,4,1,1,1,3,FAILING TO YIELD RIGHT-OF-WAY,2,1,0.0,0.0,0.0,0.0,0.0,2.0,9,5,8,08/01/2024,2024-08-01,09:49:00
04/18/2024 05:50:00 PM,5.0,3,1,6,6,1,1,1,0,1,2,UNABLE TO DETERMINE,2,1,0.0,0.0,0.0,0.0,0.0,2.0,17,5,4,04/18/2024,2024-04-18,17:50:00
04/09/2024 06:48:00 AM,5.0,2,1,3,1,1,1,1,0,1,3,UNABLE TO DETERMINE,2,1,0.0,0.0,0.0,0.0,0.0,2.0,6,3,4,04/09/2024,2024-04-09,06:48:00
03/05/2024 08:20:00 AM,5.0,2,1,6,7,1,3,3,0,1,2,FOLLOWING TOO CLOSELY,2,1,0.0,0.0,0.0,0.0,0.0,3.0,8,3,3,03/05/2024,2024-03-05,08:20:00
02/28/2024 08:40:00 AM,7.0,2,1,5,1,1,3,3,1,1,3,NOT APPLICABLE,2,1,0.0,0.0,0.0,0.0,0.0,3.0,8,4,2,02/28/2024,2024-02-28,08:40:00
05/26/2024 08:30:00 PM,5.0,4,4,6,5,1,4,3,0,1,2,UNABLE TO DETERMINE,2,1,0.0,0.0,0.0,0.0,0.0,2.0,20,1,5,05/26/2024,2024-05-26,20:30:00
03/23/2024 04:15:00 PM,5.0,2,1,4,5,1,3,1,0,0,1,FOLLOWING TOO CLOSELY,2,1,0.0,0.0,0.0,0.0,0.0,4.0,16,7,3,03/23/2024,2024-03-23,16:15:00
05/03/2024 05:02:00 PM,1.0,2,1,8,7,1,3,1,0,1,3,IMPROPER BACKING,2,1,0.0,0.0,0.0,0.0,0.0,2.0,17,6,5,05/03/2024,2024-05-03,17:02:00
04/03/2024 05:26:00 AM,6.0,5,2,13,10,1,4,3,1,1,2,IMPROPER TURNING/NO SIGNAL,2,2,1.0,0.0,0.0,0.0,1.0,1.0,5,4,4,04/03/2024,2024-04-03,05:26:00
03/16/2024 02:00:00 AM,1.0,2,4,5,5,1,3,1,0,1,3,FAILING TO YIELD RIGHT-OF-WAY,2,1,0.0,0.0,0.0,0.0,0.0,3.0,2,7,3,03/16/2024,2024-03-16,02:00:00
04/15/2024 08:52:00 PM,5.0,2,4,4,6,1,3,3,0,1,1,FOLLOWING TOO CLOSELY,2,1,0.0,0.0,0.0,0.0,0.0,2.0,20,2,4,04/15/2024,2024-04-15,20:52:00
01/05/2024 01:57:00 PM,3.0,2,1,5,5,1,3,3,0,1,3,FAILING TO REDUCE SPEED TO AVOID CRASH,2,1,0.0,0.0,0.0,0.0,0.0,4.0,13,6,1,01/05/2024,2024-01-05,13:57:00
05/24/2024 10:50:00 PM,1.0,4,3,3,6,1,4,1,0,1,2,NOT APPLICABLE,2,1,0.0,0.0,0.0,0.0,0.0,3.0,22,6,5,05/24/2024,2024-05-24,22:50:00
06/18/2024 06:41:00 PM,5.0,2,1,3,4,3,3,3,0,1,3,UNABLE TO DETERMINE,2,1,0.0,0.0,0.0,0.0,0.0,3.0,18,3,6,06/18/2024,2024-06-18,18:41:00
05/02/2024 09:30:00 PM,5.0,2,4,6,5,1,1,1,0,1,3,UNABLE TO DETERMINE,2,1,0.0,0.0,0.0,0.0,0.0,2.0,21,5,5,05/02/2024,2024-05-02,21:30:00
04/10/2024 12:45:00 PM,5.0,2,1,4,4,1,3,3,0,1,3,FOLLOWING TOO CLOSELY,2,1,0.0,0.0,0.0,0.0,0.0,2.0,12,4,4,04/10/2024,2024-04-10,12:45:00
02/11/2024 10:03:00 AM,3.0,2,1,13,4,1,3,3,1,1,3,FAILING TO YIELD RIGHT-OF-WAY,2,3,1.0,0.0,0.0,1.0,0.0,1.0,10,1,2,02/11/2024,2024-02-11,10:03:00
02/22/2024 05:47:00 PM,5.0,2,3,4,7,1,3,3,0,1,3,FOLLOWING TOO CLOSELY,2,1,0.0,0.0,0.0,0.0,0.0,2.0,17,5,2,02/22/2024,2024-02-22,17:47:00
06/09/2024 06:30:00 PM,5.0,2,1,4,4,1,3,1,0,1,3,UNABLE TO DETERMINE,2,1,0.0,0.0,0.0,0.0,0.0,3.0,18,1,6,06/09/2024,2024-06-09,18:30:00
05/23/2024 08:10:00 AM,7.0,2,1,5,5,1,3,1,0,1,3,FAILING TO YIELD RIGHT-OF-WAY,2,1,0.0,0.0,0.0,0.0,0.0,3.0,8,5,5,05/23/2024,2024-05-23,08:10:00
02/18/2024 03:50:00 PM,3.0,2,1,6,5,1,3,3,0,1,3,IMPROPER LANE USAGE,2,1,0.0,0.0,0.0,0.0,0.0,3.0,15,1,2,02/18/2024,2024-02-18,15:50:00
08/09/2024 09:43:00 AM,7.0,2,1,14,6,1,3,3,1,1,2,DISREGARDING STOP SIGN,2,2,1.0,0.0,0.0,0.0,1.0,1.0,9,6,8,08/09/2024,2024-08-09,09:43:00
05/05/2024 03:40:00 PM,7.0,2,1,4,4,1,3,3,0,1,3,FOLLOWING TOO CLOSELY,2,1,0.0,0.0,0.0,0.0,0.0,2.0,15,1,5,05/05/2024,2024-05-05,15:40:00
06/28/2024 05:00:00 AM,7.0,2,2,5,5,1,3,3,0,1,3,FAILING TO YIELD RIGHT-OF-WAY,2,1,0.0,0.0,0.0,0.0,0.0,2.0,5,6,6,06/28/2024,2024-06-28,05:00:00
05/24/2024 09:40:00 AM,3.0,2,1,6,3,1,3,3,0,1,3,FAILING TO YIELD RIGHT-OF-WAY,2,1,0.0,0.0,0.0,0.0,0.0,2.0,9,6,5,05/24/2024,2024-05-24,09:40:00
07/13/2024 11:25:00 AM,5.0,2,1,5,6,1,3,1,1,1,3,NOT APPLICABLE,2,3,1.0,0.0,0.0,1.0,0.0,1.0,11,7,7,07/13/2024,2024-07-13,11:25:00
06/07/2024 12:20:00 PM,5.0,2,1,4,1,1,1,1,0,1,3,UNABLE TO DETERMINE,2,1,0.0,0.0,0.0,0.0,0.0,2.0,12,6,6,06/07/2024,2024-06-07,12:20:00
06/23/2024 01:58:00 PM,3.0,2,1,6,6,1,3,3,1,1,3,FAILING TO YIELD RIGHT-OF-WAY,2,3,2.0,0.0,0.0,2.0,0.0,2.0,13,1,6,06/23/2024,2024-06-23,13:58:00
06/16/2024 02:40:00 AM,7.0,2,4,7,5,1,3,1,1,1,3,DISREGARDING TRAFFIC SIGNALS,2,3,1.0,0.0,0.0,1.0,0.0,3.0,2,1,6,06/16/2024,2024-06-16,02:40:00
08/11/2024 03:50:00 AM,7.0,2,4,6,6,1,3,3,1,1,3,FAILING TO REDUCE SPEED TO AVOID CRASH,2,1,0.0,0.0,0.0,0.0,0.0,4.0,3,1,8,08/11/2024,2024-08-11,03:50:00
02/24/2024 01:24:00 AM,5.0,5,4,4,4,1,6,3,0,1,3,WEATHER,2,1,0.0,0.0,0.0,0.0,0.0,2.0,1,7,2,02/24/2024,2024-02-24,01:24:00
05/07/2024 08:36:00 AM,5.0,4,1,5,4,1,4,1,1,1,3,"OPERATING VEHICLE IN ERRATIC, RECKLESS, CARELESS, NEGLIGENT OR AGGRESSIVE MANNER",2,1,0.0,0.0,0.0,0.0,0.0,2.0,8,3,5,05/07/2024,2024-05-07,08:36:00
02/22/2024 03:10:00 PM,5.0,2,1,6,4,1,3,1,1,1,3,IMPROPER OVERTAKING/PASSING,2,1,0.0,0.0,0.0,0.0,0.0,2.0,15,5,2,02/22/2024,2024-02-22,15:10:00
05/22/2024 04:00:00 PM,5.0,2,1,4,5,1,3,1,0,1,3,FAILING TO REDUCE SPEED TO AVOID CRASH,2,1,0.0,0.0,0.0,0.0,0.0,3.0,16,4,5,05/22/2024,2024-05-22,16:00:00
01/08/2024 03:05:00 PM,5.0,2,1,5,1,1,1,1,0,1,3,UNABLE TO DETERMINE,2,1,0.0,0.0,0.0,0.0,0.0,2.0,15,2,1,01/08/2024,2024-01-08,15:05:00
03/18/2024 09:54:00 AM,5.0,2,1,5,5,1,3,3,0,1,3,UNABLE TO DETERMINE,2,1,0.0,0.0,0.0,0.0,0.0,2.0,9,2,3,03/18/2024,2024-03-18,09:54:00
07/20/2024 06:55:00 PM,5.0,2,1,4,5,1,3,3,0,0,3,DRIVING SKILLS/KNOWLEDGE/EXPERIENCE,2,1,0.0,0.0,0.0,0.0,0.0,2.0,18,7,7,07/20/2024,2024-07-20,18:55:00
07/25/2024 05:00:00 PM,5.0,2,1,4,6,1,3,3,0,1,3,DRIVING SKILLS/KNOWLEDGE/EXPERIENCE,2,1,0.0,0.0,0.0,0.0,0.0,2.0,17,5,7,07/25/2024,2024-07-25,17:00:00
03/09/2024 01:30:00 AM,5.0,2,5,5,10,1,3,1,1,1,3,DISREGARDING TRAFFIC SIGNALS,2,4,2.0,0.0,2.0,0.0,0.0,1.0,1,7,3,03/09/2024,2024-03-09,01:30:00
04/10/2024 02:29:00 PM,7.0,2,1,4,6,1,3,3,1,1,3,UNABLE TO DETERMINE,2,1,0.0,0.0,0.0,0.0,0.0,2.0,14,4,4,04/10/2024,2024-04-10,14:29:00
08/04/2024 12:55:00 PM,7.0,2,1,6,6,1,3,3,0,1,2,DISREGARDING STOP SIGN,2,1,0.0,0.0,0.0,0.0,0.0,3.0,12,1,8,08/04/2024,2024-08-04,12:55:00
01/26/2024 03:55:00 PM,3.0,4,4,4,6,1,4,3,0,1,2,EQUIPMENT - VEHICLE CONDITION,2,1,0.0,0.0,0.0,0.0,0.0,2.0,15,6,1,01/26/2024,2024-01-26,15:55:00
08/11/2024 03:10:00 PM,5.0,2,1,6,5,1,3,3,1,1,3,UNABLE TO DETERMINE,2,1,0.0,0.0,0.0,0.0,0.0,4.0,15,1,8,08/11/2024,2024-08-11,15:10:00
04/10/2024 05:10:00 PM,7.0,2,1,5,5,1,3,3,1,1,3,DISREGARDING STOP SIGN,2,2,1.0,0.0,0.0,0.0,1.0,1.0,17,4,4,04/10/2024,2024-04-10,17:10:00
05/03/2024 05:03:00 PM,7.0,2,1,5,7,1,3,3,1,1,3,FAILING TO YIELD RIGHT-OF-WAY,2,3,1.0,0.0,0.0,1.0,0.0,1.0,17,6,5,05/03/2024,2024-05-03,17:03:00
04/02/2024 01:21:00 PM,5.0,4,1,5,6,1,4,3,1,1,3,FAILING TO YIELD RIGHT-OF-WAY,2,3,2.0,0.0,0.0,2.0,0.0,0.0,13,3,4,04/02/2024,2024-04-02,13:21:00
05/16/2024 04:00:00 PM,5.0,2,1,6,4,1,3,3,1,1,2,UNABLE TO DETERMINE,2,2,1.0,0.0,0.0,0.0,1.0,1.0,16,5,5,05/16/2024,2024-05-16,16:00:00
02/28/2024 08:00:00 PM,3.0,2,3,6,5,2,3,3,0,1,2,FAILING TO YIELD RIGHT-OF-WAY,2,1,0.0,0.0,0.0,0.0,0.0,2.0,20,4,2,02/28/2024,2024-02-28,20:00:00
01/21/2024 07:56:00 PM,5.0,2,5,4,5,1,3,1,0,1,2,FOLLOWING TOO CLOSELY,2,1,0.0,0.0,0.0,0.0,0.0,2.0,19,1,1,01/21/2024,2024-01-21,19:56:00
06/09/2024 10:09:00 AM,5.0,2,1,6,6,1,3,3,0,1,3,DRIVING SKILLS/KNOWLEDGE/EXPERIENCE,2,1,0.0,0.0,0.0,0.0,0.0,2.0,10,1,6,06/09/2024,2024-06-09,10:09:00
04/27/2024 02:36:00 AM,5.0,4,4,5,5,1,4,3,1,1,3,DISREGARDING TRAFFIC SIGNALS,2,4,2.0,0.0,2.0,0.0,0.0,0.0,2,7,4,04/27/2024,2024-04-27,02:36:00