crash_date,traffic_control_device,weather_condition,lighting_condition,first_crash_type,trafficway_type,alignment,roadway_surface_cond,road_defect,crash_type,intersection_related_i,damage,prim_contributory_cause,num_units,most_severe_injury,injuries_total,injuries_fatal,injuries_incapacitating,injuries_non_incapacitating,injuries_reported_not_evident,injuries_no_indication,crash_hour,crash_day_of_week,crash_month,parsed_datetime,date,time
05/09/2024 11:30:00 AM,7.0,2,1,6,5,1,3,3,0,1,2,UNABLE TO DETERMINE,2,1,0.0,0.0,0.0,0.0,0.0,2.0,11,5,5,05/09/2024,2024-05-09,11:30:00
03/02/2024 03:40:00 PM,3.0,2,1,14,5,1,3,3,1,1,3,UNABLE TO DETERMINE,2,4,1.0,0.0,1.0,0.0,0.0,1.0,15,7,3,03/02/2024,2024-03-02,15:40:00
07/30/2024 06:50:00 PM,5.0,2,1,4,4,1,3,3,0,1,3,UNABLE TO DETERMINE,2,1,0.0,0.0,0.0,0.0,0.0,3.0,18,3,7,07/30/2024,2024-07-30,18:50:00
08/13/2024 12:58:00 PM,7.0,2,1,6,6,1,3,3,0,1,3,NOT APPLICABLE,2,1,0.0,0.0,0.0,0.0,0.0,2.0,12,3,8,08/13/2024,2024-08-13,12:58:00
03/11/2024 03:20:00 PM,7.0,2,1,5,5,1,3,3,1,1,3,FAILING TO YIELD RIGHT-OF-WAY,2,1,0.0,0.0,0.0,0.0,0.0,3.0,15,2,3,03/11/2024,2024-03-11,15:20:00
02/19/2024 04:31:00 PM,5.0,2,3,6,5,1,3,3,1,1,3,DISREGARDING TRAFFIC SIGNALS,2,2,1.0,0.0,0.0,0.0,1.0,1.0,16,2,2,02/19/2024,2024-02-19,16:31:00
03/23/2024 03:15:00 PM,5.0,2,1,4,5,1,3,3,0,1,3,FOLLOWING TOO CLOSELY,2,1,0.0,0.0,0.0,0.0,0.0,2.0,15,7,3,03/23/2024,2024-03-23,15:15:00
03/30/2024 09:39:00 PM,5.0,2,4,4,5,1,3,3,0,1,3,FOLLOWING TOO CLOSELY,2,1,0.0,0.0,0.0,0.0,0.0,2.0,21,7,3,03/30/2024,2024-03-30,21:39:00
08/05/2024 05:25:00 PM,5.0,2,1,6,6,1,3,3,1,1,3,UNABLE TO DETERMINE,2,1,0.0,0.0,0.0,0.0,0.0,2.0,17,2,8,08/05/2024,2024-08-05,17:25:00
04/02/2024 09:45:00 AM,7.0,4,1,4,10,1,4,3,0,1,3,FOLLOWING TOO CLOSELY,2,1,0.0,0.0,0.0,0.0,0.0,3.0,9,3,4,04/02/2024,2024-04-02,09:45:00
01/03/2024 05:17:00 PM,5.0,2,5,14,5,1,3,3,1,1,1,FAILING TO YIELD RIGHT-OF-WAY,2,2,1.0,0.0,0.0,0.0,1.0,1.0,17,4,1,01/03/2024,2024-01-03,17:17:00
07/23/2024 08:07:00 PM,5.0,4,4,6,5,1,4,1,1,1,3,FAILING TO REDUCE SPEED TO AVOID CRASH,2,1,0.0,0.0,0.0,0.0,0.0,2.0,20,3,7,07/23/2024,2024-07-23,20:07:00
07/10/2024 02:19:00 PM,5.0,2,1,3,5,1,3,3,0,1,3,IMPROPER OVERTAKING/PASSING,2,1,0.0,0.0,0.0,0.0,0.0,2.0,14,4,7,07/10/2024,2024-07-10,14:19:00
01/14/2024 07:38:00 AM,5.0,3,1,6,3,1,6,7,1,1,3,"OPERATING VEHICLE IN ERRATIC, RECKLESS, CARELESS, NEGLIGENT OR AGGRESSIVE MANNER",2,1,0.0,0.0,0.0,0.0,0.0,3.0,7,1,1,01/14/2024,2024-01-14,07:38:00
01/10/2024 12:35:00 PM,5.0,2,1,6,5,1,3,3,0,1,2,UNABLE TO DETERMINE,2,1,0.0,0.0,0.0,0.0,0.0,2.0,12,4,1,01/10/2024,2024-01-10,12:35:00
08/03/2024 06:05:00 PM,3.0,2,1,4,4,1,3,3,0,1,3,UNABLE TO DETERMINE,2,1,0.0,0.0,0.0,0.0,0.0,2.0,18,7,8,08/03/2024,2024-08-03,18:05:00
04/28/2024 05:38:00 PM,5.0,2,1,3,5,1,3,3,0,1,3,IMPROPER OVERTAKING/PASSING,2,1,0.0,0.0,0.0,0.0,0.0,3.0,17,1,4,04/28/2024,2024-04-28,17:38:00
03/03/2024 09:00:00 PM,5.0,2,4,4,5,1,3,3,0,1,2,FOLLOWING TOO CLOSELY,2,1,0.0,0.0,0.0,0.0,0.0,2.0,21,1,3,03/03/2024,2024-03-03,21:00:00
04/08/2024 06:50:00 AM,5.0,2,2,6,6,1,3,3,0,1,3,DRIVING SKILLS/KNOWLEDGE/EXPERIENCE,2,1,0.0,0.0,0.0,0.0,0.0,2.0,6,2,4,04/08/2024,2024-04-08,06:50:00
03/25/2024 08:00:00 AM,7.0,2,1,5,5,1,3,3,1,1,3,FAILING TO YIELD RIGHT-OF-WAY,2,3,1.0,0.0,0.0,1.0,0.0,1.0,8,2,3,03/25/2024,2024-03-25,08:00:00
07/22/2024 02:47:00 PM,7.0,2,1,5,5,1,3,3,1,1,3,FAILING TO YIELD RIGHT-OF-WAY,2,3,1.0,0.0,0.0,1.0,0.0,1.0,14,2,7,07/22/2024,2024-07-22,14:47:00
05/03/2024 09:40:00 AM,7.0,4,1,5,4,1,4,3,1,1,3,DRIVING SKILLS/KNOWLEDGE/EXPERIENCE,2,2,1.0,0.0,0.0,0.0,1.0,2.0,9,6,5,05/03/2024,2024-05-03,09:40:00
07/09/2024 07:00:00 AM,5.0,2,1,6,5,1,3,2,0,1,2,ROAD CONSTRUCTION/MAINTENANCE,2,1,0.0,0.0,0.0,0.0,0.0,2.0,7,3,7,07/09/2024,2024-07-09,07:00:00
03/29/2024 11:21:00 PM,5.0,4,4,4,6,1,4,3,0,1,2,WEATHER,2,1,0.0,0.0,0.0,0.0,0.0,2.0,23,6,3,03/29/2024,2024-03-29,23:21:00
07/02/2024 11:45:00 AM,5.0,2,1,6,5,1,3,3,0,1,2,FAILING TO YIELD RIGHT-OF-WAY,2,1,0.0,0.0,0.0,0.0,0.0,2.0,11,3,7,07/02/2024,2024-07-02,11:45:00
02/16/2024 12:40:00 AM,5.0,2,4,3,14,1,3,3,0,1,3,IMPROPER LANE USAGE,2,1,0.0,0.0,0.0,0.0,0.0,2.0,0,6,2,02/16/2024,2024-02-16,00:40:00
08/07/2024 06:54:00 AM,5.0,2,1,5,4,1,3,3,1,1,3,DISREGARDING TRAFFIC SIGNALS,2,3,2.0,0.0,0.0,2.0,0.0,1.0,6,4,8,08/07/2024,2024-08-07,06:54:00
06/09/2024 02:00:00 PM,5.0,2,1,4,4,1,3,3,0,1,3,FOLLOWING TOO CLOSELY,2,1,0.0,0.0,0.0,0.0,0.0,2.0,14,1,6,06/09/2024,2024-06-09,14:00:00
02/28/2024 03:42:00 PM,5.0,2,1,13,5,1,3,1,1,1,1,IMPROPER TURNING/NO SIGNAL,2,3,1.0,0.0,0.0,1.0,0.0,2.0,15,4,2,02/28/2024,2024-02-28,15:42:00
06/02/2024 05:05:00 PM,5.0,2,1,5,5,1,3,3,1,1,3,FAILING TO YIELD RIGHT-OF-WAY,2,3,1.0,0.0,0.0,1.0,0.0,3.0,17,1,6,06/02/2024,2024-06-02,17:05:00
05/25/2024 04:54:00 AM,5.0,2,1,3,5,1,3,3,0,1,2,IMPROPER OVERTAKING/PASSING,2,1,0.0,0.0,0.0,0.0,0.0,2.0,4,7,5,05/25/2024,2024-05-25,04:54:00
06/05/2024 07:18:00 PM,5.0,2,1,13,6,1,3,1,1,1,3,FAILING TO YIELD RIGHT-OF-WAY,2,3,1.0,0.0,0.0,1.0,0.0,1.0,19,4,6,06/05/2024,2024-06-05,19:18:00
02/27/2024 02:00:00 PM,7.0,2,1,8,4,1,3,3,0,1,1,UNABLE TO DETERMINE,2,1,0.0,0.0,0.0,0.0,0.0,2.0,14,3,2,02/27/2024,2024-02-27,14:00:00
01/26/2024 08:15:00 AM,5.0,4,1,5,4,1,4,3,0,1,3,DISREGARDING TRAFFIC SIGNALS,2,1,0.0,0.0,0.0,0.0,0.0,3.0,8,6,1,01/26/2024,2024-01-26,08:15:00
05/11/2024 01:45:00 PM,5.0,2,1,6,5,1,3,3,0,1,3,UNABLE TO DETERMINE,2,1,0.0,0.0,0.0,0.0,0.0,3.0,13,7,5,05/11/2024,2024-05-11,13:45:00
07/10/2024 08:35:00 AM,3.0,4,1,6,4,1,4,3,1,1,3,WEATHER,2,3,1.0,0.0,0.0,1.0,0.0,2.0,8,4,7,07/10/2024,2024-07-10,08:35:00
04/25/2024 02:50:00 PM,7.0,2,1,3,6,1,3,3,0,1,3,IMPROPER OVERTAKING/PASSING,2,1,0.0,0.0,0.0,0.0,0.0,2.0,14,5,4,04/25/2024,2024-04-25,14:50:00
03/09/2024 10:30:00 PM,5.0,2,4,5,5,1,3,3,0,1,3,UNABLE TO DETERMINE,2,1,0.0,0.0,0.0,0.0,0.0,2.0,22,7,3,03/09/2024,2024-03-09,22:30:00
05/23/2024 05:25:00 PM,5.0,2,1,4,4,1,3,3,0,0,3,FOLLOWING TOO CLOSELY,2,1,0.0,0.0,0.0,0.0,0.0,2.0,17,5,5,05/23/2024,2024-05-23,17:25:00
05/03/2024 06:55:00 PM,3.0,2,1,4,5,1,3,3,0,1,3,FOLLOWING TOO CLOSELY,2,1,0.0,0.0,0.0,0.0,0.0,2.0,18,6,5,05/03/2024,2024-05-03,18:55:00
01/06/2024 12:39:00 PM,5.0,5,1,5,6,1,5,3,0,1,3,DISREGARDING TRAFFIC SIGNALS,2,1,0.0,0.0,0.0,0.0,0.0,2.0,12,7,1,01/06/2024,2024-01-06,12:39:00
07/30/2024 12:20:00 PM,5.0,2,1,13,5,1,3,1,0,1,3,FAILING TO YIELD RIGHT-OF-WAY,2,1,0.0,0.0,0.0,0.0,0.0,2.0,12,3,7,07/30/2024,2024-07-30,12:20:00
04/07/2024 01:00:00 PM,7.0,4,1,5,5,1,4,3,0,1,2,UNABLE TO DETERMINE,2,1,0.0,0.0,0.0,0.0,0.0,2.0,13,1,4,04/07/2024,2024-04-07,13:00:00
03/02/2024 04:24:00 PM,5.0,2,1,3,6,1,3,1,0,1,3,IMPROPER OVERTAKING/PASSING,2,1,0.0,0.0,0.0,0.0,0.0,4.0,16,7,3,03/02/2024,2024-03-02,16:24:00
05/10/2024 09:05:00 AM,3.0,2,1,7,4,1,3,3,0,1,3,IMPROPER LANE USAGE,2,1,0.0,0.0,0.0,0.0,0.0,2.0,9,6,5,05/10/2024,2024-05-10,09:05:00
07/15/2024 12:30:00 PM,5.0,2,1,6,5,1,3,3,0,1,2,IMPROPER TURNING/NO SIGNAL,2,1,0.0,0.0,0.0,0.0,0.0,2.0,12,2,7,07/15/2024,2024-07-15,12:30:00
06/21/2024 05:08:00 PM,5.0,2,1,6,5,1,3,1,0,1,3,FAILING TO YIELD RIGHT-OF-WAY,2,1,0.0,0.0,0.0,0.0,0.0,2.0,17,6,6,06/21/2024,2024-06-21,17:08:00
07/18/2024 09:01:00 AM,5.0,2,1,6,6,1,3,1,0,1,3,IMPROPER BACKING,2,1,0.0,0.0,0.0,0.0,0.0,3.0,9,5,7,07/18/2024,2024-07-18,09:01:00
08/04/2024 01:45:00 PM,5.0,2,1,4,6,2,1,1,0,1,3,FAILING TO REDUCE SPEED TO AVOID CRASH,2,1,0.0,0.0,0.0,0.0,0.0,2.0,13,1,8,08/04/2024,2024-08-04,13:45:00
07/27/2024 03:30:00 PM,3.0,2,1,5,4,1,3,3,1,1,1,FAILING TO YIELD RIGHT-OF-WAY,2,1,0.0,0.0,0.0,0.0,0.0,2.0,15,7,7,07/27/2024,2024-07-27,15:30:00
05/28/2024 12:45:00 AM,1.0,2,4,10,6,1,3,3,0,0,1,UNABLE TO DETERMINE,2,1,0.0,0.0,0.0,0.0,0.0,2.0,0,3,5,05/28/2024,2024-05-28,00:45:00
07/18/2024 05:55:00 PM,5.0,2,1,6,7,1,3,3,0,1,3,FAILING TO YIELD RIGHT-OF-WAY,2,1,0.0,0.0,0.0,0.0,0.0,3.0,17,5,7,07/18/2024,2024-07-18,17:55:00
06/02/2024 08:02:00 AM,5.0,2,1,5,5,1,3,3,1,1,3,DISREGARDING TRAFFIC SIGNALS,2,3,1.0,0.0,0.0,1.0,0.0,1.0,8,1,6,06/02/2024,2024-06-02,08:02:00
03/06/2024 03:55:00 PM,7.0,2,1,5,5,1,3,3,1,0,3,FAILING TO YIELD RIGHT-OF-WAY,2,3,1.0,0.0,0.0,1.0,0.0,1.0,15,4,3,03/06/2024,2024-03-06,15:55:00
03/29/2024 04:46:00 PM,1.0,2,1,4,5,1,1,1,0,1,1,DRIVING SKILLS/KNOWLEDGE/EXPERIENCE,2,1,0.0,0.0,0.0,0.0,0.0,2.0,16,6,3,03/29/2024,2024-03-29,16:46:00
06/30/2024 05:10:00 PM,5.0,2,1,4,6,1,3,3,0,1,3,DISTRACTION - FROM INSIDE VEHICLE,2,1,0.0,0.0,0.0,0.0,0.0,3.0,17,1,6,06/30/2024,2024-06-30,17:10:00
07/01/2024 03:30:00 PM,1.0,2,1,6,6,1,1,1,0,1,3,UNABLE TO DETERMINE,2,1,0.0,0.0,0.0,0.0,0.0,4.0,15,2,7,07/01/2024,2024-07-01,15:30:00
06/04/2024 09:35:00 AM,5.0,2,1,6,10,1,3,3,0,1,1,FAILING TO YIELD RIGHT-OF-WAY,2,1,0.0,0.0,0.0,0.0,0.0,2.0,9,3,6,06/04/2024,2024-06-04,09:35:00
02/27/2024 10:00:00 PM,5.0,2,4,4,5,1,4,3,0,1,3,UNABLE TO DETERMINE,2,1,0.0,0.0,0.0,0.0,0.0,2.0,22,3,2,02/27/2024,2024-02-27,22:00:00
05/21/2024 04:24:00 PM,7.0,2,1,10,6,1,3,1,0,1,3,FAILING TO REDUCE SPEED TO AVOID CRASH,2,1,0.0,0.0,0.0,0.0,0.0,2.0,16,3,5,05/21/2024,2024-05-21,16:24:00
06/25/2024 07:09:00 AM,5.0,2,2,14,5,1,3,3,1,1,2,FAILING TO YIELD RIGHT-OF-WAY,2,2,1.0,0.0,0.0,0.0,1.0,2.0,7,3,6,06/25/2024,2024-06-25,07:09:00
06/17/2024 05:47:00 PM,5.0,2,1,5,4,1,3,3,0,1,3,FAILING TO YIELD RIGHT-OF-WAY,2,1,0.0,0.0,0.0,0.0,0.0,3.0,17,2,6,06/17/2024,2024-06-17,17:47:00
05/09/2024 07:10:00 AM,5.0,4,1,5,6,1,4,1,1,1,3,DISREGARDING TRAFFIC SIGNALS,2,3,1.0,0.0,0.0,1.0,0.0,1.0,7,5,5,05/09/2024,2024-05-09,07:10:00
06/13/2024 05:33:00 PM,3.0,2,1,5,5,1,3,1,1,1,3,FAILING TO YIELD RIGHT-OF-WAY,2,1,0.0,0.0,0.0,0.0,0.0,2.0,17,5,6,06/13/2024,2024-06-13,17:33:00
07/11/2024 12:25:00 AM,5.0,2,4,6,6,2,3,3,1,1,3,FAILING TO YIELD RIGHT-OF-WAY,2,1,0.0,0.0,0.0,0.0,0.0,3.0,0,5,7,07/11/2024,2024-07-11,00:25:00
06/04/2024 03:45:00 PM,5.0,2,1,5,5,1,3,6,0,1,2,FAILING TO YIELD RIGHT-OF-WAY,2,1,0.0,0.0,0.0,0.0,0.0,2.0,15,3,6,06/04/2024,2024-06-04,15:45:00
01/26/2024 11:54:00 AM,7.0,2,1,3,10,1,1,3,0,0,2,"OPERATING VEHICLE IN ERRATIC, RECKLESS, CARELESS, NEGLIGENT OR AGGRESSIVE MANNER",2,1,0.0,0.0,0.0,0.0,0.0,2.0,11,6,1,01/26/2024,2024-01-26,11:54:00
08/08/2024 04:20:00 PM,5.0,2,1,3,5,1,1,1,0,1,3,UNABLE TO DETERMINE,2,1,0.0,0.0,0.0,0.0,0.0,2.0,16,5,8,08/08/2024,2024-08-08,16:20:00
02/21/2024 09:30:00 AM,5.0,2,1,6,10,1,3,3,0,1,3,UNABLE TO DETERMINE,2,1,0.0,0.0,0.0,0.0,0.0,2.0,9,4,2,02/21/2024,2024-02-21,09:30:00
01/24/2024 09:23:00 AM,3.0,4,1,6,6,1,4,3,0,1,3,FAILING TO YIELD RIGHT-OF-WAY,2,1,0.0,0.0,0.0,0.0,0.0,2.0,9,4,1,01/24/2024,2024-01-24,09:23:00
05/02/2024 02:39:00 PM,3.0,2,1,5,6,1,3,3,1,1,3,FAILING TO YIELD RIGHT-OF-WAY,2,3,2.0,0.0,0.0,2.0,0.0,0.0,14,5,5,05/02/2024,2024-05-02,14:39:00
06/18/2024 07:45:00 PM,3.0,2,1,6,4,1,3,1,0,1,3,UNABLE TO DETERMINE,2,1,0.0,0.0,0.0,0.0,0.0,2.0,19,3,6,06/18/2024,2024-06-18,19:45:00
02/23/2024 04:10:00 PM,5.0,2,1,3,3,1,3,1,0,1,3,UNABLE TO DETERMINE,2,1,0.0,0.0,0.0,0.0,0.0,3.0,16,6,2,02/23/2024,2024-02-23,16:10:00
06/26/2024 05:30:00 PM,7.0,2,1,6,7,1,3,1,1,1,3,UNABLE TO DETERMINE,2,1,0.0,0.0,0.0,0.0,0.0,3.0,17,4,6,06/26/2024,2024-06-26,17:30:00
02/12/2024 10:45:00 PM,5.0,2,4,5,5,1,3,3,1,1,3,DISREGARDING TRAFFIC SIGNALS,2,1,0.0,0.0,0.0,0.0,0.0,2.0,22,2,2,02/12/2024,2024-02-12,22:45:00
03/03/2024 12:26:00 AM,3.0,2,4,4,6,1,3,3,1,1,3,FOLLOWING TOO CLOSELY,2,1,0.0,0.0,0.0,0.0,0.0,2.0,0,1,3,03/03/2024,2024-03-03,00:26:00
07/30/2024 11:18:00 AM,5.0,2,1,14,3,1,3,3,1,1,3,FAILING TO YIELD RIGHT-OF-WAY,2,3,1.0,0.0,0.0,1.0,0.0,1.0,11,3,7,07/30/2024,2024-07-30,11:18:00
05/30/2024 10:31:00 PM,5.0,2,4,14,7,1,3,1,1,1,1,FAILING TO YIELD RIGHT-OF-WAY,2,3,1.0,0.0,0.0,1.0,0.0,1.0,22,5,5,05/30/2024,2024-05-30,22:31:00
06/25/2024 03:45:00 PM,5.0,2,1,5,13,1,3,3,0,1,3,FAILING TO YIELD RIGHT-OF-WAY,2,1,0.0,0.0,0.0,0.0,0.0,3.0,15,3,6,06/25/2024,2024-06-25,15:45:00
01/20/2024 07:20:00 AM,5.0,2,1,5,5,1,5,1,0,1,2,ROAD ENGINEERING/SURFACE/MARKING DEFECTS,2,1,0.0,0.0,0.0,0.0,0.0,2.0,7,7,1,01/20/2024,2024-01-20,07:20:00
06/21/2024 06:33:00 AM,5.0,2,1,6,6,1,3,3,1,1,3,FAILING TO YIELD RIGHT-OF-WAY,2,3,1.0,0.0,0.0,1.0,0.0,1.0,6,6,6,06/21/2024,2024-06-21,06:33:00
08/11/2024 09:27:00 PM,7.0,2,4,6,5,1,3,3,0,1,1,FAILING TO YIELD RIGHT-OF-WAY,2,1,0.0,0.0,0.0,0.0,0.0,2.0,21,1,8,08/11/2024,2024-08-11,21:27:00
03/09/2024 08:45:00 AM,7.0,2,1,6,7,1,3,3,1,1,3,FAILING TO YIELD RIGHT-OF-WAY,2,1,0.0,0.0,0.0,0.0,0.0,2.0,8,7,3,03/09/2024,2024-03-09,08:45:00
05/27/2024 04:00:00 PM,5.0,2,1,4,6,1,3,3,0,1,3,FOLLOWING TOO CLOSELY,2,1,0.0,0.0,0.0,0.0,0.0,3.0,16,2,5,05/27/2024,2024-05-27,16:00:00
05/13/2024 08:30:00 AM,3.0,2,1,5,5,1,3,3,0,1,2,DISREGARDING STOP SIGN,2,1,0.0,0.0,0.0,0.0,0.0,3.0,8,2,5,05/13/2024,2024-05-13,08:30:00
08/12/2024 03:00:00 AM,5.0,2,2,5,5,1,3,3,1,1,2,DISREGARDING TRAFFIC SIGNALS,2,2,1.0,0.0,0.0,0.0,1.0,3.0,3,2,8,08/12/2024,2024-08-12,03:00:00
06/14/2024 07:40:00 AM,5.0,2,1,13,6,1,3,3,1,1,1,"VISION OBSCURED (SIGNS, TREE LIMBS, BUILDINGS, ETC.)",2,3,1.0,0.0,0.0,1.0,0.0,1.0,7,6,6,06/14/2024,2024-06-14,07:40:00
01/13/2024 11:45:00 AM,7.0,5,1,5,5,1,5,3,1,1,3,WEATHER,2,1,0.0,0.0,0.0,0.0,0.0,3.0,11,7,1,01/13/2024,2024-01-13,11:45:00
01/19/2024 01:58:00 PM,5.0,2,1,6,10,1,5,3,0,1,3,FOLLOWING TOO CLOSELY,2,1,0.0,0.0,0.0,0.0,0.0,2.0,13,6,1,01/19/2024,2024-01-19,13:58:00
01/19/2024 09:55:00 PM,5.0,7,4,5,5,1,6,3,1,1,3,UNABLE TO DETERMINE,2,1,0.0,0.0,0.0,0.0,0.0,2.0,21,6,1,01/19/2024,2024-01-19,21:55:00
01/08/2024 02:50:00 PM,7.0,2,1,6,6,1,3,3,0,1,3,DRIVING SKILLS/KNOWLEDGE/EXPERIENCE,2,1,0.0,0.0,0.0,0.0,0.0,2.0,14,2,1,01/08/2024,2024-01-08,14:50:00
06/27/2024 05:44:00 PM,5.0,2,1,4,4,1,3,3,1,1,3,DRIVING SKILLS/KNOWLEDGE/EXPERIENCE,2,2,1.0,0.0,0.0,0.0,1.0,1.0,17,5,6,06/27/2024,2024-06-27,17:44:00
05/01/2024 04:00:00 PM,5.0,2,1,4,5,1,3,3,1,1,3,FOLLOWING TOO CLOSELY,2,1,0.0,0.0,0.0,0.0,0.0,2.0,16,4,5,05/01/2024,2024-05-01,16:00:00
07/20/2024 03:30:00 PM,7.0,2,1,5,5,1,3,3,0,1,3,FAILING TO YIELD RIGHT-OF-WAY,2,1,0.0,0.0,0.0,0.0,0.0,2.0,15,7,7,07/20/2024,2024-07-20,15:30:00
06/29/2024 03:25:00 PM,5.0,2,1,3,14,1,3,3,0,1,3,IMPROPER OVERTAKING/PASSING,2,1,0.0,0.0,0.0,0.0,0.0,2.0,15,7,6,06/29/2024,2024-06-29,15:25:00
03/03/2024 03:00:00 PM,7.0,2,1,11,10,1,3,3,1,1,3,UNABLE TO DETERMINE,2,4,1.0,0.0,1.0,0.0,0.0,0.0,15,1,3,03/03/2024,2024-03-03,15:00:00
06/12/2024 04:30:00 PM,5.0,2,1,4,5,1,3,1,0,1,3,UNABLE TO DETERMINE,2,1,0.0,0.0,0.0,0.0,0.0,2.0,16,4,6,06/12/2024,2024-06-12,16:30:00
03/18/2024 08:11:00 PM,5.0,2,4,6,5,1,3,3,0,1,3,UNABLE TO DETERMINE,2,1,0.0,0.0,0.0,0.0,0.0,2.0,20,2,3,03/18/2024,2024-03-18,20:11:00
03/15/2024 05:40:00 PM,5.0,2,1,6,7,1,3,3,1,1,3,IMPROPER TURNING/NO SIGNAL,2,1,0.0,0.0,0.0,0.0,0.0,2.0,17,6,3,03/15/2024,2024-03-15,17:40:00
04/05/2024 05:00:00 PM,5.0,2,1,4,5,1,3,3,0,1,3,FOLLOWING TOO CLOSELY,2,1,0.0,0.0,0.0,0.0,0.0,2.0,17,6,4,04/05/2024,2024-04-05,17:00:00
07/14/2024 01:33:00 PM,5.0,3,1,5,5,1,3,3,1,1,3,DISREGARDING TRAFFIC SIGNALS,2,1,0.0,0.0,0.0,0.0,0.0,2.0,13,1,7,07/14/2024,2024-07-14,13:33:00
06/24/2024 01:30:00 AM,3.0,2,4,11,10,1,1,1,1,0,3,UNABLE TO DETERMINE,2,3,1.0,0.0,0.0,1.0,0.0,2.0,1,2,6,06/24/2024,2024-06-24,01:30:00
04/20/2024 01:07:00 PM,5.0,2,1,6,5,4,1,1,0,1,3,UNABLE TO DETERMINE,2,1,0.0,0.0,0.0,0.0,0.0,2.0,13,7,4,04/20/2024,2024-04-20,13:07:00
01/04/2024 10:40:00 AM,7.0,2,1,4,5,1,3,3,0,1,3,FOLLOWING TOO CLOSELY,2,1,0.0,0.0,0.0,0.0,0.0,2.0,10,5,1,01/04/2024,2024-01-04,10:40:00
02/15/2024 08:54:00 PM,7.0,2,4,6,6,1,4,3,0,1,2,DRIVING SKILLS/KNOWLEDGE/EXPERIENCE,2,1,0.0,0.0,0.0,0.0,0.0,4.0,20,5,2,02/15/2024,2024-02-15,20:54:00
01/25/2024 09:22:00 AM,7.0,4,1,6,5,1,4,3,0,1,2,"VISION OBSCURED (SIGNS, TREE LIMBS, BUILDINGS, ETC.)",2,1,0.0,0.0,0.0,0.0,0.0,6.0,9,5,1,01/25/2024,2024-01-25,09:22:00
01/22/2024 07:25:00 AM,3.0,4,1,6,3,1,4,3,1,1,3,FAILING TO YIELD RIGHT-OF-WAY,2,2,1.0,0.0,0.0,0.0,1.0,2.0,7,2,1,01/22/2024,2024-01-22,07:25:00
06/22/2024 09:01:00 AM,5.0,2,1,6,3,1,3,3,0,1,3,IMPROPER TURNING/NO SIGNAL,2,1,0.0,0.0,0.0,0.0,0.0,2.0,9,7,6,06/22/2024,2024-06-22,09:01:00
05/07/2024 07:11:00 AM,3.0,3,1,10,7,1,3,1,1,1,3,IMPROPER OVERTAKING/PASSING,2,1,0.0,0.0,0.0,0.0,0.0,2.0,7,3,5,05/07/2024,2024-05-07,07:11:00
04/09/2024 08:00:00 AM,5.0,2,1,5,6,1,1,1,1,1,3,DISREGARDING TRAFFIC SIGNALS,2,1,0.0,0.0,0.0,0.0,0.0,2.0,8,3,4,04/09/2024,2024-04-09,08:00:00
01/29/2024 04:02:00 PM,5.0,2,1,11,5,1,3,3,0,1,3,RELATED TO BUS STOP,2,1,0.0,0.0,0.0,0.0,0.0,1.0,16,2,1,01/29/2024,2024-01-29,16:02:00
06/21/2024 01:18:00 PM,5.0,2,1,6,1,1,1,1,0,1,3,UNABLE TO DETERMINE,2,1,0.0,0.0,0.0,0.0,0.0,3.0,13,6,6,06/21/2024,2024-06-21,13:18:00
05/09/2024 08:28:00 PM,7.0,2,5,6,7,1,4,3,1,1,3,UNABLE TO DETERMINE,2,3,1.0,0.0,0.0,1.0,0.0,1.0,20,5,5,05/09/2024,2024-05-09,20:28:00
06/12/2024 05:30:00 PM,7.0,2,1,5,5,1,3,3,0,1,3,FAILING TO YIELD RIGHT-OF-WAY,2,1,0.0,0.0,0.0,0.0,0.0,3.0,17,4,6,06/12/2024,2024-06-12,17:30:00
03/15/2024 05:40:00 AM,7.0,2,1,13,7,1,3,3,1,1,1,FAILING TO YIELD RIGHT-OF-WAY,2,3,1.0,0.0,0.0,1.0,0.0,1.0,5,6,3,03/15/2024,2024-03-15,05:40:00
08/08/2024 12:05:00 AM,7.0,2,4,5,5,1,3,3,0,1,3,UNABLE TO DETERMINE,2,1,0.0,0.0,0.0,0.0,0.0,5.0,0,5,8,08/08/2024,2024-08-08,00:05:00
04/05/2024 05:05:00 PM,7.0,2,1,5,6,1,3,3,0,1,3,UNABLE TO DETERMINE,2,1,0.0,0.0,0.0,0.0,0.0,2.0,17,6,4,04/05/2024,2024-04-05,17:05:00
08/04/2024 09:30:00 PM,7.0,2,4,4,5,1,3,3,0,1,1,UNABLE TO DETERMINE,2,1,0.0,0.0,0.0,0.0,0.0,4.0,21,1,8,08/04/2024,2024-08-04,21:30:00
05/08/2024 09:50:00 AM,2.0,2,1,6,1,1,3,3,1,1,3,UNABLE TO DETERMINE,2,2,1.0,0.0,0.0,0.0,1.0,2.0,9,4,5,05/08/2024,2024-05-08,09:50:00
01/22/2024 05:24:00 PM,7.0,2,4,13,4,1,4,1,1,1,3,DISREGARDING STOP SIGN,2,3,1.0,0.0,0.0,1.0,0.0,2.0,17,2,1,01/22/2024,2024-01-22,17:24:00
08/07/2024 12:24:00 PM,5.0,2,1,9,7,1,3,3,1,1,3,DISREGARDING TRAFFIC SIGNALS,2,3,2.0,0.0,0.0,2.0,0.0,1.0,12,4,8,08/07/2024,2024-08-07,12:24:00