crash_date,traffic_control_device,weather_condition,lighting_condition,first_crash_type,trafficway_type,alignment,roadway_surface_cond,road_defect,crash_type,intersection_related_i,damage,prim_contributory_cause,num_units,most_severe_injury,injuries_total,injuries_fatal,injuries_incapacitating,injuries_non_incapacitating,injuries_reported_not_evident,injuries_no_indication,crash_hour,crash_day_of_week,crash_month,parsed_datetime,date,time
06/06/2024 02:00:00 PM,5.0,2,1,4,4,1,3,3,0,1,3,FOLLOWING TOO CLOSELY,2,1,0.0,0.0,0.0,0.0,0.0,2.0,14,5,6,06/06/2024,2024-06-06,14:00:00
04/01/2024 11:15:00 AM,5.0,2,1,6,5,1,3,6,1,1,3,TURNING RIGHT ON RED,2,3,1.0,0.0,0.0,1.0,0.0,1.0,11,2,4,04/01/2024,2024-04-01,11:15:00
06/06/2024 04:58:00 PM,3.0,2,1,5,6,1,3,3,1,1,3,FAILING TO YIELD RIGHT-OF-WAY,2,1,0.0,0.0,0.0,0.0,0.0,2.0,16,5,6,06/06/2024,2024-06-06,16:58:00
04/27/2024 09:40:00 PM,3.0,2,4,6,3,1,3,3,0,1,3,NOT APPLICABLE,2,1,0.0,0.0,0.0,0.0,0.0,2.0,21,7,4,04/27/2024,2024-04-27,21:40:00
05/01/2024 07:45:00 AM,7.0,2,1,5,7,1,3,3,1,1,3,IMPROPER TURNING/NO SIGNAL,2,1,0.0,0.0,0.0,0.0,0.0,3.0,7,4,5,05/01/2024,2024-05-01,07:45:00
07/30/2024 10:50:00 PM,3.0,2,4,11,5,1,3,3,1,1,3,DISREGARDING STOP SIGN,2,1,0.0,0.0,0.0,0.0,0.0,1.0,22,3,7,07/30/2024,2024-07-30,22:50:00
08/18/2024 01:35:00 PM,3.0,2,1,3,4,1,3,3,0,1,3,IMPROPER LANE USAGE,2,1,0.0,0.0,0.0,0.0,0.0,2.0,13,1,8,08/18/2024,2024-08-18,13:35:00
05/25/2024 03:16:00 AM,5.0,2,4,5,5,1,3,1,1,1,3,DISREGARDING TRAFFIC SIGNALS,2,4,2.0,0.0,1.0,0.0,1.0,2.0,3,7,5,05/25/2024,2024-05-25,03:16:00
07/11/2024 11:34:00 AM,5.0,2,1,6,5,1,1,1,1,1,3,DISREGARDING TRAFFIC SIGNALS,2,4,2.0,0.0,2.0,0.0,0.0,0.0,11,5,7,07/11/2024,2024-07-11,11:34:00
04/30/2024 07:33:00 AM,3.0,2,1,3,6,1,3,3,0,1,3,UNABLE TO DETERMINE,2,1,0.0,0.0,0.0,0.0,0.0,2.0,7,3,4,04/30/2024,2024-04-30,07:33:00
05/13/2024 02:59:00 PM,7.0,4,1,3,6,1,4,3,1,1,3,UNABLE TO DETERMINE,2,2,1.0,0.0,0.0,0.0,1.0,3.0,14,2,5,05/13/2024,2024-05-13,14:59:00
08/10/2024 03:06:00 PM,9.0,2,1,7,17,1,3,3,0,1,2,IMPROPER BACKING,2,1,0.0,0.0,0.0,0.0,0.0,3.0,15,7,8,08/10/2024,2024-08-10,15:06:00
03/16/2024 09:32:00 AM,5.0,2,1,14,7,1,3,3,1,1,2,FAILING TO YIELD RIGHT-OF-WAY,2,3,2.0,0.0,0.0,2.0,0.0,0.0,9,7,3,03/16/2024,2024-03-16,09:32:00
07/19/2024 01:30:00 PM,5.0,2,1,14,6,1,3,2,0,1,3,ROAD ENGINEERING/SURFACE/MARKING DEFECTS,2,1,0.0,0.0,0.0,0.0,0.0,2.0,13,6,7,07/19/2024,2024-07-19,13:30:00
02/20/2024 11:31:00 AM,5.0,2,1,5,5,1,3,3,1,1,3,DISREGARDING TRAFFIC SIGNALS,2,3,1.0,0.0,0.0,1.0,0.0,1.0,11,3,2,02/20/2024,2024-02-20,11:31:00
04/09/2024 02:06:00 PM,2.0,2,1,4,6,1,3,1,1,1,3,NOT APPLICABLE,2,1,0.0,0.0,0.0,0.0,0.0,2.0,14,3,4,04/09/2024,2024-04-09,14:06:00
02/26/2024 01:45:00 PM,5.0,2,1,6,5,1,3,1,0,1,3,UNABLE TO DETERMINE,2,1,0.0,0.0,0.0,0.0,0.0,4.0,13,2,2,02/26/2024,2024-02-26,13:45:00
05/24/2024 09:40:00 PM,5.0,4,4,6,6,1,4,3,1,1,3,DISREGARDING TRAFFIC SIGNALS,2,3,1.0,0.0,0.0,1.0,0.0,2.0,21,6,5,05/24/2024,2024-05-24,21:40:00
04/06/2024 06:06:00 PM,2.0,2,1,6,6,1,3,3,1,0,2,IMPROPER TURNING/NO SIGNAL,2,1,0.0,0.0,0.0,0.0,0.0,2.0,18,7,4,04/06/2024,2024-04-06,18:06:00
03/29/2024 02:45:00 PM,7.0,2,1,5,5,1,3,1,1,1,3,FAILING TO YIELD RIGHT-OF-WAY,2,1,0.0,0.0,0.0,0.0,0.0,2.0,14,6,3,03/29/2024,2024-03-29,14:45:00
07/07/2024 12:00:00 PM,7.0,2,1,5,10,1,3,3,0,1,3,DISREGARDING STOP SIGN,2,1,0.0,0.0,0.0,0.0,0.0,2.0,12,1,7,07/07/2024,2024-07-07,12:00:00
04/30/2024 05:30:00 PM,3.0,2,1,6,5,1,3,1,0,1,3,UNABLE TO DETERMINE,2,1,0.0,0.0,0.0,0.0,0.0,2.0,17,3,4,04/30/2024,2024-04-30,17:30:00
07/26/2024 07:27:00 PM,5.0,2,1,9,6,1,3,3,0,1,3,FAILING TO YIELD RIGHT-OF-WAY,2,1,0.0,0.0,0.0,0.0,0.0,3.0,19,6,7,07/26/2024,2024-07-26,19:27:00
05/12/2024 11:25:00 AM,5.0,2,1,6,9,1,3,3,0,1,1,UNABLE TO DETERMINE,2,1,0.0,0.0,0.0,0.0,0.0,2.0,11,1,5,05/12/2024,2024-05-12,11:25:00
02/01/2024 03:30:00 PM,5.0,2,1,6,5,1,3,3,1,1,3,UNABLE TO DETERMINE,2,1,0.0,0.0,0.0,0.0,0.0,3.0,15,5,2,02/01/2024,2024-02-01,15:30:00
06/15/2024 10:10:00 PM,5.0,2,4,6,5,1,3,3,1,1,2,FAILING TO REDUCE SPEED TO AVOID CRASH,2,3,2.0,0.0,0.0,1.0,1.0,0.0,22,7,6,06/15/2024,2024-06-15,22:10:00
05/11/2024 04:00:00 AM,3.0,2,1,11,7,1,1,1,0,1,3,IMPROPER BACKING,2,1,0.0,0.0,0.0,0.0,0.0,1.0,4,7,5,05/11/2024,2024-05-11,04:00:00
05/06/2024 09:47:00 AM,7.0,2,1,5,5,1,3,3,1,1,3,FAILING TO YIELD RIGHT-OF-WAY,2,2,2.0,0.0,0.0,0.0,2.0,1.0,9,2,5,05/06/2024,2024-05-06,09:47:00
01/01/2024 09:30:00 AM,5.0,2,1,6,5,1,3,3,0,1,2,FAILING TO YIELD RIGHT-OF-WAY,2,1,0.0,0.0,0.0,0.0,0.0,2.0,9,2,1,01/01/2024,2024-01-01,09:30:00
05/23/2024 07:50:00 AM,5.0,2,1,4,5,1,3,3,0,1,3,FOLLOWING TOO CLOSELY,2,1,0.0,0.0,0.0,0.0,0.0,2.0,7,5,5,05/23/2024,2024-05-23,07:50:00
06/08/2024 02:30:00 PM,3.0,2,1,6,6,1,3,3,0,1,2,FAILING TO YIELD RIGHT-OF-WAY,2,1,0.0,0.0,0.0,0.0,0.0,3.0,14,7,6,06/08/2024,2024-06-08,14:30:00
04/21/2024 02:54:00 AM,5.0,2,4,4,5,1,3,1,1,1,3,FAILING TO REDUCE SPEED TO AVOID CRASH,2,3,1.0,0.0,0.0,1.0,0.0,1.0,2,1,4,04/21/2024,2024-04-21,02:54:00
08/04/2024 12:20:00 AM,5.0,2,4,5,5,1,3,3,1,1,3,FAILING TO YIELD RIGHT-OF-WAY,2,3,2.0,0.0,0.0,2.0,0.0,1.0,0,1,8,08/04/2024,2024-08-04,00:20:00
06/18/2024 01:16:00 AM,5.0,2,4,3,5,1,3,3,0,1,3,UNABLE TO DETERMINE,2,1,0.0,0.0,0.0,0.0,0.0,3.0,1,3,6,06/18/2024,2024-06-18,01:16:00
06/16/2024 02:30:00 PM,5.0,2,1,14,6,1,3,1,1,1,3,IMPROPER TURNING/NO SIGNAL,2,3,1.0,0.0,0.0,1.0,0.0,1.0,14,1,6,06/16/2024,2024-06-16,14:30:00
05/14/2024 08:10:00 AM,5.0,3,1,11,7,1,4,3,0,1,3,WEATHER,2,1,0.0,0.0,0.0,0.0,0.0,1.0,8,3,5,05/14/2024,2024-05-14,08:10:00
01/21/2024 07:00:00 PM,7.0,2,4,11,10,1,3,3,0,1,3,NOT APPLICABLE,2,1,0.0,0.0,0.0,0.0,0.0,1.0,19,1,1,01/21/2024,2024-01-21,19:00:00
02/24/2024 09:32:00 AM,5.0,2,1,6,10,1,3,3,0,1,1,IMPROPER TURNING/NO SIGNAL,2,1,0.0,0.0,0.0,0.0,0.0,4.0,9,7,2,02/24/2024,2024-02-24,09:32:00
01/24/2024 08:56:00 AM,3.0,8,1,5,10,1,4,1,0,1,2,IMPROPER BACKING,2,1,0.0,0.0,0.0,0.0,0.0,2.0,8,4,1,01/24/2024,2024-01-24,08:56:00
05/21/2024 09:00:00 AM,5.0,2,1,6,6,1,3,3,0,1,3,IMPROPER OVERTAKING/PASSING,2,1,0.0,0.0,0.0,0.0,0.0,2.0,9,3,5,05/21/2024,2024-05-21,09:00:00
01/20/2024 06:21:00 PM,3.0,2,4,4,6,1,4,3,0,1,3,FAILING TO REDUCE SPEED TO AVOID CRASH,2,1,0.0,0.0,0.0,0.0,0.0,2.0,18,7,1,01/20/2024,2024-01-20,18:21:00
06/26/2024 12:35:00 PM,5.0,2,1,6,6,1,3,3,0,1,2,UNABLE TO DETERMINE,2,1,0.0,0.0,0.0,0.0,0.0,3.0,12,4,6,06/26/2024,2024-06-26,12:35:00
06/29/2024 01:30:00 PM,3.0,2,1,6,6,1,3,3,1,1,3,UNABLE TO DETERMINE,2,2,1.0,0.0,0.0,0.0,1.0,2.0,13,7,6,06/29/2024,2024-06-29,13:30:00
07/25/2024 02:30:00 PM,7.0,2,1,13,6,1,1,1,0,1,1,UNABLE TO DETERMINE,2,1,0.0,0.0,0.0,0.0,0.0,2.0,14,5,7,07/25/2024,2024-07-25,14:30:00
03/25/2024 03:08:00 PM,5.0,4,1,6,5,1,4,3,0,1,2,IMPROPER TURNING/NO SIGNAL,2,1,0.0,0.0,0.0,0.0,0.0,2.0,15,2,3,03/25/2024,2024-03-25,15:08:00
05/21/2024 04:30:00 PM,5.0,2,1,6,5,1,1,1,0,1,3,IMPROPER TURNING/NO SIGNAL,2,1,0.0,0.0,0.0,0.0,0.0,2.0,16,3,5,05/21/2024,2024-05-21,16:30:00
06/30/2024 04:20:00 PM,1.0,2,1,6,5,1,1,1,0,1,3,IMPROPER TURNING/NO SIGNAL,2,1,0.0,0.0,0.0,0.0,0.0,2.0,16,1,6,06/30/2024,2024-06-30,16:20:00
07/21/2024 10:25:00 PM,5.0,2,4,3,3,1,3,3,0,1,2,IMPROPER OVERTAKING/PASSING,2,1,0.0,0.0,0.0,0.0,0.0,3.0,22,1,7,07/21/2024,2024-07-21,22:25:00
07/18/2024 10:03:00 AM,5.0,2,1,6,12,1,3,3,0,1,3,UNABLE TO DETERMINE,2,1,0.0,0.0,0.0,0.0,0.0,2.0,10,5,7,07/18/2024,2024-07-18,10:03:00
04/02/2024 04:20:00 AM,7.0,1,3,5,5,1,4,3,1,1,3,DISREGARDING STOP SIGN,2,1,0.0,0.0,0.0,0.0,0.0,2.0,4,3,4,04/02/2024,2024-04-02,04:20:00
06/06/2024 03:40:00 PM,1.0,2,1,13,6,1,3,1,1,1,3,UNABLE TO DETERMINE,2,3,2.0,0.0,0.0,2.0,0.0,0.0,15,5,6,06/06/2024,2024-06-06,15:40:00
06/18/2024 01:15:00 PM,5.0,2,1,6,4,1,3,1,0,0,3,FAILING TO YIELD RIGHT-OF-WAY,2,1,0.0,0.0,0.0,0.0,0.0,2.0,13,3,6,06/18/2024,2024-06-18,13:15:00
02/03/2024 07:05:00 PM,5.0,2,4,5,4,1,3,3,1,1,3,FAILING TO YIELD RIGHT-OF-WAY,2,3,1.0,0.0,0.0,1.0,0.0,1.0,19,7,2,02/03/2024,2024-02-03,19:05:00
07/08/2024 04:00:00 PM,3.0,2,1,11,6,1,1,1,0,0,3,DISTRACTION - FROM OUTSIDE VEHICLE,2,1,0.0,0.0,0.0,0.0,0.0,1.0,16,2,7,07/08/2024,2024-07-08,16:00:00
01/03/2024 08:50:00 PM,5.0,2,4,6,5,1,1,1,1,1,3,UNABLE TO DETERMINE,2,3,1.0,0.0,0.0,1.0,0.0,1.0,20,4,1,01/03/2024,2024-01-03,20:50:00
05/14/2024 01:40:00 AM,5.0,4,4,4,5,1,4,3,0,0,2,FOLLOWING TOO CLOSELY,2,1,0.0,0.0,0.0,0.0,0.0,3.0,1,3,5,05/14/2024,2024-05-14,01:40:00
07/19/2024 05:30:00 PM,7.0,2,1,4,5,1,3,3,0,1,1,UNABLE TO DETERMINE,2,1,0.0,0.0,0.0,0.0,0.0,2.0,17,6,7,07/19/2024,2024-07-19,17:30:00
04/07/2024 12:40:00 PM,3.0,2,1,5,16,1,1,1,0,1,3,FAILING TO YIELD RIGHT-OF-WAY,2,1,0.0,0.0,0.0,0.0,0.0,2.0,12,1,4,04/07/2024,2024-04-07,12:40:00
07/25/2024 10:30:00 AM,5.0,2,1,6,4,1,1,1,0,1,3,IMPROPER TURNING/NO SIGNAL,2,1,0.0,0.0,0.0,0.0,0.0,2.0,10,5,7,07/25/2024,2024-07-25,10:30:00
02/10/2024 02:50:00 PM,5.0,2,1,6,5,1,3,3,0,1,3,IMPROPER OVERTAKING/PASSING,2,1,0.0,0.0,0.0,0.0,0.0,2.0,14,7,2,02/10/2024,2024-02-10,14:50:00
04/24/2024 07:49:00 AM,5.0,2,1,4,6,1,3,3,0,1,3,FOLLOWING TOO CLOSELY,2,1,0.0,0.0,0.0,0.0,0.0,4.0,7,4,4,04/24/2024,2024-04-24,07:49:00
06/23/2024 01:15:00 PM,5.0,2,1,14,5,1,3,3,1,1,1,FAILING TO YIELD RIGHT-OF-WAY,2,3,1.0,0.0,0.0,1.0,0.0,1.0,13,1,6,06/23/2024,2024-06-23,13:15:00
04/01/2024 10:48:00 AM,5.0,2,1,4,4,1,4,3,0,1,3,FOLLOWING TOO CLOSELY,2,1,0.0,0.0,0.0,0.0,0.0,4.0,10,2,4,04/01/2024,2024-04-01,10:48:00
08/11/2024 03:30:00 AM,5.0,2,1,5,5,1,3,3,0,1,3,DRIVING SKILLS/KNOWLEDGE/EXPERIENCE,2,1,0.0,0.0,0.0,0.0,0.0,4.0,3,1,8,08/11/2024,2024-08-11,03:30:00
01/05/2024 01:30:00 AM,1.0,2,5,11,4,1,3,3,0,1,3,UNABLE TO DETERMINE,2,1,0.0,0.0,0.0,0.0,0.0,1.0,1,6,1,01/05/2024,2024-01-05,01:30:00
01/09/2024 07:10:00 PM,5.0,4,4,6,4,1,4,1,0,1,2,UNABLE TO DETERMINE,2,1,0.0,0.0,0.0,0.0,0.0,2.0,19,3,1,01/09/2024,2024-01-09,19:10:00
05/19/2024 01:34:00 PM,5.0,2,1,3,4,1,3,3,0,1,1,UNABLE TO DETERMINE,2,1,0.0,0.0,0.0,0.0,0.0,2.0,13,1,5,05/19/2024,2024-05-19,13:34:00
06/21/2024 05:00:00 PM,3.0,2,1,11,6,1,1,1,0,0,3,UNABLE TO DETERMINE,2,1,0.0,0.0,0.0,0.0,0.0,1.0,17,6,6,06/21/2024,2024-06-21,17:00:00
08/01/2024 04:30:00 PM,5.0,2,1,4,6,1,3,3,0,1,3,FOLLOWING TOO CLOSELY,2,1,0.0,0.0,0.0,0.0,0.0,2.0,16,5,8,08/01/2024,2024-08-01,16:30:00
08/01/2024 06:30:00 PM,5.0,2,1,4,6,1,3,3,0,1,3,DISTRACTION - FROM INSIDE VEHICLE,2,1,0.0,0.0,0.0,0.0,0.0,2.0,18,5,8,08/01/2024,2024-08-01,18:30:00
05/18/2024 10:25:00 PM,5.0,2,4,6,7,2,3,1,0,1,2,FAILING TO YIELD RIGHT-OF-WAY,2,1,0.0,0.0,0.0,0.0,0.0,4.0,22,7,5,05/18/2024,2024-05-18,22:25:00
02/06/2024 05:43:00 PM,7.0,2,4,4,5,1,1,1,0,1,3,UNABLE TO DETERMINE,2,1,0.0,0.0,0.0,0.0,0.0,2.0,17,3,2,02/06/2024,2024-02-06,17:43:00
01/15/2024 05:47:00 PM,5.0,2,4,6,6,1,1,1,0,1,3,FAILING TO YIELD RIGHT-OF-WAY,2,1,0.0,0.0,0.0,0.0,0.0,4.0,17,2,1,01/15/2024,2024-01-15,17:47:00
01/27/2024 04:45:00 PM,5.0,2,1,4,5,1,3,3,0,1,3,FOLLOWING TOO CLOSELY,2,1,0.0,0.0,0.0,0.0,0.0,3.0,16,7,1,01/27/2024,2024-01-27,16:45:00
07/25/2024 12:00:00 PM,7.0,2,1,3,5,1,1,1,0,1,3,UNABLE TO DETERMINE,2,1,0.0,0.0,0.0,0.0,0.0,2.0,12,5,7,07/25/2024,2024-07-25,12:00:00
04/06/2024 08:20:00 PM,5.0,2,4,6,5,1,3,3,0,1,2,IMPROPER TURNING/NO SIGNAL,2,1,0.0,0.0,0.0,0.0,0.0,2.0,20,7,4,04/06/2024,2024-04-06,20:20:00
02/25/2024 02:50:00 PM,1.0,2,1,13,15,1,1,1,0,1,1,UNABLE TO DETERMINE,2,1,0.0,0.0,0.0,0.0,0.0,3.0,14,1,2,02/25/2024,2024-02-25,14:50:00
01/24/2024 09:20:00 AM,7.0,4,1,5,5,1,4,1,1,1,3,FAILING TO YIELD RIGHT-OF-WAY,2,1,0.0,0.0,0.0,0.0,0.0,2.0,9,4,1,01/24/2024,2024-01-24,09:20:00
03/24/2024 06:30:00 PM,5.0,2,3,4,7,1,3,1,0,1,3,UNABLE TO DETERMINE,2,1,0.0,0.0,0.0,0.0,0.0,4.0,18,1,3,03/24/2024,2024-03-24,18:30:00
02/04/2024 09:00:00 AM,3.0,2,1,11,6,1,3,3,0,1,3,UNABLE TO DETERMINE,2,1,0.0,0.0,0.0,0.0,0.0,1.0,9,1,2,02/04/2024,2024-02-04,09:00:00
05/14/2024 03:43:00 PM,7.0,2,1,11,10,1,3,3,0,1,3,UNABLE TO DETERMINE,2,1,0.0,0.0,0.0,0.0,0.0,1.0,15,3,5,05/14/2024,2024-05-14,15:43:00
06/17/2024 07:54:00 PM,7.0,2,1,14,4,1,3,3,0,1,1,IMPROPER OVERTAKING/PASSING,2,1,0.0,0.0,0.0,0.0,0.0,2.0,19,2,6,06/17/2024,2024-06-17,19:54:00
08/05/2024 05:51:00 PM,3.0,2,1,6,6,1,3,3,1,1,3,FAILING TO YIELD RIGHT-OF-WAY,2,1,0.0,0.0,0.0,0.0,0.0,3.0,17,2,8,08/05/2024,2024-08-05,17:51:00
05/03/2024 07:57:00 AM,7.0,4,1,6,1,1,4,3,1,1,3,UNABLE TO DETERMINE,2,1,0.0,0.0,0.0,0.0,0.0,4.0,7,6,5,05/03/2024,2024-05-03,07:57:00
02/07/2024 10:20:00 AM,7.0,2,1,5,6,1,3,3,1,1,3,FAILING TO YIELD RIGHT-OF-WAY,2,1,0.0,0.0,0.0,0.0,0.0,2.0,10,4,2,02/07/2024,2024-02-07,10:20:00
02/08/2024 01:00:00 PM,3.0,2,1,6,6,1,3,3,1,1,3,DRIVING ON WRONG SIDE/WRONG WAY,2,2,1.0,0.0,0.0,0.0,1.0,2.0,13,5,2,02/08/2024,2024-02-08,13:00:00
02/02/2024 04:29:00 PM,3.0,2,1,6,5,1,3,1,1,1,3,FAILING TO YIELD RIGHT-OF-WAY,2,3,1.0,0.0,0.0,1.0,0.0,2.0,16,6,2,02/02/2024,2024-02-02,16:29:00
03/08/2024 09:40:00 PM,5.0,4,4,6,5,1,4,3,0,1,3,FAILING TO YIELD RIGHT-OF-WAY,2,1,0.0,0.0,0.0,0.0,0.0,2.0,21,6,3,03/08/2024,2024-03-08,21:40:00
05/22/2024 03:15:00 PM,4.0,2,1,5,4,1,3,3,0,1,2,FAILING TO YIELD RIGHT-OF-WAY,2,1,0.0,0.0,0.0,0.0,0.0,2.0,15,4,5,05/22/2024,2024-05-22,15:15:00
04/22/2024 11:38:00 AM,5.0,2,1,4,5,1,3,3,1,1,2,FOLLOWING TOO CLOSELY,2,2,1.0,0.0,0.0,0.0,1.0,2.0,11,2,4,04/22/2024,2024-04-22,11:38:00
07/04/2024 10:33:00 AM,7.0,3,1,5,5,1,4,3,1,1,3,DISREGARDING TRAFFIC SIGNALS,2,3,1.0,0.0,0.0,1.0,0.0,3.0,10,5,7,07/04/2024,2024-07-04,10:33:00
02/10/2024 10:00:00 PM,5.0,2,4,4,5,1,3,3,0,1,3,FOLLOWING TOO CLOSELY,2,1,0.0,0.0,0.0,0.0,0.0,2.0,22,7,2,02/10/2024,2024-02-10,22:00:00
02/04/2024 03:29:00 AM,5.0,2,4,5,3,1,3,3,1,1,2,DISREGARDING TRAFFIC SIGNALS,2,3,1.0,0.0,0.0,1.0,0.0,6.0,3,1,2,02/04/2024,2024-02-04,03:29:00
07/17/2024 02:45:00 PM,5.0,2,1,6,5,1,3,3,0,1,3,IMPROPER OVERTAKING/PASSING,2,1,0.0,0.0,0.0,0.0,0.0,2.0,14,4,7,07/17/2024,2024-07-17,14:45:00
04/22/2024 11:45:00 AM,1.0,2,1,3,5,1,1,1,0,1,3,UNABLE TO DETERMINE,2,1,0.0,0.0,0.0,0.0,0.0,2.0,11,2,4,04/22/2024,2024-04-22,11:45:00
07/26/2024 08:00:00 AM,5.0,2,1,6,1,1,3,3,1,1,3,DISREGARDING TRAFFIC SIGNALS,2,1,0.0,0.0,0.0,0.0,0.0,2.0,8,6,7,07/26/2024,2024-07-26,08:00:00
07/01/2024 03:25:00 PM,7.0,2,1,5,5,1,3,3,0,1,2,DISTRACTION - FROM INSIDE VEHICLE,2,1,0.0,0.0,0.0,0.0,0.0,3.0,15,2,7,07/01/2024,2024-07-01,15:25:00
06/25/2024 05:03:00 PM,1.0,3,1,11,5,1,1,1,0,1,3,UNABLE TO DETERMINE,2,1,0.0,0.0,0.0,0.0,0.0,1.0,17,3,6,06/25/2024,2024-06-25,17:03:00
01/04/2024 10:40:00 PM,5.0,2,4,4,6,1,3,3,1,1,1,FAILING TO REDUCE SPEED TO AVOID CRASH,2,2,1.0,0.0,0.0,0.0,1.0,1.0,22,5,1,01/04/2024,2024-01-04,22:40:00
04/06/2024 06:00:00 PM,5.0,2,1,6,7,1,3,1,0,1,3,UNABLE TO DETERMINE,2,1,0.0,0.0,0.0,0.0,0.0,3.0,18,7,4,04/06/2024,2024-04-06,18:00:00
05/14/2024 03:00:00 PM,7.0,2,1,5,5,1,3,6,0,1,2,UNABLE TO DETERMINE,2,1,0.0,0.0,0.0,0.0,0.0,2.0,15,3,5,05/14/2024,2024-05-14,15:00:00
02/03/2024 07:40:00 PM,5.0,2,4,13,5,1,3,3,1,1,3,UNABLE TO DETERMINE,2,3,1.0,0.0,0.0,1.0,0.0,3.0,19,7,2,02/03/2024,2024-02-03,19:40:00
05/21/2024 09:15:00 AM,3.0,2,1,5,5,1,3,3,0,1,3,UNABLE TO DETERMINE,2,1,0.0,0.0,0.0,0.0,0.0,3.0,9,3,5,05/21/2024,2024-05-21,09:15:00
03/25/2024 08:35:00 PM,7.0,2,1,6,5,1,1,1,1,1,3,FAILING TO YIELD RIGHT-OF-WAY,2,1,0.0,0.0,0.0,0.0,0.0,2.0,20,2,3,03/25/2024,2024-03-25,20:35:00
04/27/2024 07:20:00 PM,5.0,2,1,4,6,1,3,3,0,1,3,DRIVING SKILLS/KNOWLEDGE/EXPERIENCE,2,1,0.0,0.0,0.0,0.0,0.0,3.0,19,7,4,04/27/2024,2024-04-27,19:20:00
06/24/2024 08:40:00 PM,7.0,2,4,12,10,1,3,1,1,0,3,UNABLE TO DETERMINE,2,3,1.0,0.0,0.0,1.0,0.0,1.0,20,2,6,06/24/2024,2024-06-24,20:40:00
01/29/2024 02:00:00 PM,3.0,2,5,11,6,1,4,3,0,0,2,UNABLE TO DETERMINE,2,1,0.0,0.0,0.0,0.0,0.0,1.0,14,2,1,01/29/2024,2024-01-29,14:00:00
01/31/2024 01:30:00 PM,5.0,2,1,6,4,1,3,3,1,1,3,FAILING TO YIELD RIGHT-OF-WAY,2,2,1.0,0.0,0.0,0.0,1.0,1.0,13,4,1,01/31/2024,2024-01-31,13:30:00
04/17/2024 08:00:00 PM,3.0,2,4,3,6,1,3,3,0,1,3,UNABLE TO DETERMINE,2,1,0.0,0.0,0.0,0.0,0.0,2.0,20,4,4,04/17/2024,2024-04-17,20:00:00
04/24/2024 09:34:00 PM,5.0,2,4,4,5,1,3,3,1,1,3,FAILING TO REDUCE SPEED TO AVOID CRASH,2,1,0.0,0.0,0.0,0.0,0.0,2.0,21,4,4,04/24/2024,2024-04-24,21:34:00
03/12/2024 09:15:00 AM,3.0,2,1,6,6,1,3,3,1,1,2,FAILING TO YIELD RIGHT-OF-WAY,2,2,1.0,0.0,0.0,0.0,1.0,1.0,9,3,3,03/12/2024,2024-03-12,09:15:00
02/27/2024 03:44:00 PM,5.0,2,1,6,12,1,3,1,1,1,3,UNABLE TO DETERMINE,2,1,0.0,0.0,0.0,0.0,0.0,2.0,15,3,2,02/27/2024,2024-02-27,15:44:00
06/15/2024 06:30:00 AM,3.0,2,1,5,16,1,3,3,0,0,3,IMPROPER BACKING,2,1,0.0,0.0,0.0,0.0,0.0,2.0,6,7,6,06/15/2024,2024-06-15,06:30:00
05/11/2024 06:37:00 PM,7.0,2,1,6,5,1,3,1,0,1,3,UNABLE TO DETERMINE,2,1,0.0,0.0,0.0,0.0,0.0,2.0,18,7,5,05/11/2024,2024-05-11,18:37:00
02/09/2024 03:03:00 PM,5.0,2,1,3,7,1,3,3,0,1,2,UNABLE TO DETERMINE,2,1,0.0,0.0,0.0,0.0,0.0,2.0,15,6,2,02/09/2024,2024-02-09,15:03:00
01/18/2024 03:47:00 PM,1.0,2,1,11,4,1,3,1,1,1,3,IMPROPER LANE USAGE,2,1,0.0,0.0,0.0,0.0,0.0,1.0,15,5,1,01/18/2024,2024-01-18,15:47:00
05/20/2024 04:26:00 PM,5.0,2,1,4,5,1,3,3,0,1,3,UNABLE TO DETERMINE,2,1,0.0,0.0,0.0,0.0,0.0,2.0,16,2,5,05/20/2024,2024-05-20,16:26:00
06/05/2024 06:45:00 PM,1.0,2,1,3,6,1,3,3,0,0,3,IMPROPER OVERTAKING/PASSING,2,1,0.0,0.0,0.0,0.0,0.0,2.0,18,4,6,06/05/2024,2024-06-05,18:45:00
01/03/2024 12:30:00 PM,5.0,2,1,13,6,1,1,1,0,1,3,NOT APPLICABLE,2,1,0.0,0.0,0.0,0.0,0.0,2.0,12,4,1,01/03/2024,2024-01-03,12:30:00
02/07/2024 11:30:00 AM,5.0,2,1,6,5,1,3,3,0,1,3,TURNING RIGHT ON RED,2,1,0.0,0.0,0.0,0.0,0.0,3.0,11,4,2,02/07/2024,2024-02-07,11:30:00
03/08/2024 08:55:00 PM,7.0,4,4,4,9,1,4,3,1,1,3,FOLLOWING TOO CLOSELY,2,1,0.0,0.0,0.0,0.0,0.0,4.0,20,6,3,03/08/2024,2024-03-08,20:55:00
03/27/2024 02:05:00 PM,7.0,2,1,5,4,1,3,3,0,1,3,NOT APPLICABLE,2,1,0.0,0.0,0.0,0.0,0.0,2.0,14,4,3,03/27/2024,2024-03-27,14:05:00
05/22/2024 06:35:00 PM,7.0,2,1,5,6,1,3,1,1,0,3,FAILING TO YIELD RIGHT-OF-WAY,2,1,0.0,0.0,0.0,0.0,0.0,2.0,18,4,5,05/22/2024,2024-05-22,18:35:00