crash_date,traffic_control_device,weather_condition,lighting_condition,first_crash_type,trafficway_type,alignment,roadway_surface_cond,road_defect,crash_type,intersection_related_i,damage,prim_contributory_cause,num_units,most_severe_injury,injuries_total,injuries_fatal,injuries_incapacitating,injuries_non_incapacitating,injuries_reported_not_evident,injuries_no_indication,crash_hour,crash_day_of_week,crash_month,parsed_datetime,date,time
05/07/2024 09:10:00 AM,7.0,4,1,4,6,1,4,3,1,1,3,NOT APPLICABLE,2,2,1.0,0.0,0.0,0.0,1.0,3.0,9,3,5,05/07/2024,2024-05-07,09:10:00
05/29/2024 05:45:00 PM,5.0,2,1,4,3,1,1,1,0,1,3,FAILING TO REDUCE SPEED TO AVOID CRASH,2,1,0.0,0.0,0.0,0.0,0.0,2.0,17,4,5,05/29/2024,2024-05-29,17:45:00
06/07/2024 02:21:00 PM,7.0,2,1,5,1,1,3,3,0,1,3,UNABLE TO DETERMINE,2,1,0.0,0.0,0.0,0.0,0.0,3.0,14,6,6,06/07/2024,2024-06-07,14:21:00
02/13/2024 08:20:00 AM,5.0,2,1,6,6,1,3,3,0,1,3,FAILING TO YIELD RIGHT-OF-WAY,2,1,0.0,0.0,0.0,0.0,0.0,3.0,8,3,2,02/13/2024,2024-02-13,08:20:00
05/22/2024 12:25:00 PM,3.0,2,1,6,7,1,3,3,0,1,2,FAILING TO YIELD RIGHT-OF-WAY,2,1,0.0,0.0,0.0,0.0,0.0,2.0,12,4,5,05/22/2024,2024-05-22,12:25:00
03/07/2024 09:21:00 AM,7.0,2,1,5,5,1,3,3,0,1,3,FAILING TO YIELD RIGHT-OF-WAY,2,1,0.0,0.0,0.0,0.0,0.0,4.0,9,5,3,03/07/2024,2024-03-07,09:21:00
02/25/2024 09:30:00 AM,7.0,2,1,5,4,1,3,3,1,1,3,UNABLE TO DETERMINE,2,1,0.0,0.0,0.0,0.0,0.0,3.0,9,1,2,02/25/2024,2024-02-25,09:30:00
02/16/2024 10:15:00 AM,7.0,2,1,3,6,1,3,3,1,1,3,UNABLE TO DETERMINE,2,2,1.0,0.0,0.0,0.0,1.0,1.0,10,6,2,02/16/2024,2024-02-16,10:15:00
05/31/2024 08:56:00 PM,7.0,2,4,4,6,1,3,3,1,1,3,FOLLOWING TOO CLOSELY,2,1,0.0,0.0,0.0,0.0,0.0,2.0,20,6,5,05/31/2024,2024-05-31,20:56:00
07/01/2024 07:30:00 PM,5.0,2,1,4,3,1,3,3,0,1,1,UNABLE TO DETERMINE,2,1,0.0,0.0,0.0,0.0,0.0,2.0,19,2,7,07/01/2024,2024-07-01,19:30:00
01/16/2024 08:45:00 AM,5.0,2,1,6,7,1,6,3,0,1,1,UNABLE TO DETERMINE,2,1,0.0,0.0,0.0,0.0,0.0,2.0,8,3,1,01/16/2024,2024-01-16,08:45:00
07/17/2024 02:30:00 PM,5.0,2,1,6,6,1,3,3,0,1,3,IMPROPER TURNING/NO SIGNAL,2,1,0.0,0.0,0.0,0.0,0.0,2.0,14,4,7,07/17/2024,2024-07-17,14:30:00
07/14/2024 10:25:00 PM,5.0,4,4,6,5,1,4,1,1,1,3,DISREGARDING TRAFFIC SIGNALS,2,1,0.0,0.0,0.0,0.0,0.0,2.0,22,1,7,07/14/2024,2024-07-14,22:25:00
06/05/2024 12:01:00 AM,5.0,4,5,5,5,1,4,1,1,1,3,UNDER THE INFLUENCE OF ALCOHOL/DRUGS (USE WHEN ARREST IS EFFECTED),2,3,1.0,0.0,0.0,1.0,0.0,4.0,0,4,6,06/05/2024,2024-06-05,00:01:00
02/29/2024 06:45:00 PM,7.0,2,5,6,5,1,3,3,0,1,3,DRIVING SKILLS/KNOWLEDGE/EXPERIENCE,2,1,0.0,0.0,0.0,0.0,0.0,2.0,18,5,2,02/29/2024,2024-02-29,18:45:00
01/12/2024 07:38:00 AM,5.0,5,1,9,5,1,5,3,0,1,3,UNABLE TO DETERMINE,2,1,0.0,0.0,0.0,0.0,0.0,3.0,7,6,1,01/12/2024,2024-01-12,07:38:00
06/07/2024 11:18:00 AM,7.0,2,1,11,6,1,3,3,0,1,3,UNABLE TO DETERMINE,2,1,0.0,0.0,0.0,0.0,0.0,1.0,11,6,6,06/07/2024,2024-06-07,11:18:00
04/09/2024 06:15:00 PM,7.0,2,1,5,5,1,3,3,0,1,3,FAILING TO YIELD RIGHT-OF-WAY,2,1,0.0,0.0,0.0,0.0,0.0,2.0,18,3,4,04/09/2024,2024-04-09,18:15:00
05/14/2024 04:30:00 PM,5.0,2,1,5,6,1,3,3,0,1,3,FAILING TO YIELD RIGHT-OF-WAY,2,1,0.0,0.0,0.0,0.0,0.0,2.0,16,3,5,05/14/2024,2024-05-14,16:30:00
03/12/2024 07:00:00 PM,5.0,2,1,4,5,1,3,3,0,0,3,DRIVING SKILLS/KNOWLEDGE/EXPERIENCE,2,1,0.0,0.0,0.0,0.0,0.0,2.0,19,3,3,03/12/2024,2024-03-12,19:00:00
04/02/2024 06:54:00 AM,5.0,2,1,6,6,1,4,3,0,1,3,NOT APPLICABLE,2,1,0.0,0.0,0.0,0.0,0.0,2.0,6,3,4,04/02/2024,2024-04-02,06:54:00
06/07/2024 02:05:00 PM,5.0,2,1,6,5,1,3,3,0,1,2,UNABLE TO DETERMINE,2,1,0.0,0.0,0.0,0.0,0.0,2.0,14,6,6,06/07/2024,2024-06-07,14:05:00
04/07/2024 03:37:00 PM,7.0,4,2,5,6,1,4,3,0,1,3,DISREGARDING STOP SIGN,2,1,0.0,0.0,0.0,0.0,0.0,2.0,15,1,4,04/07/2024,2024-04-07,15:37:00
02/24/2024 02:11:00 AM,5.0,5,4,5,5,1,2,3,1,1,3,DISREGARDING TRAFFIC SIGNALS,2,3,1.0,0.0,0.0,1.0,0.0,2.0,2,7,2,02/24/2024,2024-02-24,02:11:00
02/02/2024 06:55:00 PM,7.0,2,4,6,6,1,3,3,0,1,3,FAILING TO YIELD RIGHT-OF-WAY,2,1,0.0,0.0,0.0,0.0,0.0,2.0,18,6,2,02/02/2024,2024-02-02,18:55:00
04/15/2024 11:15:00 AM,5.0,2,1,6,3,1,3,1,0,1,3,NOT APPLICABLE,2,1,0.0,0.0,0.0,0.0,0.0,3.0,11,2,4,04/15/2024,2024-04-15,11:15:00
03/23/2024 07:54:00 AM,7.0,2,1,4,6,1,3,3,0,1,1,FAILING TO YIELD RIGHT-OF-WAY,2,1,0.0,0.0,0.0,0.0,0.0,2.0,7,7,3,03/23/2024,2024-03-23,07:54:00
05/27/2024 10:26:00 AM,5.0,2,1,4,5,1,3,3,0,1,3,FAILING TO REDUCE SPEED TO AVOID CRASH,2,1,0.0,0.0,0.0,0.0,0.0,2.0,10,2,5,05/27/2024,2024-05-27,10:26:00
06/10/2024 05:40:00 PM,7.0,2,1,6,5,1,3,3,0,1,3,UNABLE TO DETERMINE,2,1,0.0,0.0,0.0,0.0,0.0,2.0,17,2,6,06/10/2024,2024-06-10,17:40:00
07/14/2024 12:30:00 AM,5.0,4,4,4,5,1,4,3,1,1,3,FOLLOWING TOO CLOSELY,2,1,0.0,0.0,0.0,0.0,0.0,2.0,0,1,7,07/14/2024,2024-07-14,00:30:00
04/21/2024 08:30:00 AM,5.0,2,4,4,6,1,3,3,0,1,3,FOLLOWING TOO CLOSELY,2,1,0.0,0.0,0.0,0.0,0.0,2.0,8,1,4,04/21/2024,2024-04-21,08:30:00
04/04/2024 07:20:00 AM,5.0,2,1,11,5,1,3,3,0,1,2,NOT APPLICABLE,2,1,0.0,0.0,0.0,0.0,0.0,1.0,7,5,4,04/04/2024,2024-04-04,07:20:00
04/21/2024 01:27:00 AM,5.0,2,4,6,5,1,3,1,1,1,3,DISREGARDING TRAFFIC SIGNALS,2,2,2.0,0.0,0.0,0.0,2.0,1.0,1,1,4,04/21/2024,2024-04-21,01:27:00
02/27/2024 05:39:00 PM,7.0,2,2,8,10,1,3,3,0,1,1,IMPROPER BACKING,2,1,0.0,0.0,0.0,0.0,0.0,3.0,17,3,2,02/27/2024,2024-02-27,17:39:00
01/26/2024 08:33:00 AM,5.0,2,1,3,5,1,3,3,0,1,3,UNABLE TO DETERMINE,2,1,0.0,0.0,0.0,0.0,0.0,2.0,8,6,1,01/26/2024,2024-01-26,08:33:00
02/12/2024 08:22:00 AM,5.0,2,1,6,5,1,3,3,1,1,3,FAILING TO YIELD RIGHT-OF-WAY,2,1,0.0,0.0,0.0,0.0,0.0,2.0,8,2,2,02/12/2024,2024-02-12,08:22:00
01/05/2024 06:45:00 AM,7.0,2,1,5,5,1,3,3,1,1,3,UNABLE TO DETERMINE,2,3,1.0,0.0,0.0,1.0,0.0,1.0,6,6,1,01/05/2024,2024-01-05,06:45:00
01/08/2024 05:10:00 AM,5.0,2,4,6,5,1,3,1,1,1,3,FAILING TO YIELD RIGHT-OF-WAY,2,2,1.0,0.0,0.0,0.0,1.0,1.0,5,2,1,01/08/2024,2024-01-08,05:10:00
04/14/2024 11:01:00 AM,7.0,2,1,4,1,1,3,3,1,1,3,FAILING TO REDUCE SPEED TO AVOID CRASH,2,1,0.0,0.0,0.0,0.0,0.0,2.0,11,1,4,04/14/2024,2024-04-14,11:01:00
05/07/2024 04:40:00 PM,7.0,2,1,5,5,1,4,3,1,1,3,FAILING TO YIELD RIGHT-OF-WAY,2,2,1.0,0.0,0.0,0.0,1.0,1.0,16,3,5,05/07/2024,2024-05-07,16:40:00
07/12/2024 07:34:00 AM,5.0,2,1,5,7,1,3,1,1,1,3,NOT APPLICABLE,2,1,0.0,0.0,0.0,0.0,0.0,2.0,7,6,7,07/12/2024,2024-07-12,07:34:00
03/27/2024 12:51:00 PM,3.0,3,1,6,16,1,3,3,1,1,3,FAILING TO YIELD RIGHT-OF-WAY,2,1,0.0,0.0,0.0,0.0,0.0,2.0,12,4,3,03/27/2024,2024-03-27,12:51:00
06/11/2024 05:20:00 PM,5.0,2,1,14,5,1,3,3,1,1,1,UNABLE TO DETERMINE,2,3,1.0,0.0,0.0,1.0,0.0,1.0,17,3,6,06/11/2024,2024-06-11,17:20:00
01/05/2024 01:16:00 PM,7.0,2,1,5,5,1,3,3,0,1,3,DISREGARDING STOP SIGN,2,1,0.0,0.0,0.0,0.0,0.0,2.0,13,6,1,01/05/2024,2024-01-05,13:16:00
02/25/2024 03:48:00 AM,7.0,2,4,5,6,1,3,3,1,1,3,DISREGARDING STOP SIGN,2,2,1.0,0.0,0.0,0.0,1.0,4.0,3,1,2,02/25/2024,2024-02-25,03:48:00
02/25/2024 09:45:00 AM,5.0,2,1,5,4,1,3,3,1,1,3,FAILING TO YIELD RIGHT-OF-WAY,2,1,0.0,0.0,0.0,0.0,0.0,2.0,9,1,2,02/25/2024,2024-02-25,09:45:00
05/15/2024 05:00:00 PM,3.0,2,1,6,6,1,3,3,0,1,3,FAILING TO YIELD RIGHT-OF-WAY,2,1,0.0,0.0,0.0,0.0,0.0,2.0,17,4,5,05/15/2024,2024-05-15,17:00:00
03/20/2024 01:45:00 PM,7.0,2,1,4,5,1,3,3,0,1,3,NOT APPLICABLE,2,1,0.0,0.0,0.0,0.0,0.0,2.0,13,4,3,03/20/2024,2024-03-20,13:45:00
01/18/2024 11:41:00 AM,5.0,2,1,4,5,1,4,3,0,1,3,FOLLOWING TOO CLOSELY,2,1,0.0,0.0,0.0,0.0,0.0,2.0,11,5,1,01/18/2024,2024-01-18,11:41:00
02/09/2024 10:17:00 AM,5.0,2,1,5,5,1,3,3,1,1,2,DISREGARDING TRAFFIC SIGNALS,2,3,1.0,0.0,0.0,1.0,0.0,2.0,10,6,2,02/09/2024,2024-02-09,10:17:00
01/12/2024 06:16:00 PM,5.0,5,4,5,5,1,5,1,1,1,3,UNABLE TO DETERMINE,2,1,0.0,0.0,0.0,0.0,0.0,7.0,18,6,1,01/12/2024,2024-01-12,18:16:00
02/27/2024 10:36:00 AM,5.0,2,1,4,6,1,3,3,1,1,2,UNABLE TO DETERMINE,2,2,1.0,0.0,0.0,0.0,1.0,1.0,10,3,2,02/27/2024,2024-02-27,10:36:00
01/11/2024 11:30:00 AM,3.0,2,1,6,2,1,4,1,0,1,2,UNABLE TO DETERMINE,2,1,0.0,0.0,0.0,0.0,0.0,2.0,11,5,1,01/11/2024,2024-01-11,11:30:00
02/22/2024 08:19:00 AM,5.0,2,1,6,5,1,3,3,1,1,3,IMPROPER OVERTAKING/PASSING,2,3,2.0,0.0,0.0,2.0,0.0,3.0,8,5,2,02/22/2024,2024-02-22,08:19:00
03/03/2024 06:57:00 PM,7.0,2,4,6,5,1,3,3,0,1,3,UNABLE TO DETERMINE,2,1,0.0,0.0,0.0,0.0,0.0,6.0,18,1,3,03/03/2024,2024-03-03,18:57:00
08/05/2024 12:30:00 PM,7.0,2,1,9,5,1,3,3,0,1,3,UNABLE TO DETERMINE,2,1,0.0,0.0,0.0,0.0,0.0,2.0,12,2,8,08/05/2024,2024-08-05,12:30:00
01/06/2024 09:38:00 PM,5.0,5,4,13,5,1,5,1,1,1,2,DRIVING SKILLS/KNOWLEDGE/EXPERIENCE,2,3,1.0,0.0,0.0,1.0,0.0,1.0,21,7,1,01/06/2024,2024-01-06,21:38:00
04/13/2024 07:30:00 PM,5.0,2,3,6,10,1,3,3,0,1,1,UNABLE TO DETERMINE,2,1,0.0,0.0,0.0,0.0,0.0,2.0,19,7,4,04/13/2024,2024-04-13,19:30:00
01/18/2024 05:20:00 PM,3.0,2,1,5,7,1,4,1,0,1,3,UNABLE TO DETERMINE,2,1,0.0,0.0,0.0,0.0,0.0,2.0,17,5,1,01/18/2024,2024-01-18,17:20:00
06/22/2024 01:57:00 PM,5.0,2,1,6,5,1,3,3,1,1,3,IMPROPER TURNING/NO SIGNAL,2,1,0.0,0.0,0.0,0.0,0.0,3.0,13,7,6,06/22/2024,2024-06-22,13:57:00
07/11/2024 11:00:00 AM,5.0,3,1,3,5,1,4,1,0,1,2,IMPROPER OVERTAKING/PASSING,2,1,0.0,0.0,0.0,0.0,0.0,2.0,11,5,7,07/11/2024,2024-07-11,11:00:00
04/07/2024 01:47:00 PM,7.0,4,1,5,6,1,4,3,0,1,3,FAILING TO YIELD RIGHT-OF-WAY,2,1,0.0,0.0,0.0,0.0,0.0,3.0,13,1,4,04/07/2024,2024-04-07,13:47:00
03/21/2024 09:36:00 PM,5.0,2,4,6,5,1,1,1,0,1,3,UNABLE TO DETERMINE,2,1,0.0,0.0,0.0,0.0,0.0,2.0,21,5,3,03/21/2024,2024-03-21,21:36:00
01/25/2024 10:20:00 PM,5.0,4,5,5,5,1,4,3,0,1,3,UNABLE TO DETERMINE,2,1,0.0,0.0,0.0,0.0,0.0,2.0,22,5,1,01/25/2024,2024-01-25,22:20:00
03/25/2024 02:10:00 PM,5.0,2,1,3,5,1,1,1,0,1,3,IMPROPER LANE USAGE,2,1,0.0,0.0,0.0,0.0,0.0,2.0,14,2,3,03/25/2024,2024-03-25,14:10:00
02/18/2024 05:25:00 PM,5.0,2,1,3,6,1,3,3,0,0,3,IMPROPER OVERTAKING/PASSING,2,1,0.0,0.0,0.0,0.0,0.0,2.0,17,1,2,02/18/2024,2024-02-18,17:25:00
01/15/2024 09:58:00 PM,7.0,2,4,8,6,1,5,3,0,1,2,IMPROPER BACKING,2,1,0.0,0.0,0.0,0.0,0.0,3.0,21,2,1,01/15/2024,2024-01-15,21:58:00
06/29/2024 04:35:00 PM,3.0,2,1,4,6,1,3,3,1,1,3,UNABLE TO DETERMINE,2,2,2.0,0.0,0.0,0.0,2.0,4.0,16,7,6,06/29/2024,2024-06-29,16:35:00
03/09/2024 02:27:00 AM,5.0,4,4,9,6,1,4,3,1,1,3,DISTRACTION - FROM INSIDE VEHICLE,2,1,0.0,0.0,0.0,0.0,0.0,3.0,2,7,3,03/09/2024,2024-03-09,02:27:00
01/13/2024 07:30:00 PM,5.0,2,4,6,7,1,3,3,1,1,3,UNABLE TO DETERMINE,2,1,0.0,0.0,0.0,0.0,0.0,2.0,19,7,1,01/13/2024,2024-01-13,19:30:00
04/20/2024 09:40:00 AM,5.0,2,1,4,4,1,3,3,0,1,2,FOLLOWING TOO CLOSELY,2,1,0.0,0.0,0.0,0.0,0.0,2.0,9,7,4,04/20/2024,2024-04-20,09:40:00
07/07/2024 11:50:00 AM,5.0,2,1,5,6,1,3,3,0,1,3,DISREGARDING TRAFFIC SIGNALS,2,1,0.0,0.0,0.0,0.0,0.0,2.0,11,1,7,07/07/2024,2024-07-07,11:50:00
07/27/2024 12:00:00 PM,5.0,2,1,6,6,1,3,3,0,1,3,FAILING TO REDUCE SPEED TO AVOID CRASH,2,1,0.0,0.0,0.0,0.0,0.0,2.0,12,7,7,07/27/2024,2024-07-27,12:00:00
03/16/2024 03:00:00 PM,5.0,3,1,14,6,1,3,3,1,1,2,FAILING TO YIELD RIGHT-OF-WAY,2,3,1.0,0.0,0.0,1.0,0.0,1.0,15,7,3,03/16/2024,2024-03-16,15:00:00
03/18/2024 04:50:00 PM,5.0,2,1,4,6,1,3,3,0,1,2,FOLLOWING TOO CLOSELY,2,1,0.0,0.0,0.0,0.0,0.0,2.0,16,2,3,03/18/2024,2024-03-18,16:50:00
06/08/2024 04:28:00 PM,5.0,4,1,4,5,1,4,3,0,1,2,UNABLE TO DETERMINE,2,1,0.0,0.0,0.0,0.0,0.0,2.0,16,7,6,06/08/2024,2024-06-08,16:28:00
04/17/2024 03:00:00 PM,7.0,3,1,5,5,1,1,1,0,1,3,UNABLE TO DETERMINE,2,1,0.0,0.0,0.0,0.0,0.0,4.0,15,4,4,04/17/2024,2024-04-17,15:00:00
07/17/2024 12:30:00 PM,7.0,2,1,5,4,1,3,3,0,1,2,UNABLE TO DETERMINE,2,1,0.0,0.0,0.0,0.0,0.0,2.0,12,4,7,07/17/2024,2024-07-17,12:30:00
04/16/2024 03:19:00 PM,5.0,2,1,14,4,1,3,7,1,1,3,IMPROPER TURNING/NO SIGNAL,2,3,1.0,0.0,0.0,1.0,0.0,1.0,15,3,4,04/16/2024,2024-04-16,15:19:00
02/15/2024 03:27:00 PM,7.0,2,1,5,5,1,3,3,1,1,3,FAILING TO YIELD RIGHT-OF-WAY,2,1,0.0,0.0,0.0,0.0,0.0,3.0,15,5,2,02/15/2024,2024-02-15,15:27:00
03/18/2024 01:20:00 PM,5.0,2,1,5,5,1,3,1,1,1,3,FAILING TO YIELD RIGHT-OF-WAY,2,1,0.0,0.0,0.0,0.0,0.0,2.0,13,2,3,03/18/2024,2024-03-18,13:20:00
05/29/2024 04:29:00 PM,5.0,2,1,9,5,1,3,3,1,1,3,IMPROPER OVERTAKING/PASSING,2,2,2.0,0.0,0.0,0.0,2.0,2.0,16,4,5,05/29/2024,2024-05-29,16:29:00
04/13/2024 11:52:00 AM,3.0,2,1,4,4,1,3,3,0,1,3,UNABLE TO DETERMINE,2,1,0.0,0.0,0.0,0.0,0.0,2.0,11,7,4,04/13/2024,2024-04-13,11:52:00
02/07/2024 09:20:00 PM,5.0,2,4,6,5,1,3,3,1,1,2,UNABLE TO DETERMINE,2,3,1.0,0.0,0.0,1.0,0.0,1.0,21,4,2,02/07/2024,2024-02-07,21:20:00
03/02/2024 06:00:00 PM,3.0,2,1,14,7,1,1,1,1,1,1,UNABLE TO DETERMINE,2,3,1.0,0.0,0.0,1.0,0.0,1.0,18,7,3,03/02/2024,2024-03-02,18:00:00
03/14/2024 03:40:00 PM,3.0,2,1,6,5,1,3,3,1,1,3,FAILING TO YIELD RIGHT-OF-WAY,2,3,1.0,0.0,0.0,1.0,0.0,3.0,15,5,3,03/14/2024,2024-03-14,15:40:00
01/26/2024 03:10:00 PM,3.0,4,1,5,5,1,4,1,1,1,3,WEATHER,2,1,0.0,0.0,0.0,0.0,0.0,2.0,15,6,1,01/26/2024,2024-01-26,15:10:00
05/02/2024 10:55:00 AM,5.0,4,4,5,5,1,4,1,0,1,3,UNABLE TO DETERMINE,2,1,0.0,0.0,0.0,0.0,0.0,3.0,10,5,5,05/02/2024,2024-05-02,10:55:00
05/31/2024 08:03:00 PM,3.0,2,3,4,7,1,3,3,1,1,3,FOLLOWING TOO CLOSELY,2,3,1.0,0.0,0.0,1.0,0.0,2.0,20,6,5,05/31/2024,2024-05-31,20:03:00
05/29/2024 07:30:00 AM,7.0,2,1,5,7,1,3,3,0,1,3,UNABLE TO DETERMINE,2,1,0.0,0.0,0.0,0.0,0.0,4.0,7,4,5,05/29/2024,2024-05-29,07:30:00
07/13/2024 11:33:00 PM,5.0,2,4,4,5,1,4,3,1,1,3,DISREGARDING TRAFFIC SIGNALS,2,3,1.0,0.0,0.0,1.0,0.0,1.0,23,7,7,07/13/2024,2024-07-13,23:33:00
02/10/2024 08:55:00 AM,7.0,2,1,5,5,1,3,3,0,1,3,FAILING TO REDUCE SPEED TO AVOID CRASH,2,1,0.0,0.0,0.0,0.0,0.0,2.0,8,7,2,02/10/2024,2024-02-10,08:55:00
01/15/2024 03:09:00 PM,5.0,2,1,3,5,1,3,3,1,1,3,IMPROPER OVERTAKING/PASSING,2,3,1.0,0.0,0.0,1.0,0.0,1.0,15,2,1,01/15/2024,2024-01-15,15:09:00
02/12/2024 04:15:00 AM,7.0,2,5,6,6,1,3,3,0,1,2,UNABLE TO DETERMINE,2,1,0.0,0.0,0.0,0.0,0.0,2.0,4,2,2,02/12/2024,2024-02-12,04:15:00
02/21/2024 06:07:00 PM,5.0,2,4,14,6,1,3,3,1,1,3,DRIVING ON WRONG SIDE/WRONG WAY,2,3,1.0,0.0,0.0,1.0,0.0,1.0,18,4,2,02/21/2024,2024-02-21,18:07:00
06/14/2024 12:06:00 PM,7.0,2,1,5,5,1,3,3,1,1,3,DISREGARDING STOP SIGN,2,2,1.0,0.0,0.0,0.0,1.0,1.0,12,6,6,06/14/2024,2024-06-14,12:06:00
05/11/2024 02:40:00 PM,3.0,2,1,7,7,1,3,1,0,1,2,IMPROPER BACKING,2,1,0.0,0.0,0.0,0.0,0.0,2.0,14,7,5,05/11/2024,2024-05-11,14:40:00
04/13/2024 10:33:00 AM,5.0,2,1,6,5,1,3,3,0,1,2,FAILING TO YIELD RIGHT-OF-WAY,2,1,0.0,0.0,0.0,0.0,0.0,3.0,10,7,4,04/13/2024,2024-04-13,10:33:00
07/26/2024 07:02:00 PM,5.0,2,1,13,6,1,3,3,1,1,1,"OPERATING VEHICLE IN ERRATIC, RECKLESS, CARELESS, NEGLIGENT OR AGGRESSIVE MANNER",2,3,1.0,0.0,0.0,1.0,0.0,1.0,19,6,7,07/26/2024,2024-07-26,19:02:00
01/08/2024 03:17:00 PM,3.0,2,1,6,5,1,3,3,1,1,3,UNABLE TO DETERMINE,2,1,0.0,0.0,0.0,0.0,0.0,2.0,15,2,1,01/08/2024,2024-01-08,15:17:00
01/27/2024 10:50:00 PM,5.0,4,4,4,5,1,4,1,0,1,3,UNABLE TO DETERMINE,2,1,0.0,0.0,0.0,0.0,0.0,3.0,22,7,1,01/27/2024,2024-01-27,22:50:00
03/01/2024 06:10:00 PM,7.0,2,4,5,5,1,3,3,1,1,3,FAILING TO YIELD RIGHT-OF-WAY,2,3,1.0,0.0,0.0,1.0,0.0,1.0,18,6,3,03/01/2024,2024-03-01,18:10:00
02/09/2024 12:54:00 PM,5.0,2,1,4,13,1,3,3,1,1,3,UNABLE TO DETERMINE,2,3,2.0,0.0,0.0,2.0,0.0,0.0,12,6,2,02/09/2024,2024-02-09,12:54:00
07/26/2024 08:10:00 AM,5.0,2,1,5,6,1,3,3,0,1,2,UNABLE TO DETERMINE,2,1,0.0,0.0,0.0,0.0,0.0,2.0,8,6,7,07/26/2024,2024-07-26,08:10:00
06/04/2024 05:05:00 PM,5.0,3,1,6,5,1,3,3,1,1,3,UNABLE TO DETERMINE,2,2,2.0,0.0,0.0,0.0,2.0,1.0,17,3,6,06/04/2024,2024-06-04,17:05:00
08/01/2024 01:03:00 PM,5.0,2,1,6,3,1,3,3,0,1,3,IMPROPER TURNING/NO SIGNAL,2,1,0.0,0.0,0.0,0.0,0.0,4.0,13,5,8,08/01/2024,2024-08-01,13:03:00
05/31/2024 12:35:00 PM,5.0,2,1,6,12,1,4,1,0,0,3,UNABLE TO DETERMINE,2,1,0.0,0.0,0.0,0.0,0.0,2.0,12,6,5,05/31/2024,2024-05-31,12:35:00
03/05/2024 04:15:00 PM,5.0,2,1,4,4,1,3,3,0,1,2,FOLLOWING TOO CLOSELY,2,1,0.0,0.0,0.0,0.0,0.0,3.0,16,3,3,03/05/2024,2024-03-05,16:15:00
07/29/2024 09:05:00 PM,3.0,2,4,5,6,1,4,3,0,1,3,FAILING TO YIELD RIGHT-OF-WAY,2,1,0.0,0.0,0.0,0.0,0.0,2.0,21,2,7,07/29/2024,2024-07-29,21:05:00
02/18/2024 03:39:00 PM,5.0,2,1,5,5,1,3,3,1,1,3,UNABLE TO DETERMINE,2,2,1.0,0.0,0.0,0.0,1.0,1.0,15,1,2,02/18/2024,2024-02-18,15:39:00
06/21/2024 05:24:00 PM,5.0,2,1,3,4,1,3,3,1,1,3,DRIVING SKILLS/KNOWLEDGE/EXPERIENCE,2,1,0.0,0.0,0.0,0.0,0.0,2.0,17,6,6,06/21/2024,2024-06-21,17:24:00
01/18/2024 07:31:00 PM,7.0,2,4,6,5,1,4,3,1,1,3,UNABLE TO DETERMINE,2,2,1.0,0.0,0.0,0.0,1.0,1.0,19,5,1,01/18/2024,2024-01-18,19:31:00
07/09/2024 06:50:00 PM,5.0,2,1,6,5,1,4,1,0,1,3,FAILING TO YIELD RIGHT-OF-WAY,2,1,0.0,0.0,0.0,0.0,0.0,2.0,18,3,7,07/09/2024,2024-07-09,18:50:00
05/25/2024 05:05:00 PM,6.0,2,1,14,3,1,3,3,1,1,1,FAILING TO YIELD RIGHT-OF-WAY,2,3,1.0,0.0,0.0,1.0,0.0,1.0,17,7,5,05/25/2024,2024-05-25,17:05:00
05/05/2024 09:33:00 PM,7.0,2,4,5,5,1,3,3,1,1,3,DISREGARDING STOP SIGN,2,2,1.0,0.0,0.0,0.0,1.0,3.0,21,1,5,05/05/2024,2024-05-05,21:33:00
05/02/2024 05:01:00 AM,5.0,2,2,4,6,1,3,3,1,1,1,UNABLE TO DETERMINE,2,2,1.0,0.0,0.0,0.0,1.0,2.0,5,5,5,05/02/2024,2024-05-02,05:01:00
07/11/2024 09:03:00 AM,5.0,4,1,6,5,1,4,3,1,1,3,FAILING TO YIELD RIGHT-OF-WAY,2,1,0.0,0.0,0.0,0.0,0.0,7.0,9,5,7,07/11/2024,2024-07-11,09:03:00
01/03/2024 01:50:00 PM,5.0,2,1,6,5,1,1,1,1,1,2,DRIVING SKILLS/KNOWLEDGE/EXPERIENCE,2,1,0.0,0.0,0.0,0.0,0.0,4.0,13,4,1,01/03/2024,2024-01-03,13:50:00
01/25/2024 04:40:00 PM,5.0,2,1,4,4,1,3,1,0,1,2,FOLLOWING TOO CLOSELY,2,1,0.0,0.0,0.0,0.0,0.0,4.0,16,5,1,01/25/2024,2024-01-25,16:40:00
02/03/2024 08:00:00 PM,5.0,2,5,6,6,1,3,1,0,1,1,IMPROPER OVERTAKING/PASSING,2,1,0.0,0.0,0.0,0.0,0.0,3.0,20,7,2,02/03/2024,2024-02-03,20:00:00
07/12/2024 05:28:00 PM,7.0,2,1,5,13,1,3,3,1,1,3,FAILING TO YIELD RIGHT-OF-WAY,2,1,0.0,0.0,0.0,0.0,0.0,2.0,17,6,7,07/12/2024,2024-07-12,17:28:00
05/28/2024 09:22:00 AM,5.0,2,1,3,5,1,3,1,0,1,1,FAILING TO REDUCE SPEED TO AVOID CRASH,2,1,0.0,0.0,0.0,0.0,0.0,2.0,9,3,5,05/28/2024,2024-05-28,09:22:00