crash_date,traffic_control_device,weather_condition,lighting_condition,first_crash_type,trafficway_type,alignment,roadway_surface_cond,road_defect,crash_type,intersection_related_i,damage,prim_contributory_cause,num_units,most_severe_injury,injuries_total,injuries_fatal,injuries_incapacitating,injuries_non_incapacitating,injuries_reported_not_evident,injuries_no_indication,crash_hour,crash_day_of_week,crash_month,parsed_datetime,date,time
06/18/2024 06:45:00 PM,7.0,2,1,5,5,1,3,3,1,1,3,DISREGARDING STOP SIGN,2,1,0.0,0.0,0.0,0.0,0.0,2.0,18,3,6,06/18/2024,2024-06-18,18:45:00
02/12/2024 06:30:00 PM,3.0,2,4,3,6,1,3,3,0,1,3,UNABLE TO DETERMINE,2,1,0.0,0.0,0.0,0.0,0.0,2.0,18,2,2,02/12/2024,2024-02-12,18:30:00
01/21/2024 01:23:00 AM,5.0,2,4,5,5,1,3,3,1,1,3,FAILING TO REDUCE SPEED TO AVOID CRASH,2,1,0.0,0.0,0.0,0.0,0.0,3.0,1,1,1,01/21/2024,2024-01-21,01:23:00
02/24/2024 02:18:00 PM,5.0,2,1,6,5,1,1,1,0,1,3,UNABLE TO DETERMINE,2,1,0.0,0.0,0.0,0.0,0.0,2.0,14,7,2,02/24/2024,2024-02-24,14:18:00
07/20/2024 09:19:00 PM,5.0,2,4,13,9,1,3,1,1,1,3,DISREGARDING TRAFFIC SIGNALS,2,4,1.0,0.0,1.0,0.0,0.0,1.0,21,7,7,07/20/2024,2024-07-20,21:19:00
03/21/2024 03:34:00 PM,3.0,2,1,6,6,1,3,3,0,1,3,IMPROPER OVERTAKING/PASSING,2,1,0.0,0.0,0.0,0.0,0.0,2.0,15,5,3,03/21/2024,2024-03-21,15:34:00
04/08/2024 02:11:00 PM,5.0,2,1,5,5,1,3,3,0,1,2,DISREGARDING OTHER TRAFFIC SIGNS,2,1,0.0,0.0,0.0,0.0,0.0,2.0,14,2,4,04/08/2024,2024-04-08,14:11:00
06/14/2024 02:25:00 PM,5.0,2,1,6,7,1,3,3,0,1,2,IMPROPER TURNING/NO SIGNAL,2,1,0.0,0.0,0.0,0.0,0.0,2.0,14,6,6,06/14/2024,2024-06-14,14:25:00
08/08/2024 07:09:00 PM,5.0,2,1,6,6,1,3,3,1,1,3,FAILING TO YIELD RIGHT-OF-WAY,2,3,1.0,0.0,0.0,1.0,0.0,1.0,19,5,8,08/08/2024,2024-08-08,19:09:00
06/17/2024 04:52:00 PM,5.0,2,1,6,3,1,3,3,0,1,2,IMPROPER TURNING/NO SIGNAL,2,1,0.0,0.0,0.0,0.0,0.0,2.0,16,2,6,06/17/2024,2024-06-17,16:52:00
01/12/2024 06:20:00 PM,7.0,7,3,5,5,1,4,3,1,1,3,DISREGARDING STOP SIGN,2,2,1.0,0.0,0.0,0.0,1.0,2.0,18,6,1,01/12/2024,2024-01-12,18:20:00
06/21/2024 04:25:00 PM,5.0,2,1,5,5,1,3,3,0,1,3,DISREGARDING TRAFFIC SIGNALS,2,1,0.0,0.0,0.0,0.0,0.0,2.0,16,6,6,06/21/2024,2024-06-21,16:25:00
03/11/2024 10:18:00 PM,3.0,2,4,9,10,2,3,3,1,1,2,DRIVING ON WRONG SIDE/WRONG WAY,2,1,0.0,0.0,0.0,0.0,0.0,3.0,22,2,3,03/11/2024,2024-03-11,22:18:00
04/25/2024 04:55:00 AM,5.0,2,1,6,5,1,3,3,1,1,3,FAILING TO YIELD RIGHT-OF-WAY,2,1,0.0,0.0,0.0,0.0,0.0,2.0,4,5,4,04/25/2024,2024-04-25,04:55:00
06/14/2024 04:37:00 PM,3.0,2,1,5,7,1,3,3,0,1,3,UNABLE TO DETERMINE,2,1,0.0,0.0,0.0,0.0,0.0,2.0,16,6,6,06/14/2024,2024-06-14,16:37:00
04/21/2024 10:50:00 AM,7.0,2,1,5,5,1,3,1,1,1,3,UNABLE TO DETERMINE,2,1,0.0,0.0,0.0,0.0,0.0,3.0,10,1,4,04/21/2024,2024-04-21,10:50:00
06/01/2024 12:10:00 PM,7.0,4,1,5,5,1,4,3,1,1,3,FAILING TO YIELD RIGHT-OF-WAY,2,3,1.0,0.0,0.0,1.0,0.0,2.0,12,7,6,06/01/2024,2024-06-01,12:10:00
04/14/2024 12:00:00 AM,5.0,2,4,3,5,1,3,3,0,1,2,IMPROPER LANE USAGE,2,1,0.0,0.0,0.0,0.0,0.0,2.0,0,1,4,04/14/2024,2024-04-14,00:00:00
07/10/2024 05:58:00 PM,5.0,2,1,6,10,1,3,1,0,1,3,FAILING TO YIELD RIGHT-OF-WAY,2,1,0.0,0.0,0.0,0.0,0.0,2.0,17,4,7,07/10/2024,2024-07-10,17:58:00
05/19/2024 04:19:00 AM,7.0,2,4,5,5,1,3,3,1,1,3,UNABLE TO DETERMINE,2,1,0.0,0.0,0.0,0.0,0.0,2.0,4,1,5,05/19/2024,2024-05-19,04:19:00
06/18/2024 08:40:00 PM,3.0,2,5,6,7,1,3,3,0,1,3,IMPROPER TURNING/NO SIGNAL,2,1,0.0,0.0,0.0,0.0,0.0,2.0,20,3,6,06/18/2024,2024-06-18,20:40:00
02/26/2024 01:10:00 PM,7.0,2,1,6,5,1,1,1,0,1,2,UNABLE TO DETERMINE,2,1,0.0,0.0,0.0,0.0,0.0,2.0,13,2,2,02/26/2024,2024-02-26,13:10:00
07/07/2024 04:20:00 PM,5.0,1,1,14,5,1,4,3,1,1,1,DISREGARDING ROAD MARKINGS,2,3,1.0,0.0,0.0,1.0,0.0,1.0,16,1,7,07/07/2024,2024-07-07,16:20:00
01/10/2024 10:45:00 AM,5.0,2,1,6,5,1,4,3,0,1,1,IMPROPER LANE USAGE,2,1,0.0,0.0,0.0,0.0,0.0,2.0,10,4,1,01/10/2024,2024-01-10,10:45:00
06/20/2024 09:09:00 PM,5.0,2,5,6,4,1,4,3,0,1,3,IMPROPER LANE USAGE,2,1,0.0,0.0,0.0,0.0,0.0,2.0,21,5,6,06/20/2024,2024-06-20,21:09:00
01/12/2024 11:52:00 AM,5.0,7,1,6,10,1,5,1,0,1,3,WEATHER,2,1,0.0,0.0,0.0,0.0,0.0,2.0,11,6,1,01/12/2024,2024-01-12,11:52:00
02/11/2024 05:20:00 PM,7.0,2,2,14,1,1,3,1,1,1,3,UNABLE TO DETERMINE,2,3,1.0,0.0,0.0,1.0,0.0,1.0,17,1,2,02/11/2024,2024-02-11,17:20:00
07/28/2024 03:40:00 AM,7.0,2,4,5,4,1,3,3,1,1,3,DISREGARDING STOP SIGN,2,3,1.0,0.0,0.0,1.0,0.0,2.0,3,1,7,07/28/2024,2024-07-28,03:40:00
07/04/2024 11:30:00 AM,5.0,2,1,4,4,1,3,3,0,0,3,FOLLOWING TOO CLOSELY,2,1,0.0,0.0,0.0,0.0,0.0,2.0,11,5,7,07/04/2024,2024-07-04,11:30:00
04/28/2024 02:40:00 AM,5.0,4,4,4,6,1,4,3,1,1,3,DISTRACTION - FROM INSIDE VEHICLE,2,3,1.0,0.0,0.0,1.0,0.0,1.0,2,1,4,04/28/2024,2024-04-28,02:40:00
04/01/2024 07:07:00 AM,7.0,4,1,6,6,1,4,3,0,1,3,FAILING TO YIELD RIGHT-OF-WAY,2,1,0.0,0.0,0.0,0.0,0.0,2.0,7,2,4,04/01/2024,2024-04-01,07:07:00
03/15/2024 02:28:00 PM,5.0,2,1,4,5,1,1,1,0,1,1,FOLLOWING TOO CLOSELY,2,1,0.0,0.0,0.0,0.0,0.0,2.0,14,6,3,03/15/2024,2024-03-15,14:28:00
07/06/2024 12:20:00 PM,7.0,2,1,6,10,1,3,3,0,1,1,IMPROPER TURNING/NO SIGNAL,2,1,0.0,0.0,0.0,0.0,0.0,2.0,12,7,7,07/06/2024,2024-07-06,12:20:00
08/03/2024 12:31:00 PM,5.0,2,1,4,6,1,3,1,0,1,3,UNABLE TO DETERMINE,2,1,0.0,0.0,0.0,0.0,0.0,2.0,12,7,8,08/03/2024,2024-08-03,12:31:00
02/04/2024 01:50:00 PM,3.0,2,1,13,6,1,1,1,1,1,1,FAILING TO YIELD RIGHT-OF-WAY,2,3,1.0,0.0,0.0,1.0,0.0,1.0,13,1,2,02/04/2024,2024-02-04,13:50:00
05/17/2024 01:25:00 PM,7.0,2,1,6,5,1,3,3,1,1,3,UNABLE TO DETERMINE,2,1,0.0,0.0,0.0,0.0,0.0,4.0,13,6,5,05/17/2024,2024-05-17,13:25:00
07/16/2024 01:25:00 PM,3.0,2,1,5,6,1,3,3,0,1,3,IMPROPER BACKING,2,1,0.0,0.0,0.0,0.0,0.0,3.0,13,3,7,07/16/2024,2024-07-16,13:25:00
08/01/2024 04:57:00 PM,5.0,2,1,6,5,1,3,3,1,1,3,FAILING TO YIELD RIGHT-OF-WAY,2,1,0.0,0.0,0.0,0.0,0.0,2.0,16,5,8,08/01/2024,2024-08-01,16:57:00
07/16/2024 02:30:00 PM,5.0,2,1,4,5,1,3,3,1,1,3,UNABLE TO DETERMINE,2,3,1.0,0.0,0.0,1.0,0.0,2.0,14,3,7,07/16/2024,2024-07-16,14:30:00
05/16/2024 08:30:00 AM,5.0,2,1,13,7,1,3,3,0,1,1,UNABLE TO DETERMINE,2,1,0.0,0.0,0.0,0.0,0.0,2.0,8,5,5,05/16/2024,2024-05-16,08:30:00
02/29/2024 09:40:00 AM,5.0,2,1,4,5,1,3,3,0,1,3,UNABLE TO DETERMINE,2,1,0.0,0.0,0.0,0.0,0.0,2.0,9,5,2,02/29/2024,2024-02-29,09:40:00
03/26/2024 01:19:00 PM,7.0,4,1,6,7,1,4,3,0,1,3,FAILING TO YIELD RIGHT-OF-WAY,2,1,0.0,0.0,0.0,0.0,0.0,2.0,13,3,3,03/26/2024,2024-03-26,13:19:00
08/13/2024 03:45:00 AM,3.0,2,3,11,6,1,3,3,0,1,2,FAILING TO REDUCE SPEED TO AVOID CRASH,2,1,0.0,0.0,0.0,0.0,0.0,1.0,3,3,8,08/13/2024,2024-08-13,03:45:00
03/11/2024 02:15:00 PM,5.0,2,1,4,5,1,3,3,0,1,1,FOLLOWING TOO CLOSELY,2,1,0.0,0.0,0.0,0.0,0.0,2.0,14,2,3,03/11/2024,2024-03-11,14:15:00
04/30/2024 05:00:00 PM,5.0,2,1,4,5,1,3,3,0,1,3,FOLLOWING TOO CLOSELY,2,1,0.0,0.0,0.0,0.0,0.0,5.0,17,3,4,04/30/2024,2024-04-30,17:00:00
06/29/2024 08:12:00 AM,5.0,2,1,6,6,1,4,3,0,0,3,IMPROPER TURNING/NO SIGNAL,2,1,0.0,0.0,0.0,0.0,0.0,3.0,8,7,6,06/29/2024,2024-06-29,08:12:00
06/11/2024 12:01:00 PM,5.0,2,1,6,5,1,3,3,0,1,1,DRIVING SKILLS/KNOWLEDGE/EXPERIENCE,2,1,0.0,0.0,0.0,0.0,0.0,3.0,12,3,6,06/11/2024,2024-06-11,12:01:00
03/03/2024 04:24:00 PM,3.0,2,1,6,6,1,3,3,0,1,3,UNABLE TO DETERMINE,2,1,0.0,0.0,0.0,0.0,0.0,6.0,16,1,3,03/03/2024,2024-03-03,16:24:00
03/23/2024 11:40:00 AM,5.0,2,1,6,4,1,3,3,0,1,2,UNABLE TO DETERMINE,2,1,0.0,0.0,0.0,0.0,0.0,2.0,11,7,3,03/23/2024,2024-03-23,11:40:00
06/05/2024 02:20:00 PM,7.0,2,1,5,5,1,3,3,0,1,3,UNABLE TO DETERMINE,2,1,0.0,0.0,0.0,0.0,0.0,3.0,14,4,6,06/05/2024,2024-06-05,14:20:00
07/05/2024 04:23:00 PM,5.0,2,1,5,4,1,3,3,1,1,3,UNABLE TO DETERMINE,2,3,1.0,0.0,0.0,1.0,0.0,1.0,16,6,7,07/05/2024,2024-07-05,16:23:00
01/26/2024 04:47:00 PM,7.0,4,1,5,4,1,4,1,1,1,3,DISREGARDING TRAFFIC SIGNALS,2,3,2.0,0.0,0.0,2.0,0.0,7.0,16,6,1,01/26/2024,2024-01-26,16:47:00
03/13/2024 11:14:00 AM,3.0,2,1,6,6,1,3,3,1,1,3,FAILING TO YIELD RIGHT-OF-WAY,2,2,1.0,0.0,0.0,0.0,1.0,1.0,11,4,3,03/13/2024,2024-03-13,11:14:00
02/26/2024 06:34:00 PM,7.0,2,4,5,6,1,3,3,1,1,3,DISREGARDING STOP SIGN,2,1,0.0,0.0,0.0,0.0,0.0,4.0,18,2,2,02/26/2024,2024-02-26,18:34:00
01/20/2024 01:11:00 AM,5.0,2,4,4,5,1,5,3,0,1,3,FAILING TO REDUCE SPEED TO AVOID CRASH,2,1,0.0,0.0,0.0,0.0,0.0,2.0,1,7,1,01/20/2024,2024-01-20,01:11:00
05/13/2024 08:08:00 AM,7.0,2,1,2,6,1,3,1,1,1,3,IMPROPER TURNING/NO SIGNAL,2,3,1.0,0.0,0.0,1.0,0.0,1.0,8,2,5,05/13/2024,2024-05-13,08:08:00
01/02/2024 10:53:00 AM,3.0,2,1,6,6,1,3,3,1,1,3,FAILING TO YIELD RIGHT-OF-WAY,2,1,0.0,0.0,0.0,0.0,0.0,2.0,10,3,1,01/02/2024,2024-01-02,10:53:00
05/06/2024 03:07:00 AM,5.0,2,4,5,6,1,3,3,1,1,3,DISREGARDING TRAFFIC SIGNALS,2,1,0.0,0.0,0.0,0.0,0.0,3.0,3,2,5,05/06/2024,2024-05-06,03:07:00
04/28/2024 03:45:00 PM,5.0,2,1,14,5,1,3,3,1,1,3,FAILING TO YIELD RIGHT-OF-WAY,2,3,1.0,0.0,0.0,1.0,0.0,1.0,15,1,4,04/28/2024,2024-04-28,15:45:00
07/18/2024 12:10:00 PM,5.0,2,1,13,5,1,3,3,1,1,1,NOT APPLICABLE,2,3,1.0,0.0,0.0,1.0,0.0,1.0,12,5,7,07/18/2024,2024-07-18,12:10:00
02/08/2024 08:15:00 AM,5.0,2,1,6,5,1,3,3,0,1,3,FAILING TO YIELD RIGHT-OF-WAY,2,1,0.0,0.0,0.0,0.0,0.0,4.0,8,5,2,02/08/2024,2024-02-08,08:15:00
04/24/2024 09:30:00 PM,5.0,2,4,6,5,1,3,3,0,1,3,DISREGARDING TRAFFIC SIGNALS,2,1,0.0,0.0,0.0,0.0,0.0,2.0,21,4,4,04/24/2024,2024-04-24,21:30:00
03/04/2024 11:04:00 AM,5.0,4,4,6,5,1,4,3,0,1,3,FAILING TO YIELD RIGHT-OF-WAY,2,1,0.0,0.0,0.0,0.0,0.0,2.0,11,2,3,03/04/2024,2024-03-04,11:04:00
05/28/2024 03:37:00 PM,5.0,4,2,6,5,1,4,3,1,1,2,FAILING TO YIELD RIGHT-OF-WAY,2,3,1.0,0.0,0.0,1.0,0.0,3.0,15,3,5,05/28/2024,2024-05-28,15:37:00
03/09/2024 01:12:00 PM,5.0,2,1,3,5,1,3,3,0,1,3,NOT APPLICABLE,2,1,0.0,0.0,0.0,0.0,0.0,2.0,13,7,3,03/09/2024,2024-03-09,13:12:00
07/02/2024 01:20:00 PM,3.0,2,1,6,5,1,3,3,0,0,3,UNABLE TO DETERMINE,2,1,0.0,0.0,0.0,0.0,0.0,2.0,13,3,7,07/02/2024,2024-07-02,13:20:00
07/19/2024 10:39:00 AM,7.0,2,1,5,1,1,3,3,1,1,3,IMPROPER LANE USAGE,2,3,1.0,0.0,0.0,1.0,0.0,1.0,10,6,7,07/19/2024,2024-07-19,10:39:00
03/27/2024 09:18:00 AM,5.0,2,1,6,5,1,3,2,1,1,3,IMPROPER TURNING/NO SIGNAL,2,3,2.0,0.0,0.0,1.0,1.0,0.0,9,4,3,03/27/2024,2024-03-27,09:18:00
04/18/2024 12:15:00 PM,5.0,2,1,5,6,1,1,1,0,1,3,DISREGARDING TRAFFIC SIGNALS,2,1,0.0,0.0,0.0,0.0,0.0,2.0,12,5,4,04/18/2024,2024-04-18,12:15:00
06/27/2024 08:20:00 AM,4.0,2,1,6,6,1,3,3,0,1,2,IMPROPER TURNING/NO SIGNAL,2,1,0.0,0.0,0.0,0.0,0.0,2.0,8,5,6,06/27/2024,2024-06-27,08:20:00
05/24/2024 04:56:00 PM,3.0,2,1,5,5,1,3,1,1,1,3,UNABLE TO DETERMINE,2,3,1.0,0.0,0.0,1.0,0.0,1.0,16,6,5,05/24/2024,2024-05-24,16:56:00
02/16/2024 07:50:00 AM,5.0,2,1,6,5,1,3,3,0,1,3,IMPROPER OVERTAKING/PASSING,2,1,0.0,0.0,0.0,0.0,0.0,2.0,7,6,2,02/16/2024,2024-02-16,07:50:00
02/23/2024 12:05:00 PM,7.0,2,1,5,5,1,3,3,1,1,3,FAILING TO YIELD RIGHT-OF-WAY,2,3,2.0,0.0,0.0,2.0,0.0,0.0,12,6,2,02/23/2024,2024-02-23,12:05:00
01/25/2024 08:00:00 PM,5.0,4,4,6,6,2,4,3,0,1,2,IMPROPER OVERTAKING/PASSING,2,1,0.0,0.0,0.0,0.0,0.0,3.0,20,5,1,01/25/2024,2024-01-25,20:00:00
04/23/2024 04:36:00 PM,3.0,2,1,4,5,1,3,1,0,1,2,FOLLOWING TOO CLOSELY,2,1,0.0,0.0,0.0,0.0,0.0,3.0,16,3,4,04/23/2024,2024-04-23,16:36:00
02/16/2024 05:30:00 PM,5.0,2,4,4,4,1,3,3,0,1,3,FAILING TO REDUCE SPEED TO AVOID CRASH,2,1,0.0,0.0,0.0,0.0,0.0,4.0,17,6,2,02/16/2024,2024-02-16,17:30:00
03/17/2024 04:37:00 AM,5.0,2,4,6,5,1,3,3,1,1,3,FAILING TO YIELD RIGHT-OF-WAY,2,1,0.0,0.0,0.0,0.0,0.0,2.0,4,1,3,03/17/2024,2024-03-17,04:37:00
05/21/2024 04:00:00 PM,5.0,2,1,13,5,1,3,3,1,1,1,FAILING TO REDUCE SPEED TO AVOID CRASH,2,2,1.0,0.0,0.0,0.0,1.0,1.0,16,3,5,05/21/2024,2024-05-21,16:00:00
07/18/2024 12:57:00 PM,7.0,2,1,5,5,1,3,1,1,1,3,DRIVING SKILLS/KNOWLEDGE/EXPERIENCE,2,2,1.0,0.0,0.0,0.0,1.0,2.0,12,5,7,07/18/2024,2024-07-18,12:57:00
03/01/2024 07:50:00 PM,5.0,2,4,4,6,1,3,3,0,1,2,FOLLOWING TOO CLOSELY,2,1,0.0,0.0,0.0,0.0,0.0,2.0,19,6,3,03/01/2024,2024-03-01,19:50:00
01/20/2024 10:10:00 AM,5.0,2,1,6,6,1,5,3,0,1,3,UNABLE TO DETERMINE,2,1,0.0,0.0,0.0,0.0,0.0,2.0,10,7,1,01/20/2024,2024-01-20,10:10:00
01/26/2024 05:11:00 AM,5.0,4,4,4,4,1,4,1,1,0,3,FOLLOWING TOO CLOSELY,2,1,0.0,0.0,0.0,0.0,0.0,2.0,5,6,1,01/26/2024,2024-01-26,05:11:00
07/10/2024 03:35:00 PM,3.0,2,1,6,7,1,3,3,0,1,3,FAILING TO YIELD RIGHT-OF-WAY,2,1,0.0,0.0,0.0,0.0,0.0,2.0,15,4,7,07/10/2024,2024-07-10,15:35:00
02/17/2024 06:26:00 AM,5.0,2,1,4,4,1,3,3,1,1,3,FAILING TO REDUCE SPEED TO AVOID CRASH,2,4,1.0,0.0,1.0,0.0,0.0,1.0,6,7,2,02/17/2024,2024-02-17,06:26:00
08/04/2024 02:11:00 PM,5.0,2,1,9,6,1,3,3,1,1,1,UNABLE TO DETERMINE,2,3,1.0,0.0,0.0,1.0,0.0,1.0,14,1,8,08/04/2024,2024-08-04,14:11:00
02/08/2024 03:45:00 PM,5.0,2,1,6,3,1,3,3,0,1,3,IMPROPER OVERTAKING/PASSING,2,1,0.0,0.0,0.0,0.0,0.0,2.0,15,5,2,02/08/2024,2024-02-08,15:45:00
05/08/2024 02:33:00 PM,7.0,2,1,5,5,1,3,1,1,1,3,UNABLE TO DETERMINE,2,1,0.0,0.0,0.0,0.0,0.0,2.0,14,4,5,05/08/2024,2024-05-08,14:33:00
02/02/2024 07:20:00 AM,7.0,3,1,4,3,1,3,3,0,1,3,FOLLOWING TOO CLOSELY,2,1,0.0,0.0,0.0,0.0,0.0,2.0,7,6,2,02/02/2024,2024-02-02,07:20:00
05/31/2024 11:00:00 AM,7.0,2,1,2,5,1,3,3,1,1,1,"VISION OBSCURED (SIGNS, TREE LIMBS, BUILDINGS, ETC.)",2,3,1.0,0.0,0.0,1.0,0.0,1.0,11,6,5,05/31/2024,2024-05-31,11:00:00
06/30/2024 04:00:00 PM,3.0,2,1,3,5,1,3,3,0,1,3,FAILING TO YIELD RIGHT-OF-WAY,2,1,0.0,0.0,0.0,0.0,0.0,2.0,16,1,6,06/30/2024,2024-06-30,16:00:00
04/18/2024 02:40:00 PM,5.0,2,1,3,5,1,3,3,0,1,3,IMPROPER OVERTAKING/PASSING,2,1,0.0,0.0,0.0,0.0,0.0,2.0,14,5,4,04/18/2024,2024-04-18,14:40:00
04/06/2024 04:34:00 PM,3.0,2,1,11,16,1,1,1,0,0,3,UNABLE TO DETERMINE,2,1,0.0,0.0,0.0,0.0,0.0,1.0,16,7,4,04/06/2024,2024-04-06,16:34:00
06/18/2024 03:25:00 PM,7.0,2,1,5,5,1,3,1,1,1,3,FAILING TO YIELD RIGHT-OF-WAY,2,3,1.0,0.0,0.0,1.0,0.0,1.0,15,3,6,06/18/2024,2024-06-18,15:25:00
05/24/2024 08:51:00 AM,5.0,2,1,4,12,1,3,3,1,1,3,FAILING TO REDUCE SPEED TO AVOID CRASH,2,1,0.0,0.0,0.0,0.0,0.0,2.0,8,6,5,05/24/2024,2024-05-24,08:51:00
05/29/2024 05:02:00 PM,7.0,2,1,9,10,1,3,1,1,0,3,UNABLE TO DETERMINE,2,1,0.0,0.0,0.0,0.0,0.0,2.0,17,4,5,05/29/2024,2024-05-29,17:02:00
04/18/2024 07:56:00 AM,3.0,2,1,4,6,1,3,3,0,1,3,FAILING TO REDUCE SPEED TO AVOID CRASH,2,1,0.0,0.0,0.0,0.0,0.0,2.0,7,5,4,04/18/2024,2024-04-18,07:56:00
05/13/2024 07:00:00 PM,5.0,4,1,6,5,1,4,1,0,1,2,FAILING TO REDUCE SPEED TO AVOID CRASH,2,1,0.0,0.0,0.0,0.0,0.0,2.0,19,2,5,05/13/2024,2024-05-13,19:00:00
05/04/2024 06:20:00 PM,7.0,2,1,6,5,1,3,3,0,1,3,FAILING TO YIELD RIGHT-OF-WAY,2,1,0.0,0.0,0.0,0.0,0.0,5.0,18,7,5,05/04/2024,2024-05-04,18:20:00
03/27/2024 11:05:00 PM,5.0,2,4,4,7,1,3,3,0,1,3,FOLLOWING TOO CLOSELY,2,1,0.0,0.0,0.0,0.0,0.0,2.0,23,4,3,03/27/2024,2024-03-27,23:05:00
03/23/2024 02:28:00 PM,5.0,2,1,5,5,1,3,1,1,1,3,FAILING TO YIELD RIGHT-OF-WAY,2,3,2.0,0.0,0.0,1.0,1.0,2.0,14,7,3,03/23/2024,2024-03-23,14:28:00
08/26/2024 05:29:00 PM,5.0,2,1,6,5,1,3,1,1,1,3,FAILING TO YIELD RIGHT-OF-WAY,2,4,1.0,0.0,1.0,0.0,0.0,1.0,17,2,8,08/26/2024,2024-08-26,17:29:00
05/23/2024 08:36:00 PM,5.0,2,4,6,5,1,3,3,0,1,3,IMPROPER TURNING/NO SIGNAL,2,1,0.0,0.0,0.0,0.0,0.0,2.0,20,5,5,05/23/2024,2024-05-23,20:36:00
06/16/2024 06:55:00 AM,5.0,2,1,6,5,1,3,3,1,1,3,UNABLE TO DETERMINE,2,3,1.0,0.0,0.0,1.0,0.0,2.0,6,1,6,06/16/2024,2024-06-16,06:55:00
03/16/2024 04:20:00 PM,5.0,2,1,3,6,1,3,3,0,1,2,IMPROPER OVERTAKING/PASSING,2,1,0.0,0.0,0.0,0.0,0.0,4.0,16,7,3,03/16/2024,2024-03-16,16:20:00
07/10/2024 09:44:00 AM,7.0,3,1,6,5,1,3,3,1,1,3,FAILING TO YIELD RIGHT-OF-WAY,2,1,0.0,0.0,0.0,0.0,0.0,2.0,9,4,7,07/10/2024,2024-07-10,09:44:00
04/15/2024 12:45:00 PM,5.0,2,1,6,4,1,3,3,0,1,3,UNABLE TO DETERMINE,2,1,0.0,0.0,0.0,0.0,0.0,2.0,12,2,4,04/15/2024,2024-04-15,12:45:00
08/05/2024 07:00:00 PM,5.0,2,1,13,5,1,3,3,1,1,3,UNABLE TO DETERMINE,2,3,1.0,0.0,0.0,1.0,0.0,1.0,19,2,8,08/05/2024,2024-08-05,19:00:00
04/09/2024 06:58:00 AM,5.0,2,1,4,10,1,1,1,1,1,3,FOLLOWING TOO CLOSELY,2,2,1.0,0.0,0.0,0.0,1.0,1.0,6,3,4,04/09/2024,2024-04-09,06:58:00
05/10/2024 11:57:00 AM,5.0,2,1,6,6,1,3,3,0,1,2,UNABLE TO DETERMINE,2,1,0.0,0.0,0.0,0.0,0.0,2.0,11,6,5,05/10/2024,2024-05-10,11:57:00
06/04/2024 11:16:00 PM,1.0,2,4,14,1,1,3,3,1,0,1,UNABLE TO DETERMINE,2,4,1.0,0.0,1.0,0.0,0.0,1.0,23,3,6,06/04/2024,2024-06-04,23:16:00
02/08/2024 12:11:00 PM,5.0,2,1,10,5,1,3,3,1,1,2,IMPROPER OVERTAKING/PASSING,2,1,0.0,0.0,0.0,0.0,0.0,2.0,12,5,2,02/08/2024,2024-02-08,12:11:00
02/20/2024 01:15:00 PM,7.0,2,1,5,7,1,3,3,0,1,3,FAILING TO YIELD RIGHT-OF-WAY,2,1,0.0,0.0,0.0,0.0,0.0,2.0,13,3,2,02/20/2024,2024-02-20,13:15:00
04/12/2024 05:36:00 PM,3.0,2,1,11,6,1,3,3,0,1,3,UNABLE TO DETERMINE,2,1,0.0,0.0,0.0,0.0,0.0,4.0,17,6,4,04/12/2024,2024-04-12,17:36:00
02/01/2024 07:15:00 PM,7.0,2,4,5,5,1,3,3,0,1,3,FAILING TO YIELD RIGHT-OF-WAY,2,1,0.0,0.0,0.0,0.0,0.0,2.0,19,5,2,02/01/2024,2024-02-01,19:15:00
03/02/2024 04:40:00 PM,5.0,2,1,3,5,1,3,3,0,1,3,IMPROPER BACKING,2,1,0.0,0.0,0.0,0.0,0.0,3.0,16,7,3,03/02/2024,2024-03-02,16:40:00
05/05/2024 05:26:00 PM,5.0,2,1,6,5,1,3,3,0,1,1,IMPROPER TURNING/NO SIGNAL,2,1,0.0,0.0,0.0,0.0,0.0,2.0,17,1,5,05/05/2024,2024-05-05,17:26:00
07/07/2024 02:58:00 AM,7.0,2,4,6,4,1,1,3,1,1,3,FAILING TO YIELD RIGHT-OF-WAY,2,3,1.0,0.0,0.0,1.0,0.0,1.0,2,1,7,07/07/2024,2024-07-07,02:58:00
05/29/2024 11:00:00 AM,5.0,2,1,6,6,1,3,3,0,1,3,UNABLE TO DETERMINE,2,1,0.0,0.0,0.0,0.0,0.0,2.0,11,4,5,05/29/2024,2024-05-29,11:00:00
01/21/2024 08:28:00 PM,5.0,3,4,4,6,1,4,1,0,1,3,FAILING TO REDUCE SPEED TO AVOID CRASH,2,1,0.0,0.0,0.0,0.0,0.0,3.0,20,1,1,01/21/2024,2024-01-21,20:28:00
04/20/2024 10:55:00 PM,3.0,2,4,6,4,1,3,3,0,0,3,FAILING TO YIELD RIGHT-OF-WAY,2,1,0.0,0.0,0.0,0.0,0.0,5.0,22,7,4,04/20/2024,2024-04-20,22:55:00
04/08/2024 08:20:00 AM,3.0,2,1,3,10,1,3,3,0,0,1,FAILING TO YIELD RIGHT-OF-WAY,2,1,0.0,0.0,0.0,0.0,0.0,2.0,8,2,4,04/08/2024,2024-04-08,08:20:00
08/13/2024 02:33:00 PM,7.0,2,1,5,5,1,3,3,1,1,3,IMPROPER LANE USAGE,2,1,0.0,0.0,0.0,0.0,0.0,2.0,14,3,8,08/13/2024,2024-08-13,14:33:00