crash_date,traffic_control_device,weather_condition,lighting_condition,first_crash_type,trafficway_type,alignment,roadway_surface_cond,road_defect,crash_type,intersection_related_i,damage,prim_contributory_cause,num_units,most_severe_injury,injuries_total,injuries_fatal,injuries_incapacitating,injuries_non_incapacitating,injuries_reported_not_evident,injuries_no_indication,crash_hour,crash_day_of_week,crash_month,parsed_datetime,date,time
06/10/2024 05:40:00 PM,7.0,2,1,5,5,1,3,3,1,1,3,DISREGARDING STOP SIGN,2,1,0.0,0.0,0.0,0.0,0.0,2.0,17,2,6,06/10/2024,2024-06-10,17:40:00
08/03/2024 03:53:00 PM,5.0,2,1,13,4,1,3,3,1,1,1,FAILING TO YIELD RIGHT-OF-WAY,2,3,2.0,0.0,0.0,2.0,0.0,0.0,15,7,8,08/03/2024,2024-08-03,15:53:00
03/08/2024 03:38:00 PM,7.0,4,1,5,5,1,4,3,1,1,3,DISREGARDING STOP SIGN,2,2,1.0,0.0,0.0,0.0,1.0,2.0,15,6,3,03/08/2024,2024-03-08,15:38:00
04/12/2024 02:30:00 PM,5.0,2,1,11,6,1,1,3,0,1,3,UNABLE TO DETERMINE,2,1,0.0,0.0,0.0,0.0,0.0,1.0,14,6,4,04/12/2024,2024-04-12,14:30:00
03/08/2024 07:30:00 PM,5.0,4,4,13,5,1,4,3,1,1,1,UNABLE TO DETERMINE,2,3,1.0,0.0,0.0,1.0,0.0,1.0,19,6,3,03/08/2024,2024-03-08,19:30:00
01/07/2024 07:26:00 AM,5.0,2,1,5,5,1,3,3,1,1,3,UNABLE TO DETERMINE,2,1,0.0,0.0,0.0,0.0,0.0,2.0,7,1,1,01/07/2024,2024-01-07,07:26:00
03/28/2024 04:26:00 PM,7.0,2,1,6,7,1,3,3,0,1,3,FAILING TO YIELD RIGHT-OF-WAY,2,1,0.0,0.0,0.0,0.0,0.0,3.0,16,5,3,03/28/2024,2024-03-28,16:26:00
01/11/2024 01:40:00 PM,5.0,2,1,5,5,1,3,3,1,1,3,DISREGARDING TRAFFIC SIGNALS,2,1,0.0,0.0,0.0,0.0,0.0,2.0,13,5,1,01/11/2024,2024-01-11,13:40:00
02/17/2024 04:30:00 PM,1.0,2,1,3,5,1,1,1,0,1,3,UNABLE TO DETERMINE,2,1,0.0,0.0,0.0,0.0,0.0,2.0,16,7,2,02/17/2024,2024-02-17,16:30:00
05/18/2024 02:44:00 AM,5.0,2,4,6,5,1,3,3,0,1,3,IMPROPER OVERTAKING/PASSING,2,1,0.0,0.0,0.0,0.0,0.0,4.0,2,7,5,05/18/2024,2024-05-18,02:44:00
06/19/2024 09:00:00 PM,5.0,2,3,6,5,2,3,3,0,1,3,UNABLE TO DETERMINE,2,1,0.0,0.0,0.0,0.0,0.0,2.0,21,4,6,06/19/2024,2024-06-19,21:00:00
03/13/2024 12:25:00 PM,5.0,2,1,6,4,1,3,3,0,1,3,IMPROPER TURNING/NO SIGNAL,2,1,0.0,0.0,0.0,0.0,0.0,2.0,12,4,3,03/13/2024,2024-03-13,12:25:00
06/03/2024 02:30:00 PM,5.0,2,1,11,6,1,3,3,1,1,3,UNABLE TO DETERMINE,2,1,0.0,0.0,0.0,0.0,0.0,1.0,14,2,6,06/03/2024,2024-06-03,14:30:00
03/24/2024 05:53:00 PM,3.0,2,1,11,6,1,3,3,0,1,1,UNABLE TO DETERMINE,2,1,0.0,0.0,0.0,0.0,0.0,3.0,17,1,3,03/24/2024,2024-03-24,17:53:00
01/29/2024 03:45:00 PM,3.0,2,1,3,6,1,3,3,0,1,3,IMPROPER LANE USAGE,2,1,0.0,0.0,0.0,0.0,0.0,2.0,15,2,1,01/29/2024,2024-01-29,15:45:00
06/03/2024 04:10:00 PM,3.0,2,1,5,7,1,3,3,1,1,3,FAILING TO YIELD RIGHT-OF-WAY,2,1,0.0,0.0,0.0,0.0,0.0,4.0,16,2,6,06/03/2024,2024-06-03,16:10:00
06/13/2024 12:30:00 PM,5.0,2,1,4,4,1,3,3,0,1,3,UNABLE TO DETERMINE,2,1,0.0,0.0,0.0,0.0,0.0,4.0,12,5,6,06/13/2024,2024-06-13,12:30:00
06/26/2024 08:00:00 PM,7.0,2,1,14,5,1,3,3,1,1,3,UNABLE TO DETERMINE,2,3,1.0,0.0,0.0,1.0,0.0,1.0,20,4,6,06/26/2024,2024-06-26,20:00:00
01/16/2024 05:32:00 PM,5.0,5,4,6,5,1,5,3,0,1,3,UNABLE TO DETERMINE,2,1,0.0,0.0,0.0,0.0,0.0,2.0,17,3,1,01/16/2024,2024-01-16,17:32:00
02/25/2024 12:01:00 AM,7.0,2,1,5,10,1,3,1,0,1,3,UNABLE TO DETERMINE,2,1,0.0,0.0,0.0,0.0,0.0,3.0,0,1,2,02/25/2024,2024-02-25,00:01:00
04/16/2024 07:55:00 AM,3.0,2,1,6,4,1,3,3,1,1,3,UNABLE TO DETERMINE,2,3,1.0,0.0,0.0,1.0,0.0,2.0,7,3,4,04/16/2024,2024-04-16,07:55:00
04/21/2024 07:36:00 PM,5.0,2,4,5,5,1,3,1,1,1,3,FAILING TO YIELD RIGHT-OF-WAY,2,3,1.0,0.0,0.0,1.0,0.0,1.0,19,1,4,04/21/2024,2024-04-21,19:36:00
03/10/2024 07:19:00 PM,7.0,2,4,6,5,1,3,1,1,1,3,FAILING TO YIELD RIGHT-OF-WAY,2,3,2.0,0.0,0.0,2.0,0.0,1.0,19,1,3,03/10/2024,2024-03-10,19:19:00
01/14/2024 01:30:00 AM,7.0,5,4,5,5,1,5,1,0,1,2,UNABLE TO DETERMINE,2,1,0.0,0.0,0.0,0.0,0.0,3.0,1,1,1,01/14/2024,2024-01-14,01:30:00
03/14/2024 08:30:00 AM,7.0,4,1,6,4,1,4,3,1,1,3,UNABLE TO DETERMINE,2,2,2.0,0.0,0.0,0.0,2.0,1.0,8,5,3,03/14/2024,2024-03-14,08:30:00
06/25/2024 09:25:00 AM,5.0,4,1,4,7,1,4,3,0,1,3,IMPROPER OVERTAKING/PASSING,2,1,0.0,0.0,0.0,0.0,0.0,2.0,9,3,6,06/25/2024,2024-06-25,09:25:00
06/02/2024 01:35:00 AM,5.0,2,4,6,5,1,4,1,0,1,3,IMPROPER TURNING/NO SIGNAL,2,1,0.0,0.0,0.0,0.0,0.0,2.0,1,1,6,06/02/2024,2024-06-02,01:35:00
03/25/2024 07:40:00 AM,5.0,2,1,4,6,1,3,3,0,1,3,FOLLOWING TOO CLOSELY,2,1,0.0,0.0,0.0,0.0,0.0,3.0,7,2,3,03/25/2024,2024-03-25,07:40:00
06/12/2024 08:30:00 AM,3.0,2,1,3,5,1,3,3,0,1,2,FAILING TO YIELD RIGHT-OF-WAY,2,1,0.0,0.0,0.0,0.0,0.0,2.0,8,4,6,06/12/2024,2024-06-12,08:30:00
05/26/2024 02:00:00 AM,5.0,2,5,3,5,1,4,3,0,1,3,IMPROPER OVERTAKING/PASSING,2,1,0.0,0.0,0.0,0.0,0.0,5.0,2,1,5,05/26/2024,2024-05-26,02:00:00
08/03/2024 10:44:00 PM,3.0,2,4,3,10,1,3,3,0,1,3,UNABLE TO DETERMINE,2,1,0.0,0.0,0.0,0.0,0.0,3.0,22,7,8,08/03/2024,2024-08-03,22:44:00
02/22/2024 05:08:00 PM,5.0,2,1,5,5,1,3,1,0,1,3,UNABLE TO DETERMINE,2,1,0.0,0.0,0.0,0.0,0.0,3.0,17,5,2,02/22/2024,2024-02-22,17:08:00
03/11/2024 08:14:00 AM,3.0,2,1,8,6,1,3,3,0,0,3,IMPROPER BACKING,2,1,0.0,0.0,0.0,0.0,0.0,2.0,8,2,3,03/11/2024,2024-03-11,08:14:00
06/01/2024 07:55:00 PM,5.0,4,4,4,18,2,4,3,0,1,3,FOLLOWING TOO CLOSELY,2,1,0.0,0.0,0.0,0.0,0.0,2.0,19,7,6,06/01/2024,2024-06-01,19:55:00
05/07/2024 11:07:00 AM,5.0,4,1,4,5,1,4,1,1,1,3,UNABLE TO DETERMINE,2,1,0.0,0.0,0.0,0.0,0.0,2.0,11,3,5,05/07/2024,2024-05-07,11:07:00
01/19/2024 03:00:00 AM,5.0,5,4,4,4,1,5,1,0,1,2,FOLLOWING TOO CLOSELY,2,1,0.0,0.0,0.0,0.0,0.0,3.0,3,6,1,01/19/2024,2024-01-19,03:00:00
01/06/2024 08:20:00 PM,5.0,2,4,4,5,1,4,3,0,1,3,FAILING TO REDUCE SPEED TO AVOID CRASH,2,1,0.0,0.0,0.0,0.0,0.0,3.0,20,7,1,01/06/2024,2024-01-06,20:20:00
01/13/2024 11:45:00 AM,5.0,5,1,6,5,1,5,3,0,1,3,IMPROPER TURNING/NO SIGNAL,2,1,0.0,0.0,0.0,0.0,0.0,4.0,11,7,1,01/13/2024,2024-01-13,11:45:00
04/17/2024 06:45:00 PM,5.0,2,1,5,5,1,3,3,1,1,3,DISREGARDING TRAFFIC SIGNALS,2,1,0.0,0.0,0.0,0.0,0.0,2.0,18,4,4,04/17/2024,2024-04-17,18:45:00
06/09/2024 02:42:00 AM,1.0,2,4,6,5,1,1,1,1,1,3,UNABLE TO DETERMINE,2,3,2.0,0.0,0.0,2.0,0.0,2.0,2,1,6,06/09/2024,2024-06-09,02:42:00
04/19/2024 04:13:00 PM,3.0,2,1,6,4,1,3,3,0,1,3,UNABLE TO DETERMINE,2,1,0.0,0.0,0.0,0.0,0.0,4.0,16,6,4,04/19/2024,2024-04-19,16:13:00
06/25/2024 11:55:00 PM,5.0,2,4,6,4,1,3,3,1,1,3,UNABLE TO DETERMINE,2,1,0.0,0.0,0.0,0.0,0.0,2.0,23,3,6,06/25/2024,2024-06-25,23:55:00
05/29/2024 02:30:00 PM,5.0,2,1,3,10,1,3,3,0,1,3,FAILING TO YIELD RIGHT-OF-WAY,2,1,0.0,0.0,0.0,0.0,0.0,2.0,14,4,5,05/29/2024,2024-05-29,14:30:00
08/09/2024 12:40:00 PM,7.0,2,1,5,5,1,3,3,1,1,3,DRIVING SKILLS/KNOWLEDGE/EXPERIENCE,2,1,0.0,0.0,0.0,0.0,0.0,2.0,12,6,8,08/09/2024,2024-08-09,12:40:00
07/25/2024 04:10:00 PM,3.0,2,1,3,7,1,3,3,0,0,3,IMPROPER OVERTAKING/PASSING,2,1,0.0,0.0,0.0,0.0,0.0,6.0,16,5,7,07/25/2024,2024-07-25,16:10:00
01/24/2024 08:51:00 AM,5.0,4,1,4,6,1,4,3,1,1,3,UNABLE TO DETERMINE,2,4,1.0,0.0,1.0,0.0,0.0,1.0,8,4,1,01/24/2024,2024-01-24,08:51:00
05/08/2024 05:00:00 PM,5.0,2,1,6,5,1,3,3,0,1,3,IMPROPER OVERTAKING/PASSING,2,1,0.0,0.0,0.0,0.0,0.0,2.0,17,4,5,05/08/2024,2024-05-08,17:00:00
04/15/2024 04:25:00 PM,7.0,2,1,5,5,1,3,1,1,1,3,FAILING TO YIELD RIGHT-OF-WAY,2,1,0.0,0.0,0.0,0.0,0.0,2.0,16,2,4,04/15/2024,2024-04-15,16:25:00
08/11/2024 02:30:00 PM,5.0,2,1,4,4,1,3,3,0,0,3,UNABLE TO DETERMINE,2,1,0.0,0.0,0.0,0.0,0.0,2.0,14,1,8,08/11/2024,2024-08-11,14:30:00
01/26/2024 04:40:00 PM,5.0,4,4,3,5,1,4,3,0,1,3,UNABLE TO DETERMINE,2,1,0.0,0.0,0.0,0.0,0.0,2.0,16,6,1,01/26/2024,2024-01-26,16:40:00
06/27/2024 01:50:00 PM,5.0,2,1,4,5,1,3,3,1,1,3,UNABLE TO DETERMINE,2,1,0.0,0.0,0.0,0.0,0.0,2.0,13,5,6,06/27/2024,2024-06-27,13:50:00
04/15/2024 04:11:00 AM,3.0,2,4,5,4,1,3,3,0,1,2,FAILING TO YIELD RIGHT-OF-WAY,2,1,0.0,0.0,0.0,0.0,0.0,3.0,4,2,4,04/15/2024,2024-04-15,04:11:00
06/03/2024 12:00:00 AM,7.0,2,4,6,5,1,3,3,0,1,3,IMPROPER OVERTAKING/PASSING,2,1,0.0,0.0,0.0,0.0,0.0,2.0,0,2,6,06/03/2024,2024-06-03,00:00:00
04/20/2024 08:59:00 PM,7.0,2,4,4,6,1,3,3,0,1,3,DISREGARDING STOP SIGN,2,1,0.0,0.0,0.0,0.0,0.0,2.0,20,7,4,04/20/2024,2024-04-20,20:59:00
04/27/2024 08:25:00 PM,5.0,2,4,4,5,1,3,3,0,1,3,FOLLOWING TOO CLOSELY,2,1,0.0,0.0,0.0,0.0,0.0,12.0,20,7,4,04/27/2024,2024-04-27,20:25:00
01/31/2024 04:23:00 AM,3.0,2,4,4,5,1,3,1,0,1,2,UNABLE TO DETERMINE,2,1,0.0,0.0,0.0,0.0,0.0,2.0,4,4,1,01/31/2024,2024-01-31,04:23:00
04/23/2024 12:40:00 PM,5.0,2,1,6,4,1,3,3,0,1,2,FAILING TO YIELD RIGHT-OF-WAY,2,1,0.0,0.0,0.0,0.0,0.0,2.0,12,3,4,04/23/2024,2024-04-23,12:40:00
05/10/2024 04:47:00 PM,5.0,2,1,5,1,1,3,3,0,1,3,FAILING TO YIELD RIGHT-OF-WAY,2,1,0.0,0.0,0.0,0.0,0.0,3.0,16,6,5,05/10/2024,2024-05-10,16:47:00
01/22/2024 03:57:00 PM,5.0,2,1,4,6,1,4,1,0,1,3,NOT APPLICABLE,2,1,0.0,0.0,0.0,0.0,0.0,2.0,15,2,1,01/22/2024,2024-01-22,15:57:00
04/10/2024 08:45:00 AM,7.0,2,1,11,5,1,3,3,0,1,3,DRIVING SKILLS/KNOWLEDGE/EXPERIENCE,2,1,0.0,0.0,0.0,0.0,0.0,1.0,8,4,4,04/10/2024,2024-04-10,08:45:00
03/08/2024 03:10:00 PM,3.0,4,1,5,2,1,4,3,0,1,3,IMPROPER OVERTAKING/PASSING,2,1,0.0,0.0,0.0,0.0,0.0,2.0,15,6,3,03/08/2024,2024-03-08,15:10:00
03/12/2024 07:00:00 AM,5.0,2,1,6,9,1,3,3,1,1,3,FAILING TO YIELD RIGHT-OF-WAY,2,1,0.0,0.0,0.0,0.0,0.0,4.0,7,3,3,03/12/2024,2024-03-12,07:00:00
08/10/2024 02:10:00 PM,5.0,2,1,14,6,1,3,3,1,1,3,FAILING TO YIELD RIGHT-OF-WAY,2,3,1.0,0.0,0.0,1.0,0.0,1.0,14,7,8,08/10/2024,2024-08-10,14:10:00
04/03/2024 05:13:00 AM,5.0,4,4,5,14,1,4,3,1,1,3,DRIVING SKILLS/KNOWLEDGE/EXPERIENCE,2,1,0.0,0.0,0.0,0.0,0.0,2.0,5,4,4,04/03/2024,2024-04-03,05:13:00
06/15/2024 03:50:00 PM,5.0,2,1,3,4,1,3,3,0,1,2,FAILING TO YIELD RIGHT-OF-WAY,2,1,0.0,0.0,0.0,0.0,0.0,2.0,15,7,6,06/15/2024,2024-06-15,15:50:00
08/07/2024 04:18:00 PM,5.0,2,1,3,3,1,3,3,0,1,3,IMPROPER OVERTAKING/PASSING,2,1,0.0,0.0,0.0,0.0,0.0,2.0,16,4,8,08/07/2024,2024-08-07,16:18:00
05/11/2024 07:00:00 PM,5.0,2,1,6,6,1,3,3,1,1,3,FAILING TO REDUCE SPEED TO AVOID CRASH,2,2,1.0,0.0,0.0,0.0,1.0,1.0,19,7,5,05/11/2024,2024-05-11,19:00:00
01/23/2024 05:22:00 PM,3.0,2,5,3,4,1,4,1,0,0,3,FAILING TO YIELD RIGHT-OF-WAY,2,1,0.0,0.0,0.0,0.0,0.0,3.0,17,3,1,01/23/2024,2024-01-23,17:22:00
02/18/2024 05:04:00 PM,5.0,2,1,6,3,1,3,3,0,1,3,FAILING TO YIELD RIGHT-OF-WAY,2,1,0.0,0.0,0.0,0.0,0.0,3.0,17,1,2,02/18/2024,2024-02-18,17:04:00
06/26/2024 10:43:00 AM,5.0,2,1,4,6,1,3,3,1,1,3,UNABLE TO DETERMINE,2,2,1.0,0.0,0.0,0.0,1.0,1.0,10,4,6,06/26/2024,2024-06-26,10:43:00
07/19/2024 06:31:00 AM,5.0,2,1,6,5,1,3,3,0,1,2,IMPROPER TURNING/NO SIGNAL,2,1,0.0,0.0,0.0,0.0,0.0,2.0,6,6,7,07/19/2024,2024-07-19,06:31:00
02/14/2024 10:15:00 AM,5.0,2,1,13,6,1,3,3,1,1,3,FAILING TO YIELD RIGHT-OF-WAY,2,3,1.0,0.0,0.0,1.0,0.0,1.0,10,4,2,02/14/2024,2024-02-14,10:15:00
06/13/2024 07:49:00 AM,7.0,4,1,4,7,1,4,3,0,1,2,IMPROPER BACKING,2,1,0.0,0.0,0.0,0.0,0.0,4.0,7,5,6,06/13/2024,2024-06-13,07:49:00
03/07/2024 10:30:00 PM,7.0,2,4,5,6,1,1,1,0,1,3,UNABLE TO DETERMINE,2,1,0.0,0.0,0.0,0.0,0.0,2.0,22,5,3,03/07/2024,2024-03-07,22:30:00
06/20/2024 09:32:00 AM,5.0,2,1,5,4,1,3,3,0,1,3,FAILING TO YIELD RIGHT-OF-WAY,2,1,0.0,0.0,0.0,0.0,0.0,2.0,9,5,6,06/20/2024,2024-06-20,09:32:00
06/16/2024 01:20:00 PM,5.0,2,1,6,6,1,3,3,0,1,3,UNABLE TO DETERMINE,2,1,0.0,0.0,0.0,0.0,0.0,2.0,13,1,6,06/16/2024,2024-06-16,13:20:00
06/15/2024 02:40:00 PM,5.0,2,1,4,6,2,3,3,0,1,1,NOT APPLICABLE,2,1,0.0,0.0,0.0,0.0,0.0,2.0,14,7,6,06/15/2024,2024-06-15,14:40:00
04/28/2024 03:45:00 PM,7.0,3,1,5,5,1,3,3,0,1,3,UNABLE TO DETERMINE,2,1,0.0,0.0,0.0,0.0,0.0,3.0,15,1,4,04/28/2024,2024-04-28,15:45:00
06/16/2024 03:45:00 PM,5.0,2,1,6,5,1,3,3,0,1,3,IMPROPER OVERTAKING/PASSING,2,1,0.0,0.0,0.0,0.0,0.0,2.0,15,1,6,06/16/2024,2024-06-16,15:45:00
06/23/2024 05:48:00 PM,5.0,2,1,4,5,1,3,3,1,1,2,FOLLOWING TOO CLOSELY,2,3,1.0,0.0,0.0,1.0,0.0,1.0,17,1,6,06/23/2024,2024-06-23,17:48:00
07/13/2024 06:58:00 AM,5.0,2,1,5,6,1,3,3,1,1,3,DISREGARDING TRAFFIC SIGNALS,2,3,1.0,0.0,0.0,1.0,0.0,1.0,6,7,7,07/13/2024,2024-07-13,06:58:00
06/03/2024 11:30:00 AM,5.0,2,1,4,4,1,3,3,1,1,2,FOLLOWING TOO CLOSELY,2,2,1.0,0.0,0.0,0.0,1.0,2.0,11,2,6,06/03/2024,2024-06-03,11:30:00
06/01/2024 05:00:00 PM,5.0,4,1,4,4,1,4,3,0,1,3,FOLLOWING TOO CLOSELY,2,1,0.0,0.0,0.0,0.0,0.0,5.0,17,7,6,06/01/2024,2024-06-01,17:00:00
04/10/2024 04:25:00 PM,5.0,2,1,4,4,1,3,3,0,1,1,FOLLOWING TOO CLOSELY,2,1,0.0,0.0,0.0,0.0,0.0,2.0,16,4,4,04/10/2024,2024-04-10,16:25:00
04/10/2024 07:29:00 AM,3.0,2,1,6,6,1,3,3,1,1,3,FAILING TO YIELD RIGHT-OF-WAY,2,1,0.0,0.0,0.0,0.0,0.0,5.0,7,4,4,04/10/2024,2024-04-10,07:29:00
02/25/2024 12:00:00 AM,5.0,2,5,6,5,1,3,3,0,1,3,IMPROPER TURNING/NO SIGNAL,2,1,0.0,0.0,0.0,0.0,0.0,2.0,0,1,2,02/25/2024,2024-02-25,00:00:00
06/23/2024 08:00:00 PM,5.0,2,3,3,4,1,3,3,0,1,3,FAILING TO YIELD RIGHT-OF-WAY,2,1,0.0,0.0,0.0,0.0,0.0,2.0,20,1,6,06/23/2024,2024-06-23,20:00:00
04/17/2024 08:45:00 AM,5.0,4,1,4,5,1,4,3,0,1,3,EQUIPMENT - VEHICLE CONDITION,2,1,0.0,0.0,0.0,0.0,0.0,3.0,8,4,4,04/17/2024,2024-04-17,08:45:00
07/27/2024 08:35:00 PM,5.0,2,4,6,4,1,3,3,0,1,3,FAILING TO YIELD RIGHT-OF-WAY,2,1,0.0,0.0,0.0,0.0,0.0,2.0,20,7,7,07/27/2024,2024-07-27,20:35:00
05/09/2024 08:12:00 AM,7.0,4,1,5,4,1,4,3,0,1,3,FAILING TO YIELD RIGHT-OF-WAY,2,1,0.0,0.0,0.0,0.0,0.0,2.0,8,5,5,05/09/2024,2024-05-09,08:12:00
07/24/2024 07:58:00 AM,5.0,2,1,4,6,1,3,3,0,0,3,FOLLOWING TOO CLOSELY,2,1,0.0,0.0,0.0,0.0,0.0,2.0,7,4,7,07/24/2024,2024-07-24,07:58:00
01/24/2024 11:20:00 AM,7.0,4,1,7,6,1,4,3,0,1,3,FAILING TO YIELD RIGHT-OF-WAY,2,1,0.0,0.0,0.0,0.0,0.0,2.0,11,4,1,01/24/2024,2024-01-24,11:20:00
04/01/2024 08:54:00 PM,7.0,4,5,5,5,1,4,3,1,1,3,DISREGARDING STOP SIGN,2,1,0.0,0.0,0.0,0.0,0.0,2.0,20,2,4,04/01/2024,2024-04-01,20:54:00
01/10/2024 05:37:00 AM,3.0,2,1,6,4,1,3,3,0,1,3,FOLLOWING TOO CLOSELY,2,1,0.0,0.0,0.0,0.0,0.0,2.0,5,4,1,01/10/2024,2024-01-10,05:37:00
06/07/2024 10:33:00 AM,5.0,2,1,11,3,1,3,3,0,0,3,DRIVING SKILLS/KNOWLEDGE/EXPERIENCE,2,1,0.0,0.0,0.0,0.0,0.0,1.0,10,6,6,06/07/2024,2024-06-07,10:33:00
02/08/2024 10:05:00 AM,5.0,2,1,6,6,1,3,3,0,0,3,FAILING TO YIELD RIGHT-OF-WAY,2,1,0.0,0.0,0.0,0.0,0.0,3.0,10,5,2,02/08/2024,2024-02-08,10:05:00
04/24/2024 09:00:00 PM,5.0,2,4,5,5,1,3,3,0,1,3,DISREGARDING TRAFFIC SIGNALS,2,1,0.0,0.0,0.0,0.0,0.0,2.0,21,4,4,04/24/2024,2024-04-24,21:00:00
05/31/2024 10:30:00 AM,5.0,2,4,6,7,1,1,1,0,1,2,IMPROPER TURNING/NO SIGNAL,2,1,0.0,0.0,0.0,0.0,0.0,4.0,10,6,5,05/31/2024,2024-05-31,10:30:00
02/09/2024 08:30:00 AM,7.0,2,1,14,6,1,3,3,0,1,1,NOT APPLICABLE,2,1,0.0,0.0,0.0,0.0,0.0,2.0,8,6,2,02/09/2024,2024-02-09,08:30:00
04/26/2024 09:52:00 AM,7.0,2,1,13,5,1,3,1,1,1,1,FAILING TO YIELD RIGHT-OF-WAY,2,3,1.0,0.0,0.0,1.0,0.0,1.0,9,6,4,04/26/2024,2024-04-26,09:52:00
05/06/2024 12:40:00 PM,1.0,2,1,6,5,1,3,3,1,1,3,FAILING TO REDUCE SPEED TO AVOID CRASH,2,3,1.0,0.0,0.0,1.0,0.0,1.0,12,2,5,05/06/2024,2024-05-06,12:40:00
07/04/2024 09:50:00 PM,3.0,2,5,6,6,1,3,1,0,1,3,FOLLOWING TOO CLOSELY,2,1,0.0,0.0,0.0,0.0,0.0,2.0,21,5,7,07/04/2024,2024-07-04,21:50:00
07/16/2024 11:00:00 AM,5.0,2,1,4,5,1,1,1,0,1,2,UNABLE TO DETERMINE,2,1,0.0,0.0,0.0,0.0,0.0,2.0,11,3,7,07/16/2024,2024-07-16,11:00:00
01/31/2024 08:46:00 AM,5.0,3,1,3,5,1,3,5,1,1,2,IMPROPER OVERTAKING/PASSING,2,2,1.0,0.0,0.0,0.0,1.0,1.0,8,4,1,01/31/2024,2024-01-31,08:46:00
04/20/2024 10:51:00 PM,5.0,2,4,5,5,1,3,3,1,1,3,DISREGARDING TRAFFIC SIGNALS,2,1,0.0,0.0,0.0,0.0,0.0,2.0,22,7,4,04/20/2024,2024-04-20,22:51:00
06/04/2024 09:08:00 PM,7.0,4,4,5,5,1,4,1,1,1,3,UNABLE TO DETERMINE,2,3,1.0,0.0,0.0,1.0,0.0,1.0,21,3,6,06/04/2024,2024-06-04,21:08:00
05/07/2024 06:20:00 PM,7.0,2,1,6,7,1,4,3,0,1,3,UNABLE TO DETERMINE,2,1,0.0,0.0,0.0,0.0,0.0,4.0,18,3,5,05/07/2024,2024-05-07,18:20:00
08/02/2024 12:08:00 AM,5.0,4,4,13,5,1,4,3,1,1,1,FAILING TO YIELD RIGHT-OF-WAY,2,3,2.0,0.0,0.0,2.0,0.0,1.0,0,6,8,08/02/2024,2024-08-02,00:08:00
02/22/2024 08:25:00 AM,3.0,2,1,6,6,1,3,3,1,0,3,IMPROPER TURNING/NO SIGNAL,2,1,0.0,0.0,0.0,0.0,0.0,5.0,8,5,2,02/22/2024,2024-02-22,08:25:00
01/05/2024 02:00:00 PM,5.0,2,1,11,5,1,3,3,0,1,1,DRIVING SKILLS/KNOWLEDGE/EXPERIENCE,2,1,0.0,0.0,0.0,0.0,0.0,2.0,14,6,1,01/05/2024,2024-01-05,14:00:00
07/01/2024 09:56:00 PM,7.0,2,4,13,5,1,3,1,1,1,3,UNABLE TO DETERMINE,2,3,1.0,0.0,0.0,1.0,0.0,1.0,21,2,7,07/01/2024,2024-07-01,21:56:00
04/14/2024 11:39:00 AM,7.0,2,1,5,6,1,3,3,1,1,3,DISREGARDING TRAFFIC SIGNALS,2,1,0.0,0.0,0.0,0.0,0.0,2.0,11,1,4,04/14/2024,2024-04-14,11:39:00
07/10/2024 11:00:00 AM,5.0,2,1,6,5,1,3,1,1,1,3,FAILING TO REDUCE SPEED TO AVOID CRASH,2,3,1.0,0.0,0.0,1.0,0.0,1.0,11,4,7,07/10/2024,2024-07-10,11:00:00
04/04/2024 11:50:00 AM,7.0,4,1,5,6,1,4,3,1,1,3,FAILING TO YIELD RIGHT-OF-WAY,2,1,0.0,0.0,0.0,0.0,0.0,3.0,11,5,4,04/04/2024,2024-04-04,11:50:00
02/23/2024 09:01:00 AM,5.0,2,1,6,5,1,3,3,0,1,3,DRIVING SKILLS/KNOWLEDGE/EXPERIENCE,2,1,0.0,0.0,0.0,0.0,0.0,2.0,9,6,2,02/23/2024,2024-02-23,09:01:00
07/28/2024 08:50:00 PM,5.0,2,4,6,6,1,3,3,0,1,3,FOLLOWING TOO CLOSELY,2,1,0.0,0.0,0.0,0.0,0.0,2.0,20,1,7,07/28/2024,2024-07-28,20:50:00
05/22/2024 06:56:00 PM,7.0,2,2,2,4,1,3,3,1,1,1,FAILING TO YIELD RIGHT-OF-WAY,2,2,1.0,0.0,0.0,0.0,1.0,1.0,18,4,5,05/22/2024,2024-05-22,18:56:00
07/05/2024 03:30:00 AM,5.0,2,4,4,5,1,3,3,0,1,3,FAILING TO REDUCE SPEED TO AVOID CRASH,2,1,0.0,0.0,0.0,0.0,0.0,3.0,3,6,7,07/05/2024,2024-07-05,03:30:00
02/08/2024 04:20:00 PM,3.0,2,1,11,6,1,1,1,0,1,3,UNABLE TO DETERMINE,2,1,0.0,0.0,0.0,0.0,0.0,1.0,16,5,2,02/08/2024,2024-02-08,16:20:00
07/19/2024 12:30:00 PM,7.0,2,1,13,6,1,1,1,1,1,3,FAILING TO YIELD RIGHT-OF-WAY,2,3,1.0,0.0,0.0,1.0,0.0,2.0,12,6,7,07/19/2024,2024-07-19,12:30:00
05/21/2024 07:15:00 AM,7.0,2,1,6,5,1,3,3,1,1,3,FAILING TO YIELD RIGHT-OF-WAY,2,3,1.0,0.0,0.0,1.0,0.0,3.0,7,3,5,05/21/2024,2024-05-21,07:15:00
07/29/2024 07:48:00 PM,7.0,2,1,5,5,1,3,1,1,1,3,FAILING TO REDUCE SPEED TO AVOID CRASH,2,3,1.0,0.0,0.0,1.0,0.0,1.0,19,2,7,07/29/2024,2024-07-29,19:48:00