crash_date,traffic_control_device,weather_condition,lighting_condition,first_crash_type,trafficway_type,alignment,roadway_surface_cond,road_defect,crash_type,intersection_related_i,damage,prim_contributory_cause,num_units,most_severe_injury,injuries_total,injuries_fatal,injuries_incapacitating,injuries_non_incapacitating,injuries_reported_not_evident,injuries_no_indication,crash_hour,crash_day_of_week,crash_month,parsed_datetime,date,time
08/06/2024 05:20:00 PM,5.0,2,1,6,5,1,3,3,0,1,2,IMPROPER BACKING,2,1,0.0,0.0,0.0,0.0,0.0,2.0,17,3,8,08/06/2024,2024-08-06,17:20:00
06/19/2024 07:20:00 PM,7.0,2,1,13,5,1,3,1,1,1,3,UNABLE TO DETERMINE,2,2,1.0,0.0,0.0,0.0,1.0,1.0,19,4,6,06/19/2024,2024-06-19,19:20:00
06/19/2024 07:00:00 PM,7.0,2,1,6,5,1,3,1,0,1,3,UNABLE TO DETERMINE,2,1,0.0,0.0,0.0,0.0,0.0,2.0,19,4,6,06/19/2024,2024-06-19,19:00:00
06/04/2024 02:00:00 PM,5.0,2,1,5,5,1,3,3,1,1,3,DISREGARDING TRAFFIC SIGNALS,2,1,0.0,0.0,0.0,0.0,0.0,2.0,14,3,6,06/04/2024,2024-06-04,14:00:00
02/06/2024 04:00:00 PM,5.0,2,3,4,6,1,3,3,0,1,1,UNABLE TO DETERMINE,2,1,0.0,0.0,0.0,0.0,0.0,4.0,16,3,2,02/06/2024,2024-02-06,16:00:00
02/07/2024 01:20:00 PM,5.0,2,1,4,14,1,3,3,0,1,2,FAILING TO REDUCE SPEED TO AVOID CRASH,2,1,0.0,0.0,0.0,0.0,0.0,2.0,13,4,2,02/07/2024,2024-02-07,13:20:00
08/11/2024 06:28:00 PM,5.0,2,1,6,6,1,3,3,1,1,3,FAILING TO YIELD RIGHT-OF-WAY,2,3,1.0,0.0,0.0,1.0,0.0,3.0,18,1,8,08/11/2024,2024-08-11,18:28:00
06/27/2024 11:05:00 AM,3.0,2,1,3,6,1,3,1,0,1,3,UNABLE TO DETERMINE,2,1,0.0,0.0,0.0,0.0,0.0,2.0,11,5,6,06/27/2024,2024-06-27,11:05:00
06/04/2024 05:44:00 PM,5.0,2,1,6,7,1,3,3,0,1,2,FOLLOWING TOO CLOSELY,2,1,0.0,0.0,0.0,0.0,0.0,2.0,17,3,6,06/04/2024,2024-06-04,17:44:00
03/14/2024 03:50:00 PM,7.0,3,1,5,5,1,3,3,1,1,3,FAILING TO YIELD RIGHT-OF-WAY,2,1,0.0,0.0,0.0,0.0,0.0,6.0,15,5,3,03/14/2024,2024-03-14,15:50:00
07/20/2024 01:30:00 PM,5.0,2,1,3,6,1,3,3,0,1,3,IMPROPER OVERTAKING/PASSING,2,1,0.0,0.0,0.0,0.0,0.0,3.0,13,7,7,07/20/2024,2024-07-20,13:30:00
03/14/2024 08:10:00 AM,5.0,4,1,4,5,1,4,1,0,1,3,UNABLE TO DETERMINE,2,1,0.0,0.0,0.0,0.0,0.0,3.0,8,5,3,03/14/2024,2024-03-14,08:10:00
08/09/2024 07:00:00 PM,1.0,2,1,4,6,1,1,1,0,1,3,IMPROPER LANE USAGE,2,1,0.0,0.0,0.0,0.0,0.0,2.0,19,6,8,08/09/2024,2024-08-09,19:00:00
06/25/2024 09:42:00 AM,5.0,4,1,6,7,1,4,3,1,1,3,FAILING TO YIELD RIGHT-OF-WAY,2,1,0.0,0.0,0.0,0.0,0.0,2.0,9,3,6,06/25/2024,2024-06-25,09:42:00
02/25/2024 01:39:00 AM,5.0,2,5,5,5,1,3,3,1,1,3,DISREGARDING TRAFFIC SIGNALS,2,2,1.0,0.0,0.0,0.0,1.0,1.0,1,1,2,02/25/2024,2024-02-25,01:39:00
05/21/2024 04:51:00 PM,5.0,2,1,14,5,1,3,3,1,1,2,UNABLE TO DETERMINE,2,2,1.0,0.0,0.0,0.0,1.0,1.0,16,3,5,05/21/2024,2024-05-21,16:51:00
07/22/2024 02:50:00 PM,3.0,2,1,5,5,1,3,3,1,1,3,FAILING TO YIELD RIGHT-OF-WAY,2,1,0.0,0.0,0.0,0.0,0.0,2.0,14,2,7,07/22/2024,2024-07-22,14:50:00
06/25/2024 07:09:00 AM,5.0,4,2,6,7,1,4,1,1,1,3,DISREGARDING TRAFFIC SIGNALS,2,1,0.0,0.0,0.0,0.0,0.0,2.0,7,3,6,06/25/2024,2024-06-25,07:09:00
06/16/2024 11:30:00 AM,5.0,2,1,6,6,1,3,3,0,1,3,IMPROPER TURNING/NO SIGNAL,2,1,0.0,0.0,0.0,0.0,0.0,3.0,11,1,6,06/16/2024,2024-06-16,11:30:00
05/24/2024 01:23:00 PM,7.0,4,1,4,5,1,4,3,0,1,1,DISREGARDING STOP SIGN,2,1,0.0,0.0,0.0,0.0,0.0,2.0,13,6,5,05/24/2024,2024-05-24,13:23:00
06/08/2024 10:13:00 PM,1.0,2,1,4,4,1,1,1,0,1,3,FAILING TO REDUCE SPEED TO AVOID CRASH,2,1,0.0,0.0,0.0,0.0,0.0,2.0,22,7,6,06/08/2024,2024-06-08,22:13:00
04/20/2024 01:00:00 PM,1.0,2,1,4,4,1,1,1,0,1,3,UNABLE TO DETERMINE,2,1,0.0,0.0,0.0,0.0,0.0,4.0,13,7,4,04/20/2024,2024-04-20,13:00:00
01/11/2024 12:48:00 PM,5.0,2,1,13,5,1,3,3,1,1,1,UNABLE TO DETERMINE,2,3,1.0,0.0,0.0,1.0,0.0,1.0,12,5,1,01/11/2024,2024-01-11,12:48:00
01/28/2024 03:30:00 PM,5.0,2,1,5,5,1,3,3,1,1,3,DISREGARDING TRAFFIC SIGNALS,2,1,0.0,0.0,0.0,0.0,0.0,2.0,15,1,1,01/28/2024,2024-01-28,15:30:00
01/11/2024 07:09:00 PM,5.0,2,5,6,6,1,3,3,1,1,3,UNABLE TO DETERMINE,2,1,0.0,0.0,0.0,0.0,0.0,2.0,19,5,1,01/11/2024,2024-01-11,19:09:00
05/22/2024 04:45:00 PM,5.0,2,1,13,5,1,3,3,1,1,1,FAILING TO YIELD RIGHT-OF-WAY,2,2,1.0,0.0,0.0,0.0,1.0,1.0,16,4,5,05/22/2024,2024-05-22,16:45:00
05/03/2024 12:25:00 PM,7.0,2,1,5,10,1,3,3,1,1,3,DISREGARDING STOP SIGN,2,2,1.0,0.0,0.0,0.0,1.0,1.0,12,6,5,05/03/2024,2024-05-03,12:25:00
02/13/2024 08:17:00 PM,5.0,2,4,6,6,1,3,3,1,1,2,DISREGARDING TRAFFIC SIGNALS,2,3,1.0,0.0,0.0,1.0,0.0,1.0,20,3,2,02/13/2024,2024-02-13,20:17:00
06/13/2024 08:30:00 AM,3.0,4,1,4,6,1,4,3,0,1,3,FOLLOWING TOO CLOSELY,2,1,0.0,0.0,0.0,0.0,0.0,2.0,8,5,6,06/13/2024,2024-06-13,08:30:00
03/27/2024 08:30:00 AM,7.0,2,1,6,1,1,3,3,0,1,3,UNABLE TO DETERMINE,2,1,0.0,0.0,0.0,0.0,0.0,5.0,8,4,3,03/27/2024,2024-03-27,08:30:00
07/28/2024 11:14:00 PM,5.0,2,4,6,5,1,3,3,0,1,3,DISREGARDING ROAD MARKINGS,2,1,0.0,0.0,0.0,0.0,0.0,6.0,23,1,7,07/28/2024,2024-07-28,23:14:00
02/05/2024 05:44:00 PM,7.0,2,2,5,5,1,3,3,0,1,2,FAILING TO YIELD RIGHT-OF-WAY,2,1,0.0,0.0,0.0,0.0,0.0,2.0,17,2,2,02/05/2024,2024-02-05,17:44:00
04/28/2024 01:50:00 AM,1.0,4,4,4,6,1,4,1,0,0,3,FAILING TO REDUCE SPEED TO AVOID CRASH,2,1,0.0,0.0,0.0,0.0,0.0,2.0,1,1,4,04/28/2024,2024-04-28,01:50:00
08/11/2024 02:20:00 AM,17.0,2,5,3,6,1,3,3,1,0,3,IMPROPER OVERTAKING/PASSING,2,1,0.0,0.0,0.0,0.0,0.0,3.0,2,1,8,08/11/2024,2024-08-11,02:20:00
07/01/2024 06:40:00 PM,3.0,2,1,5,5,1,3,3,1,1,3,DRIVING SKILLS/KNOWLEDGE/EXPERIENCE,2,3,1.0,0.0,0.0,1.0,0.0,1.0,18,2,7,07/01/2024,2024-07-01,18:40:00
04/08/2024 05:00:00 PM,5.0,2,1,4,4,1,3,3,0,1,3,FOLLOWING TOO CLOSELY,2,1,0.0,0.0,0.0,0.0,0.0,2.0,17,2,4,04/08/2024,2024-04-08,17:00:00
07/28/2024 07:15:00 PM,3.0,2,1,11,10,1,3,3,0,0,3,IMPROPER TURNING/NO SIGNAL,2,1,0.0,0.0,0.0,0.0,0.0,2.0,19,1,7,07/28/2024,2024-07-28,19:15:00
05/08/2024 04:45:00 PM,5.0,2,1,4,4,1,3,3,0,1,3,FOLLOWING TOO CLOSELY,2,1,0.0,0.0,0.0,0.0,0.0,2.0,16,4,5,05/08/2024,2024-05-08,16:45:00
08/06/2024 01:19:00 PM,5.0,2,1,2,4,1,3,3,1,1,1,"VISION OBSCURED (SIGNS, TREE LIMBS, BUILDINGS, ETC.)",2,3,1.0,0.0,0.0,1.0,0.0,1.0,13,3,8,08/06/2024,2024-08-06,13:19:00
07/26/2024 11:30:00 PM,5.0,2,4,5,6,1,3,3,1,1,3,DISREGARDING TRAFFIC SIGNALS,2,1,0.0,0.0,0.0,0.0,0.0,3.0,23,6,7,07/26/2024,2024-07-26,23:30:00
01/18/2024 05:53:00 PM,5.0,2,1,4,5,1,3,3,0,1,1,UNABLE TO DETERMINE,2,1,0.0,0.0,0.0,0.0,0.0,2.0,17,5,1,01/18/2024,2024-01-18,17:53:00
04/21/2024 12:03:00 PM,5.0,2,1,5,5,1,3,3,1,1,3,DISREGARDING TRAFFIC SIGNALS,2,2,1.0,0.0,0.0,0.0,1.0,1.0,12,1,4,04/21/2024,2024-04-21,12:03:00
07/10/2024 09:20:00 AM,5.0,4,1,4,4,1,4,3,0,1,3,FOLLOWING TOO CLOSELY,2,1,0.0,0.0,0.0,0.0,0.0,2.0,9,4,7,07/10/2024,2024-07-10,09:20:00
05/08/2024 08:57:00 PM,5.0,2,3,6,6,1,3,1,1,1,3,IMPROPER TURNING/NO SIGNAL,2,2,1.0,0.0,0.0,0.0,1.0,3.0,20,4,5,05/08/2024,2024-05-08,20:57:00
05/20/2024 03:15:00 PM,5.0,2,1,4,5,1,1,1,0,1,3,UNABLE TO DETERMINE,2,1,0.0,0.0,0.0,0.0,0.0,2.0,15,2,5,05/20/2024,2024-05-20,15:15:00
04/27/2024 02:40:00 PM,5.0,2,1,6,2,1,3,3,0,1,3,FAILING TO YIELD RIGHT-OF-WAY,2,1,0.0,0.0,0.0,0.0,0.0,2.0,14,7,4,04/27/2024,2024-04-27,14:40:00
02/14/2024 05:00:00 PM,5.0,2,4,6,5,1,3,3,0,1,2,PHYSICAL CONDITION OF DRIVER,2,1,0.0,0.0,0.0,0.0,0.0,5.0,17,4,2,02/14/2024,2024-02-14,17:00:00
03/13/2024 04:01:00 PM,5.0,3,1,5,5,1,3,3,1,1,3,DISREGARDING TRAFFIC SIGNALS,2,1,0.0,0.0,0.0,0.0,0.0,2.0,16,4,3,03/13/2024,2024-03-13,16:01:00
02/04/2024 02:05:00 PM,5.0,2,1,4,6,1,3,3,0,1,1,UNABLE TO DETERMINE,2,1,0.0,0.0,0.0,0.0,0.0,3.0,14,1,2,02/04/2024,2024-02-04,14:05:00
01/18/2024 05:30:00 PM,5.0,2,4,4,9,3,1,3,0,1,3,UNABLE TO DETERMINE,2,1,0.0,0.0,0.0,0.0,0.0,2.0,17,5,1,01/18/2024,2024-01-18,17:30:00
04/21/2024 10:40:00 AM,7.0,2,1,6,4,1,3,3,1,1,3,UNABLE TO DETERMINE,2,1,0.0,0.0,0.0,0.0,0.0,3.0,10,1,4,04/21/2024,2024-04-21,10:40:00
05/03/2024 11:44:00 AM,5.0,2,1,4,7,1,3,3,0,0,1,FOLLOWING TOO CLOSELY,2,1,0.0,0.0,0.0,0.0,0.0,2.0,11,6,5,05/03/2024,2024-05-03,11:44:00
06/24/2024 01:50:00 PM,5.0,2,1,4,4,1,3,3,0,1,3,FOLLOWING TOO CLOSELY,2,1,0.0,0.0,0.0,0.0,0.0,2.0,13,2,6,06/24/2024,2024-06-24,13:50:00
04/27/2024 02:21:00 PM,5.0,2,1,3,6,1,3,3,1,1,3,FAILING TO YIELD RIGHT-OF-WAY,2,2,2.0,0.0,0.0,0.0,2.0,1.0,14,7,4,04/27/2024,2024-04-27,14:21:00
01/08/2024 07:10:00 AM,5.0,5,1,6,13,1,4,3,0,1,3,FOLLOWING TOO CLOSELY,2,1,0.0,0.0,0.0,0.0,0.0,2.0,7,2,1,01/08/2024,2024-01-08,07:10:00
02/19/2024 05:32:00 PM,1.0,2,3,9,6,1,3,1,0,1,3,IMPROPER LANE USAGE,2,1,0.0,0.0,0.0,0.0,0.0,2.0,17,2,2,02/19/2024,2024-02-19,17:32:00
07/21/2024 03:25:00 AM,5.0,2,4,5,5,1,3,1,1,1,3,UNABLE TO DETERMINE,2,3,2.0,0.0,0.0,2.0,0.0,1.0,3,1,7,07/21/2024,2024-07-21,03:25:00
03/13/2024 01:00:00 PM,5.0,2,1,4,5,1,1,1,0,1,2,UNABLE TO DETERMINE,2,1,0.0,0.0,0.0,0.0,0.0,2.0,13,4,3,03/13/2024,2024-03-13,13:00:00
08/09/2024 11:00:00 PM,3.0,2,4,6,7,1,3,3,0,1,3,UNABLE TO DETERMINE,2,1,0.0,0.0,0.0,0.0,0.0,4.0,23,6,8,08/09/2024,2024-08-09,23:00:00
07/08/2024 09:05:00 AM,5.0,2,1,5,4,1,4,3,0,1,3,FAILING TO YIELD RIGHT-OF-WAY,2,1,0.0,0.0,0.0,0.0,0.0,2.0,9,2,7,07/08/2024,2024-07-08,09:05:00
02/07/2024 04:33:00 PM,3.0,2,1,6,16,1,3,3,1,1,3,FAILING TO YIELD RIGHT-OF-WAY,2,2,1.0,0.0,0.0,0.0,1.0,1.0,16,4,2,02/07/2024,2024-02-07,16:33:00
03/23/2024 10:00:00 AM,6.0,2,1,4,5,1,3,3,0,1,3,FOLLOWING TOO CLOSELY,2,1,0.0,0.0,0.0,0.0,0.0,2.0,10,7,3,03/23/2024,2024-03-23,10:00:00
05/25/2024 11:45:00 AM,5.0,2,1,6,5,1,3,3,0,1,3,UNABLE TO DETERMINE,2,1,0.0,0.0,0.0,0.0,0.0,2.0,11,7,5,05/25/2024,2024-05-25,11:45:00
07/28/2024 12:00:00 PM,1.0,2,1,4,5,1,1,1,0,1,3,UNABLE TO DETERMINE,2,1,0.0,0.0,0.0,0.0,0.0,3.0,12,1,7,07/28/2024,2024-07-28,12:00:00
04/25/2024 03:28:00 PM,7.0,2,1,6,5,1,3,1,1,1,3,IMPROPER LANE USAGE,2,3,1.0,0.0,0.0,1.0,0.0,1.0,15,5,4,04/25/2024,2024-04-25,15:28:00
05/22/2024 04:12:00 PM,3.0,2,1,6,6,1,3,3,0,1,3,IMPROPER TURNING/NO SIGNAL,2,1,0.0,0.0,0.0,0.0,0.0,4.0,16,4,5,05/22/2024,2024-05-22,16:12:00
07/27/2024 09:55:00 PM,7.0,2,4,6,1,1,3,3,0,1,3,DISREGARDING STOP SIGN,2,1,0.0,0.0,0.0,0.0,0.0,2.0,21,7,7,07/27/2024,2024-07-27,21:55:00
05/14/2024 03:20:00 PM,5.0,2,1,4,7,1,1,1,0,1,3,IMPROPER OVERTAKING/PASSING,2,1,0.0,0.0,0.0,0.0,0.0,2.0,15,3,5,05/14/2024,2024-05-14,15:20:00
05/30/2024 05:31:00 PM,7.0,2,1,5,5,1,3,1,1,1,3,FAILING TO YIELD RIGHT-OF-WAY,2,3,1.0,0.0,0.0,1.0,0.0,3.0,17,5,5,05/30/2024,2024-05-30,17:31:00
04/30/2024 02:20:00 PM,5.0,2,1,6,6,1,3,3,0,1,3,FAILING TO YIELD RIGHT-OF-WAY,2,1,0.0,0.0,0.0,0.0,0.0,3.0,14,3,4,04/30/2024,2024-04-30,14:20:00
05/25/2024 02:45:00 PM,7.0,2,1,6,6,1,3,3,0,1,3,FAILING TO YIELD RIGHT-OF-WAY,2,1,0.0,0.0,0.0,0.0,0.0,3.0,14,7,5,05/25/2024,2024-05-25,14:45:00
06/29/2024 01:30:00 PM,5.0,2,1,6,7,1,3,3,1,1,3,IMPROPER TURNING/NO SIGNAL,2,3,1.0,0.0,0.0,1.0,0.0,2.0,13,7,6,06/29/2024,2024-06-29,13:30:00
06/19/2024 06:45:00 AM,5.0,2,1,6,7,1,3,3,1,1,3,UNABLE TO DETERMINE,2,1,0.0,0.0,0.0,0.0,0.0,2.0,6,4,6,06/19/2024,2024-06-19,06:45:00
06/21/2024 10:15:00 AM,5.0,2,1,6,6,1,3,3,1,1,2,UNABLE TO DETERMINE,2,3,1.0,0.0,0.0,1.0,0.0,1.0,10,6,6,06/21/2024,2024-06-21,10:15:00
03/01/2024 11:52:00 PM,5.0,2,4,6,5,1,3,3,1,1,3,UNABLE TO DETERMINE,2,1,0.0,0.0,0.0,0.0,0.0,2.0,23,6,3,03/01/2024,2024-03-01,23:52:00
02/22/2024 08:57:00 AM,3.0,2,1,3,6,1,3,3,0,1,3,IMPROPER OVERTAKING/PASSING,2,1,0.0,0.0,0.0,0.0,0.0,2.0,8,5,2,02/22/2024,2024-02-22,08:57:00
01/14/2024 07:39:00 PM,5.0,2,4,4,6,1,3,3,0,1,3,NOT APPLICABLE,2,1,0.0,0.0,0.0,0.0,0.0,2.0,19,1,1,01/14/2024,2024-01-14,19:39:00
03/20/2024 12:35:00 AM,5.0,2,4,3,3,4,3,3,1,1,3,IMPROPER OVERTAKING/PASSING,2,1,0.0,0.0,0.0,0.0,0.0,4.0,0,4,3,03/20/2024,2024-03-20,00:35:00
01/11/2024 04:30:00 PM,5.0,2,4,3,6,1,3,3,0,1,2,IMPROPER OVERTAKING/PASSING,2,1,0.0,0.0,0.0,0.0,0.0,2.0,16,5,1,01/11/2024,2024-01-11,16:30:00
01/23/2024 07:30:00 AM,5.0,4,1,5,7,1,4,3,0,1,3,DISREGARDING TRAFFIC SIGNALS,2,1,0.0,0.0,0.0,0.0,0.0,2.0,7,3,1,01/23/2024,2024-01-23,07:30:00
08/10/2024 01:40:00 AM,5.0,2,4,4,5,1,3,3,1,1,3,UNABLE TO DETERMINE,2,1,0.0,0.0,0.0,0.0,0.0,2.0,1,7,8,08/10/2024,2024-08-10,01:40:00
04/21/2024 10:50:00 AM,5.0,2,1,6,13,1,3,3,0,1,2,IMPROPER OVERTAKING/PASSING,2,1,0.0,0.0,0.0,0.0,0.0,2.0,10,1,4,04/21/2024,2024-04-21,10:50:00
02/12/2024 06:45:00 AM,3.0,2,1,13,10,1,3,3,1,1,1,UNABLE TO DETERMINE,2,3,1.0,0.0,0.0,1.0,0.0,1.0,6,2,2,02/12/2024,2024-02-12,06:45:00
05/30/2024 05:20:00 AM,5.0,2,1,5,6,1,3,7,0,1,3,NOT APPLICABLE,2,1,0.0,0.0,0.0,0.0,0.0,2.0,5,5,5,05/30/2024,2024-05-30,05:20:00
06/18/2024 09:51:00 AM,3.0,2,1,4,6,1,3,3,1,1,3,FOLLOWING TOO CLOSELY,2,1,0.0,0.0,0.0,0.0,0.0,2.0,9,3,6,06/18/2024,2024-06-18,09:51:00
06/10/2024 08:30:00 AM,5.0,2,1,6,5,1,3,3,1,0,3,UNABLE TO DETERMINE,2,1,0.0,0.0,0.0,0.0,0.0,2.0,8,2,6,06/10/2024,2024-06-10,08:30:00
07/31/2024 04:20:00 PM,7.0,2,1,4,5,1,3,3,0,1,3,FOLLOWING TOO CLOSELY,2,1,0.0,0.0,0.0,0.0,0.0,4.0,16,4,7,07/31/2024,2024-07-31,16:20:00
03/07/2024 01:00:00 PM,7.0,2,1,6,6,1,1,1,0,1,3,FAILING TO YIELD RIGHT-OF-WAY,2,1,0.0,0.0,0.0,0.0,0.0,2.0,13,5,3,03/07/2024,2024-03-07,13:00:00
08/08/2024 03:53:00 PM,5.0,2,1,6,5,1,3,3,0,1,3,DISREGARDING TRAFFIC SIGNALS,2,1,0.0,0.0,0.0,0.0,0.0,3.0,15,5,8,08/08/2024,2024-08-08,15:53:00
05/28/2024 12:56:00 PM,5.0,2,1,6,5,1,3,3,0,1,3,IMPROPER TURNING/NO SIGNAL,2,1,0.0,0.0,0.0,0.0,0.0,2.0,12,3,5,05/28/2024,2024-05-28,12:56:00
01/15/2024 09:50:00 AM,5.0,2,1,6,5,1,6,1,0,1,3,UNABLE TO DETERMINE,2,1,0.0,0.0,0.0,0.0,0.0,2.0,9,2,1,01/15/2024,2024-01-15,09:50:00
04/30/2024 01:45:00 PM,5.0,2,1,6,5,1,3,3,0,1,3,FAILING TO YIELD RIGHT-OF-WAY,2,1,0.0,0.0,0.0,0.0,0.0,2.0,13,3,4,04/30/2024,2024-04-30,13:45:00
04/04/2024 08:50:00 AM,5.0,4,1,4,4,1,4,3,1,1,3,FAILING TO REDUCE SPEED TO AVOID CRASH,2,2,1.0,0.0,0.0,0.0,1.0,1.0,8,5,4,04/04/2024,2024-04-04,08:50:00
06/05/2024 08:03:00 PM,7.0,2,3,6,7,1,3,3,1,1,3,FAILING TO YIELD RIGHT-OF-WAY,2,1,0.0,0.0,0.0,0.0,0.0,2.0,20,4,6,06/05/2024,2024-06-05,20:03:00
01/26/2024 01:00:00 PM,1.0,4,1,8,5,1,1,1,0,1,3,UNABLE TO DETERMINE,2,1,0.0,0.0,0.0,0.0,0.0,2.0,13,6,1,01/26/2024,2024-01-26,13:00:00
04/05/2024 08:01:00 PM,5.0,2,4,6,5,1,3,1,1,1,3,UNABLE TO DETERMINE,2,1,0.0,0.0,0.0,0.0,0.0,4.0,20,6,4,04/05/2024,2024-04-05,20:01:00
03/06/2024 06:45:00 AM,5.0,3,2,13,5,1,4,3,1,1,1,TURNING RIGHT ON RED,2,3,1.0,0.0,0.0,1.0,0.0,1.0,6,4,3,03/06/2024,2024-03-06,06:45:00
07/20/2024 07:02:00 AM,5.0,3,1,4,5,1,1,1,0,1,2,UNABLE TO DETERMINE,2,1,0.0,0.0,0.0,0.0,0.0,2.0,7,7,7,07/20/2024,2024-07-20,07:02:00
03/23/2024 06:25:00 PM,3.0,2,3,5,6,2,3,3,1,1,3,FAILING TO YIELD RIGHT-OF-WAY,2,3,1.0,0.0,0.0,1.0,0.0,1.0,18,7,3,03/23/2024,2024-03-23,18:25:00
05/16/2024 10:03:00 PM,5.0,2,4,5,4,1,1,1,1,1,3,UNABLE TO DETERMINE,2,3,2.0,0.0,0.0,2.0,0.0,0.0,22,5,5,05/16/2024,2024-05-16,22:03:00
02/06/2024 02:37:00 AM,7.0,2,4,5,5,1,3,3,1,1,3,UNABLE TO DETERMINE,2,3,1.0,0.0,0.0,1.0,0.0,1.0,2,3,2,02/06/2024,2024-02-06,02:37:00
07/15/2024 12:20:00 PM,5.0,2,1,6,6,1,3,1,0,1,3,IMPROPER TURNING/NO SIGNAL,2,1,0.0,0.0,0.0,0.0,0.0,2.0,12,2,7,07/15/2024,2024-07-15,12:20:00
02/26/2024 07:40:00 PM,5.0,2,4,6,3,1,3,1,0,1,3,IMPROPER TURNING/NO SIGNAL,2,1,0.0,0.0,0.0,0.0,0.0,2.0,19,2,2,02/26/2024,2024-02-26,19:40:00
07/15/2024 09:20:00 AM,5.0,2,1,4,4,1,3,3,0,1,3,NOT APPLICABLE,2,1,0.0,0.0,0.0,0.0,0.0,2.0,9,2,7,07/15/2024,2024-07-15,09:20:00
07/25/2024 06:16:00 PM,5.0,2,1,4,5,1,3,3,0,1,3,UNABLE TO DETERMINE,2,1,0.0,0.0,0.0,0.0,0.0,2.0,18,5,7,07/25/2024,2024-07-25,18:16:00
02/21/2024 06:00:00 PM,5.0,2,3,6,5,1,3,3,0,1,3,FAILING TO YIELD RIGHT-OF-WAY,2,1,0.0,0.0,0.0,0.0,0.0,4.0,18,4,2,02/21/2024,2024-02-21,18:00:00
05/28/2024 06:00:00 PM,5.0,4,1,13,6,1,4,3,1,1,1,UNABLE TO DETERMINE,2,3,1.0,0.0,0.0,1.0,0.0,1.0,18,3,5,05/28/2024,2024-05-28,18:00:00
08/01/2024 08:25:00 PM,5.0,2,4,6,6,1,4,3,1,1,3,FAILING TO YIELD RIGHT-OF-WAY,2,2,1.0,0.0,0.0,0.0,1.0,4.0,20,5,8,08/01/2024,2024-08-01,20:25:00
04/25/2024 10:30:00 PM,5.0,2,4,6,4,1,3,3,0,1,2,UNABLE TO DETERMINE,2,1,0.0,0.0,0.0,0.0,0.0,2.0,22,5,4,04/25/2024,2024-04-25,22:30:00
05/29/2024 05:16:00 PM,7.0,2,1,5,5,1,3,3,1,1,3,FAILING TO YIELD RIGHT-OF-WAY,2,1,0.0,0.0,0.0,0.0,0.0,2.0,17,4,5,05/29/2024,2024-05-29,17:16:00
06/22/2024 02:30:00 PM,7.0,2,1,6,6,1,3,3,0,1,3,IMPROPER TURNING/NO SIGNAL,2,1,0.0,0.0,0.0,0.0,0.0,2.0,14,7,6,06/22/2024,2024-06-22,14:30:00
08/04/2024 07:00:00 PM,5.0,2,1,5,5,1,3,3,1,1,3,UNABLE TO DETERMINE,2,2,1.0,0.0,0.0,0.0,1.0,1.0,19,1,8,08/04/2024,2024-08-04,19:00:00
06/08/2024 12:30:00 PM,5.0,2,1,13,5,1,1,1,1,1,3,UNABLE TO DETERMINE,2,3,1.0,0.0,0.0,1.0,0.0,1.0,12,7,6,06/08/2024,2024-06-08,12:30:00
02/03/2024 01:50:00 PM,1.0,2,1,4,5,1,1,1,0,1,3,UNABLE TO DETERMINE,2,1,0.0,0.0,0.0,0.0,0.0,2.0,13,7,2,02/03/2024,2024-02-03,13:50:00
01/24/2024 07:30:00 PM,5.0,4,4,13,4,1,4,1,1,1,3,FAILING TO YIELD RIGHT-OF-WAY,2,2,1.0,0.0,0.0,0.0,1.0,1.0,19,4,1,01/24/2024,2024-01-24,19:30:00
05/12/2024 02:20:00 PM,7.0,2,1,5,5,1,1,1,0,1,3,FAILING TO YIELD RIGHT-OF-WAY,2,1,0.0,0.0,0.0,0.0,0.0,2.0,14,1,5,05/12/2024,2024-05-12,14:20:00
07/28/2024 06:35:00 PM,7.0,2,3,5,7,1,3,1,0,1,2,UNABLE TO DETERMINE,2,1,0.0,0.0,0.0,0.0,0.0,2.0,18,1,7,07/28/2024,2024-07-28,18:35:00
08/13/2024 05:00:00 PM,3.0,2,1,5,6,1,3,3,0,1,3,UNABLE TO DETERMINE,2,1,0.0,0.0,0.0,0.0,0.0,2.0,17,3,8,08/13/2024,2024-08-13,17:00:00
04/04/2024 07:07:00 AM,5.0,2,1,5,5,1,1,3,1,1,3,DISREGARDING TRAFFIC SIGNALS,2,1,0.0,0.0,0.0,0.0,0.0,2.0,7,5,4,04/04/2024,2024-04-04,07:07:00
07/09/2024 05:00:00 PM,5.0,4,1,3,5,1,3,1,0,1,1,DRIVING SKILLS/KNOWLEDGE/EXPERIENCE,2,1,0.0,0.0,0.0,0.0,0.0,2.0,17,3,7,07/09/2024,2024-07-09,17:00:00
03/22/2024 09:45:00 AM,7.0,3,1,6,6,1,4,3,1,1,3,UNABLE TO DETERMINE,2,1,0.0,0.0,0.0,0.0,0.0,3.0,9,6,3,03/22/2024,2024-03-22,09:45:00
05/10/2024 04:27:00 PM,5.0,2,1,14,5,1,3,3,1,1,1,FAILING TO YIELD RIGHT-OF-WAY,2,4,1.0,0.0,1.0,0.0,0.0,1.0,16,6,5,05/10/2024,2024-05-10,16:27:00
08/03/2024 08:25:00 PM,5.0,2,4,4,4,2,3,3,0,1,3,EQUIPMENT - VEHICLE CONDITION,2,1,0.0,0.0,0.0,0.0,0.0,2.0,20,7,8,08/03/2024,2024-08-03,20:25:00