crash_date,traffic_control_device,weather_condition,lighting_condition,first_crash_type,trafficway_type,alignment,roadway_surface_cond,road_defect,crash_type,intersection_related_i,damage,prim_contributory_cause,num_units,most_severe_injury,injuries_total,injuries_fatal,injuries_incapacitating,injuries_non_incapacitating,injuries_reported_not_evident,injuries_no_indication,crash_hour,crash_day_of_week,crash_month,parsed_datetime,date,time
06/17/2024 04:34:00 PM,3.0,2,1,5,16,1,3,1,1,1,3,FAILING TO YIELD RIGHT-OF-WAY,2,2,1.0,0.0,0.0,0.0,1.0,3.0,16,2,6,06/17/2024,2024-06-17,16:34:00
08/11/2024 03:10:00 PM,7.0,2,1,5,4,1,3,3,0,1,3,UNABLE TO DETERMINE,2,1,0.0,0.0,0.0,0.0,0.0,2.0,15,1,8,08/11/2024,2024-08-11,15:10:00
06/11/2024 12:00:00 PM,5.0,2,1,5,5,1,3,3,1,1,2,IMPROPER LANE USAGE,2,3,1.0,0.0,0.0,1.0,0.0,1.0,12,3,6,06/11/2024,2024-06-11,12:00:00
02/25/2024 12:00:00 PM,3.0,2,1,11,6,1,1,1,0,0,2,UNABLE TO DETERMINE,2,1,0.0,0.0,0.0,0.0,0.0,1.0,12,1,2,02/25/2024,2024-02-25,12:00:00
01/24/2024 03:15:00 PM,7.0,4,1,4,5,1,4,3,0,1,1,FAILING TO REDUCE SPEED TO AVOID CRASH,2,1,0.0,0.0,0.0,0.0,0.0,2.0,15,4,1,01/24/2024,2024-01-24,15:15:00
03/03/2024 11:34:00 AM,5.0,2,1,4,1,1,3,3,1,1,2,FOLLOWING TOO CLOSELY,2,2,2.0,0.0,0.0,0.0,2.0,3.0,11,1,3,03/03/2024,2024-03-03,11:34:00
05/02/2024 10:54:00 PM,5.0,4,4,6,5,1,4,3,1,1,3,FAILING TO YIELD RIGHT-OF-WAY,2,3,1.0,0.0,0.0,1.0,0.0,1.0,22,5,5,05/02/2024,2024-05-02,22:54:00
03/15/2024 02:30:00 PM,5.0,2,1,4,6,1,3,3,1,1,3,FOLLOWING TOO CLOSELY,2,2,1.0,0.0,0.0,0.0,1.0,1.0,14,6,3,03/15/2024,2024-03-15,14:30:00
05/23/2024 12:30:00 PM,3.0,2,1,6,10,1,1,1,0,1,2,UNABLE TO DETERMINE,2,1,0.0,0.0,0.0,0.0,0.0,3.0,12,5,5,05/23/2024,2024-05-23,12:30:00
07/19/2024 05:32:00 PM,5.0,2,1,3,6,1,3,1,1,1,3,UNABLE TO DETERMINE,2,2,1.0,0.0,0.0,0.0,1.0,3.0,17,6,7,07/19/2024,2024-07-19,17:32:00
05/26/2024 02:30:00 PM,1.0,2,1,6,7,1,1,1,0,1,3,UNABLE TO DETERMINE,2,1,0.0,0.0,0.0,0.0,0.0,2.0,14,1,5,05/26/2024,2024-05-26,14:30:00
04/22/2024 05:10:00 PM,5.0,2,1,6,5,1,3,3,0,1,2,IMPROPER TURNING/NO SIGNAL,2,1,0.0,0.0,0.0,0.0,0.0,4.0,17,2,4,04/22/2024,2024-04-22,17:10:00
05/22/2024 05:00:00 PM,5.0,2,1,6,7,1,3,3,1,1,3,IMPROPER TURNING/NO SIGNAL,2,1,0.0,0.0,0.0,0.0,0.0,2.0,17,4,5,05/22/2024,2024-05-22,17:00:00
01/24/2024 06:45:00 PM,7.0,4,4,5,5,1,4,3,0,1,3,UNABLE TO DETERMINE,2,1,0.0,0.0,0.0,0.0,0.0,2.0,18,4,1,01/24/2024,2024-01-24,18:45:00
02/04/2024 04:47:00 PM,7.0,2,1,6,5,1,3,3,1,1,3,UNABLE TO DETERMINE,2,4,1.0,0.0,1.0,0.0,0.0,1.0,16,1,2,02/04/2024,2024-02-04,16:47:00
07/29/2024 05:38:00 PM,3.0,2,1,5,6,1,3,3,0,1,3,UNABLE TO DETERMINE,2,1,0.0,0.0,0.0,0.0,0.0,4.0,17,2,7,07/29/2024,2024-07-29,17:38:00
03/14/2024 03:53:00 PM,5.0,2,1,3,1,1,3,3,0,1,3,IMPROPER TURNING/NO SIGNAL,2,1,0.0,0.0,0.0,0.0,0.0,2.0,15,5,3,03/14/2024,2024-03-14,15:53:00
08/08/2024 04:00:00 AM,5.0,2,4,4,3,1,3,3,0,0,3,UNABLE TO DETERMINE,2,1,0.0,0.0,0.0,0.0,0.0,4.0,4,5,8,08/08/2024,2024-08-08,04:00:00
06/05/2024 03:22:00 PM,7.0,2,1,14,5,1,3,3,1,1,3,UNABLE TO DETERMINE,2,3,1.0,0.0,0.0,1.0,0.0,1.0,15,4,6,06/05/2024,2024-06-05,15:22:00
04/09/2024 11:42:00 PM,7.0,2,4,6,5,1,3,3,0,1,3,FAILING TO YIELD RIGHT-OF-WAY,2,1,0.0,0.0,0.0,0.0,0.0,2.0,23,3,4,04/09/2024,2024-04-09,23:42:00
03/31/2024 01:03:00 AM,5.0,2,5,5,6,1,3,3,1,1,3,FAILING TO REDUCE SPEED TO AVOID CRASH,2,1,0.0,0.0,0.0,0.0,0.0,2.0,1,1,3,03/31/2024,2024-03-31,01:03:00
01/22/2024 09:40:00 AM,5.0,5,1,4,4,1,4,3,0,1,3,FOLLOWING TOO CLOSELY,2,1,0.0,0.0,0.0,0.0,0.0,2.0,9,2,1,01/22/2024,2024-01-22,09:40:00
02/08/2024 11:40:00 AM,5.0,2,1,4,5,1,1,1,0,1,3,UNABLE TO DETERMINE,2,1,0.0,0.0,0.0,0.0,0.0,2.0,11,5,2,02/08/2024,2024-02-08,11:40:00
06/06/2024 12:40:00 PM,7.0,2,1,4,10,1,3,3,0,1,3,UNABLE TO DETERMINE,2,1,0.0,0.0,0.0,0.0,0.0,2.0,12,5,6,06/06/2024,2024-06-06,12:40:00
06/02/2024 05:50:00 AM,5.0,2,1,4,7,1,3,3,1,1,2,UNABLE TO DETERMINE,2,2,1.0,0.0,0.0,0.0,1.0,2.0,5,1,6,06/02/2024,2024-06-02,05:50:00
01/20/2024 04:45:00 PM,5.0,2,1,4,5,1,1,1,1,1,3,UNABLE TO DETERMINE,2,3,2.0,0.0,0.0,1.0,1.0,2.0,16,7,1,01/20/2024,2024-01-20,16:45:00
06/06/2024 12:45:00 PM,5.0,2,1,4,6,1,3,1,0,1,3,UNABLE TO DETERMINE,2,1,0.0,0.0,0.0,0.0,0.0,2.0,12,5,6,06/06/2024,2024-06-06,12:45:00
03/10/2024 10:00:00 AM,3.0,2,1,6,6,1,3,3,0,1,3,FAILING TO YIELD RIGHT-OF-WAY,2,1,0.0,0.0,0.0,0.0,0.0,5.0,10,1,3,03/10/2024,2024-03-10,10:00:00
07/10/2024 07:53:00 AM,3.0,4,1,6,16,1,4,1,1,1,3,FAILING TO YIELD RIGHT-OF-WAY,2,2,1.0,0.0,0.0,0.0,1.0,1.0,7,4,7,07/10/2024,2024-07-10,07:53:00
07/27/2024 08:47:00 AM,7.0,2,1,3,4,1,3,3,1,1,3,PHYSICAL CONDITION OF DRIVER,2,4,2.0,0.0,1.0,0.0,1.0,0.0,8,7,7,07/27/2024,2024-07-27,08:47:00
08/11/2024 05:17:00 AM,5.0,2,4,6,5,1,3,6,0,1,3,IMPROPER TURNING/NO SIGNAL,2,1,0.0,0.0,0.0,0.0,0.0,2.0,5,1,8,08/11/2024,2024-08-11,05:17:00
05/07/2024 02:45:00 PM,7.0,2,1,5,5,1,3,1,0,1,2,UNABLE TO DETERMINE,2,1,0.0,0.0,0.0,0.0,0.0,2.0,14,3,5,05/07/2024,2024-05-07,14:45:00
07/17/2024 03:13:00 PM,5.0,2,1,6,7,1,3,3,1,1,3,FAILING TO YIELD RIGHT-OF-WAY,2,3,2.0,0.0,0.0,2.0,0.0,0.0,15,4,7,07/17/2024,2024-07-17,15:13:00
04/22/2024 07:00:00 AM,5.0,2,1,10,6,1,3,3,0,1,3,FAILING TO YIELD RIGHT-OF-WAY,2,1,0.0,0.0,0.0,0.0,0.0,2.0,7,2,4,04/22/2024,2024-04-22,07:00:00
05/03/2024 03:30:00 PM,1.0,2,1,6,7,1,1,1,0,1,3,UNABLE TO DETERMINE,2,1,0.0,0.0,0.0,0.0,0.0,2.0,15,6,5,05/03/2024,2024-05-03,15:30:00
06/15/2024 11:30:00 AM,5.0,2,1,6,5,1,3,3,1,1,3,FOLLOWING TOO CLOSELY,2,3,1.0,0.0,0.0,1.0,0.0,1.0,11,7,6,06/15/2024,2024-06-15,11:30:00
05/04/2024 11:41:00 PM,5.0,2,4,13,5,1,3,3,1,1,3,UNABLE TO DETERMINE,2,4,1.0,0.0,1.0,0.0,0.0,1.0,23,7,5,05/04/2024,2024-05-04,23:41:00
08/15/2024 03:21:00 PM,5.0,4,1,6,7,1,4,1,1,1,3,FAILING TO YIELD RIGHT-OF-WAY,2,1,0.0,0.0,0.0,0.0,0.0,5.0,15,5,8,08/15/2024,2024-08-15,15:21:00
05/01/2024 07:45:00 PM,5.0,2,3,11,6,1,3,3,1,1,3,IMPROPER LANE USAGE,2,1,0.0,0.0,0.0,0.0,0.0,2.0,19,4,5,05/01/2024,2024-05-01,19:45:00
05/30/2024 04:37:00 PM,5.0,2,1,14,10,1,3,3,1,1,2,UNABLE TO DETERMINE,2,2,1.0,0.0,0.0,0.0,1.0,1.0,16,5,5,05/30/2024,2024-05-30,16:37:00
03/22/2024 06:30:00 PM,5.0,5,3,4,6,1,4,3,1,1,3,UNABLE TO DETERMINE,2,2,1.0,0.0,0.0,0.0,1.0,1.0,18,6,3,03/22/2024,2024-03-22,18:30:00
01/01/2024 06:30:00 PM,5.0,2,2,5,5,1,3,1,1,1,3,DISREGARDING TRAFFIC SIGNALS,2,1,0.0,0.0,0.0,0.0,0.0,2.0,18,2,1,01/01/2024,2024-01-01,18:30:00
05/18/2024 06:15:00 PM,3.0,2,1,6,6,1,3,3,1,1,3,FAILING TO YIELD RIGHT-OF-WAY,2,3,1.0,0.0,0.0,1.0,0.0,1.0,18,7,5,05/18/2024,2024-05-18,18:15:00
08/05/2024 03:23:00 PM,5.0,2,1,6,5,1,3,3,0,1,3,IMPROPER OVERTAKING/PASSING,2,1,0.0,0.0,0.0,0.0,0.0,2.0,15,2,8,08/05/2024,2024-08-05,15:23:00
05/24/2024 06:38:00 AM,5.0,2,1,5,5,1,3,1,1,1,3,DISREGARDING TRAFFIC SIGNALS,2,3,2.0,0.0,0.0,1.0,1.0,2.0,6,6,5,05/24/2024,2024-05-24,06:38:00
06/14/2024 01:30:00 PM,3.0,2,1,4,1,1,3,3,0,1,3,FOLLOWING TOO CLOSELY,2,1,0.0,0.0,0.0,0.0,0.0,3.0,13,6,6,06/14/2024,2024-06-14,13:30:00
03/24/2024 06:15:00 PM,1.0,2,1,7,6,1,3,3,1,1,3,FAILING TO YIELD RIGHT-OF-WAY,2,2,1.0,0.0,0.0,0.0,1.0,2.0,18,1,3,03/24/2024,2024-03-24,18:15:00
03/23/2024 05:00:00 PM,5.0,2,1,4,6,1,3,3,0,1,2,FOLLOWING TOO CLOSELY,2,1,0.0,0.0,0.0,0.0,0.0,5.0,17,7,3,03/23/2024,2024-03-23,17:00:00
05/06/2024 08:00:00 AM,5.0,2,1,6,5,1,3,3,1,1,3,FAILING TO YIELD RIGHT-OF-WAY,2,1,0.0,0.0,0.0,0.0,0.0,2.0,8,2,5,05/06/2024,2024-05-06,08:00:00
02/16/2024 06:10:00 PM,5.0,2,5,6,6,1,1,1,0,1,2,UNABLE TO DETERMINE,2,1,0.0,0.0,0.0,0.0,0.0,3.0,18,6,2,02/16/2024,2024-02-16,18:10:00
05/06/2024 02:57:00 PM,5.0,2,1,6,4,1,3,3,1,1,3,FAILING TO YIELD RIGHT-OF-WAY,2,1,0.0,0.0,0.0,0.0,0.0,2.0,14,2,5,05/06/2024,2024-05-06,14:57:00
05/20/2024 03:05:00 PM,5.0,2,1,5,5,1,3,3,0,1,3,FAILING TO YIELD RIGHT-OF-WAY,2,1,0.0,0.0,0.0,0.0,0.0,2.0,15,2,5,05/20/2024,2024-05-20,15:05:00
02/28/2024 05:41:00 PM,5.0,2,3,3,12,1,3,1,0,1,3,UNABLE TO DETERMINE,2,1,0.0,0.0,0.0,0.0,0.0,3.0,17,4,2,02/28/2024,2024-02-28,17:41:00
04/01/2024 04:30:00 PM,3.0,4,1,6,9,1,4,1,1,1,3,DRIVING SKILLS/KNOWLEDGE/EXPERIENCE,2,3,1.0,0.0,0.0,1.0,0.0,3.0,16,2,4,04/01/2024,2024-04-01,16:30:00
03/10/2024 04:40:00 AM,5.0,2,5,6,5,1,3,3,1,1,3,UNABLE TO DETERMINE,2,3,1.0,0.0,0.0,1.0,0.0,1.0,4,1,3,03/10/2024,2024-03-10,04:40:00
04/30/2024 03:50:00 PM,5.0,2,1,5,7,1,3,1,0,1,3,DISREGARDING TRAFFIC SIGNALS,2,1,0.0,0.0,0.0,0.0,0.0,2.0,15,3,4,04/30/2024,2024-04-30,15:50:00
04/08/2024 02:08:00 PM,7.0,2,1,14,6,1,3,3,1,1,3,DISREGARDING STOP SIGN,2,2,1.0,0.0,0.0,0.0,1.0,1.0,14,2,4,04/08/2024,2024-04-08,14:08:00
02/21/2024 05:00:00 PM,5.0,2,1,3,10,1,3,1,0,1,3,UNABLE TO DETERMINE,2,1,0.0,0.0,0.0,0.0,0.0,2.0,17,4,2,02/21/2024,2024-02-21,17:00:00
02/23/2024 08:00:00 PM,5.0,5,4,6,3,1,4,3,1,1,3,IMPROPER TURNING/NO SIGNAL,2,1,0.0,0.0,0.0,0.0,0.0,4.0,20,6,2,02/23/2024,2024-02-23,20:00:00
03/25/2024 12:45:00 PM,5.0,2,1,5,5,1,3,1,0,1,3,DISREGARDING TRAFFIC SIGNALS,2,1,0.0,0.0,0.0,0.0,0.0,2.0,12,2,3,03/25/2024,2024-03-25,12:45:00
05/19/2024 01:50:00 PM,5.0,2,1,9,6,1,3,1,0,1,3,UNABLE TO DETERMINE,2,1,0.0,0.0,0.0,0.0,0.0,2.0,13,1,5,05/19/2024,2024-05-19,13:50:00
01/17/2024 04:54:00 PM,5.0,1,4,6,14,1,4,3,1,1,3,IMPROPER TURNING/NO SIGNAL,2,2,2.0,0.0,0.0,0.0,2.0,0.0,16,4,1,01/17/2024,2024-01-17,16:54:00
05/22/2024 05:30:00 PM,7.0,2,1,5,4,1,3,3,0,1,3,UNABLE TO DETERMINE,2,1,0.0,0.0,0.0,0.0,0.0,2.0,17,4,5,05/22/2024,2024-05-22,17:30:00
03/08/2024 09:30:00 PM,7.0,4,4,13,6,1,4,3,1,1,2,UNABLE TO DETERMINE,2,3,1.0,0.0,0.0,1.0,0.0,1.0,21,6,3,03/08/2024,2024-03-08,21:30:00
03/09/2024 02:52:00 PM,7.0,2,1,5,5,1,3,3,1,1,2,UNABLE TO DETERMINE,2,3,1.0,0.0,0.0,1.0,0.0,2.0,14,7,3,03/09/2024,2024-03-09,14:52:00
04/19/2024 09:00:00 AM,5.0,2,1,6,6,1,3,3,1,1,3,DISREGARDING TRAFFIC SIGNALS,2,3,2.0,0.0,0.0,2.0,0.0,0.0,9,6,4,04/19/2024,2024-04-19,09:00:00
02/09/2024 02:50:00 PM,5.0,2,1,13,5,1,3,3,0,1,1,FAILING TO REDUCE SPEED TO AVOID CRASH,2,1,0.0,0.0,0.0,0.0,0.0,2.0,14,6,2,02/09/2024,2024-02-09,14:50:00
01/24/2024 04:14:00 PM,5.0,4,1,6,6,1,4,3,1,1,2,TURNING RIGHT ON RED,2,1,0.0,0.0,0.0,0.0,0.0,4.0,16,4,1,01/24/2024,2024-01-24,16:14:00
04/07/2024 03:30:00 PM,5.0,2,1,4,6,1,3,3,0,1,3,UNABLE TO DETERMINE,2,1,0.0,0.0,0.0,0.0,0.0,2.0,15,1,4,04/07/2024,2024-04-07,15:30:00
06/25/2024 08:10:00 AM,5.0,4,1,2,6,1,4,3,1,1,3,NOT APPLICABLE,2,3,1.0,0.0,0.0,1.0,0.0,1.0,8,3,6,06/25/2024,2024-06-25,08:10:00
06/13/2024 06:50:00 PM,5.0,2,1,5,5,1,3,3,1,1,3,DISREGARDING TRAFFIC SIGNALS,2,3,1.0,0.0,0.0,1.0,0.0,1.0,18,5,6,06/13/2024,2024-06-13,18:50:00
03/30/2024 06:19:00 AM,5.0,4,4,6,5,1,4,3,1,1,3,DISREGARDING TRAFFIC SIGNALS,2,3,1.0,0.0,0.0,1.0,0.0,1.0,6,7,3,03/30/2024,2024-03-30,06:19:00
05/08/2024 09:05:00 AM,7.0,2,1,3,10,1,3,3,0,1,3,FAILING TO YIELD RIGHT-OF-WAY,2,1,0.0,0.0,0.0,0.0,0.0,6.0,9,4,5,05/08/2024,2024-05-08,09:05:00
08/07/2024 11:25:00 AM,7.0,2,1,5,6,1,3,3,1,1,3,IMPROPER TURNING/NO SIGNAL,2,1,0.0,0.0,0.0,0.0,0.0,2.0,11,4,8,08/07/2024,2024-08-07,11:25:00
06/02/2024 08:20:00 AM,5.0,2,1,3,3,1,3,3,0,1,3,FAILING TO REDUCE SPEED TO AVOID CRASH,2,1,0.0,0.0,0.0,0.0,0.0,4.0,8,1,6,06/02/2024,2024-06-02,08:20:00
02/06/2024 08:21:00 AM,5.0,2,1,6,5,1,3,3,1,1,3,FAILING TO YIELD RIGHT-OF-WAY,2,1,0.0,0.0,0.0,0.0,0.0,2.0,8,3,2,02/06/2024,2024-02-06,08:21:00
02/06/2024 05:15:00 PM,5.0,2,3,6,5,1,3,3,0,1,3,FAILING TO YIELD RIGHT-OF-WAY,2,1,0.0,0.0,0.0,0.0,0.0,2.0,17,3,2,02/06/2024,2024-02-06,17:15:00
08/27/2024 05:40:00 PM,5.0,2,1,6,5,1,3,3,0,1,3,NOT APPLICABLE,2,1,0.0,0.0,0.0,0.0,0.0,2.0,17,3,8,08/27/2024,2024-08-27,17:40:00
03/16/2024 12:00:00 PM,3.0,2,1,4,6,1,3,3,0,1,1,FOLLOWING TOO CLOSELY,2,1,0.0,0.0,0.0,0.0,0.0,2.0,12,7,3,03/16/2024,2024-03-16,12:00:00
03/20/2024 08:00:00 PM,5.0,2,4,5,5,1,3,3,0,1,3,DISREGARDING TRAFFIC SIGNALS,2,1,0.0,0.0,0.0,0.0,0.0,2.0,20,4,3,03/20/2024,2024-03-20,20:00:00
04/13/2024 01:35:00 AM,5.0,2,4,10,5,1,3,1,1,1,3,UNABLE TO DETERMINE,2,3,2.0,0.0,0.0,2.0,0.0,4.0,1,7,4,04/13/2024,2024-04-13,01:35:00
06/09/2024 02:52:00 PM,5.0,2,1,7,1,1,3,3,1,1,3,UNABLE TO DETERMINE,2,4,1.0,0.0,1.0,0.0,0.0,1.0,14,1,6,06/09/2024,2024-06-09,14:52:00
04/29/2024 06:40:00 AM,5.0,4,4,14,5,1,4,3,0,1,3,UNABLE TO DETERMINE,2,1,0.0,0.0,0.0,0.0,0.0,2.0,6,2,4,04/29/2024,2024-04-29,06:40:00
01/17/2024 11:30:00 PM,7.0,5,4,4,5,1,4,1,1,1,3,FAILING TO REDUCE SPEED TO AVOID CRASH,2,1,0.0,0.0,0.0,0.0,0.0,3.0,23,4,1,01/17/2024,2024-01-17,23:30:00
02/20/2024 12:00:00 PM,5.0,2,1,6,10,1,3,3,0,1,3,IMPROPER TURNING/NO SIGNAL,2,1,0.0,0.0,0.0,0.0,0.0,2.0,12,3,2,02/20/2024,2024-02-20,12:00:00
06/05/2024 04:50:00 PM,5.0,2,1,4,5,1,3,3,1,1,3,UNABLE TO DETERMINE,2,3,1.0,0.0,0.0,1.0,0.0,1.0,16,4,6,06/05/2024,2024-06-05,16:50:00
04/15/2024 10:00:00 AM,5.0,2,1,4,6,1,3,3,1,1,3,IMPROPER OVERTAKING/PASSING,2,1,0.0,0.0,0.0,0.0,0.0,2.0,10,2,4,04/15/2024,2024-04-15,10:00:00
04/03/2024 05:55:00 PM,5.0,4,1,6,7,1,4,3,1,1,3,TURNING RIGHT ON RED,2,1,0.0,0.0,0.0,0.0,0.0,2.0,17,4,4,04/03/2024,2024-04-03,17:55:00
05/24/2024 02:05:00 AM,5.0,2,4,5,3,1,3,3,1,1,3,DISREGARDING TRAFFIC SIGNALS,2,3,2.0,0.0,0.0,1.0,1.0,1.0,2,6,5,05/24/2024,2024-05-24,02:05:00
01/13/2024 05:41:00 PM,5.0,5,5,5,5,1,5,3,1,1,3,FAILING TO YIELD RIGHT-OF-WAY,2,3,1.0,0.0,0.0,1.0,0.0,1.0,17,7,1,01/13/2024,2024-01-13,17:41:00
04/13/2024 03:42:00 AM,5.0,2,4,5,4,1,3,1,1,1,3,DISREGARDING TRAFFIC SIGNALS,2,3,2.0,0.0,0.0,2.0,0.0,0.0,3,7,4,04/13/2024,2024-04-13,03:42:00
07/11/2024 07:45:00 PM,5.0,2,1,6,4,1,3,3,1,1,3,FAILING TO YIELD RIGHT-OF-WAY,2,4,2.0,0.0,1.0,1.0,0.0,0.0,19,5,7,07/11/2024,2024-07-11,19:45:00
04/30/2024 06:05:00 PM,5.0,2,1,4,5,1,3,3,0,1,3,UNABLE TO DETERMINE,2,1,0.0,0.0,0.0,0.0,0.0,2.0,18,3,4,04/30/2024,2024-04-30,18:05:00
02/17/2024 11:40:00 PM,5.0,2,4,4,10,1,3,3,1,0,3,IMPROPER OVERTAKING/PASSING,2,1,0.0,0.0,0.0,0.0,0.0,2.0,23,7,2,02/17/2024,2024-02-17,23:40:00
01/03/2024 06:02:00 PM,5.0,2,3,6,5,1,3,3,1,1,3,DISTRACTION - FROM INSIDE VEHICLE,2,1,0.0,0.0,0.0,0.0,0.0,3.0,18,4,1,01/03/2024,2024-01-03,18:02:00
06/08/2024 11:05:00 PM,5.0,2,4,4,4,1,3,3,0,1,3,FOLLOWING TOO CLOSELY,2,1,0.0,0.0,0.0,0.0,0.0,2.0,23,7,6,06/08/2024,2024-06-08,23:05:00
03/05/2024 10:40:00 PM,5.0,2,1,4,4,1,1,1,0,1,3,UNABLE TO DETERMINE,2,1,0.0,0.0,0.0,0.0,0.0,2.0,22,3,3,03/05/2024,2024-03-05,22:40:00
03/08/2024 10:49:00 AM,5.0,4,1,6,6,1,4,3,1,1,3,DISREGARDING ROAD MARKINGS,2,2,2.0,0.0,0.0,0.0,2.0,0.0,10,6,3,03/08/2024,2024-03-08,10:49:00
01/26/2024 03:50:00 PM,1.0,2,1,14,6,1,1,1,0,1,1,UNABLE TO DETERMINE,2,1,0.0,0.0,0.0,0.0,0.0,2.0,15,6,1,01/26/2024,2024-01-26,15:50:00
04/24/2024 09:20:00 PM,5.0,2,4,6,6,1,3,3,1,1,2,FAILING TO YIELD RIGHT-OF-WAY,2,2,1.0,0.0,0.0,0.0,1.0,2.0,21,4,4,04/24/2024,2024-04-24,21:20:00
05/23/2024 02:45:00 PM,5.0,2,1,4,5,1,3,1,0,1,3,UNABLE TO DETERMINE,2,1,0.0,0.0,0.0,0.0,0.0,2.0,14,5,5,05/23/2024,2024-05-23,14:45:00
03/31/2024 08:56:00 AM,7.0,2,1,4,5,1,3,3,0,1,3,FOLLOWING TOO CLOSELY,2,1,0.0,0.0,0.0,0.0,0.0,4.0,8,1,3,03/31/2024,2024-03-31,08:56:00
05/09/2024 04:15:00 PM,5.0,4,1,4,3,1,1,1,0,1,2,UNABLE TO DETERMINE,2,1,0.0,0.0,0.0,0.0,0.0,2.0,16,5,5,05/09/2024,2024-05-09,16:15:00
04/21/2024 07:20:00 PM,3.0,2,3,6,6,1,3,3,0,0,3,FAILING TO YIELD RIGHT-OF-WAY,2,1,0.0,0.0,0.0,0.0,0.0,2.0,19,1,4,04/21/2024,2024-04-21,19:20:00
04/14/2024 10:40:00 PM,5.0,2,4,5,5,1,3,3,0,1,3,UNABLE TO DETERMINE,2,1,0.0,0.0,0.0,0.0,0.0,2.0,22,1,4,04/14/2024,2024-04-14,22:40:00
03/08/2024 03:15:00 PM,5.0,4,1,5,5,1,4,3,1,1,3,EQUIPMENT - VEHICLE CONDITION,2,1,0.0,0.0,0.0,0.0,0.0,4.0,15,6,3,03/08/2024,2024-03-08,15:15:00
06/15/2024 07:00:00 AM,5.0,2,1,11,7,1,1,1,1,1,3,UNABLE TO DETERMINE,2,1,0.0,0.0,0.0,0.0,0.0,1.0,7,7,6,06/15/2024,2024-06-15,07:00:00
07/17/2024 12:30:00 PM,7.0,2,1,4,5,1,3,3,0,1,3,UNABLE TO DETERMINE,2,1,0.0,0.0,0.0,0.0,0.0,2.0,12,4,7,07/17/2024,2024-07-17,12:30:00
01/30/2024 09:05:00 AM,6.0,3,1,4,6,1,4,3,0,1,3,EQUIPMENT - VEHICLE CONDITION,2,1,0.0,0.0,0.0,0.0,0.0,2.0,9,3,1,01/30/2024,2024-01-30,09:05:00
06/13/2024 02:03:00 PM,5.0,2,1,5,5,1,3,3,1,1,3,DISREGARDING TRAFFIC SIGNALS,2,3,2.0,0.0,0.0,1.0,1.0,0.0,14,5,6,06/13/2024,2024-06-13,14:03:00
01/25/2024 06:50:00 PM,7.0,4,4,5,6,1,4,3,1,1,3,UNABLE TO DETERMINE,2,1,0.0,0.0,0.0,0.0,0.0,2.0,18,5,1,01/25/2024,2024-01-25,18:50:00
07/26/2024 10:01:00 AM,7.0,2,1,6,6,1,3,3,1,1,3,FAILING TO YIELD RIGHT-OF-WAY,2,2,1.0,0.0,0.0,0.0,1.0,2.0,10,6,7,07/26/2024,2024-07-26,10:01:00
01/17/2024 12:18:00 PM,7.0,2,1,6,6,2,6,3,1,1,3,UNABLE TO DETERMINE,2,3,1.0,0.0,0.0,1.0,0.0,1.0,12,4,1,01/17/2024,2024-01-17,12:18:00
04/23/2024 04:18:00 PM,5.0,4,1,4,4,1,4,3,1,1,3,UNABLE TO DETERMINE,2,2,1.0,0.0,0.0,0.0,1.0,1.0,16,3,4,04/23/2024,2024-04-23,16:18:00
04/09/2024 01:40:00 PM,7.0,2,1,5,6,1,3,3,1,1,3,FAILING TO YIELD RIGHT-OF-WAY,2,1,0.0,0.0,0.0,0.0,0.0,2.0,13,3,4,04/09/2024,2024-04-09,13:40:00
02/01/2024 11:35:00 AM,7.0,2,1,4,5,1,3,1,0,1,2,FAILING TO REDUCE SPEED TO AVOID CRASH,2,1,0.0,0.0,0.0,0.0,0.0,2.0,11,5,2,02/01/2024,2024-02-01,11:35:00
03/13/2024 09:00:00 AM,5.0,3,4,6,5,1,1,1,0,1,3,IMPROPER LANE USAGE,2,1,0.0,0.0,0.0,0.0,0.0,2.0,9,4,3,03/13/2024,2024-03-13,09:00:00
06/05/2024 11:24:00 PM,5.0,2,4,4,2,1,3,3,0,0,3,FOLLOWING TOO CLOSELY,2,1,0.0,0.0,0.0,0.0,0.0,2.0,23,4,6,06/05/2024,2024-06-05,23:24:00
01/18/2024 10:10:00 AM,5.0,5,1,6,5,1,5,3,0,0,3,IMPROPER TURNING/NO SIGNAL,2,1,0.0,0.0,0.0,0.0,0.0,3.0,10,5,1,01/18/2024,2024-01-18,10:10:00
06/25/2024 10:20:00 PM,5.0,2,4,4,6,1,1,1,0,1,2,UNABLE TO DETERMINE,2,1,0.0,0.0,0.0,0.0,0.0,3.0,22,3,6,06/25/2024,2024-06-25,22:20:00
04/23/2024 07:01:00 PM,5.0,2,3,6,6,1,4,3,1,1,3,UNABLE TO DETERMINE,2,3,1.0,0.0,0.0,1.0,0.0,4.0,19,3,4,04/23/2024,2024-04-23,19:01:00
01/02/2024 01:00:00 PM,7.0,2,1,3,4,1,3,3,0,1,3,FAILING TO YIELD RIGHT-OF-WAY,2,1,0.0,0.0,0.0,0.0,0.0,2.0,13,3,1,01/02/2024,2024-01-02,13:00:00
07/02/2024 05:00:00 PM,7.0,2,1,4,5,1,3,3,0,1,2,FAILING TO REDUCE SPEED TO AVOID CRASH,2,1,0.0,0.0,0.0,0.0,0.0,3.0,17,3,7,07/02/2024,2024-07-02,17:00:00