crash_date,traffic_control_device,weather_condition,lighting_condition,first_crash_type,trafficway_type,alignment,roadway_surface_cond,road_defect,crash_type,intersection_related_i,damage,prim_contributory_cause,num_units,most_severe_injury,injuries_total,injuries_fatal,injuries_incapacitating,injuries_non_incapacitating,injuries_reported_not_evident,injuries_no_indication,crash_hour,crash_day_of_week,crash_month,parsed_datetime,date,time
07/22/2024 08:01:00 PM,3.0,2,3,14,5,1,3,3,1,1,3,ANIMAL,2,3,1.0,0.0,0.0,1.0,0.0,1.0,20,2,7,07/22/2024,2024-07-22,20:01:00
05/13/2024 09:24:00 AM,5.0,2,1,13,4,1,3,3,1,1,3,OBSTRUCTED CROSSWALKS,2,3,1.0,0.0,0.0,1.0,0.0,1.0,9,2,5,05/13/2024,2024-05-13,09:24:00
08/04/2024 08:02:00 PM,5.0,2,5,6,5,1,3,3,0,1,3,IMPROPER OVERTAKING/PASSING,2,1,0.0,0.0,0.0,0.0,0.0,3.0,20,1,8,08/04/2024,2024-08-04,20:02:00
02/26/2024 10:50:00 AM,5.0,2,1,6,4,1,3,3,0,1,2,IMPROPER TURNING/NO SIGNAL,2,1,0.0,0.0,0.0,0.0,0.0,2.0,10,2,2,02/26/2024,2024-02-26,10:50:00
05/09/2024 08:20:00 AM,7.0,4,1,6,7,1,4,3,0,1,2,FAILING TO YIELD RIGHT-OF-WAY,2,1,0.0,0.0,0.0,0.0,0.0,2.0,8,5,5,05/09/2024,2024-05-09,08:20:00
07/24/2024 06:15:00 AM,5.0,2,1,5,5,1,3,3,1,1,3,IMPROPER LANE USAGE,2,3,1.0,0.0,0.0,1.0,0.0,1.0,6,4,7,07/24/2024,2024-07-24,06:15:00
03/16/2024 11:00:00 PM,7.0,2,4,11,5,1,3,3,0,1,3,UNABLE TO DETERMINE,2,1,0.0,0.0,0.0,0.0,0.0,1.0,23,7,3,03/16/2024,2024-03-16,23:00:00
01/10/2024 04:09:00 PM,5.0,2,2,6,7,1,3,1,0,1,3,IMPROPER LANE USAGE,2,1,0.0,0.0,0.0,0.0,0.0,2.0,16,4,1,01/10/2024,2024-01-10,16:09:00
04/13/2024 12:05:00 PM,3.0,2,1,6,5,1,3,3,1,1,3,UNABLE TO DETERMINE,2,1,0.0,0.0,0.0,0.0,0.0,4.0,12,7,4,04/13/2024,2024-04-13,12:05:00
03/10/2024 06:50:00 AM,5.0,2,1,13,5,1,3,3,1,1,1,FAILING TO YIELD RIGHT-OF-WAY,2,3,1.0,0.0,0.0,1.0,0.0,2.0,6,1,3,03/10/2024,2024-03-10,06:50:00
06/22/2024 05:17:00 PM,5.0,2,1,4,6,1,3,3,1,1,3,UNABLE TO DETERMINE,2,3,1.0,0.0,0.0,1.0,0.0,1.0,17,7,6,06/22/2024,2024-06-22,17:17:00
01/30/2024 06:12:00 AM,5.0,2,3,4,6,1,4,3,1,1,3,FAILING TO REDUCE SPEED TO AVOID CRASH,2,1,0.0,0.0,0.0,0.0,0.0,3.0,6,3,1,01/30/2024,2024-01-30,06:12:00
08/11/2024 06:06:00 PM,5.0,2,1,5,5,1,3,3,1,1,3,DISREGARDING TRAFFIC SIGNALS,2,2,2.0,0.0,0.0,0.0,2.0,0.0,18,1,8,08/11/2024,2024-08-11,18:06:00
01/09/2024 05:56:00 PM,5.0,5,4,13,7,1,5,3,1,1,3,DISREGARDING TRAFFIC SIGNALS,2,3,1.0,0.0,0.0,1.0,0.0,1.0,17,3,1,01/09/2024,2024-01-09,17:56:00
05/11/2024 03:50:00 PM,7.0,2,1,4,6,1,3,3,0,1,2,FOLLOWING TOO CLOSELY,2,1,0.0,0.0,0.0,0.0,0.0,5.0,15,7,5,05/11/2024,2024-05-11,15:50:00
05/05/2024 04:07:00 PM,7.0,2,1,5,5,1,3,1,1,1,3,UNABLE TO DETERMINE,2,2,1.0,0.0,0.0,0.0,1.0,1.0,16,1,5,05/05/2024,2024-05-05,16:07:00
06/17/2024 03:30:00 PM,5.0,2,1,4,5,1,3,1,0,1,3,FAILING TO YIELD RIGHT-OF-WAY,2,1,0.0,0.0,0.0,0.0,0.0,2.0,15,2,6,06/17/2024,2024-06-17,15:30:00
05/31/2024 12:00:00 PM,3.0,2,1,4,4,1,3,3,0,1,3,FOLLOWING TOO CLOSELY,2,1,0.0,0.0,0.0,0.0,0.0,2.0,12,6,5,05/31/2024,2024-05-31,12:00:00
08/13/2024 11:54:00 AM,5.0,2,1,4,3,1,3,3,0,1,2,DRIVING SKILLS/KNOWLEDGE/EXPERIENCE,2,1,0.0,0.0,0.0,0.0,0.0,2.0,11,3,8,08/13/2024,2024-08-13,11:54:00
05/29/2024 12:40:00 AM,5.0,2,4,6,14,1,3,3,1,1,3,IMPROPER TURNING/NO SIGNAL,2,1,0.0,0.0,0.0,0.0,0.0,2.0,0,4,5,05/29/2024,2024-05-29,00:40:00
03/07/2024 09:25:00 PM,5.0,3,4,5,6,1,3,1,1,1,3,DISREGARDING TRAFFIC SIGNALS,2,1,0.0,0.0,0.0,0.0,0.0,3.0,21,5,3,03/07/2024,2024-03-07,21:25:00
08/07/2024 06:17:00 PM,5.0,2,1,4,6,1,3,3,1,1,2,FAILING TO REDUCE SPEED TO AVOID CRASH,2,3,2.0,0.0,0.0,2.0,0.0,1.0,18,4,8,08/07/2024,2024-08-07,18:17:00
06/14/2024 12:09:00 PM,7.0,2,1,6,5,1,3,3,0,1,2,UNABLE TO DETERMINE,2,1,0.0,0.0,0.0,0.0,0.0,2.0,12,6,6,06/14/2024,2024-06-14,12:09:00
06/26/2024 11:30:00 AM,3.0,2,1,6,6,1,3,3,0,1,1,IMPROPER TURNING/NO SIGNAL,2,1,0.0,0.0,0.0,0.0,0.0,2.0,11,4,6,06/26/2024,2024-06-26,11:30:00
04/20/2024 03:40:00 PM,7.0,2,1,5,5,1,3,3,0,1,3,FAILING TO YIELD RIGHT-OF-WAY,2,1,0.0,0.0,0.0,0.0,0.0,3.0,15,7,4,04/20/2024,2024-04-20,15:40:00
07/03/2024 08:05:00 AM,5.0,2,1,6,6,1,3,6,0,1,3,DISREGARDING OTHER TRAFFIC SIGNS,2,1,0.0,0.0,0.0,0.0,0.0,2.0,8,4,7,07/03/2024,2024-07-03,08:05:00
05/07/2024 07:15:00 AM,5.0,2,1,4,5,1,3,3,1,1,2,UNABLE TO DETERMINE,2,3,1.0,0.0,0.0,1.0,0.0,1.0,7,3,5,05/07/2024,2024-05-07,07:15:00
03/15/2024 06:10:00 AM,5.0,2,2,5,5,1,3,3,1,1,3,DISREGARDING TRAFFIC SIGNALS,2,1,0.0,0.0,0.0,0.0,0.0,2.0,6,6,3,03/15/2024,2024-03-15,06:10:00
02/09/2024 07:15:00 AM,7.0,2,1,5,1,1,4,3,1,1,3,FAILING TO REDUCE SPEED TO AVOID CRASH,2,2,1.0,0.0,0.0,0.0,1.0,1.0,7,6,2,02/09/2024,2024-02-09,07:15:00
03/14/2024 09:00:00 PM,5.0,2,4,6,5,1,1,1,1,1,3,FAILING TO YIELD RIGHT-OF-WAY,2,1,0.0,0.0,0.0,0.0,0.0,4.0,21,5,3,03/14/2024,2024-03-14,21:00:00
05/05/2024 01:02:00 AM,7.0,2,4,4,6,1,3,3,0,1,3,"OPERATING VEHICLE IN ERRATIC, RECKLESS, CARELESS, NEGLIGENT OR AGGRESSIVE MANNER",2,1,0.0,0.0,0.0,0.0,0.0,3.0,1,1,5,05/05/2024,2024-05-05,01:02:00
03/28/2024 03:25:00 PM,7.0,2,1,5,5,1,3,3,0,1,3,DISREGARDING STOP SIGN,2,1,0.0,0.0,0.0,0.0,0.0,2.0,15,5,3,03/28/2024,2024-03-28,15:25:00
04/01/2024 02:00:00 AM,5.0,2,4,6,10,1,1,3,0,0,3,IMPROPER TURNING/NO SIGNAL,2,1,0.0,0.0,0.0,0.0,0.0,2.0,2,2,4,04/01/2024,2024-04-01,02:00:00
08/03/2024 10:00:00 PM,1.0,2,5,6,6,1,3,3,0,1,3,IMPROPER LANE USAGE,2,1,0.0,0.0,0.0,0.0,0.0,9.0,22,7,8,08/03/2024,2024-08-03,22:00:00
05/23/2024 03:43:00 PM,5.0,2,1,7,4,1,3,3,1,1,2,FAILING TO YIELD RIGHT-OF-WAY,2,2,1.0,0.0,0.0,0.0,1.0,1.0,15,5,5,05/23/2024,2024-05-23,15:43:00
04/21/2024 11:00:00 PM,5.0,2,4,5,6,1,3,3,1,1,2,FAILING TO YIELD RIGHT-OF-WAY,2,1,0.0,0.0,0.0,0.0,0.0,2.0,23,1,4,04/21/2024,2024-04-21,23:00:00
05/16/2024 03:00:00 PM,7.0,3,1,6,7,1,3,3,0,1,1,FAILING TO YIELD RIGHT-OF-WAY,2,1,0.0,0.0,0.0,0.0,0.0,3.0,15,5,5,05/16/2024,2024-05-16,15:00:00
03/31/2024 10:15:00 AM,3.0,2,1,5,6,1,3,1,1,1,3,NOT APPLICABLE,2,3,2.0,0.0,0.0,2.0,0.0,4.0,10,1,3,03/31/2024,2024-03-31,10:15:00
06/03/2024 09:57:00 AM,5.0,2,1,4,4,1,3,3,0,0,3,FOLLOWING TOO CLOSELY,2,1,0.0,0.0,0.0,0.0,0.0,6.0,9,2,6,06/03/2024,2024-06-03,09:57:00
05/26/2024 02:00:00 PM,5.0,2,1,6,5,1,3,2,0,1,3,IMPROPER TURNING/NO SIGNAL,2,1,0.0,0.0,0.0,0.0,0.0,2.0,14,1,5,05/26/2024,2024-05-26,14:00:00
05/07/2024 04:39:00 PM,5.0,2,1,5,5,1,3,3,0,1,3,FAILING TO YIELD RIGHT-OF-WAY,2,1,0.0,0.0,0.0,0.0,0.0,2.0,16,3,5,05/07/2024,2024-05-07,16:39:00
05/31/2024 12:43:00 PM,7.0,2,1,5,5,1,1,1,0,1,2,FAILING TO YIELD RIGHT-OF-WAY,2,1,0.0,0.0,0.0,0.0,0.0,2.0,12,6,5,05/31/2024,2024-05-31,12:43:00
03/08/2024 12:59:00 PM,5.0,4,1,5,5,1,4,3,1,1,3,DISREGARDING TRAFFIC SIGNALS,2,1,0.0,0.0,0.0,0.0,0.0,2.0,12,6,3,03/08/2024,2024-03-08,12:59:00
02/07/2024 06:00:00 PM,7.0,2,5,6,7,1,3,3,0,1,3,UNABLE TO DETERMINE,2,1,0.0,0.0,0.0,0.0,0.0,2.0,18,4,2,02/07/2024,2024-02-07,18:00:00
07/18/2024 06:20:00 PM,5.0,2,1,6,6,1,3,3,1,1,3,FAILING TO YIELD RIGHT-OF-WAY,2,2,1.0,0.0,0.0,0.0,1.0,3.0,18,5,7,07/18/2024,2024-07-18,18:20:00
04/27/2024 11:05:00 PM,7.0,2,4,4,3,1,3,3,0,1,3,FOLLOWING TOO CLOSELY,2,1,0.0,0.0,0.0,0.0,0.0,2.0,23,7,4,04/27/2024,2024-04-27,23:05:00
01/20/2024 07:30:00 PM,5.0,2,4,4,6,1,5,1,0,1,3,FAILING TO REDUCE SPEED TO AVOID CRASH,2,1,0.0,0.0,0.0,0.0,0.0,2.0,19,7,1,01/20/2024,2024-01-20,19:30:00
02/23/2024 07:00:00 AM,5.0,2,1,3,6,1,3,3,0,1,3,IMPROPER LANE USAGE,2,1,0.0,0.0,0.0,0.0,0.0,2.0,7,6,2,02/23/2024,2024-02-23,07:00:00
08/11/2024 04:49:00 PM,3.0,2,1,3,13,1,3,3,0,1,1,IMPROPER OVERTAKING/PASSING,2,1,0.0,0.0,0.0,0.0,0.0,7.0,16,1,8,08/11/2024,2024-08-11,16:49:00
01/20/2024 08:50:00 AM,5.0,2,1,6,18,2,3,3,0,1,3,FAILING TO YIELD RIGHT-OF-WAY,2,1,0.0,0.0,0.0,0.0,0.0,2.0,8,7,1,01/20/2024,2024-01-20,08:50:00
03/14/2024 09:00:00 AM,5.0,2,1,3,1,1,1,1,0,1,3,UNABLE TO DETERMINE,2,1,0.0,0.0,0.0,0.0,0.0,2.0,9,5,3,03/14/2024,2024-03-14,09:00:00
01/29/2024 08:30:00 AM,5.0,2,1,6,5,1,3,3,0,1,3,UNABLE TO DETERMINE,2,1,0.0,0.0,0.0,0.0,0.0,2.0,8,2,1,01/29/2024,2024-01-29,08:30:00
02/04/2024 08:15:00 PM,7.0,2,4,5,6,1,3,1,1,1,3,UNABLE TO DETERMINE,2,1,0.0,0.0,0.0,0.0,0.0,2.0,20,1,2,02/04/2024,2024-02-04,20:15:00
04/24/2024 04:50:00 PM,5.0,2,1,4,5,1,3,3,0,1,2,FOLLOWING TOO CLOSELY,2,1,0.0,0.0,0.0,0.0,0.0,2.0,16,4,4,04/24/2024,2024-04-24,16:50:00
07/20/2024 10:53:00 PM,7.0,2,4,5,5,1,3,3,1,1,3,DISREGARDING STOP SIGN,2,3,2.0,0.0,0.0,2.0,0.0,0.0,22,7,7,07/20/2024,2024-07-20,22:53:00
05/25/2024 12:30:00 PM,7.0,2,1,6,2,1,3,3,1,1,3,FAILING TO YIELD RIGHT-OF-WAY,2,1,0.0,0.0,0.0,0.0,0.0,2.0,12,7,5,05/25/2024,2024-05-25,12:30:00
01/07/2024 03:01:00 AM,5.0,5,4,9,9,1,5,3,1,1,3,DISREGARDING TRAFFIC SIGNALS,2,1,0.0,0.0,0.0,0.0,0.0,3.0,3,1,1,01/07/2024,2024-01-07,03:01:00
05/05/2024 06:30:00 PM,7.0,2,1,6,4,1,3,3,0,1,2,DRIVING SKILLS/KNOWLEDGE/EXPERIENCE,2,1,0.0,0.0,0.0,0.0,0.0,3.0,18,1,5,05/05/2024,2024-05-05,18:30:00
04/19/2024 02:18:00 PM,5.0,2,1,4,5,1,3,3,0,1,3,DRIVING SKILLS/KNOWLEDGE/EXPERIENCE,2,1,0.0,0.0,0.0,0.0,0.0,3.0,14,6,4,04/19/2024,2024-04-19,14:18:00
04/09/2024 01:20:00 PM,7.0,2,1,5,5,1,3,3,1,1,3,FAILING TO YIELD RIGHT-OF-WAY,2,3,2.0,0.0,0.0,2.0,0.0,0.0,13,3,4,04/09/2024,2024-04-09,13:20:00
07/10/2024 03:30:00 PM,7.0,2,1,5,6,1,3,3,0,1,3,UNABLE TO DETERMINE,2,1,0.0,0.0,0.0,0.0,0.0,2.0,15,4,7,07/10/2024,2024-07-10,15:30:00
02/05/2024 08:14:00 PM,5.0,2,5,6,14,1,3,3,1,1,3,UNABLE TO DETERMINE,2,3,1.0,0.0,0.0,1.0,0.0,1.0,20,2,2,02/05/2024,2024-02-05,20:14:00
01/19/2024 02:37:00 PM,7.0,2,1,4,4,1,1,1,0,1,3,UNABLE TO DETERMINE,2,1,0.0,0.0,0.0,0.0,0.0,2.0,14,6,1,01/19/2024,2024-01-19,14:37:00
05/09/2024 09:10:00 PM,5.0,2,4,6,6,1,3,3,0,1,3,FAILING TO YIELD RIGHT-OF-WAY,2,1,0.0,0.0,0.0,0.0,0.0,2.0,21,5,5,05/09/2024,2024-05-09,21:10:00
04/14/2024 06:15:00 PM,7.0,2,1,6,5,1,3,3,0,1,3,FAILING TO YIELD RIGHT-OF-WAY,2,1,0.0,0.0,0.0,0.0,0.0,5.0,18,1,4,04/14/2024,2024-04-14,18:15:00
07/24/2024 03:30:00 PM,5.0,2,1,4,3,1,3,3,1,1,3,FOLLOWING TOO CLOSELY,2,2,1.0,0.0,0.0,0.0,1.0,2.0,15,4,7,07/24/2024,2024-07-24,15:30:00
03/06/2024 06:29:00 PM,7.0,2,4,5,1,1,3,3,1,1,3,UNABLE TO DETERMINE,2,2,1.0,0.0,0.0,0.0,1.0,1.0,18,4,3,03/06/2024,2024-03-06,18:29:00
05/17/2024 06:14:00 PM,5.0,2,1,5,5,1,3,3,0,1,3,DISREGARDING TRAFFIC SIGNALS,2,1,0.0,0.0,0.0,0.0,0.0,2.0,18,6,5,05/17/2024,2024-05-17,18:14:00
07/12/2024 03:24:00 PM,7.0,2,1,13,6,1,3,2,1,1,1,DISTRACTION - FROM OUTSIDE VEHICLE,2,2,1.0,0.0,0.0,0.0,1.0,1.0,15,6,7,07/12/2024,2024-07-12,15:24:00
07/15/2024 10:50:00 AM,7.0,2,1,11,5,1,1,1,1,1,3,UNABLE TO DETERMINE,2,1,0.0,0.0,0.0,0.0,0.0,1.0,10,2,7,07/15/2024,2024-07-15,10:50:00
07/29/2024 09:45:00 PM,7.0,2,4,13,5,1,3,3,0,1,1,DISREGARDING STOP SIGN,2,1,0.0,0.0,0.0,0.0,0.0,2.0,21,2,7,07/29/2024,2024-07-29,21:45:00
07/01/2024 11:38:00 AM,2.0,2,1,11,6,1,3,3,0,0,1,NOT APPLICABLE,2,1,0.0,0.0,0.0,0.0,0.0,2.0,11,2,7,07/01/2024,2024-07-01,11:38:00
06/28/2024 01:20:00 PM,5.0,3,1,3,5,1,4,1,0,1,3,UNABLE TO DETERMINE,2,1,0.0,0.0,0.0,0.0,0.0,4.0,13,6,6,06/28/2024,2024-06-28,13:20:00
03/18/2024 03:20:00 PM,5.0,2,1,4,5,1,3,3,0,1,3,FOLLOWING TOO CLOSELY,2,1,0.0,0.0,0.0,0.0,0.0,2.0,15,2,3,03/18/2024,2024-03-18,15:20:00
04/06/2024 09:55:00 AM,5.0,2,1,5,3,1,3,3,1,1,3,UNABLE TO DETERMINE,2,1,0.0,0.0,0.0,0.0,0.0,2.0,9,7,4,04/06/2024,2024-04-06,09:55:00
08/06/2024 11:50:00 AM,7.0,3,1,5,5,1,3,1,0,1,3,FAILING TO YIELD RIGHT-OF-WAY,2,1,0.0,0.0,0.0,0.0,0.0,2.0,11,3,8,08/06/2024,2024-08-06,11:50:00
07/22/2024 04:20:00 PM,7.0,2,1,10,4,1,3,3,0,1,3,DRIVING ON WRONG SIDE/WRONG WAY,2,1,0.0,0.0,0.0,0.0,0.0,2.0,16,2,7,07/22/2024,2024-07-22,16:20:00
04/28/2024 05:45:00 AM,5.0,4,2,4,6,1,4,3,1,1,2,WEATHER,2,2,1.0,0.0,0.0,0.0,1.0,1.0,5,1,4,04/28/2024,2024-04-28,05:45:00
04/30/2024 08:24:00 AM,5.0,2,1,9,6,1,3,3,1,1,3,FAILING TO YIELD RIGHT-OF-WAY,2,1,0.0,0.0,0.0,0.0,0.0,2.0,8,3,4,04/30/2024,2024-04-30,08:24:00
06/19/2024 08:39:00 PM,5.0,2,2,11,5,1,3,1,0,1,3,IMPROPER TURNING/NO SIGNAL,2,1,0.0,0.0,0.0,0.0,0.0,1.0,20,4,6,06/19/2024,2024-06-19,20:39:00
04/19/2024 09:20:00 AM,7.0,2,1,6,6,1,3,3,0,1,3,UNABLE TO DETERMINE,2,1,0.0,0.0,0.0,0.0,0.0,2.0,9,6,4,04/19/2024,2024-04-19,09:20:00
02/07/2024 01:50:00 AM,5.0,2,4,5,4,1,3,3,1,1,3,UNABLE TO DETERMINE,2,1,0.0,0.0,0.0,0.0,0.0,4.0,1,4,2,02/07/2024,2024-02-07,01:50:00
05/03/2024 05:00:00 PM,5.0,2,1,6,4,1,3,1,1,1,3,DISREGARDING TRAFFIC SIGNALS,2,3,1.0,0.0,0.0,1.0,0.0,1.0,17,6,5,05/03/2024,2024-05-03,17:00:00
04/30/2024 03:45:00 PM,5.0,2,1,4,9,1,3,3,0,1,3,UNABLE TO DETERMINE,2,1,0.0,0.0,0.0,0.0,0.0,2.0,15,3,4,04/30/2024,2024-04-30,15:45:00
04/18/2024 04:30:00 PM,5.0,3,1,5,5,1,3,3,1,1,3,DISREGARDING TRAFFIC SIGNALS,2,2,2.0,0.0,0.0,0.0,2.0,0.0,16,5,4,04/18/2024,2024-04-18,16:30:00
02/28/2024 11:30:00 AM,5.0,2,1,5,5,1,3,1,1,1,3,DISREGARDING TRAFFIC SIGNALS,2,4,1.0,0.0,1.0,0.0,0.0,1.0,11,4,2,02/28/2024,2024-02-28,11:30:00
05/23/2024 03:10:00 PM,7.0,2,1,5,6,1,3,3,1,1,3,UNABLE TO DETERMINE,2,1,0.0,0.0,0.0,0.0,0.0,2.0,15,5,5,05/23/2024,2024-05-23,15:10:00
03/19/2024 06:56:00 PM,3.0,2,4,11,7,1,3,3,0,1,3,IMPROPER BACKING,2,1,0.0,0.0,0.0,0.0,0.0,2.0,18,3,3,03/19/2024,2024-03-19,18:56:00
01/12/2024 08:39:00 PM,5.0,4,4,6,6,1,4,3,0,1,3,DISTRACTION - FROM OUTSIDE VEHICLE,2,1,0.0,0.0,0.0,0.0,0.0,4.0,20,6,1,01/12/2024,2024-01-12,20:39:00
04/11/2024 06:21:00 AM,5.0,4,5,13,5,1,4,3,1,1,1,FAILING TO YIELD RIGHT-OF-WAY,2,3,1.0,0.0,0.0,1.0,0.0,1.0,6,5,4,04/11/2024,2024-04-11,06:21:00
08/04/2024 09:33:00 AM,3.0,2,1,6,5,1,3,3,0,1,3,IMPROPER TURNING/NO SIGNAL,2,1,0.0,0.0,0.0,0.0,0.0,2.0,9,1,8,08/04/2024,2024-08-04,09:33:00
07/30/2024 11:47:00 AM,5.0,2,1,14,6,1,3,3,1,1,2,UNABLE TO DETERMINE,2,3,1.0,0.0,0.0,1.0,0.0,1.0,11,3,7,07/30/2024,2024-07-30,11:47:00
06/21/2024 12:30:00 PM,7.0,2,1,6,6,1,3,3,0,1,3,"VISION OBSCURED (SIGNS, TREE LIMBS, BUILDINGS, ETC.)",2,1,0.0,0.0,0.0,0.0,0.0,2.0,12,6,6,06/21/2024,2024-06-21,12:30:00
03/09/2024 04:00:00 PM,5.0,2,1,3,5,1,3,3,0,1,3,IMPROPER OVERTAKING/PASSING,2,1,0.0,0.0,0.0,0.0,0.0,5.0,16,7,3,03/09/2024,2024-03-09,16:00:00
05/17/2024 01:15:00 PM,7.0,2,1,5,5,1,3,3,0,1,3,FAILING TO YIELD RIGHT-OF-WAY,2,1,0.0,0.0,0.0,0.0,0.0,5.0,13,6,5,05/17/2024,2024-05-17,13:15:00
06/05/2024 06:40:00 PM,5.0,2,1,6,5,1,3,3,0,1,3,IMPROPER TURNING/NO SIGNAL,2,1,0.0,0.0,0.0,0.0,0.0,2.0,18,4,6,06/05/2024,2024-06-05,18:40:00
06/12/2024 04:40:00 PM,5.0,2,1,6,5,1,3,1,0,1,3,FOLLOWING TOO CLOSELY,2,1,0.0,0.0,0.0,0.0,0.0,2.0,16,4,6,06/12/2024,2024-06-12,16:40:00
04/14/2024 07:19:00 AM,5.0,2,1,6,10,1,3,3,0,1,3,DISREGARDING ROAD MARKINGS,2,1,0.0,0.0,0.0,0.0,0.0,2.0,7,1,4,04/14/2024,2024-04-14,07:19:00
04/30/2024 07:52:00 AM,5.0,2,1,4,5,1,3,3,0,1,2,FOLLOWING TOO CLOSELY,2,1,0.0,0.0,0.0,0.0,0.0,3.0,7,3,4,04/30/2024,2024-04-30,07:52:00
06/12/2024 03:40:00 PM,5.0,2,1,4,4,1,3,1,0,1,3,UNABLE TO DETERMINE,2,1,0.0,0.0,0.0,0.0,0.0,2.0,15,4,6,06/12/2024,2024-06-12,15:40:00
03/17/2024 04:09:00 PM,5.0,2,1,4,5,1,3,1,0,1,3,UNABLE TO DETERMINE,2,1,0.0,0.0,0.0,0.0,0.0,3.0,16,1,3,03/17/2024,2024-03-17,16:09:00
07/20/2024 09:00:00 AM,7.0,2,1,4,6,1,3,3,0,1,2,UNABLE TO DETERMINE,2,1,0.0,0.0,0.0,0.0,0.0,2.0,9,7,7,07/20/2024,2024-07-20,09:00:00
01/01/2024 06:35:00 PM,7.0,2,1,6,6,1,1,3,1,1,3,FAILING TO YIELD RIGHT-OF-WAY,2,1,0.0,0.0,0.0,0.0,0.0,2.0,18,2,1,01/01/2024,2024-01-01,18:35:00
03/06/2024 08:41:00 PM,5.0,2,4,4,5,1,3,3,0,1,1,DRIVING SKILLS/KNOWLEDGE/EXPERIENCE,2,1,0.0,0.0,0.0,0.0,0.0,4.0,20,4,3,03/06/2024,2024-03-06,20:41:00
03/18/2024 11:45:00 AM,5.0,2,1,6,5,1,3,3,0,0,1,UNABLE TO DETERMINE,2,1,0.0,0.0,0.0,0.0,0.0,3.0,11,2,3,03/18/2024,2024-03-18,11:45:00
07/13/2024 11:15:00 PM,5.0,4,4,4,6,1,4,3,1,1,3,WEATHER,2,2,2.0,0.0,0.0,0.0,2.0,0.0,23,7,7,07/13/2024,2024-07-13,23:15:00
02/09/2024 02:45:00 PM,3.0,2,1,6,2,1,3,3,1,1,3,FAILING TO YIELD RIGHT-OF-WAY,2,3,1.0,0.0,0.0,1.0,0.0,1.0,14,6,2,02/09/2024,2024-02-09,14:45:00
07/13/2024 11:30:00 AM,5.0,2,1,6,5,1,3,3,0,1,3,FAILING TO YIELD RIGHT-OF-WAY,2,1,0.0,0.0,0.0,0.0,0.0,2.0,11,7,7,07/13/2024,2024-07-13,11:30:00
05/08/2024 05:40:00 PM,1.0,2,1,3,5,1,1,1,0,1,3,UNABLE TO DETERMINE,2,1,0.0,0.0,0.0,0.0,0.0,2.0,17,4,5,05/08/2024,2024-05-08,17:40:00
05/22/2024 10:50:00 PM,5.0,2,4,4,5,1,3,3,0,1,3,FOLLOWING TOO CLOSELY,2,1,0.0,0.0,0.0,0.0,0.0,2.0,22,4,5,05/22/2024,2024-05-22,22:50:00
05/01/2024 03:30:00 PM,1.0,2,1,4,6,1,1,1,0,1,3,UNABLE TO DETERMINE,2,1,0.0,0.0,0.0,0.0,0.0,2.0,15,4,5,05/01/2024,2024-05-01,15:30:00
07/31/2024 06:00:00 PM,3.0,2,1,5,5,1,3,1,0,1,3,FAILING TO YIELD RIGHT-OF-WAY,2,1,0.0,0.0,0.0,0.0,0.0,3.0,18,4,7,07/31/2024,2024-07-31,18:00:00
07/09/2024 06:43:00 PM,5.0,4,1,3,5,1,4,3,0,1,3,IMPROPER LANE USAGE,2,1,0.0,0.0,0.0,0.0,0.0,4.0,18,3,7,07/09/2024,2024-07-09,18:43:00
08/02/2024 04:35:00 PM,7.0,2,1,5,5,1,3,1,1,1,3,FAILING TO YIELD RIGHT-OF-WAY,2,3,1.0,0.0,0.0,1.0,0.0,1.0,16,6,8,08/02/2024,2024-08-02,16:35:00
06/06/2024 06:45:00 AM,7.0,2,1,4,6,1,3,3,1,1,2,UNABLE TO DETERMINE,2,2,1.0,0.0,0.0,0.0,1.0,1.0,6,5,6,06/06/2024,2024-06-06,06:45:00
02/18/2024 07:55:00 AM,5.0,2,1,4,5,1,3,3,1,1,1,FAILING TO REDUCE SPEED TO AVOID CRASH,2,3,1.0,0.0,0.0,1.0,0.0,3.0,7,1,2,02/18/2024,2024-02-18,07:55:00
05/24/2024 03:00:00 PM,5.0,2,1,4,5,1,3,3,0,1,3,UNABLE TO DETERMINE,2,1,0.0,0.0,0.0,0.0,0.0,2.0,15,6,5,05/24/2024,2024-05-24,15:00:00
08/09/2024 12:46:00 PM,5.0,2,1,5,5,4,3,3,0,1,3,ROAD CONSTRUCTION/MAINTENANCE,2,1,0.0,0.0,0.0,0.0,0.0,2.0,12,6,8,08/09/2024,2024-08-09,12:46:00
01/26/2024 06:44:00 PM,5.0,4,4,3,5,1,4,3,0,1,3,UNABLE TO DETERMINE,2,1,0.0,0.0,0.0,0.0,0.0,3.0,18,6,1,01/26/2024,2024-01-26,18:44:00
08/13/2024 02:10:00 PM,7.0,2,1,5,4,1,3,1,1,1,3,NOT APPLICABLE,2,1,0.0,0.0,0.0,0.0,0.0,3.0,14,3,8,08/13/2024,2024-08-13,14:10:00
08/03/2024 11:00:00 PM,5.0,2,5,4,4,1,3,3,1,1,3,FOLLOWING TOO CLOSELY,2,2,1.0,0.0,0.0,0.0,1.0,1.0,23,7,8,08/03/2024,2024-08-03,23:00:00
02/18/2024 05:07:00 PM,7.0,2,3,14,6,1,3,3,1,1,2,FAILING TO YIELD RIGHT-OF-WAY,2,2,1.0,0.0,0.0,0.0,1.0,4.0,17,1,2,02/18/2024,2024-02-18,17:07:00