crash_date,traffic_control_device,weather_condition,lighting_condition,first_crash_type,trafficway_type,alignment,roadway_surface_cond,road_defect,crash_type,intersection_related_i,damage,prim_contributory_cause,num_units,most_severe_injury,injuries_total,injuries_fatal,injuries_incapacitating,injuries_non_incapacitating,injuries_reported_not_evident,injuries_no_indication,crash_hour,crash_day_of_week,crash_month,parsed_datetime,date,time
01/24/2024 05:15:00 PM,5.0,4,4,13,10,1,4,3,1,1,3,WEATHER,2,3,1.0,0.0,0.0,1.0,0.0,1.0,17,4,1,01/24/2024,2024-01-24,17:15:00
06/20/2024 10:45:00 AM,5.0,2,1,6,7,1,3,3,0,1,3,ROAD ENGINEERING/SURFACE/MARKING DEFECTS,2,1,0.0,0.0,0.0,0.0,0.0,2.0,10,5,6,06/20/2024,2024-06-20,10:45:00
03/17/2024 12:29:00 AM,5.0,2,4,3,5,1,3,3,0,1,2,DISREGARDING ROAD MARKINGS,2,1,0.0,0.0,0.0,0.0,0.0,2.0,0,1,3,03/17/2024,2024-03-17,00:29:00
06/28/2024 12:04:00 PM,3.0,4,1,6,4,1,4,3,0,1,3,FAILING TO YIELD RIGHT-OF-WAY,2,1,0.0,0.0,0.0,0.0,0.0,2.0,12,6,6,06/28/2024,2024-06-28,12:04:00
04/05/2024 06:27:00 PM,3.0,2,1,6,6,1,3,3,1,1,3,FAILING TO YIELD RIGHT-OF-WAY,2,3,1.0,0.0,0.0,1.0,0.0,2.0,18,6,4,04/05/2024,2024-04-05,18:27:00
05/29/2024 09:55:00 PM,5.0,2,4,6,5,1,3,7,0,1,3,IMPROPER OVERTAKING/PASSING,2,1,0.0,0.0,0.0,0.0,0.0,2.0,21,4,5,05/29/2024,2024-05-29,21:55:00
06/20/2024 12:17:00 PM,5.0,2,1,4,6,1,3,3,0,1,3,FOLLOWING TOO CLOSELY,2,1,0.0,0.0,0.0,0.0,0.0,3.0,12,5,6,06/20/2024,2024-06-20,12:17:00
03/28/2024 11:00:00 PM,7.0,2,4,5,4,1,3,3,0,1,3,UNABLE TO DETERMINE,2,1,0.0,0.0,0.0,0.0,0.0,2.0,23,5,3,03/28/2024,2024-03-28,23:00:00
06/23/2024 08:30:00 AM,5.0,2,1,4,5,1,3,3,0,1,3,UNABLE TO DETERMINE,2,1,0.0,0.0,0.0,0.0,0.0,2.0,8,1,6,06/23/2024,2024-06-23,08:30:00
07/22/2024 06:00:00 PM,5.0,2,1,13,7,1,3,3,1,1,1,FAILING TO YIELD RIGHT-OF-WAY,2,3,1.0,0.0,0.0,1.0,0.0,1.0,18,2,7,07/22/2024,2024-07-22,18:00:00
04/11/2024 03:07:00 PM,7.0,2,1,6,5,1,3,3,0,1,3,FAILING TO YIELD RIGHT-OF-WAY,2,1,0.0,0.0,0.0,0.0,0.0,2.0,15,5,4,04/11/2024,2024-04-11,15:07:00
01/25/2024 07:43:00 AM,5.0,2,1,5,5,1,4,3,1,1,3,UNABLE TO DETERMINE,2,1,0.0,0.0,0.0,0.0,0.0,4.0,7,5,1,01/25/2024,2024-01-25,07:43:00
04/22/2024 10:02:00 PM,5.0,2,4,5,2,1,3,3,0,1,3,UNABLE TO DETERMINE,2,1,0.0,0.0,0.0,0.0,0.0,2.0,22,2,4,04/22/2024,2024-04-22,22:02:00
02/10/2024 06:20:00 PM,5.0,2,4,4,6,1,3,3,0,1,3,HAD BEEN DRINKING (USE WHEN ARREST IS NOT MADE),2,1,0.0,0.0,0.0,0.0,0.0,2.0,18,7,2,02/10/2024,2024-02-10,18:20:00
06/15/2024 03:40:00 PM,7.0,2,1,6,5,1,3,3,1,1,2,UNABLE TO DETERMINE,2,2,1.0,0.0,0.0,0.0,1.0,2.0,15,7,6,06/15/2024,2024-06-15,15:40:00
06/27/2024 11:15:00 AM,5.0,2,1,6,5,1,3,3,0,1,3,FAILING TO YIELD RIGHT-OF-WAY,2,1,0.0,0.0,0.0,0.0,0.0,2.0,11,5,6,06/27/2024,2024-06-27,11:15:00
01/09/2024 01:40:00 PM,3.0,4,1,5,2,1,4,3,0,1,3,UNABLE TO DETERMINE,2,1,0.0,0.0,0.0,0.0,0.0,2.0,13,3,1,01/09/2024,2024-01-09,13:40:00
04/04/2024 12:00:00 PM,7.0,4,1,5,5,1,4,3,0,1,2,UNABLE TO DETERMINE,2,1,0.0,0.0,0.0,0.0,0.0,2.0,12,5,4,04/04/2024,2024-04-04,12:00:00
06/25/2024 11:25:00 AM,3.0,2,1,3,3,1,1,1,0,1,2,IMPROPER LANE USAGE,2,1,0.0,0.0,0.0,0.0,0.0,2.0,11,3,6,06/25/2024,2024-06-25,11:25:00
02/03/2024 05:54:00 PM,3.0,2,4,6,7,1,3,3,1,1,3,IMPROPER TURNING/NO SIGNAL,2,1,0.0,0.0,0.0,0.0,0.0,2.0,17,7,2,02/03/2024,2024-02-03,17:54:00
06/11/2024 09:34:00 AM,7.0,2,1,13,5,1,3,3,1,1,1,DISREGARDING STOP SIGN,2,2,1.0,0.0,0.0,0.0,1.0,1.0,9,3,6,06/11/2024,2024-06-11,09:34:00
03/12/2024 06:10:00 AM,5.0,2,4,6,4,1,3,3,0,1,2,FAILING TO YIELD RIGHT-OF-WAY,2,1,0.0,0.0,0.0,0.0,0.0,2.0,6,3,3,03/12/2024,2024-03-12,06:10:00
07/22/2024 05:45:00 PM,7.0,2,1,5,5,1,3,3,1,1,3,FAILING TO YIELD RIGHT-OF-WAY,2,1,0.0,0.0,0.0,0.0,0.0,2.0,17,2,7,07/22/2024,2024-07-22,17:45:00
03/10/2024 11:15:00 AM,7.0,2,1,4,6,1,3,3,0,1,1,UNABLE TO DETERMINE,2,1,0.0,0.0,0.0,0.0,0.0,2.0,11,1,3,03/10/2024,2024-03-10,11:15:00
07/24/2024 08:40:00 AM,5.0,2,1,6,6,1,3,3,1,1,3,FAILING TO YIELD RIGHT-OF-WAY,2,2,2.0,0.0,0.0,0.0,2.0,0.0,8,4,7,07/24/2024,2024-07-24,08:40:00
01/28/2024 10:15:00 AM,5.0,2,1,6,7,1,3,3,0,1,3,IMPROPER OVERTAKING/PASSING,2,1,0.0,0.0,0.0,0.0,0.0,2.0,10,1,1,01/28/2024,2024-01-28,10:15:00
05/20/2024 12:20:00 PM,5.0,2,1,6,5,1,3,3,0,1,3,IMPROPER TURNING/NO SIGNAL,2,1,0.0,0.0,0.0,0.0,0.0,2.0,12,2,5,05/20/2024,2024-05-20,12:20:00
07/31/2024 10:30:00 AM,5.0,3,1,6,4,1,3,3,1,1,3,FAILING TO YIELD RIGHT-OF-WAY,2,3,2.0,0.0,0.0,2.0,0.0,2.0,10,4,7,07/31/2024,2024-07-31,10:30:00
03/29/2024 04:04:00 PM,7.0,2,1,5,5,1,3,3,1,1,3,UNABLE TO DETERMINE,2,1,0.0,0.0,0.0,0.0,0.0,2.0,16,6,3,03/29/2024,2024-03-29,16:04:00
05/21/2024 03:25:00 PM,3.0,2,1,11,4,1,3,3,0,0,2,IMPROPER OVERTAKING/PASSING,2,1,0.0,0.0,0.0,0.0,0.0,1.0,15,3,5,05/21/2024,2024-05-21,15:25:00
03/11/2024 10:50:00 PM,7.0,2,4,5,5,1,3,1,1,1,3,UNABLE TO DETERMINE,2,1,0.0,0.0,0.0,0.0,0.0,2.0,22,2,3,03/11/2024,2024-03-11,22:50:00
01/26/2024 08:30:00 AM,5.0,4,1,4,9,1,4,3,0,1,3,FOLLOWING TOO CLOSELY,2,1,0.0,0.0,0.0,0.0,0.0,2.0,8,6,1,01/26/2024,2024-01-26,08:30:00
05/16/2024 06:06:00 PM,7.0,2,1,4,4,1,3,3,0,1,3,FAILING TO REDUCE SPEED TO AVOID CRASH,2,1,0.0,0.0,0.0,0.0,0.0,2.0,18,5,5,05/16/2024,2024-05-16,18:06:00
07/09/2024 09:20:00 PM,5.0,4,4,4,4,1,4,3,0,1,3,FOLLOWING TOO CLOSELY,2,1,0.0,0.0,0.0,0.0,0.0,2.0,21,3,7,07/09/2024,2024-07-09,21:20:00
05/11/2024 04:50:00 PM,3.0,2,1,4,6,1,3,3,1,1,3,"OPERATING VEHICLE IN ERRATIC, RECKLESS, CARELESS, NEGLIGENT OR AGGRESSIVE MANNER",2,3,1.0,0.0,0.0,1.0,0.0,1.0,16,7,5,05/11/2024,2024-05-11,16:50:00
01/21/2024 10:10:00 AM,1.0,2,1,10,6,1,1,1,0,1,3,UNABLE TO DETERMINE,2,1,0.0,0.0,0.0,0.0,0.0,2.0,10,1,1,01/21/2024,2024-01-21,10:10:00
04/12/2024 04:30:00 PM,5.0,2,1,13,6,1,3,3,1,1,2,FAILING TO YIELD RIGHT-OF-WAY,2,3,1.0,0.0,0.0,1.0,0.0,1.0,16,6,4,04/12/2024,2024-04-12,16:30:00
06/23/2024 08:59:00 PM,5.0,2,4,4,4,1,3,3,0,1,3,FAILING TO REDUCE SPEED TO AVOID CRASH,2,1,0.0,0.0,0.0,0.0,0.0,2.0,20,1,6,06/23/2024,2024-06-23,20:59:00
02/23/2024 07:10:00 PM,5.0,5,4,6,7,1,4,3,0,1,2,UNABLE TO DETERMINE,2,1,0.0,0.0,0.0,0.0,0.0,5.0,19,6,2,02/23/2024,2024-02-23,19:10:00
07/09/2024 10:00:00 AM,1.0,2,1,6,6,1,3,3,0,1,3,FAILING TO YIELD RIGHT-OF-WAY,2,1,0.0,0.0,0.0,0.0,0.0,2.0,10,3,7,07/09/2024,2024-07-09,10:00:00
02/13/2024 03:20:00 PM,5.0,2,1,6,3,1,3,3,0,1,3,IMPROPER OVERTAKING/PASSING,2,1,0.0,0.0,0.0,0.0,0.0,3.0,15,3,2,02/13/2024,2024-02-13,15:20:00
06/11/2024 01:40:00 PM,5.0,2,1,4,7,1,1,1,0,1,3,DISREGARDING TRAFFIC SIGNALS,2,1,0.0,0.0,0.0,0.0,0.0,2.0,13,3,6,06/11/2024,2024-06-11,13:40:00
03/29/2024 03:20:00 PM,7.0,2,1,5,7,1,3,3,0,1,2,FAILING TO YIELD RIGHT-OF-WAY,2,1,0.0,0.0,0.0,0.0,0.0,2.0,15,6,3,03/29/2024,2024-03-29,15:20:00
04/09/2024 12:30:00 AM,5.0,2,4,5,5,1,3,3,1,1,3,FAILING TO YIELD RIGHT-OF-WAY,2,2,2.0,0.0,0.0,0.0,2.0,5.0,0,3,4,04/09/2024,2024-04-09,00:30:00
04/05/2024 03:00:00 PM,1.0,2,1,3,6,1,3,1,0,1,1,UNABLE TO DETERMINE,2,1,0.0,0.0,0.0,0.0,0.0,2.0,15,6,4,04/05/2024,2024-04-05,15:00:00
01/13/2024 04:15:00 PM,7.0,5,3,4,4,1,5,3,1,1,2,UNABLE TO DETERMINE,2,3,2.0,0.0,0.0,2.0,0.0,1.0,16,7,1,01/13/2024,2024-01-13,16:15:00
07/05/2024 03:20:00 PM,3.0,2,1,6,6,1,3,3,0,1,3,FAILING TO YIELD RIGHT-OF-WAY,2,1,0.0,0.0,0.0,0.0,0.0,2.0,15,6,7,07/05/2024,2024-07-05,15:20:00
08/09/2024 03:00:00 PM,7.0,2,1,6,5,1,3,3,1,1,3,FAILING TO YIELD RIGHT-OF-WAY,2,2,1.0,0.0,0.0,0.0,1.0,1.0,15,6,8,08/09/2024,2024-08-09,15:00:00
02/18/2024 03:50:00 PM,7.0,2,1,5,4,1,3,3,1,1,3,FAILING TO YIELD RIGHT-OF-WAY,2,2,2.0,0.0,0.0,0.0,2.0,0.0,15,1,2,02/18/2024,2024-02-18,15:50:00
03/19/2024 01:38:00 PM,5.0,2,1,3,5,1,3,3,0,1,1,UNABLE TO DETERMINE,2,1,0.0,0.0,0.0,0.0,0.0,2.0,13,3,3,03/19/2024,2024-03-19,13:38:00
04/16/2024 06:41:00 PM,3.0,4,1,2,6,1,4,3,1,1,1,FAILING TO YIELD RIGHT-OF-WAY,2,3,1.0,0.0,0.0,1.0,0.0,1.0,18,3,4,04/16/2024,2024-04-16,18:41:00
03/22/2024 10:20:00 PM,7.0,2,4,13,7,1,3,3,1,1,1,"VISION OBSCURED (SIGNS, TREE LIMBS, BUILDINGS, ETC.)",2,2,1.0,0.0,0.0,0.0,1.0,1.0,22,6,3,03/22/2024,2024-03-22,22:20:00
07/06/2024 03:45:00 PM,5.0,2,1,6,5,1,3,1,0,1,3,IMPROPER TURNING/NO SIGNAL,2,1,0.0,0.0,0.0,0.0,0.0,2.0,15,7,7,07/06/2024,2024-07-06,15:45:00
06/22/2024 08:08:00 PM,7.0,2,2,5,6,1,4,3,1,1,2,FAILING TO YIELD RIGHT-OF-WAY,2,1,0.0,0.0,0.0,0.0,0.0,2.0,20,7,6,06/22/2024,2024-06-22,20:08:00
06/29/2024 06:38:00 PM,7.0,2,1,5,5,1,3,3,1,1,3,FAILING TO YIELD RIGHT-OF-WAY,2,2,1.0,0.0,0.0,0.0,1.0,4.0,18,7,6,06/29/2024,2024-06-29,18:38:00
04/12/2024 07:07:00 AM,5.0,2,1,6,6,1,3,3,1,1,3,UNABLE TO DETERMINE,2,1,0.0,0.0,0.0,0.0,0.0,2.0,7,6,4,04/12/2024,2024-04-12,07:07:00
07/13/2024 01:30:00 PM,5.0,2,1,6,6,1,3,1,0,1,2,UNABLE TO DETERMINE,2,1,0.0,0.0,0.0,0.0,0.0,2.0,13,7,7,07/13/2024,2024-07-13,13:30:00
05/17/2024 09:28:00 PM,5.0,2,4,6,4,1,3,3,1,1,3,IMPROPER TURNING/NO SIGNAL,2,3,2.0,0.0,0.0,2.0,0.0,5.0,21,6,5,05/17/2024,2024-05-17,21:28:00
01/24/2024 08:58:00 AM,3.0,4,1,13,5,1,4,3,1,1,1,FAILING TO YIELD RIGHT-OF-WAY,2,3,1.0,0.0,0.0,1.0,0.0,1.0,8,4,1,01/24/2024,2024-01-24,08:58:00
05/01/2024 02:45:00 PM,7.0,2,1,9,6,1,3,3,1,1,3,DISREGARDING STOP SIGN,2,3,1.0,0.0,0.0,1.0,0.0,4.0,14,4,5,05/01/2024,2024-05-01,14:45:00
07/03/2024 10:54:00 AM,5.0,2,1,4,5,1,3,3,0,1,3,FOLLOWING TOO CLOSELY,2,1,0.0,0.0,0.0,0.0,0.0,2.0,10,4,7,07/03/2024,2024-07-03,10:54:00
03/13/2024 02:45:00 PM,5.0,2,1,4,4,1,3,3,0,1,3,UNABLE TO DETERMINE,2,1,0.0,0.0,0.0,0.0,0.0,2.0,14,4,3,03/13/2024,2024-03-13,14:45:00
05/02/2024 10:17:00 AM,3.0,2,1,6,4,1,3,1,0,1,3,UNABLE TO DETERMINE,2,1,0.0,0.0,0.0,0.0,0.0,2.0,10,5,5,05/02/2024,2024-05-02,10:17:00
03/19/2024 07:00:00 PM,5.0,2,1,3,5,1,3,3,0,1,2,DRIVING SKILLS/KNOWLEDGE/EXPERIENCE,2,1,0.0,0.0,0.0,0.0,0.0,3.0,19,3,3,03/19/2024,2024-03-19,19:00:00
01/29/2024 07:07:00 AM,7.0,2,1,5,6,1,3,3,0,1,2,DISREGARDING ROAD MARKINGS,2,1,0.0,0.0,0.0,0.0,0.0,2.0,7,2,1,01/29/2024,2024-01-29,07:07:00
08/06/2024 01:12:00 AM,5.0,2,4,5,4,1,3,3,0,1,2,IMPROPER LANE USAGE,2,1,0.0,0.0,0.0,0.0,0.0,2.0,1,3,8,08/06/2024,2024-08-06,01:12:00
02/29/2024 12:20:00 AM,5.0,2,4,6,5,1,3,3,1,0,3,DISREGARDING TRAFFIC SIGNALS,2,3,1.0,0.0,0.0,1.0,0.0,1.0,0,5,2,02/29/2024,2024-02-29,00:20:00
05/02/2024 03:30:00 PM,7.0,2,1,5,5,1,3,3,0,1,1,UNABLE TO DETERMINE,2,1,0.0,0.0,0.0,0.0,0.0,2.0,15,5,5,05/02/2024,2024-05-02,15:30:00
08/04/2024 05:38:00 PM,4.0,2,1,4,4,1,3,3,0,1,3,FOLLOWING TOO CLOSELY,2,1,0.0,0.0,0.0,0.0,0.0,5.0,17,1,8,08/04/2024,2024-08-04,17:38:00
03/22/2024 03:00:00 PM,5.0,5,1,5,6,1,5,3,0,1,3,DISREGARDING TRAFFIC SIGNALS,2,1,0.0,0.0,0.0,0.0,0.0,2.0,15,6,3,03/22/2024,2024-03-22,15:00:00
07/05/2024 01:00:00 AM,3.0,2,4,6,4,1,3,1,0,1,3,UNABLE TO DETERMINE,2,1,0.0,0.0,0.0,0.0,0.0,2.0,1,6,7,07/05/2024,2024-07-05,01:00:00
05/23/2024 04:46:00 PM,7.0,2,1,5,6,1,3,3,1,1,3,DISREGARDING TRAFFIC SIGNALS,2,3,2.0,0.0,0.0,2.0,0.0,0.0,16,5,5,05/23/2024,2024-05-23,16:46:00
08/10/2024 07:50:00 AM,1.0,2,1,6,8,1,3,1,0,0,3,UNABLE TO DETERMINE,2,1,0.0,0.0,0.0,0.0,0.0,2.0,7,7,8,08/10/2024,2024-08-10,07:50:00
03/12/2024 05:00:00 PM,3.0,2,1,4,5,1,3,3,0,1,3,FOLLOWING TOO CLOSELY,2,1,0.0,0.0,0.0,0.0,0.0,4.0,17,3,3,03/12/2024,2024-03-12,17:00:00
07/01/2024 11:20:00 AM,5.0,2,1,6,5,1,3,3,0,1,3,IMPROPER TURNING/NO SIGNAL,2,1,0.0,0.0,0.0,0.0,0.0,2.0,11,2,7,07/01/2024,2024-07-01,11:20:00
04/06/2024 05:10:00 PM,5.0,2,1,5,5,1,3,3,1,1,3,DISREGARDING TRAFFIC SIGNALS,2,2,1.0,0.0,0.0,0.0,1.0,2.0,17,7,4,04/06/2024,2024-04-06,17:10:00
04/10/2024 09:00:00 AM,5.0,2,1,4,5,1,3,3,0,1,2,FAILING TO YIELD RIGHT-OF-WAY,2,1,0.0,0.0,0.0,0.0,0.0,3.0,9,4,4,04/10/2024,2024-04-10,09:00:00
06/11/2024 03:54:00 PM,2.0,2,1,14,10,1,3,3,1,1,3,DRIVING ON WRONG SIDE/WRONG WAY,2,3,1.0,0.0,0.0,1.0,0.0,1.0,15,3,6,06/11/2024,2024-06-11,15:54:00
05/22/2024 03:20:00 PM,5.0,2,1,6,7,1,3,1,0,1,3,IMPROPER TURNING/NO SIGNAL,2,1,0.0,0.0,0.0,0.0,0.0,2.0,15,4,5,05/22/2024,2024-05-22,15:20:00
02/09/2024 04:30:00 AM,5.0,2,4,5,5,1,3,1,1,1,3,DISREGARDING TRAFFIC SIGNALS,2,2,1.0,0.0,0.0,0.0,1.0,1.0,4,6,2,02/09/2024,2024-02-09,04:30:00
05/13/2024 08:47:00 AM,5.0,2,1,13,5,1,3,3,1,1,3,FAILING TO YIELD RIGHT-OF-WAY,2,4,1.0,0.0,1.0,0.0,0.0,2.0,8,2,5,05/13/2024,2024-05-13,08:47:00
03/28/2024 12:04:00 AM,5.0,2,4,5,1,1,3,3,1,1,3,DISREGARDING TRAFFIC SIGNALS,2,1,0.0,0.0,0.0,0.0,0.0,3.0,0,5,3,03/28/2024,2024-03-28,00:04:00
05/01/2024 04:00:00 PM,3.0,2,1,6,7,1,3,3,0,1,3,IMPROPER OVERTAKING/PASSING,2,1,0.0,0.0,0.0,0.0,0.0,4.0,16,4,5,05/01/2024,2024-05-01,16:00:00
06/24/2024 09:57:00 PM,5.0,4,4,6,4,1,4,3,0,1,3,IMPROPER TURNING/NO SIGNAL,2,1,0.0,0.0,0.0,0.0,0.0,3.0,21,2,6,06/24/2024,2024-06-24,21:57:00
04/24/2024 05:16:00 PM,7.0,2,1,6,6,1,3,3,0,1,3,UNABLE TO DETERMINE,2,1,0.0,0.0,0.0,0.0,0.0,2.0,17,4,4,04/24/2024,2024-04-24,17:16:00
04/02/2024 05:30:00 PM,3.0,4,1,5,6,1,4,3,0,1,3,UNABLE TO DETERMINE,2,1,0.0,0.0,0.0,0.0,0.0,2.0,17,3,4,04/02/2024,2024-04-02,17:30:00
01/04/2024 12:45:00 PM,3.0,2,1,3,3,1,3,3,0,1,1,UNABLE TO DETERMINE,2,1,0.0,0.0,0.0,0.0,0.0,2.0,12,5,1,01/04/2024,2024-01-04,12:45:00
01/20/2024 11:43:00 AM,1.0,2,1,5,6,1,5,3,1,1,3,UNABLE TO DETERMINE,2,1,0.0,0.0,0.0,0.0,0.0,2.0,11,7,1,01/20/2024,2024-01-20,11:43:00
07/20/2024 10:50:00 PM,5.0,2,4,14,6,1,3,3,0,1,1,FOLLOWING TOO CLOSELY,2,1,0.0,0.0,0.0,0.0,0.0,2.0,22,7,7,07/20/2024,2024-07-20,22:50:00
08/10/2024 06:59:00 PM,5.0,2,2,5,5,1,3,3,1,1,3,DISREGARDING TRAFFIC SIGNALS,2,1,0.0,0.0,0.0,0.0,0.0,2.0,18,7,8,08/10/2024,2024-08-10,18:59:00
04/06/2024 03:30:00 PM,7.0,2,1,6,4,1,3,3,1,1,3,FAILING TO YIELD RIGHT-OF-WAY,2,3,1.0,0.0,0.0,1.0,0.0,3.0,15,7,4,04/06/2024,2024-04-06,15:30:00
05/04/2024 08:18:00 PM,5.0,4,2,9,5,1,4,3,0,1,3,UNABLE TO DETERMINE,2,1,0.0,0.0,0.0,0.0,0.0,2.0,20,7,5,05/04/2024,2024-05-04,20:18:00
04/17/2024 03:18:00 PM,5.0,3,1,4,4,1,3,3,0,1,2,UNABLE TO DETERMINE,2,1,0.0,0.0,0.0,0.0,0.0,2.0,15,4,4,04/17/2024,2024-04-17,15:18:00
05/24/2024 05:26:00 PM,7.0,2,1,6,5,1,3,3,1,1,3,DISREGARDING STOP SIGN,2,1,0.0,0.0,0.0,0.0,0.0,2.0,17,6,5,05/24/2024,2024-05-24,17:26:00
07/13/2024 11:10:00 AM,7.0,2,1,13,10,1,3,3,1,1,3,CELL PHONE USE OTHER THAN TEXTING,2,4,1.0,0.0,1.0,0.0,0.0,1.0,11,7,7,07/13/2024,2024-07-13,11:10:00
06/11/2024 03:15:00 PM,5.0,2,1,6,1,1,3,3,0,1,3,"VISION OBSCURED (SIGNS, TREE LIMBS, BUILDINGS, ETC.)",2,1,0.0,0.0,0.0,0.0,0.0,2.0,15,3,6,06/11/2024,2024-06-11,15:15:00
08/05/2024 02:00:00 PM,3.0,2,1,6,7,1,3,3,0,1,3,FAILING TO YIELD RIGHT-OF-WAY,2,1,0.0,0.0,0.0,0.0,0.0,2.0,14,2,8,08/05/2024,2024-08-05,14:00:00
06/28/2024 07:45:00 PM,1.0,4,3,6,6,1,3,1,0,1,3,NOT APPLICABLE,2,1,0.0,0.0,0.0,0.0,0.0,2.0,19,6,6,06/28/2024,2024-06-28,19:45:00
08/03/2024 05:31:00 PM,5.0,2,1,6,6,1,3,3,1,1,3,UNABLE TO DETERMINE,2,2,1.0,0.0,0.0,0.0,1.0,1.0,17,7,8,08/03/2024,2024-08-03,17:31:00
05/13/2024 02:56:00 PM,7.0,4,1,4,5,1,4,1,0,1,2,FAILING TO REDUCE SPEED TO AVOID CRASH,2,1,0.0,0.0,0.0,0.0,0.0,2.0,14,2,5,05/13/2024,2024-05-13,14:56:00
01/21/2024 03:00:00 AM,5.0,2,4,6,5,1,4,3,1,1,3,DISREGARDING TRAFFIC SIGNALS,2,1,0.0,0.0,0.0,0.0,0.0,2.0,3,1,1,01/21/2024,2024-01-21,03:00:00
04/09/2024 01:10:00 PM,3.0,2,1,5,5,1,3,3,0,1,3,NOT APPLICABLE,2,1,0.0,0.0,0.0,0.0,0.0,2.0,13,3,4,04/09/2024,2024-04-09,13:10:00
04/13/2024 12:11:00 PM,7.0,2,1,5,5,1,1,1,1,1,3,FAILING TO YIELD RIGHT-OF-WAY,2,2,1.0,0.0,0.0,0.0,1.0,3.0,12,7,4,04/13/2024,2024-04-13,12:11:00
07/26/2024 08:20:00 AM,5.0,2,1,6,5,1,1,1,0,1,2,UNABLE TO DETERMINE,2,1,0.0,0.0,0.0,0.0,0.0,2.0,8,6,7,07/26/2024,2024-07-26,08:20:00
07/12/2024 04:45:00 PM,3.0,2,1,6,4,1,3,3,0,0,2,FAILING TO YIELD RIGHT-OF-WAY,2,1,0.0,0.0,0.0,0.0,0.0,2.0,16,6,7,07/12/2024,2024-07-12,16:45:00
04/20/2024 09:08:00 PM,5.0,2,4,6,6,1,3,3,1,1,3,FAILING TO REDUCE SPEED TO AVOID CRASH,2,3,1.0,0.0,0.0,1.0,0.0,1.0,21,7,4,04/20/2024,2024-04-20,21:08:00
06/14/2024 03:55:00 PM,5.0,2,1,6,5,1,3,3,1,1,3,IMPROPER TURNING/NO SIGNAL,2,1,0.0,0.0,0.0,0.0,0.0,2.0,15,6,6,06/14/2024,2024-06-14,15:55:00
04/13/2024 04:20:00 PM,5.0,2,1,6,5,1,3,3,0,1,3,UNABLE TO DETERMINE,2,1,0.0,0.0,0.0,0.0,0.0,2.0,16,7,4,04/13/2024,2024-04-13,16:20:00
04/30/2024 10:04:00 PM,7.0,2,4,6,6,1,3,1,0,1,3,FAILING TO YIELD RIGHT-OF-WAY,2,1,0.0,0.0,0.0,0.0,0.0,2.0,22,3,4,04/30/2024,2024-04-30,22:04:00
04/24/2024 09:20:00 AM,7.0,2,1,5,6,1,3,3,0,1,3,DISREGARDING STOP SIGN,2,1,0.0,0.0,0.0,0.0,0.0,3.0,9,4,4,04/24/2024,2024-04-24,09:20:00
04/19/2024 05:45:00 PM,5.0,2,1,4,4,1,3,3,0,1,3,UNABLE TO DETERMINE,2,1,0.0,0.0,0.0,0.0,0.0,2.0,17,6,4,04/19/2024,2024-04-19,17:45:00
07/09/2024 04:30:00 PM,5.0,4,1,8,5,1,4,3,0,1,1,UNABLE TO DETERMINE,2,1,0.0,0.0,0.0,0.0,0.0,2.0,16,3,7,07/09/2024,2024-07-09,16:30:00
07/28/2024 09:38:00 PM,5.0,2,4,5,4,1,3,3,1,1,3,"OPERATING VEHICLE IN ERRATIC, RECKLESS, CARELESS, NEGLIGENT OR AGGRESSIVE MANNER",2,1,0.0,0.0,0.0,0.0,0.0,5.0,21,1,7,07/28/2024,2024-07-28,21:38:00
01/19/2024 05:40:00 AM,7.0,5,4,5,1,1,4,3,0,1,3,DISREGARDING STOP SIGN,2,1,0.0,0.0,0.0,0.0,0.0,2.0,5,6,1,01/19/2024,2024-01-19,05:40:00
04/25/2024 06:00:00 PM,5.0,2,1,4,6,1,1,1,0,1,3,FOLLOWING TOO CLOSELY,2,1,0.0,0.0,0.0,0.0,0.0,2.0,18,5,4,04/25/2024,2024-04-25,18:00:00
06/01/2024 08:19:00 PM,5.0,3,3,3,10,1,4,3,0,1,3,UNABLE TO DETERMINE,2,1,0.0,0.0,0.0,0.0,0.0,3.0,20,7,6,06/01/2024,2024-06-01,20:19:00
03/23/2024 03:45:00 PM,5.0,2,1,6,5,1,1,1,0,1,2,UNABLE TO DETERMINE,2,1,0.0,0.0,0.0,0.0,0.0,3.0,15,7,3,03/23/2024,2024-03-23,15:45:00
01/03/2024 04:00:00 PM,5.0,2,3,5,3,1,3,1,0,1,3,DRIVING SKILLS/KNOWLEDGE/EXPERIENCE,2,1,0.0,0.0,0.0,0.0,0.0,2.0,16,4,1,01/03/2024,2024-01-03,16:00:00
03/05/2024 02:10:00 PM,3.0,2,1,5,6,1,3,3,0,0,3,IMPROPER LANE USAGE,2,1,0.0,0.0,0.0,0.0,0.0,4.0,14,3,3,03/05/2024,2024-03-05,14:10:00
04/09/2024 06:54:00 AM,7.0,2,1,6,5,1,3,3,0,1,3,"OPERATING VEHICLE IN ERRATIC, RECKLESS, CARELESS, NEGLIGENT OR AGGRESSIVE MANNER",2,1,0.0,0.0,0.0,0.0,0.0,3.0,6,3,4,04/09/2024,2024-04-09,06:54:00