crash_date,traffic_control_device,weather_condition,lighting_condition,first_crash_type,trafficway_type,alignment,roadway_surface_cond,road_defect,crash_type,intersection_related_i,damage,prim_contributory_cause,num_units,most_severe_injury,injuries_total,injuries_fatal,injuries_incapacitating,injuries_non_incapacitating,injuries_reported_not_evident,injuries_no_indication,crash_hour,crash_day_of_week,crash_month,parsed_datetime,date,time
04/04/2024 12:11:00 AM,5.0,2,4,6,5,1,3,3,0,1,3,IMPROPER TURNING/NO SIGNAL,2,1,0.0,0.0,0.0,0.0,0.0,6.0,0,5,4,04/04/2024,2024-04-04,00:11:00
06/30/2024 06:50:00 PM,5.0,2,1,6,5,1,3,3,1,1,3,FAILING TO YIELD RIGHT-OF-WAY,2,1,0.0,0.0,0.0,0.0,0.0,6.0,18,1,6,06/30/2024,2024-06-30,18:50:00
05/10/2024 03:05:00 PM,5.0,2,1,6,5,1,3,3,0,1,3,UNABLE TO DETERMINE,2,1,0.0,0.0,0.0,0.0,0.0,2.0,15,6,5,05/10/2024,2024-05-10,15:05:00
01/17/2024 08:10:00 AM,7.0,2,1,5,5,1,3,3,1,1,3,FAILING TO YIELD RIGHT-OF-WAY,2,3,1.0,0.0,0.0,1.0,0.0,2.0,8,4,1,01/17/2024,2024-01-17,08:10:00
04/10/2024 03:44:00 PM,6.0,2,1,13,5,1,3,1,1,1,1,FAILING TO YIELD RIGHT-OF-WAY,2,2,1.0,0.0,0.0,0.0,1.0,1.0,15,4,4,04/10/2024,2024-04-10,15:44:00
05/08/2024 04:15:00 PM,7.0,2,1,5,5,1,3,3,0,1,3,DISREGARDING STOP SIGN,2,1,0.0,0.0,0.0,0.0,0.0,3.0,16,4,5,05/08/2024,2024-05-08,16:15:00
01/09/2024 10:07:00 AM,5.0,4,1,13,10,1,5,3,0,1,1,FAILING TO YIELD RIGHT-OF-WAY,2,1,0.0,0.0,0.0,0.0,0.0,2.0,10,3,1,01/09/2024,2024-01-09,10:07:00
06/16/2024 12:30:00 AM,7.0,2,4,5,5,1,3,7,1,1,3,DISREGARDING STOP SIGN,2,2,1.0,0.0,0.0,0.0,1.0,1.0,0,1,6,06/16/2024,2024-06-16,00:30:00
03/24/2024 09:30:00 AM,5.0,2,1,4,5,1,1,1,0,1,3,DISTRACTION - FROM INSIDE VEHICLE,2,1,0.0,0.0,0.0,0.0,0.0,2.0,9,1,3,03/24/2024,2024-03-24,09:30:00
07/25/2024 08:23:00 AM,5.0,2,1,4,18,2,3,3,1,1,3,FOLLOWING TOO CLOSELY,2,2,1.0,0.0,0.0,0.0,1.0,1.0,8,5,7,07/25/2024,2024-07-25,08:23:00
07/28/2024 02:24:00 PM,5.0,2,1,4,5,1,3,3,0,1,2,FAILING TO REDUCE SPEED TO AVOID CRASH,2,1,0.0,0.0,0.0,0.0,0.0,5.0,14,1,7,07/28/2024,2024-07-28,14:24:00
05/07/2024 10:30:00 AM,7.0,2,1,5,5,1,4,3,1,1,3,FAILING TO YIELD RIGHT-OF-WAY,2,1,0.0,0.0,0.0,0.0,0.0,2.0,10,3,5,05/07/2024,2024-05-07,10:30:00
04/21/2024 03:15:00 PM,5.0,2,1,5,5,1,3,3,0,1,3,UNABLE TO DETERMINE,2,1,0.0,0.0,0.0,0.0,0.0,2.0,15,1,4,04/21/2024,2024-04-21,15:15:00
04/22/2024 10:05:00 AM,7.0,2,1,6,5,1,3,3,1,1,3,UNABLE TO DETERMINE,2,1,0.0,0.0,0.0,0.0,0.0,2.0,10,2,4,04/22/2024,2024-04-22,10:05:00
05/25/2024 01:00:00 PM,7.0,2,1,4,6,1,3,3,0,1,3,NOT APPLICABLE,2,1,0.0,0.0,0.0,0.0,0.0,2.0,13,7,5,05/25/2024,2024-05-25,13:00:00
03/09/2024 05:40:00 AM,5.0,2,1,5,5,1,3,3,0,1,3,DISREGARDING TRAFFIC SIGNALS,2,1,0.0,0.0,0.0,0.0,0.0,2.0,5,7,3,03/09/2024,2024-03-09,05:40:00
08/05/2024 12:30:00 PM,5.0,2,1,3,6,1,1,3,0,1,3,DRIVING ON WRONG SIDE/WRONG WAY,2,1,0.0,0.0,0.0,0.0,0.0,3.0,12,2,8,08/05/2024,2024-08-05,12:30:00
07/05/2024 09:10:00 PM,5.0,2,4,6,14,1,3,1,0,1,2,FAILING TO YIELD RIGHT-OF-WAY,2,1,0.0,0.0,0.0,0.0,0.0,2.0,21,6,7,07/05/2024,2024-07-05,21:10:00
04/09/2024 07:08:00 AM,5.0,2,1,5,1,1,3,3,1,1,3,DISREGARDING TRAFFIC SIGNALS,2,1,0.0,0.0,0.0,0.0,0.0,2.0,7,3,4,04/09/2024,2024-04-09,07:08:00
01/10/2024 12:27:00 PM,5.0,2,1,6,4,1,1,1,1,1,3,FAILING TO YIELD RIGHT-OF-WAY,2,1,0.0,0.0,0.0,0.0,0.0,2.0,12,4,1,01/10/2024,2024-01-10,12:27:00
03/11/2024 05:13:00 PM,5.0,2,1,14,5,1,3,3,1,1,3,IMPROPER TURNING/NO SIGNAL,2,3,1.0,0.0,0.0,1.0,0.0,1.0,17,2,3,03/11/2024,2024-03-11,17:13:00
02/03/2024 08:10:00 PM,5.0,2,4,6,5,1,3,3,0,1,3,FAILING TO YIELD RIGHT-OF-WAY,2,1,0.0,0.0,0.0,0.0,0.0,4.0,20,7,2,02/03/2024,2024-02-03,20:10:00
06/30/2024 05:15:00 PM,5.0,2,1,13,5,1,3,3,1,0,1,UNABLE TO DETERMINE,2,4,1.0,0.0,1.0,0.0,0.0,1.0,17,1,6,06/30/2024,2024-06-30,17:15:00
08/07/2024 11:00:00 AM,5.0,2,1,14,5,1,3,3,0,1,1,FAILING TO YIELD RIGHT-OF-WAY,2,1,0.0,0.0,0.0,0.0,0.0,2.0,11,4,8,08/07/2024,2024-08-07,11:00:00
03/03/2024 02:50:00 PM,7.0,2,1,13,4,1,3,3,1,0,3,UNABLE TO DETERMINE,2,3,1.0,0.0,0.0,1.0,0.0,1.0,14,1,3,03/03/2024,2024-03-03,14:50:00
02/28/2024 05:05:00 PM,7.0,2,1,5,5,1,3,3,1,1,3,FAILING TO YIELD RIGHT-OF-WAY,2,1,0.0,0.0,0.0,0.0,0.0,2.0,17,4,2,02/28/2024,2024-02-28,17:05:00
02/08/2024 05:40:00 PM,5.0,3,4,4,4,1,3,3,0,1,3,IMPROPER BACKING,2,1,0.0,0.0,0.0,0.0,0.0,2.0,17,5,2,02/08/2024,2024-02-08,17:40:00
04/19/2024 03:04:00 PM,5.0,2,1,6,5,1,3,3,1,1,3,FAILING TO YIELD RIGHT-OF-WAY,2,1,0.0,0.0,0.0,0.0,0.0,2.0,15,6,4,04/19/2024,2024-04-19,15:04:00
03/07/2024 09:05:00 PM,5.0,2,4,5,5,1,3,3,0,1,3,UNABLE TO DETERMINE,2,1,0.0,0.0,0.0,0.0,0.0,4.0,21,5,3,03/07/2024,2024-03-07,21:05:00
04/17/2024 12:29:00 AM,5.0,2,5,5,5,1,1,1,1,1,3,UNABLE TO DETERMINE,2,2,2.0,0.0,0.0,0.0,2.0,1.0,0,4,4,04/17/2024,2024-04-17,00:29:00
06/08/2024 06:15:00 PM,5.0,2,4,11,6,1,3,3,1,0,3,UNABLE TO DETERMINE,2,1,0.0,0.0,0.0,0.0,0.0,1.0,18,7,6,06/08/2024,2024-06-08,18:15:00
01/14/2024 07:50:00 PM,5.0,2,4,5,5,1,4,3,1,1,3,FAILING TO REDUCE SPEED TO AVOID CRASH,2,2,2.0,0.0,0.0,0.0,2.0,0.0,19,1,1,01/14/2024,2024-01-14,19:50:00
06/14/2024 04:34:00 PM,5.0,2,1,13,5,1,3,3,1,1,1,FAILING TO YIELD RIGHT-OF-WAY,2,3,1.0,0.0,0.0,1.0,0.0,1.0,16,6,6,06/14/2024,2024-06-14,16:34:00
05/03/2024 04:40:00 PM,5.0,2,1,13,10,1,3,3,1,1,2,NOT APPLICABLE,2,2,1.0,0.0,0.0,0.0,1.0,1.0,16,6,5,05/03/2024,2024-05-03,16:40:00
01/26/2024 05:15:00 PM,3.0,4,4,4,5,1,4,3,0,1,3,FOLLOWING TOO CLOSELY,2,1,0.0,0.0,0.0,0.0,0.0,2.0,17,6,1,01/26/2024,2024-01-26,17:15:00
05/02/2024 03:15:00 PM,7.0,4,1,5,6,1,4,3,1,1,3,FAILING TO YIELD RIGHT-OF-WAY,2,1,0.0,0.0,0.0,0.0,0.0,3.0,15,5,5,05/02/2024,2024-05-02,15:15:00
04/17/2024 07:36:00 PM,5.0,3,3,4,4,1,3,3,0,1,2,FOLLOWING TOO CLOSELY,2,1,0.0,0.0,0.0,0.0,0.0,3.0,19,4,4,04/17/2024,2024-04-17,19:36:00
04/30/2024 05:00:00 PM,5.0,2,1,4,4,1,3,1,0,1,3,NOT APPLICABLE,2,1,0.0,0.0,0.0,0.0,0.0,2.0,17,3,4,04/30/2024,2024-04-30,17:00:00
04/04/2024 12:21:00 PM,7.0,4,5,6,9,1,4,3,1,1,2,DISREGARDING ROAD MARKINGS,2,1,0.0,0.0,0.0,0.0,0.0,2.0,12,5,4,04/04/2024,2024-04-04,12:21:00
07/19/2024 05:50:00 AM,7.0,2,1,6,4,1,3,3,1,1,3,FAILING TO YIELD RIGHT-OF-WAY,2,1,0.0,0.0,0.0,0.0,0.0,2.0,5,6,7,07/19/2024,2024-07-19,05:50:00
05/02/2024 08:05:00 PM,5.0,2,4,5,6,1,4,2,0,1,2,FAILING TO YIELD RIGHT-OF-WAY,2,1,0.0,0.0,0.0,0.0,0.0,4.0,20,5,5,05/02/2024,2024-05-02,20:05:00
03/07/2024 01:25:00 PM,5.0,2,1,4,12,2,3,1,0,0,1,NOT APPLICABLE,2,1,0.0,0.0,0.0,0.0,0.0,2.0,13,5,3,03/07/2024,2024-03-07,13:25:00
06/19/2024 02:20:00 PM,5.0,2,1,4,4,1,3,3,0,1,3,FOLLOWING TOO CLOSELY,2,1,0.0,0.0,0.0,0.0,0.0,2.0,14,4,6,06/19/2024,2024-06-19,14:20:00
03/12/2024 05:25:00 PM,5.0,2,1,3,6,1,3,3,0,1,3,FAILING TO YIELD RIGHT-OF-WAY,2,1,0.0,0.0,0.0,0.0,0.0,2.0,17,3,3,03/12/2024,2024-03-12,17:25:00
04/30/2024 11:00:00 PM,5.0,4,4,3,5,1,4,1,0,1,2,UNABLE TO DETERMINE,2,1,0.0,0.0,0.0,0.0,0.0,2.0,23,3,4,04/30/2024,2024-04-30,23:00:00
06/29/2024 03:30:00 PM,5.0,2,1,3,6,1,3,3,1,1,3,IMPROPER OVERTAKING/PASSING,2,1,0.0,0.0,0.0,0.0,0.0,2.0,15,7,6,06/29/2024,2024-06-29,15:30:00
03/27/2024 06:50:00 AM,5.0,2,1,4,6,1,3,1,0,1,2,FAILING TO YIELD RIGHT-OF-WAY,2,1,0.0,0.0,0.0,0.0,0.0,2.0,6,4,3,03/27/2024,2024-03-27,06:50:00
06/03/2024 09:25:00 AM,5.0,2,1,6,10,1,3,3,0,1,3,IMPROPER TURNING/NO SIGNAL,2,1,0.0,0.0,0.0,0.0,0.0,2.0,9,2,6,06/03/2024,2024-06-03,09:25:00
05/19/2024 02:06:00 AM,5.0,2,4,5,5,1,3,1,1,1,3,UNABLE TO DETERMINE,2,2,1.0,0.0,0.0,0.0,1.0,3.0,2,1,5,05/19/2024,2024-05-19,02:06:00
05/03/2024 10:20:00 PM,5.0,2,4,6,12,1,3,3,1,1,3,UNABLE TO DETERMINE,2,1,0.0,0.0,0.0,0.0,0.0,2.0,22,6,5,05/03/2024,2024-05-03,22:20:00
02/18/2024 02:58:00 PM,7.0,2,1,6,4,1,3,3,1,1,3,"VISION OBSCURED (SIGNS, TREE LIMBS, BUILDINGS, ETC.)",2,1,0.0,0.0,0.0,0.0,0.0,3.0,14,1,2,02/18/2024,2024-02-18,14:58:00
03/13/2024 04:29:00 PM,3.0,2,1,4,6,1,3,3,1,1,3,FOLLOWING TOO CLOSELY,2,2,2.0,0.0,0.0,0.0,2.0,3.0,16,4,3,03/13/2024,2024-03-13,16:29:00
03/16/2024 01:45:00 PM,7.0,2,1,4,11,4,3,3,0,1,2,UNABLE TO DETERMINE,2,1,0.0,0.0,0.0,0.0,0.0,3.0,13,7,3,03/16/2024,2024-03-16,13:45:00
08/07/2024 03:00:00 PM,5.0,2,1,4,6,1,3,3,0,1,3,FOLLOWING TOO CLOSELY,2,1,0.0,0.0,0.0,0.0,0.0,2.0,15,4,8,08/07/2024,2024-08-07,15:00:00
04/23/2024 01:26:00 PM,5.0,2,1,6,5,1,3,3,0,1,1,UNABLE TO DETERMINE,2,1,0.0,0.0,0.0,0.0,0.0,3.0,13,3,4,04/23/2024,2024-04-23,13:26:00
05/28/2024 04:30:00 PM,3.0,2,1,3,4,1,3,3,0,0,3,IMPROPER OVERTAKING/PASSING,2,1,0.0,0.0,0.0,0.0,0.0,2.0,16,3,5,05/28/2024,2024-05-28,16:30:00
02/11/2024 12:05:00 AM,7.0,2,4,5,5,1,3,1,1,1,3,FAILING TO REDUCE SPEED TO AVOID CRASH,2,1,0.0,0.0,0.0,0.0,0.0,3.0,0,1,2,02/11/2024,2024-02-11,00:05:00
01/28/2024 10:40:00 PM,3.0,2,2,6,5,1,3,3,1,1,3,FAILING TO YIELD RIGHT-OF-WAY,2,2,1.0,0.0,0.0,0.0,1.0,3.0,22,1,1,01/28/2024,2024-01-28,22:40:00
08/07/2024 03:40:00 PM,5.0,2,1,8,5,1,3,3,0,1,2,IMPROPER BACKING,2,1,0.0,0.0,0.0,0.0,0.0,3.0,15,4,8,08/07/2024,2024-08-07,15:40:00
04/13/2024 01:43:00 PM,5.0,2,1,5,5,1,3,3,1,1,3,DISREGARDING TRAFFIC SIGNALS,2,1,0.0,0.0,0.0,0.0,0.0,4.0,13,7,4,04/13/2024,2024-04-13,13:43:00
04/22/2024 07:35:00 AM,5.0,2,1,3,6,1,3,3,0,1,2,"VISION OBSCURED (SIGNS, TREE LIMBS, BUILDINGS, ETC.)",2,1,0.0,0.0,0.0,0.0,0.0,2.0,7,2,4,04/22/2024,2024-04-22,07:35:00
05/09/2024 11:30:00 AM,5.0,2,1,6,5,1,3,3,0,1,3,UNABLE TO DETERMINE,2,1,0.0,0.0,0.0,0.0,0.0,2.0,11,5,5,05/09/2024,2024-05-09,11:30:00
04/20/2024 01:50:00 AM,5.0,2,4,5,14,3,3,3,1,1,3,DISREGARDING TRAFFIC SIGNALS,2,1,0.0,0.0,0.0,0.0,0.0,2.0,1,7,4,04/20/2024,2024-04-20,01:50:00
06/16/2024 07:07:00 PM,5.0,2,1,5,5,1,3,3,1,1,3,UNABLE TO DETERMINE,2,4,2.0,0.0,2.0,0.0,0.0,1.0,19,1,6,06/16/2024,2024-06-16,19:07:00
04/14/2024 08:40:00 AM,3.0,2,1,6,7,1,3,3,1,1,3,IMPROPER OVERTAKING/PASSING,2,1,0.0,0.0,0.0,0.0,0.0,2.0,8,1,4,04/14/2024,2024-04-14,08:40:00
03/14/2024 07:20:00 AM,5.0,2,1,13,4,1,4,3,1,1,3,FAILING TO YIELD RIGHT-OF-WAY,2,2,1.0,0.0,0.0,0.0,1.0,1.0,7,5,3,03/14/2024,2024-03-14,07:20:00
05/11/2024 05:59:00 PM,5.0,2,1,3,1,1,1,1,0,1,2,UNABLE TO DETERMINE,2,1,0.0,0.0,0.0,0.0,0.0,2.0,17,7,5,05/11/2024,2024-05-11,17:59:00
02/18/2024 12:08:00 AM,7.0,2,4,5,5,1,3,3,1,1,2,FAILING TO YIELD RIGHT-OF-WAY,2,1,0.0,0.0,0.0,0.0,0.0,2.0,0,1,2,02/18/2024,2024-02-18,00:08:00
04/12/2024 08:30:00 AM,5.0,2,1,4,5,1,3,3,0,1,3,FOLLOWING TOO CLOSELY,2,1,0.0,0.0,0.0,0.0,0.0,2.0,8,6,4,04/12/2024,2024-04-12,08:30:00
06/03/2024 04:00:00 PM,5.0,2,1,4,4,1,3,3,0,1,3,FOLLOWING TOO CLOSELY,2,1,0.0,0.0,0.0,0.0,0.0,2.0,16,2,6,06/03/2024,2024-06-03,16:00:00
03/08/2024 01:45:00 PM,5.0,4,1,6,5,1,4,3,0,1,3,FAILING TO YIELD RIGHT-OF-WAY,2,1,0.0,0.0,0.0,0.0,0.0,3.0,13,6,3,03/08/2024,2024-03-08,13:45:00
02/26/2024 10:00:00 AM,5.0,2,1,6,6,1,3,3,0,1,3,IMPROPER TURNING/NO SIGNAL,2,1,0.0,0.0,0.0,0.0,0.0,2.0,10,2,2,02/26/2024,2024-02-26,10:00:00
02/10/2024 09:27:00 AM,5.0,2,4,5,5,1,3,1,0,1,3,DISREGARDING TRAFFIC SIGNALS,2,1,0.0,0.0,0.0,0.0,0.0,5.0,9,7,2,02/10/2024,2024-02-10,09:27:00
05/25/2024 10:32:00 AM,3.0,2,1,4,6,1,3,1,0,1,1,UNABLE TO DETERMINE,2,1,0.0,0.0,0.0,0.0,0.0,2.0,10,7,5,05/25/2024,2024-05-25,10:32:00
08/01/2024 01:15:00 PM,3.0,2,1,6,6,1,3,1,0,1,1,UNABLE TO DETERMINE,2,1,0.0,0.0,0.0,0.0,0.0,2.0,13,5,8,08/01/2024,2024-08-01,13:15:00
02/14/2024 06:45:00 AM,5.0,2,1,5,6,1,3,3,0,1,3,FAILING TO YIELD RIGHT-OF-WAY,2,1,0.0,0.0,0.0,0.0,0.0,2.0,6,4,2,02/14/2024,2024-02-14,06:45:00
02/01/2024 03:00:00 PM,7.0,2,1,5,5,1,3,3,0,1,3,UNABLE TO DETERMINE,2,1,0.0,0.0,0.0,0.0,0.0,2.0,15,5,2,02/01/2024,2024-02-01,15:00:00
03/10/2024 03:43:00 AM,5.0,2,4,5,5,1,3,3,1,1,3,FAILING TO REDUCE SPEED TO AVOID CRASH,2,1,0.0,0.0,0.0,0.0,0.0,2.0,3,1,3,03/10/2024,2024-03-10,03:43:00
06/03/2024 02:25:00 PM,7.0,2,1,6,5,1,3,3,1,1,3,UNABLE TO DETERMINE,2,1,0.0,0.0,0.0,0.0,0.0,2.0,14,2,6,06/03/2024,2024-06-03,14:25:00
02/08/2024 01:00:00 PM,5.0,2,1,13,5,1,3,3,1,1,2,FAILING TO YIELD RIGHT-OF-WAY,2,4,1.0,0.0,1.0,0.0,0.0,1.0,13,5,2,02/08/2024,2024-02-08,13:00:00
06/10/2024 08:50:00 AM,5.0,2,1,5,6,1,3,3,1,1,3,DISREGARDING TRAFFIC SIGNALS,2,3,1.0,0.0,0.0,1.0,0.0,1.0,8,2,6,06/10/2024,2024-06-10,08:50:00
03/23/2024 05:17:00 PM,5.0,2,1,5,6,1,3,1,1,1,3,DISREGARDING OTHER TRAFFIC SIGNS,2,1,0.0,0.0,0.0,0.0,0.0,4.0,17,7,3,03/23/2024,2024-03-23,17:17:00
03/07/2024 11:47:00 AM,7.0,2,1,6,5,1,3,3,0,1,3,FAILING TO YIELD RIGHT-OF-WAY,2,1,0.0,0.0,0.0,0.0,0.0,2.0,11,5,3,03/07/2024,2024-03-07,11:47:00
07/13/2024 11:43:00 PM,5.0,4,4,5,2,1,4,1,1,1,3,DISREGARDING TRAFFIC SIGNALS,2,3,1.0,0.0,0.0,1.0,0.0,1.0,23,7,7,07/13/2024,2024-07-13,23:43:00
04/12/2024 11:29:00 PM,7.0,2,4,5,5,1,3,3,1,1,3,UNABLE TO DETERMINE,2,2,1.0,0.0,0.0,0.0,1.0,4.0,23,6,4,04/12/2024,2024-04-12,23:29:00
07/16/2024 02:15:00 PM,4.0,2,1,11,6,1,3,3,0,1,3,IMPROPER TURNING/NO SIGNAL,2,1,0.0,0.0,0.0,0.0,0.0,1.0,14,3,7,07/16/2024,2024-07-16,14:15:00
04/30/2024 04:06:00 PM,1.0,2,1,6,3,1,1,1,0,1,2,UNABLE TO DETERMINE,2,1,0.0,0.0,0.0,0.0,0.0,2.0,16,3,4,04/30/2024,2024-04-30,16:06:00
02/29/2024 12:06:00 PM,5.0,2,1,3,2,1,3,3,0,1,2,NOT APPLICABLE,2,1,0.0,0.0,0.0,0.0,0.0,2.0,12,5,2,02/29/2024,2024-02-29,12:06:00
04/13/2024 01:40:00 PM,7.0,2,1,13,6,1,3,3,0,1,1,DISREGARDING STOP SIGN,2,1,0.0,0.0,0.0,0.0,0.0,2.0,13,7,4,04/13/2024,2024-04-13,13:40:00
05/26/2024 05:06:00 PM,5.0,2,1,5,3,1,3,3,1,1,3,FAILING TO YIELD RIGHT-OF-WAY,2,1,0.0,0.0,0.0,0.0,0.0,3.0,17,1,5,05/26/2024,2024-05-26,17:06:00
06/15/2024 09:15:00 PM,3.0,2,3,4,6,1,3,3,0,0,1,IMPROPER LANE USAGE,2,1,0.0,0.0,0.0,0.0,0.0,2.0,21,7,6,06/15/2024,2024-06-15,21:15:00
01/14/2024 12:00:00 PM,7.0,2,1,3,3,1,3,3,0,1,3,FAILING TO YIELD RIGHT-OF-WAY,2,1,0.0,0.0,0.0,0.0,0.0,2.0,12,1,1,01/14/2024,2024-01-14,12:00:00
04/21/2024 12:29:00 AM,5.0,2,4,6,5,1,3,3,1,1,3,IMPROPER TURNING/NO SIGNAL,2,1,0.0,0.0,0.0,0.0,0.0,3.0,0,1,4,04/21/2024,2024-04-21,00:29:00
01/08/2024 05:48:00 PM,5.0,7,5,13,5,1,4,3,1,1,1,UNABLE TO DETERMINE,2,2,1.0,0.0,0.0,0.0,1.0,1.0,17,2,1,01/08/2024,2024-01-08,17:48:00
01/06/2024 09:30:00 PM,5.0,2,1,6,5,1,3,3,0,1,3,FOLLOWING TOO CLOSELY,2,1,0.0,0.0,0.0,0.0,0.0,2.0,21,7,1,01/06/2024,2024-01-06,21:30:00
08/01/2024 10:44:00 AM,5.0,2,1,7,10,1,3,1,1,1,3,UNABLE TO DETERMINE,2,2,1.0,0.0,0.0,0.0,1.0,1.0,10,5,8,08/01/2024,2024-08-01,10:44:00
01/31/2024 09:45:00 PM,7.0,2,5,5,6,1,1,3,0,1,3,FAILING TO YIELD RIGHT-OF-WAY,2,1,0.0,0.0,0.0,0.0,0.0,2.0,21,4,1,01/31/2024,2024-01-31,21:45:00
03/05/2024 03:05:00 PM,5.0,2,1,6,5,1,3,3,0,1,2,FOLLOWING TOO CLOSELY,2,1,0.0,0.0,0.0,0.0,0.0,2.0,15,3,3,03/05/2024,2024-03-05,15:05:00
08/04/2024 11:10:00 PM,5.0,2,4,6,5,1,3,3,0,1,3,UNABLE TO DETERMINE,2,1,0.0,0.0,0.0,0.0,0.0,4.0,23,1,8,08/04/2024,2024-08-04,23:10:00
04/06/2024 09:00:00 AM,5.0,2,1,6,6,1,3,3,0,1,1,FAILING TO YIELD RIGHT-OF-WAY,2,1,0.0,0.0,0.0,0.0,0.0,2.0,9,7,4,04/06/2024,2024-04-06,09:00:00
04/18/2024 09:30:00 PM,5.0,4,4,6,6,1,4,1,0,1,3,UNABLE TO DETERMINE,2,1,0.0,0.0,0.0,0.0,0.0,2.0,21,5,4,04/18/2024,2024-04-18,21:30:00
02/19/2024 06:00:00 PM,7.0,2,4,3,5,1,3,3,0,1,2,UNABLE TO DETERMINE,2,1,0.0,0.0,0.0,0.0,0.0,2.0,18,2,2,02/19/2024,2024-02-19,18:00:00
03/03/2024 09:25:00 PM,1.0,2,1,6,7,1,1,1,1,1,3,UNABLE TO DETERMINE,2,4,1.0,0.0,1.0,0.0,0.0,1.0,21,1,3,03/03/2024,2024-03-03,21:25:00
03/17/2024 02:56:00 AM,5.0,2,4,5,5,1,3,3,0,1,3,"OPERATING VEHICLE IN ERRATIC, RECKLESS, CARELESS, NEGLIGENT OR AGGRESSIVE MANNER",2,1,0.0,0.0,0.0,0.0,0.0,3.0,2,1,3,03/17/2024,2024-03-17,02:56:00
08/09/2024 08:00:00 PM,5.0,2,4,3,5,1,3,3,0,1,3,UNABLE TO DETERMINE,2,1,0.0,0.0,0.0,0.0,0.0,2.0,20,6,8,08/09/2024,2024-08-09,20:00:00
01/07/2024 07:42:00 PM,5.0,2,4,6,5,1,3,3,1,1,3,FAILING TO YIELD RIGHT-OF-WAY,2,3,1.0,0.0,0.0,1.0,0.0,1.0,19,1,1,01/07/2024,2024-01-07,19:42:00
05/19/2024 09:14:00 PM,3.0,2,4,14,16,1,3,3,1,0,1,FAILING TO YIELD RIGHT-OF-WAY,2,4,1.0,0.0,1.0,0.0,0.0,1.0,21,1,5,05/19/2024,2024-05-19,21:14:00
06/09/2024 11:35:00 AM,3.0,2,1,4,4,1,3,3,1,1,3,"OPERATING VEHICLE IN ERRATIC, RECKLESS, CARELESS, NEGLIGENT OR AGGRESSIVE MANNER",2,3,1.0,0.0,0.0,1.0,0.0,2.0,11,1,6,06/09/2024,2024-06-09,11:35:00
03/24/2024 04:24:00 PM,5.0,2,1,6,10,1,3,3,0,1,3,IMPROPER TURNING/NO SIGNAL,2,1,0.0,0.0,0.0,0.0,0.0,3.0,16,1,3,03/24/2024,2024-03-24,16:24:00
06/29/2024 02:45:00 AM,5.0,2,4,4,5,1,4,3,0,1,2,IMPROPER OVERTAKING/PASSING,2,1,0.0,0.0,0.0,0.0,0.0,2.0,2,7,6,06/29/2024,2024-06-29,02:45:00
04/16/2024 11:07:00 AM,5.0,2,1,6,5,1,3,3,0,1,3,IMPROPER TURNING/NO SIGNAL,2,1,0.0,0.0,0.0,0.0,0.0,2.0,11,3,4,04/16/2024,2024-04-16,11:07:00
06/07/2024 05:45:00 AM,7.0,2,2,14,5,1,3,3,1,1,1,UNABLE TO DETERMINE,2,3,1.0,0.0,0.0,1.0,0.0,1.0,5,6,6,06/07/2024,2024-06-07,05:45:00
05/15/2024 05:02:00 PM,5.0,2,1,6,12,1,3,3,0,1,2,UNABLE TO DETERMINE,2,1,0.0,0.0,0.0,0.0,0.0,2.0,17,4,5,05/15/2024,2024-05-15,17:02:00
03/22/2024 09:02:00 AM,5.0,5,1,4,9,1,3,3,0,1,3,FOLLOWING TOO CLOSELY,2,1,0.0,0.0,0.0,0.0,0.0,2.0,9,6,3,03/22/2024,2024-03-22,09:02:00
07/19/2024 06:44:00 PM,5.0,2,1,2,6,1,3,3,1,0,3,UNABLE TO DETERMINE,2,3,1.0,0.0,0.0,1.0,0.0,2.0,18,6,7,07/19/2024,2024-07-19,18:44:00
03/29/2024 03:02:00 AM,5.0,2,4,5,5,1,3,3,1,1,3,DISREGARDING TRAFFIC SIGNALS,2,1,0.0,0.0,0.0,0.0,0.0,3.0,3,6,3,03/29/2024,2024-03-29,03:02:00
05/29/2024 09:00:00 PM,5.0,2,4,9,6,1,3,1,1,1,3,UNABLE TO DETERMINE,2,2,1.0,0.0,0.0,0.0,1.0,1.0,21,4,5,05/29/2024,2024-05-29,21:00:00
02/17/2024 05:45:00 PM,5.0,2,4,4,10,1,3,3,1,1,2,IMPROPER OVERTAKING/PASSING,2,2,1.0,0.0,0.0,0.0,1.0,2.0,17,7,2,02/17/2024,2024-02-17,17:45:00
06/17/2024 07:30:00 AM,7.0,2,1,3,4,1,3,3,0,1,3,NOT APPLICABLE,2,1,0.0,0.0,0.0,0.0,0.0,3.0,7,2,6,06/17/2024,2024-06-17,07:30:00
03/16/2024 10:00:00 AM,5.0,2,1,6,6,1,3,3,0,1,3,"OPERATING VEHICLE IN ERRATIC, RECKLESS, CARELESS, NEGLIGENT OR AGGRESSIVE MANNER",2,1,0.0,0.0,0.0,0.0,0.0,3.0,10,7,3,03/16/2024,2024-03-16,10:00:00
08/26/2024 05:53:00 PM,5.0,2,1,4,5,1,3,3,0,1,3,FAILING TO REDUCE SPEED TO AVOID CRASH,2,1,0.0,0.0,0.0,0.0,0.0,2.0,17,2,8,08/26/2024,2024-08-26,17:53:00