crash_date,traffic_control_device,weather_condition,lighting_condition,first_crash_type,trafficway_type,alignment,roadway_surface_cond,road_defect,crash_type,intersection_related_i,damage,prim_contributory_cause,num_units,most_severe_injury,injuries_total,injuries_fatal,injuries_incapacitating,injuries_non_incapacitating,injuries_reported_not_evident,injuries_no_indication,crash_hour,crash_day_of_week,crash_month,parsed_datetime,date,time
02/07/2024 01:30:00 PM,7.0,2,1,5,1,1,3,3,0,1,3,DISREGARDING STOP SIGN,2,1,0.0,0.0,0.0,0.0,0.0,3.0,13,4,2,02/07/2024,2024-02-07,13:30:00
01/27/2024 07:27:00 PM,5.0,4,4,6,5,1,4,1,0,1,3,IMPROPER TURNING/NO SIGNAL,2,1,0.0,0.0,0.0,0.0,0.0,2.0,19,7,1,01/27/2024,2024-01-27,19:27:00
05/28/2024 02:20:00 PM,3.0,3,1,3,6,1,3,3,0,1,2,IMPROPER BACKING,2,1,0.0,0.0,0.0,0.0,0.0,2.0,14,3,5,05/28/2024,2024-05-28,14:20:00
02/24/2024 10:00:00 PM,5.0,2,5,6,7,1,3,3,1,1,3,UNABLE TO DETERMINE,2,3,1.0,0.0,0.0,1.0,0.0,1.0,22,7,2,02/24/2024,2024-02-24,22:00:00
07/18/2024 08:53:00 PM,3.0,2,4,13,6,1,3,3,1,1,3,UNABLE TO DETERMINE,2,3,1.0,0.0,0.0,1.0,0.0,4.0,20,5,7,07/18/2024,2024-07-18,20:53:00
04/21/2024 06:32:00 PM,7.0,2,1,13,7,1,3,3,1,1,1,UNABLE TO DETERMINE,2,4,1.0,0.0,1.0,0.0,0.0,1.0,18,1,4,04/21/2024,2024-04-21,18:32:00
04/30/2024 08:12:00 AM,2.0,2,1,13,5,1,3,3,1,1,1,FAILING TO YIELD RIGHT-OF-WAY,2,4,1.0,0.0,1.0,0.0,0.0,1.0,8,3,4,04/30/2024,2024-04-30,08:12:00
01/21/2024 09:10:00 PM,7.0,2,4,5,5,1,5,3,1,1,3,FAILING TO YIELD RIGHT-OF-WAY,2,1,0.0,0.0,0.0,0.0,0.0,4.0,21,1,1,01/21/2024,2024-01-21,21:10:00
01/20/2024 01:45:00 PM,5.0,2,1,5,4,1,4,3,0,1,3,FAILING TO YIELD RIGHT-OF-WAY,2,1,0.0,0.0,0.0,0.0,0.0,4.0,13,7,1,01/20/2024,2024-01-20,13:45:00
02/18/2024 07:57:00 AM,5.0,2,1,5,6,1,3,3,1,1,3,DISREGARDING TRAFFIC SIGNALS,2,3,2.0,0.0,0.0,2.0,0.0,0.0,7,1,2,02/18/2024,2024-02-18,07:57:00
01/19/2024 02:15:00 AM,7.0,5,4,5,7,1,5,1,1,1,3,FAILING TO YIELD RIGHT-OF-WAY,2,1,0.0,0.0,0.0,0.0,0.0,2.0,2,6,1,01/19/2024,2024-01-19,02:15:00
06/24/2024 09:25:00 PM,7.0,2,3,14,5,1,3,3,1,1,3,UNABLE TO DETERMINE,2,3,1.0,0.0,0.0,1.0,0.0,3.0,21,2,6,06/24/2024,2024-06-24,21:25:00
06/26/2024 06:00:00 AM,3.0,2,1,5,5,1,1,1,0,1,2,UNABLE TO DETERMINE,2,1,0.0,0.0,0.0,0.0,0.0,2.0,6,4,6,06/26/2024,2024-06-26,06:00:00
05/08/2024 07:10:00 PM,5.0,2,1,6,7,1,3,3,0,1,3,FAILING TO YIELD RIGHT-OF-WAY,2,1,0.0,0.0,0.0,0.0,0.0,3.0,19,4,5,05/08/2024,2024-05-08,19:10:00
06/22/2024 03:11:00 PM,7.0,2,1,4,3,1,3,3,1,1,3,FOLLOWING TOO CLOSELY,2,4,1.0,0.0,1.0,0.0,0.0,1.0,15,7,6,06/22/2024,2024-06-22,15:11:00
05/30/2024 04:22:00 PM,5.0,2,1,6,5,1,3,3,1,1,3,FAILING TO YIELD RIGHT-OF-WAY,2,1,0.0,0.0,0.0,0.0,0.0,3.0,16,5,5,05/30/2024,2024-05-30,16:22:00
04/08/2024 04:55:00 PM,7.0,2,1,4,1,1,1,1,0,1,3,UNABLE TO DETERMINE,2,1,0.0,0.0,0.0,0.0,0.0,2.0,16,2,4,04/08/2024,2024-04-08,16:55:00
04/06/2024 03:48:00 PM,3.0,2,1,5,4,1,3,3,0,1,3,FAILING TO YIELD RIGHT-OF-WAY,2,1,0.0,0.0,0.0,0.0,0.0,3.0,15,7,4,04/06/2024,2024-04-06,15:48:00
01/29/2024 06:30:00 PM,5.0,2,1,5,4,1,3,3,1,1,3,UNABLE TO DETERMINE,2,1,0.0,0.0,0.0,0.0,0.0,6.0,18,2,1,01/29/2024,2024-01-29,18:30:00
06/15/2024 03:50:00 AM,5.0,2,4,4,4,1,3,3,1,1,3,FAILING TO REDUCE SPEED TO AVOID CRASH,2,2,1.0,0.0,0.0,0.0,1.0,1.0,3,7,6,06/15/2024,2024-06-15,03:50:00
06/21/2024 06:40:00 PM,5.0,2,3,6,10,1,1,1,0,1,3,IMPROPER OVERTAKING/PASSING,2,1,0.0,0.0,0.0,0.0,0.0,2.0,18,6,6,06/21/2024,2024-06-21,18:40:00
02/03/2024 03:30:00 PM,7.0,2,1,5,5,1,3,3,0,1,3,DRIVING SKILLS/KNOWLEDGE/EXPERIENCE,2,1,0.0,0.0,0.0,0.0,0.0,2.0,15,7,2,02/03/2024,2024-02-03,15:30:00
07/30/2024 05:24:00 PM,3.0,2,1,3,5,1,3,1,1,1,3,PASSING STOPPED SCHOOL BUS,2,2,2.0,0.0,0.0,0.0,2.0,25.0,17,3,7,07/30/2024,2024-07-30,17:24:00
02/18/2024 02:00:00 AM,5.0,2,4,5,5,1,3,3,1,1,2,DISREGARDING TRAFFIC SIGNALS,2,1,0.0,0.0,0.0,0.0,0.0,4.0,2,1,2,02/18/2024,2024-02-18,02:00:00
05/14/2024 04:05:00 PM,7.0,2,1,4,6,1,3,3,0,1,3,FAILING TO REDUCE SPEED TO AVOID CRASH,2,1,0.0,0.0,0.0,0.0,0.0,2.0,16,3,5,05/14/2024,2024-05-14,16:05:00
01/21/2024 09:30:00 PM,5.0,2,4,13,6,1,5,3,1,1,1,TURNING RIGHT ON RED,2,3,1.0,0.0,0.0,1.0,0.0,1.0,21,1,1,01/21/2024,2024-01-21,21:30:00
06/01/2024 10:22:00 AM,3.0,4,1,5,7,1,4,3,0,1,2,FAILING TO YIELD RIGHT-OF-WAY,2,1,0.0,0.0,0.0,0.0,0.0,2.0,10,7,6,06/01/2024,2024-06-01,10:22:00
08/04/2024 06:35:00 PM,7.0,2,1,5,7,1,3,1,0,1,2,FAILING TO YIELD RIGHT-OF-WAY,2,1,0.0,0.0,0.0,0.0,0.0,2.0,18,1,8,08/04/2024,2024-08-04,18:35:00
07/02/2024 11:02:00 PM,5.0,2,4,6,5,1,3,3,0,1,3,IMPROPER LANE USAGE,2,1,0.0,0.0,0.0,0.0,0.0,3.0,23,3,7,07/02/2024,2024-07-02,23:02:00
06/07/2024 11:04:00 AM,3.0,2,1,4,3,1,3,3,0,0,3,UNABLE TO DETERMINE,2,1,0.0,0.0,0.0,0.0,0.0,2.0,11,6,6,06/07/2024,2024-06-07,11:04:00
05/28/2024 02:52:00 PM,5.0,2,1,4,10,1,3,3,0,1,3,FOLLOWING TOO CLOSELY,2,1,0.0,0.0,0.0,0.0,0.0,3.0,14,3,5,05/28/2024,2024-05-28,14:52:00
04/03/2024 03:21:00 PM,5.0,4,1,6,7,1,4,3,0,1,2,IMPROPER TURNING/NO SIGNAL,2,1,0.0,0.0,0.0,0.0,0.0,4.0,15,4,4,04/03/2024,2024-04-03,15:21:00
08/03/2024 01:00:00 PM,5.0,2,1,6,5,1,1,1,0,1,2,UNABLE TO DETERMINE,2,1,0.0,0.0,0.0,0.0,0.0,3.0,13,7,8,08/03/2024,2024-08-03,13:00:00
05/21/2024 05:45:00 PM,5.0,2,1,6,6,1,3,3,1,1,3,UNABLE TO DETERMINE,2,3,2.0,0.0,0.0,2.0,0.0,2.0,17,3,5,05/21/2024,2024-05-21,17:45:00
01/16/2024 05:35:00 PM,7.0,2,3,5,7,1,3,3,0,1,3,UNABLE TO DETERMINE,2,1,0.0,0.0,0.0,0.0,0.0,2.0,17,3,1,01/16/2024,2024-01-16,17:35:00
05/28/2024 09:46:00 AM,7.0,2,1,14,5,1,3,3,1,1,2,UNABLE TO DETERMINE,2,3,1.0,0.0,0.0,1.0,0.0,1.0,9,3,5,05/28/2024,2024-05-28,09:46:00
07/26/2024 12:30:00 PM,7.0,2,1,14,12,1,3,3,0,0,2,UNABLE TO DETERMINE,2,1,0.0,0.0,0.0,0.0,0.0,2.0,12,6,7,07/26/2024,2024-07-26,12:30:00
01/01/2024 01:00:00 PM,5.0,2,1,6,5,1,3,3,1,1,3,DISREGARDING TRAFFIC SIGNALS,2,1,0.0,0.0,0.0,0.0,0.0,4.0,13,2,1,01/01/2024,2024-01-01,13:00:00
06/19/2024 07:20:00 PM,5.0,2,1,3,10,1,3,3,0,1,3,IMPROPER TURNING/NO SIGNAL,2,1,0.0,0.0,0.0,0.0,0.0,2.0,19,4,6,06/19/2024,2024-06-19,19:20:00
05/21/2024 08:45:00 PM,2.0,2,5,6,7,1,3,3,0,1,3,FAILING TO YIELD RIGHT-OF-WAY,2,1,0.0,0.0,0.0,0.0,0.0,2.0,20,3,5,05/21/2024,2024-05-21,20:45:00
04/18/2024 08:45:00 AM,5.0,2,1,3,4,1,3,3,0,1,3,UNABLE TO DETERMINE,2,1,0.0,0.0,0.0,0.0,0.0,2.0,8,5,4,04/18/2024,2024-04-18,08:45:00
08/13/2024 06:00:00 PM,3.0,2,1,14,5,1,1,1,1,1,3,UNABLE TO DETERMINE,2,3,1.0,0.0,0.0,1.0,0.0,1.0,18,3,8,08/13/2024,2024-08-13,18:00:00
01/17/2024 06:15:00 PM,5.0,2,4,5,5,1,6,3,0,1,3,UNABLE TO DETERMINE,2,1,0.0,0.0,0.0,0.0,0.0,2.0,18,4,1,01/17/2024,2024-01-17,18:15:00
04/13/2024 09:35:00 PM,5.0,2,4,4,5,1,3,1,0,1,2,IMPROPER LANE USAGE,2,1,0.0,0.0,0.0,0.0,0.0,2.0,21,7,4,04/13/2024,2024-04-13,21:35:00
05/31/2024 03:08:00 PM,7.0,2,1,6,7,2,1,1,1,0,3,UNABLE TO DETERMINE,2,3,2.0,0.0,0.0,2.0,0.0,0.0,15,6,5,05/31/2024,2024-05-31,15:08:00
06/05/2024 04:00:00 PM,1.0,2,1,3,6,1,3,3,0,1,2,FOLLOWING TOO CLOSELY,2,1,0.0,0.0,0.0,0.0,0.0,2.0,16,4,6,06/05/2024,2024-06-05,16:00:00
05/02/2024 03:36:00 PM,5.0,3,1,5,6,1,3,3,1,1,3,DISREGARDING TRAFFIC SIGNALS,2,3,1.0,0.0,0.0,1.0,0.0,1.0,15,5,5,05/02/2024,2024-05-02,15:36:00
07/21/2024 04:17:00 PM,5.0,2,1,3,3,1,3,3,0,1,3,NOT APPLICABLE,2,1,0.0,0.0,0.0,0.0,0.0,3.0,16,1,7,07/21/2024,2024-07-21,16:17:00
05/02/2024 03:15:00 PM,5.0,4,1,6,5,1,4,3,0,1,3,FOLLOWING TOO CLOSELY,2,1,0.0,0.0,0.0,0.0,0.0,3.0,15,5,5,05/02/2024,2024-05-02,15:15:00
06/05/2024 04:15:00 AM,5.0,4,4,5,4,1,4,1,1,1,3,UNABLE TO DETERMINE,2,3,1.0,0.0,0.0,1.0,0.0,1.0,4,4,6,06/05/2024,2024-06-05,04:15:00
07/12/2024 09:04:00 AM,5.0,2,1,13,5,1,3,3,1,1,2,FAILING TO YIELD RIGHT-OF-WAY,2,3,1.0,0.0,0.0,1.0,0.0,1.0,9,6,7,07/12/2024,2024-07-12,09:04:00
01/31/2024 04:56:00 PM,5.0,2,4,6,2,1,3,3,0,1,3,NOT APPLICABLE,2,1,0.0,0.0,0.0,0.0,0.0,3.0,16,4,1,01/31/2024,2024-01-31,16:56:00
05/01/2024 08:05:00 AM,5.0,2,1,3,6,1,3,3,0,1,3,IMPROPER LANE USAGE,2,1,0.0,0.0,0.0,0.0,0.0,3.0,8,4,5,05/01/2024,2024-05-01,08:05:00
04/30/2024 03:45:00 PM,5.0,2,1,4,5,1,3,3,0,1,3,UNABLE TO DETERMINE,2,1,0.0,0.0,0.0,0.0,0.0,2.0,15,3,4,04/30/2024,2024-04-30,15:45:00
05/11/2024 07:40:00 AM,5.0,2,1,4,5,1,3,3,0,1,2,UNABLE TO DETERMINE,2,1,0.0,0.0,0.0,0.0,0.0,2.0,7,7,5,05/11/2024,2024-05-11,07:40:00
07/16/2024 12:05:00 PM,3.0,2,1,3,5,1,3,3,1,1,3,UNABLE TO DETERMINE,2,3,1.0,0.0,0.0,1.0,0.0,1.0,12,3,7,07/16/2024,2024-07-16,12:05:00
04/26/2024 06:55:00 PM,3.0,2,2,6,6,1,3,3,1,1,3,UNABLE TO DETERMINE,2,3,2.0,0.0,0.0,1.0,1.0,0.0,18,6,4,04/26/2024,2024-04-26,18:55:00
03/12/2024 06:10:00 AM,5.0,3,1,6,6,1,1,1,1,1,2,UNABLE TO DETERMINE,2,2,1.0,0.0,0.0,0.0,1.0,1.0,6,3,3,03/12/2024,2024-03-12,06:10:00
07/20/2024 09:13:00 AM,5.0,2,1,4,4,1,3,3,0,1,2,FOLLOWING TOO CLOSELY,2,1,0.0,0.0,0.0,0.0,0.0,2.0,9,7,7,07/20/2024,2024-07-20,09:13:00
03/16/2024 11:45:00 AM,5.0,2,1,6,10,1,3,1,0,1,3,IMPROPER TURNING/NO SIGNAL,2,1,0.0,0.0,0.0,0.0,0.0,2.0,11,7,3,03/16/2024,2024-03-16,11:45:00
07/16/2024 07:18:00 AM,5.0,2,1,6,4,1,3,3,1,1,3,UNABLE TO DETERMINE,2,2,1.0,0.0,0.0,0.0,1.0,1.0,7,3,7,07/16/2024,2024-07-16,07:18:00
05/31/2024 10:20:00 PM,5.0,2,4,4,1,1,3,3,0,1,3,UNABLE TO DETERMINE,2,1,0.0,0.0,0.0,0.0,0.0,3.0,22,6,5,05/31/2024,2024-05-31,22:20:00
05/10/2024 01:30:00 PM,7.0,2,1,4,10,1,3,3,1,1,3,NOT APPLICABLE,2,2,1.0,0.0,0.0,0.0,1.0,1.0,13,6,5,05/10/2024,2024-05-10,13:30:00
05/27/2024 03:20:00 PM,5.0,2,1,5,6,1,3,3,1,1,3,UNABLE TO DETERMINE,2,1,0.0,0.0,0.0,0.0,0.0,5.0,15,2,5,05/27/2024,2024-05-27,15:20:00
03/18/2024 05:30:00 PM,5.0,2,1,4,4,1,1,1,0,1,3,FOLLOWING TOO CLOSELY,2,1,0.0,0.0,0.0,0.0,0.0,2.0,17,2,3,03/18/2024,2024-03-18,17:30:00
04/27/2024 02:18:00 PM,5.0,2,1,14,5,1,3,3,1,1,3,UNABLE TO DETERMINE,2,3,1.0,0.0,0.0,1.0,0.0,1.0,14,7,4,04/27/2024,2024-04-27,14:18:00
03/26/2024 01:30:00 PM,5.0,3,1,5,1,1,1,1,1,1,3,UNABLE TO DETERMINE,2,3,1.0,0.0,0.0,1.0,0.0,2.0,13,3,3,03/26/2024,2024-03-26,13:30:00
07/03/2024 03:20:00 PM,7.0,2,1,4,7,1,3,1,0,1,3,UNABLE TO DETERMINE,2,1,0.0,0.0,0.0,0.0,0.0,2.0,15,4,7,07/03/2024,2024-07-03,15:20:00
03/03/2024 04:20:00 AM,4.0,2,4,6,6,1,3,1,0,1,3,DISREGARDING TRAFFIC SIGNALS,2,1,0.0,0.0,0.0,0.0,0.0,5.0,4,1,3,03/03/2024,2024-03-03,04:20:00
04/27/2024 01:38:00 PM,3.0,2,1,14,6,1,3,3,1,0,1,UNABLE TO DETERMINE,2,3,1.0,0.0,0.0,1.0,0.0,2.0,13,7,4,04/27/2024,2024-04-27,13:38:00
06/07/2024 03:39:00 PM,3.0,2,1,6,5,1,3,3,1,1,3,IMPROPER TURNING/NO SIGNAL,2,2,1.0,0.0,0.0,0.0,1.0,1.0,15,6,6,06/07/2024,2024-06-07,15:39:00
07/17/2024 01:27:00 PM,7.0,2,1,5,5,1,3,3,0,1,3,FAILING TO YIELD RIGHT-OF-WAY,2,1,0.0,0.0,0.0,0.0,0.0,3.0,13,4,7,07/17/2024,2024-07-17,13:27:00
06/06/2024 12:50:00 PM,3.0,2,1,6,5,1,3,3,0,1,3,FAILING TO YIELD RIGHT-OF-WAY,2,1,0.0,0.0,0.0,0.0,0.0,2.0,12,5,6,06/06/2024,2024-06-06,12:50:00
03/15/2024 08:40:00 AM,5.0,2,1,5,4,1,3,3,1,1,3,FAILING TO YIELD RIGHT-OF-WAY,2,1,0.0,0.0,0.0,0.0,0.0,2.0,8,6,3,03/15/2024,2024-03-15,08:40:00
07/29/2024 04:10:00 PM,5.0,2,1,14,5,1,3,3,0,1,1,UNABLE TO DETERMINE,2,1,0.0,0.0,0.0,0.0,0.0,2.0,16,2,7,07/29/2024,2024-07-29,16:10:00
06/15/2024 02:00:00 AM,5.0,2,4,5,6,1,3,3,1,1,3,FAILING TO YIELD RIGHT-OF-WAY,2,1,0.0,0.0,0.0,0.0,0.0,2.0,2,7,6,06/15/2024,2024-06-15,02:00:00
04/05/2024 06:54:00 AM,5.0,2,1,3,5,4,3,3,0,1,3,IMPROPER LANE USAGE,2,1,0.0,0.0,0.0,0.0,0.0,2.0,6,6,4,04/05/2024,2024-04-05,06:54:00
03/30/2024 06:15:00 AM,5.0,4,2,3,5,1,4,3,0,1,3,IMPROPER OVERTAKING/PASSING,2,1,0.0,0.0,0.0,0.0,0.0,2.0,6,7,3,03/30/2024,2024-03-30,06:15:00
05/13/2024 05:00:00 PM,7.0,2,1,6,5,1,3,3,0,1,3,UNABLE TO DETERMINE,2,1,0.0,0.0,0.0,0.0,0.0,3.0,17,2,5,05/13/2024,2024-05-13,17:00:00
02/29/2024 04:46:00 PM,7.0,2,1,5,5,1,3,3,0,1,2,FAILING TO YIELD RIGHT-OF-WAY,2,1,0.0,0.0,0.0,0.0,0.0,2.0,16,5,2,02/29/2024,2024-02-29,16:46:00
04/27/2024 09:15:00 PM,7.0,2,4,5,5,1,3,1,0,1,2,UNABLE TO DETERMINE,2,1,0.0,0.0,0.0,0.0,0.0,5.0,21,7,4,04/27/2024,2024-04-27,21:15:00
08/08/2024 04:00:00 PM,5.0,2,1,3,6,1,3,3,0,1,3,IMPROPER OVERTAKING/PASSING,2,1,0.0,0.0,0.0,0.0,0.0,2.0,16,5,8,08/08/2024,2024-08-08,16:00:00
06/25/2024 06:34:00 AM,5.0,4,1,6,5,1,4,3,0,1,3,DISREGARDING TRAFFIC SIGNALS,2,1,0.0,0.0,0.0,0.0,0.0,2.0,6,3,6,06/25/2024,2024-06-25,06:34:00
06/01/2024 11:20:00 AM,3.0,4,1,5,6,1,3,3,0,1,3,UNABLE TO DETERMINE,2,1,0.0,0.0,0.0,0.0,0.0,2.0,11,7,6,06/01/2024,2024-06-01,11:20:00
01/13/2024 09:45:00 PM,5.0,2,1,4,7,1,1,1,0,1,3,UNABLE TO DETERMINE,2,1,0.0,0.0,0.0,0.0,0.0,3.0,21,7,1,01/13/2024,2024-01-13,21:45:00
01/24/2024 07:17:00 AM,7.0,4,1,6,2,1,4,3,1,1,3,IMPROPER LANE USAGE,2,1,0.0,0.0,0.0,0.0,0.0,2.0,7,4,1,01/24/2024,2024-01-24,07:17:00
05/26/2024 06:20:00 PM,5.0,2,1,3,4,1,3,1,0,1,3,UNABLE TO DETERMINE,2,1,0.0,0.0,0.0,0.0,0.0,4.0,18,1,5,05/26/2024,2024-05-26,18:20:00
04/15/2024 03:20:00 PM,3.0,2,1,6,7,1,1,1,0,1,3,UNABLE TO DETERMINE,2,1,0.0,0.0,0.0,0.0,0.0,2.0,15,2,4,04/15/2024,2024-04-15,15:20:00
06/12/2024 10:45:00 AM,5.0,2,1,6,6,1,3,3,0,1,3,FOLLOWING TOO CLOSELY,2,1,0.0,0.0,0.0,0.0,0.0,2.0,10,4,6,06/12/2024,2024-06-12,10:45:00
03/15/2024 07:30:00 PM,5.0,2,4,5,4,1,3,1,0,1,3,UNABLE TO DETERMINE,2,1,0.0,0.0,0.0,0.0,0.0,2.0,19,6,3,03/15/2024,2024-03-15,19:30:00
07/20/2024 10:00:00 PM,1.0,2,1,3,6,1,1,1,0,1,2,NOT APPLICABLE,2,1,0.0,0.0,0.0,0.0,0.0,5.0,22,7,7,07/20/2024,2024-07-20,22:00:00
06/27/2024 05:18:00 PM,7.0,2,1,6,6,1,3,3,1,1,3,FAILING TO YIELD RIGHT-OF-WAY,2,1,0.0,0.0,0.0,0.0,0.0,3.0,17,5,6,06/27/2024,2024-06-27,17:18:00
03/10/2024 04:30:00 AM,5.0,2,4,5,7,1,3,3,1,1,3,DISREGARDING TRAFFIC SIGNALS,2,4,2.0,0.0,1.0,1.0,0.0,1.0,4,1,3,03/10/2024,2024-03-10,04:30:00
07/11/2024 08:43:00 PM,5.0,2,4,6,5,1,3,3,0,1,3,DRIVING SKILLS/KNOWLEDGE/EXPERIENCE,2,1,0.0,0.0,0.0,0.0,0.0,2.0,20,5,7,07/11/2024,2024-07-11,20:43:00
03/17/2024 01:53:00 AM,7.0,2,1,6,6,1,3,3,0,1,2,UNABLE TO DETERMINE,2,1,0.0,0.0,0.0,0.0,0.0,2.0,1,1,3,03/17/2024,2024-03-17,01:53:00
01/11/2024 03:15:00 PM,5.0,2,1,4,5,1,3,3,0,1,3,FOLLOWING TOO CLOSELY,2,1,0.0,0.0,0.0,0.0,0.0,2.0,15,5,1,01/11/2024,2024-01-11,15:15:00
06/08/2024 03:28:00 PM,3.0,2,1,3,6,1,3,3,1,1,3,UNABLE TO DETERMINE,2,1,0.0,0.0,0.0,0.0,0.0,3.0,15,7,6,06/08/2024,2024-06-08,15:28:00
07/31/2024 04:00:00 PM,5.0,2,1,3,6,2,3,3,0,1,3,FAILING TO REDUCE SPEED TO AVOID CRASH,2,1,0.0,0.0,0.0,0.0,0.0,2.0,16,4,7,07/31/2024,2024-07-31,16:00:00
02/23/2024 11:13:00 PM,7.0,5,4,5,5,1,6,2,1,1,3,UNABLE TO DETERMINE,2,1,0.0,0.0,0.0,0.0,0.0,2.0,23,6,2,02/23/2024,2024-02-23,23:13:00
08/04/2024 05:15:00 PM,7.0,2,1,5,5,1,1,1,1,1,3,UNABLE TO DETERMINE,2,3,2.0,0.0,0.0,2.0,0.0,1.0,17,1,8,08/04/2024,2024-08-04,17:15:00
02/09/2024 10:40:00 PM,3.0,2,4,5,6,1,3,3,0,1,3,FAILING TO REDUCE SPEED TO AVOID CRASH,2,1,0.0,0.0,0.0,0.0,0.0,3.0,22,6,2,02/09/2024,2024-02-09,22:40:00
03/19/2024 11:47:00 AM,5.0,2,1,6,6,1,3,3,1,1,3,FAILING TO YIELD RIGHT-OF-WAY,2,1,0.0,0.0,0.0,0.0,0.0,2.0,11,3,3,03/19/2024,2024-03-19,11:47:00
07/10/2024 03:28:00 PM,1.0,2,1,5,5,1,1,1,1,1,3,UNABLE TO DETERMINE,2,1,0.0,0.0,0.0,0.0,0.0,2.0,15,4,7,07/10/2024,2024-07-10,15:28:00
02/02/2024 04:00:00 PM,7.0,2,1,5,6,1,3,3,1,1,3,FAILING TO YIELD RIGHT-OF-WAY,2,3,2.0,0.0,0.0,2.0,0.0,1.0,16,6,2,02/02/2024,2024-02-02,16:00:00
05/29/2024 12:47:00 PM,3.0,2,1,3,7,1,3,3,0,0,3,IMPROPER OVERTAKING/PASSING,2,1,0.0,0.0,0.0,0.0,0.0,3.0,12,4,5,05/29/2024,2024-05-29,12:47:00
05/28/2024 11:30:00 AM,7.0,2,1,5,6,1,3,3,0,1,3,FAILING TO YIELD RIGHT-OF-WAY,2,1,0.0,0.0,0.0,0.0,0.0,2.0,11,3,5,05/28/2024,2024-05-28,11:30:00
03/24/2024 02:05:00 PM,5.0,3,1,5,5,1,3,1,1,1,3,FAILING TO YIELD RIGHT-OF-WAY,2,1,0.0,0.0,0.0,0.0,0.0,2.0,14,1,3,03/24/2024,2024-03-24,14:05:00
03/06/2024 04:28:00 PM,7.0,2,1,14,7,1,3,3,1,1,3,IMPROPER LANE USAGE,2,2,1.0,0.0,0.0,0.0,1.0,1.0,16,4,3,03/06/2024,2024-03-06,16:28:00
01/15/2024 02:45:00 PM,5.0,2,1,4,6,1,3,3,0,1,3,DRIVING SKILLS/KNOWLEDGE/EXPERIENCE,2,1,0.0,0.0,0.0,0.0,0.0,2.0,14,2,1,01/15/2024,2024-01-15,14:45:00
02/24/2024 10:30:00 AM,7.0,2,1,5,5,1,1,1,0,1,3,UNABLE TO DETERMINE,2,1,0.0,0.0,0.0,0.0,0.0,3.0,10,7,2,02/24/2024,2024-02-24,10:30:00
03/16/2024 09:55:00 AM,5.0,2,1,5,5,1,3,3,1,1,3,DISREGARDING OTHER TRAFFIC SIGNS,2,1,0.0,0.0,0.0,0.0,0.0,3.0,9,7,3,03/16/2024,2024-03-16,09:55:00
03/28/2024 05:20:00 PM,3.0,2,1,3,4,1,3,3,1,1,3,FOLLOWING TOO CLOSELY,2,1,0.0,0.0,0.0,0.0,0.0,2.0,17,5,3,03/28/2024,2024-03-28,17:20:00
06/28/2024 12:00:00 PM,5.0,4,1,4,3,1,4,1,0,1,3,FAILING TO REDUCE SPEED TO AVOID CRASH,2,1,0.0,0.0,0.0,0.0,0.0,3.0,12,6,6,06/28/2024,2024-06-28,12:00:00
04/25/2024 09:39:00 AM,5.0,2,1,5,5,1,3,3,1,1,3,UNABLE TO DETERMINE,2,3,1.0,0.0,0.0,1.0,0.0,1.0,9,5,4,04/25/2024,2024-04-25,09:39:00
03/18/2024 02:35:00 PM,7.0,2,1,5,5,1,3,3,1,1,3,FAILING TO YIELD RIGHT-OF-WAY,2,3,1.0,0.0,0.0,1.0,0.0,1.0,14,2,3,03/18/2024,2024-03-18,14:35:00
06/05/2024 08:35:00 AM,3.0,2,1,5,5,1,4,3,1,1,3,DRIVING SKILLS/KNOWLEDGE/EXPERIENCE,2,1,0.0,0.0,0.0,0.0,0.0,3.0,8,4,6,06/05/2024,2024-06-05,08:35:00
05/03/2024 07:29:00 PM,5.0,2,1,6,6,1,3,3,1,1,3,FAILING TO YIELD RIGHT-OF-WAY,2,3,1.0,0.0,0.0,1.0,0.0,3.0,19,6,5,05/03/2024,2024-05-03,19:29:00
01/09/2024 06:19:00 PM,5.0,5,4,4,6,1,5,2,0,1,3,FAILING TO YIELD RIGHT-OF-WAY,2,1,0.0,0.0,0.0,0.0,0.0,2.0,18,3,1,01/09/2024,2024-01-09,18:19:00
04/04/2024 04:30:00 PM,5.0,2,1,4,5,1,3,3,0,1,3,FOLLOWING TOO CLOSELY,2,1,0.0,0.0,0.0,0.0,0.0,2.0,16,5,4,04/04/2024,2024-04-04,16:30:00
02/16/2024 01:06:00 PM,5.0,2,1,5,5,1,3,3,1,1,3,FAILING TO YIELD RIGHT-OF-WAY,2,2,2.0,0.0,0.0,0.0,2.0,1.0,13,6,2,02/16/2024,2024-02-16,13:06:00
05/28/2024 04:35:00 PM,7.0,2,1,5,6,1,3,3,1,1,2,FAILING TO YIELD RIGHT-OF-WAY,2,1,0.0,0.0,0.0,0.0,0.0,2.0,16,3,5,05/28/2024,2024-05-28,16:35:00
01/13/2024 01:40:00 PM,7.0,5,1,5,5,1,5,3,1,1,3,DISREGARDING STOP SIGN,2,1,0.0,0.0,0.0,0.0,0.0,2.0,13,7,1,01/13/2024,2024-01-13,13:40:00
06/12/2024 08:14:00 AM,5.0,2,1,3,2,1,1,1,0,0,3,IMPROPER LANE USAGE,2,1,0.0,0.0,0.0,0.0,0.0,2.0,8,4,6,06/12/2024,2024-06-12,08:14:00