crash_date,traffic_control_device,weather_condition,lighting_condition,first_crash_type,trafficway_type,alignment,roadway_surface_cond,road_defect,crash_type,intersection_related_i,damage,prim_contributory_cause,num_units,most_severe_injury,injuries_total,injuries_fatal,injuries_incapacitating,injuries_non_incapacitating,injuries_reported_not_evident,injuries_no_indication,crash_hour,crash_day_of_week,crash_month,parsed_datetime,date,time
04/24/2024 11:54:00 AM,5.0,2,1,6,5,1,3,3,0,1,3,DRIVING SKILLS/KNOWLEDGE/EXPERIENCE,2,1,0.0,0.0,0.0,0.0,0.0,2.0,11,4,4,04/24/2024,2024-04-24,11:54:00
02/12/2024 10:05:00 PM,3.0,2,4,13,4,1,3,3,1,0,1,UNABLE TO DETERMINE,2,4,1.0,0.0,1.0,0.0,0.0,1.0,22,2,2,02/12/2024,2024-02-12,22:05:00
08/04/2024 02:00:00 PM,5.0,2,3,3,6,1,3,3,0,1,2,IMPROPER LANE USAGE,2,1,0.0,0.0,0.0,0.0,0.0,2.0,14,1,8,08/04/2024,2024-08-04,14:00:00
05/17/2024 09:50:00 PM,5.0,2,4,6,6,1,3,3,0,1,3,IMPROPER TURNING/NO SIGNAL,2,1,0.0,0.0,0.0,0.0,0.0,3.0,21,6,5,05/17/2024,2024-05-17,21:50:00
03/19/2024 08:20:00 AM,3.0,2,1,11,5,1,3,3,1,1,3,IMPROPER OVERTAKING/PASSING,2,3,1.0,0.0,0.0,1.0,0.0,2.0,8,3,3,03/19/2024,2024-03-19,08:20:00
06/03/2024 03:10:00 PM,7.0,2,1,6,5,1,3,3,0,1,3,DISREGARDING STOP SIGN,2,1,0.0,0.0,0.0,0.0,0.0,2.0,15,2,6,06/03/2024,2024-06-03,15:10:00
01/09/2024 12:30:00 PM,5.0,4,1,6,5,1,4,3,1,1,3,FAILING TO YIELD RIGHT-OF-WAY,2,2,1.0,0.0,0.0,0.0,1.0,1.0,12,3,1,01/09/2024,2024-01-09,12:30:00
04/10/2024 07:30:00 PM,5.0,2,1,3,6,1,3,3,0,1,3,IMPROPER LANE USAGE,2,1,0.0,0.0,0.0,0.0,0.0,2.0,19,4,4,04/10/2024,2024-04-10,19:30:00
02/24/2024 05:59:00 PM,5.0,2,3,6,5,1,3,3,1,1,3,FAILING TO YIELD RIGHT-OF-WAY,2,1,0.0,0.0,0.0,0.0,0.0,2.0,17,7,2,02/24/2024,2024-02-24,17:59:00
02/24/2024 02:07:00 PM,7.0,2,1,14,10,1,1,1,1,1,2,UNABLE TO DETERMINE,2,2,1.0,0.0,0.0,0.0,1.0,1.0,14,7,2,02/24/2024,2024-02-24,14:07:00
07/21/2024 03:37:00 AM,5.0,2,4,5,1,1,3,3,1,1,3,FAILING TO REDUCE SPEED TO AVOID CRASH,2,3,2.0,0.0,0.0,2.0,0.0,3.0,3,1,7,07/21/2024,2024-07-21,03:37:00
05/24/2024 02:00:00 PM,3.0,2,1,3,4,1,4,3,0,0,2,FOLLOWING TOO CLOSELY,2,1,0.0,0.0,0.0,0.0,0.0,3.0,14,6,5,05/24/2024,2024-05-24,14:00:00
02/26/2024 09:55:00 PM,5.0,2,4,3,4,1,3,3,0,1,2,IMPROPER OVERTAKING/PASSING,2,1,0.0,0.0,0.0,0.0,0.0,3.0,21,2,2,02/26/2024,2024-02-26,21:55:00
08/07/2024 02:00:00 PM,7.0,2,1,5,6,1,3,3,0,1,2,FAILING TO YIELD RIGHT-OF-WAY,2,1,0.0,0.0,0.0,0.0,0.0,2.0,14,4,8,08/07/2024,2024-08-07,14:00:00
06/20/2024 03:00:00 PM,5.0,2,1,5,5,1,1,1,0,1,3,DISREGARDING TRAFFIC SIGNALS,2,1,0.0,0.0,0.0,0.0,0.0,2.0,15,5,6,06/20/2024,2024-06-20,15:00:00
05/24/2024 07:00:00 AM,7.0,2,1,14,5,1,3,3,1,1,3,UNABLE TO DETERMINE,2,3,1.0,0.0,0.0,1.0,0.0,1.0,7,6,5,05/24/2024,2024-05-24,07:00:00
04/23/2024 06:28:00 PM,5.0,2,3,13,5,1,3,3,1,1,1,FAILING TO YIELD RIGHT-OF-WAY,2,3,1.0,0.0,0.0,1.0,0.0,2.0,18,3,4,04/23/2024,2024-04-23,18:28:00
05/20/2024 11:38:00 AM,5.0,2,1,4,6,1,3,3,0,1,3,FOLLOWING TOO CLOSELY,2,1,0.0,0.0,0.0,0.0,0.0,2.0,11,2,5,05/20/2024,2024-05-20,11:38:00
01/07/2024 12:25:00 AM,5.0,5,4,6,5,1,4,3,1,0,3,IMPROPER TURNING/NO SIGNAL,2,2,1.0,0.0,0.0,0.0,1.0,4.0,0,1,1,01/07/2024,2024-01-07,00:25:00
01/18/2024 04:45:00 PM,5.0,2,1,4,5,1,4,1,0,1,3,FAILING TO REDUCE SPEED TO AVOID CRASH,2,1,0.0,0.0,0.0,0.0,0.0,2.0,16,5,1,01/18/2024,2024-01-18,16:45:00
07/16/2024 05:55:00 PM,5.0,2,1,3,5,1,3,3,0,1,3,FOLLOWING TOO CLOSELY,2,1,0.0,0.0,0.0,0.0,0.0,2.0,17,3,7,07/16/2024,2024-07-16,17:55:00
04/23/2024 02:30:00 PM,5.0,2,1,6,6,1,3,1,1,1,3,IMPROPER TURNING/NO SIGNAL,2,3,1.0,0.0,0.0,1.0,0.0,1.0,14,3,4,04/23/2024,2024-04-23,14:30:00
04/28/2024 06:53:00 AM,5.0,4,1,6,5,1,4,3,1,1,3,UNDER THE INFLUENCE OF ALCOHOL/DRUGS (USE WHEN ARREST IS EFFECTED),2,4,1.0,0.0,1.0,0.0,0.0,1.0,6,1,4,04/28/2024,2024-04-28,06:53:00
06/12/2024 10:00:00 PM,5.0,2,4,6,5,1,3,1,1,1,3,DISTRACTION - FROM INSIDE VEHICLE,2,3,1.0,0.0,0.0,1.0,0.0,1.0,22,4,6,06/12/2024,2024-06-12,22:00:00
06/28/2024 02:00:00 PM,1.0,3,1,3,5,1,1,3,0,1,2,UNABLE TO DETERMINE,2,1,0.0,0.0,0.0,0.0,0.0,2.0,14,6,6,06/28/2024,2024-06-28,14:00:00
01/18/2024 03:48:00 PM,3.0,3,1,6,4,1,5,3,0,1,3,FAILING TO YIELD RIGHT-OF-WAY,2,1,0.0,0.0,0.0,0.0,0.0,2.0,15,5,1,01/18/2024,2024-01-18,15:48:00
05/04/2024 09:15:00 PM,7.0,2,4,6,5,1,3,3,1,1,3,FAILING TO YIELD RIGHT-OF-WAY,2,2,1.0,0.0,0.0,0.0,1.0,1.0,21,7,5,05/04/2024,2024-05-04,21:15:00
06/27/2024 09:44:00 AM,3.0,2,1,6,7,2,3,3,1,1,3,FAILING TO YIELD RIGHT-OF-WAY,2,2,1.0,0.0,0.0,0.0,1.0,1.0,9,5,6,06/27/2024,2024-06-27,09:44:00
05/22/2024 08:30:00 AM,3.0,2,1,4,7,1,3,3,0,1,3,DRIVING SKILLS/KNOWLEDGE/EXPERIENCE,2,1,0.0,0.0,0.0,0.0,0.0,2.0,8,4,5,05/22/2024,2024-05-22,08:30:00
06/06/2024 12:15:00 PM,3.0,2,1,6,5,1,3,3,0,1,3,FAILING TO YIELD RIGHT-OF-WAY,2,1,0.0,0.0,0.0,0.0,0.0,2.0,12,5,6,06/06/2024,2024-06-06,12:15:00
07/10/2024 10:47:00 PM,3.0,2,4,6,5,1,1,1,1,1,3,FAILING TO YIELD RIGHT-OF-WAY,2,4,1.0,0.0,1.0,0.0,0.0,1.0,22,4,7,07/10/2024,2024-07-10,22:47:00
04/03/2024 09:08:00 AM,7.0,4,1,7,5,1,4,3,1,0,3,DRIVING SKILLS/KNOWLEDGE/EXPERIENCE,2,1,0.0,0.0,0.0,0.0,0.0,3.0,9,4,4,04/03/2024,2024-04-03,09:08:00
04/07/2024 08:19:00 PM,7.0,4,5,6,5,1,4,3,1,1,3,FAILING TO YIELD RIGHT-OF-WAY,2,1,0.0,0.0,0.0,0.0,0.0,2.0,20,1,4,04/07/2024,2024-04-07,20:19:00
04/03/2024 04:50:00 AM,5.0,4,4,5,5,1,4,3,1,1,3,FAILING TO YIELD RIGHT-OF-WAY,2,1,0.0,0.0,0.0,0.0,0.0,2.0,4,4,4,04/03/2024,2024-04-03,04:50:00
06/11/2024 04:05:00 PM,7.0,2,1,3,7,1,1,1,0,1,3,UNABLE TO DETERMINE,2,1,0.0,0.0,0.0,0.0,0.0,2.0,16,3,6,06/11/2024,2024-06-11,16:05:00
07/12/2024 04:30:00 PM,5.0,2,1,6,5,1,3,3,0,1,3,FOLLOWING TOO CLOSELY,2,1,0.0,0.0,0.0,0.0,0.0,2.0,16,6,7,07/12/2024,2024-07-12,16:30:00
05/30/2024 01:20:00 PM,5.0,2,1,6,5,1,3,3,1,1,3,FAILING TO YIELD RIGHT-OF-WAY,2,3,1.0,0.0,0.0,1.0,0.0,5.0,13,5,5,05/30/2024,2024-05-30,13:20:00
06/08/2024 08:40:00 AM,5.0,2,1,3,6,1,3,3,0,1,1,UNABLE TO DETERMINE,2,1,0.0,0.0,0.0,0.0,0.0,4.0,8,7,6,06/08/2024,2024-06-08,08:40:00
03/23/2024 11:05:00 PM,5.0,2,4,5,5,1,3,3,1,1,3,DISREGARDING TRAFFIC SIGNALS,2,1,0.0,0.0,0.0,0.0,0.0,2.0,23,7,3,03/23/2024,2024-03-23,23:05:00
03/26/2024 07:00:00 PM,5.0,2,5,6,5,1,3,1,0,1,3,FOLLOWING TOO CLOSELY,2,1,0.0,0.0,0.0,0.0,0.0,2.0,19,3,3,03/26/2024,2024-03-26,19:00:00
02/29/2024 07:45:00 AM,5.0,2,1,6,7,1,1,1,0,1,1,IMPROPER LANE USAGE,2,1,0.0,0.0,0.0,0.0,0.0,2.0,7,5,2,02/29/2024,2024-02-29,07:45:00
06/18/2024 11:48:00 PM,5.0,2,4,5,5,1,3,3,0,1,3,DISREGARDING TRAFFIC SIGNALS,2,1,0.0,0.0,0.0,0.0,0.0,2.0,23,3,6,06/18/2024,2024-06-18,23:48:00
07/28/2024 04:20:00 PM,5.0,4,1,4,4,1,4,3,1,1,3,WEATHER,2,2,2.0,0.0,0.0,0.0,2.0,2.0,16,1,7,07/28/2024,2024-07-28,16:20:00
06/15/2024 04:30:00 PM,5.0,2,1,3,5,1,3,1,0,1,2,UNABLE TO DETERMINE,2,1,0.0,0.0,0.0,0.0,0.0,2.0,16,7,6,06/15/2024,2024-06-15,16:30:00
05/13/2024 02:15:00 PM,7.0,2,1,5,5,1,4,3,1,1,3,FAILING TO YIELD RIGHT-OF-WAY,2,1,0.0,0.0,0.0,0.0,0.0,2.0,14,2,5,05/13/2024,2024-05-13,14:15:00
08/02/2024 05:56:00 PM,7.0,2,1,13,5,1,3,3,1,1,1,UNABLE TO DETERMINE,2,3,1.0,0.0,0.0,1.0,0.0,2.0,17,6,8,08/02/2024,2024-08-02,17:56:00
01/25/2024 10:00:00 PM,5.0,4,4,3,3,4,4,1,0,1,3,UNABLE TO DETERMINE,2,1,0.0,0.0,0.0,0.0,0.0,3.0,22,5,1,01/25/2024,2024-01-25,22:00:00
05/29/2024 02:25:00 PM,5.0,2,1,4,5,1,3,3,0,1,1,UNABLE TO DETERMINE,2,1,0.0,0.0,0.0,0.0,0.0,2.0,14,4,5,05/29/2024,2024-05-29,14:25:00
01/07/2024 07:30:00 PM,5.0,2,4,6,5,1,3,1,0,1,3,UNABLE TO DETERMINE,2,1,0.0,0.0,0.0,0.0,0.0,2.0,19,1,1,01/07/2024,2024-01-07,19:30:00
03/26/2024 03:25:00 AM,5.0,2,4,4,6,1,4,3,1,1,3,UNABLE TO DETERMINE,2,1,0.0,0.0,0.0,0.0,0.0,2.0,3,3,3,03/26/2024,2024-03-26,03:25:00
04/21/2024 05:20:00 AM,7.0,2,1,5,5,1,3,3,1,1,3,DISREGARDING STOP SIGN,2,1,0.0,0.0,0.0,0.0,0.0,4.0,5,1,4,04/21/2024,2024-04-21,05:20:00
07/14/2024 10:26:00 AM,5.0,2,1,5,5,1,3,3,1,1,3,DISREGARDING TRAFFIC SIGNALS,2,1,0.0,0.0,0.0,0.0,0.0,2.0,10,1,7,07/14/2024,2024-07-14,10:26:00
05/07/2024 05:15:00 PM,5.0,2,1,3,6,1,3,3,0,1,3,FAILING TO YIELD RIGHT-OF-WAY,2,1,0.0,0.0,0.0,0.0,0.0,3.0,17,3,5,05/07/2024,2024-05-07,17:15:00
07/22/2024 01:05:00 AM,5.0,2,4,5,5,1,3,3,1,1,3,DISREGARDING TRAFFIC SIGNALS,2,3,1.0,0.0,0.0,1.0,0.0,1.0,1,2,7,07/22/2024,2024-07-22,01:05:00
07/16/2024 05:30:00 PM,1.0,2,1,6,5,1,1,1,0,1,2,IMPROPER LANE USAGE,2,1,0.0,0.0,0.0,0.0,0.0,2.0,17,3,7,07/16/2024,2024-07-16,17:30:00
06/25/2024 09:28:00 AM,5.0,3,1,5,5,1,4,3,1,1,3,NOT APPLICABLE,2,1,0.0,0.0,0.0,0.0,0.0,2.0,9,3,6,06/25/2024,2024-06-25,09:28:00
04/20/2024 07:50:00 AM,5.0,2,1,6,6,1,3,3,0,1,3,IMPROPER TURNING/NO SIGNAL,2,1,0.0,0.0,0.0,0.0,0.0,2.0,7,7,4,04/20/2024,2024-04-20,07:50:00
01/18/2024 09:30:00 AM,5.0,3,1,6,6,1,4,3,0,1,3,UNABLE TO DETERMINE,2,1,0.0,0.0,0.0,0.0,0.0,2.0,9,5,1,01/18/2024,2024-01-18,09:30:00
02/13/2024 07:26:00 AM,5.0,2,1,6,5,1,3,3,0,1,3,UNABLE TO DETERMINE,2,1,0.0,0.0,0.0,0.0,0.0,2.0,7,3,2,02/13/2024,2024-02-13,07:26:00
01/27/2024 09:30:00 AM,5.0,4,1,6,6,1,4,3,1,1,3,FAILING TO YIELD RIGHT-OF-WAY,2,1,0.0,0.0,0.0,0.0,0.0,2.0,9,7,1,01/27/2024,2024-01-27,09:30:00
05/21/2024 07:02:00 PM,5.0,2,1,5,5,1,3,3,0,1,3,FAILING TO YIELD RIGHT-OF-WAY,2,1,0.0,0.0,0.0,0.0,0.0,2.0,19,3,5,05/21/2024,2024-05-21,19:02:00
04/02/2024 07:33:00 AM,7.0,4,1,5,5,1,4,3,1,1,3,FAILING TO YIELD RIGHT-OF-WAY,2,2,1.0,0.0,0.0,0.0,1.0,3.0,7,3,4,04/02/2024,2024-04-02,07:33:00
05/23/2024 04:54:00 AM,5.0,2,2,13,4,1,3,1,1,1,3,FAILING TO YIELD RIGHT-OF-WAY,2,4,1.0,0.0,1.0,0.0,0.0,1.0,4,5,5,05/23/2024,2024-05-23,04:54:00
07/31/2024 03:35:00 PM,5.0,2,1,6,4,1,1,1,0,1,3,DISREGARDING TRAFFIC SIGNALS,2,1,0.0,0.0,0.0,0.0,0.0,2.0,15,4,7,07/31/2024,2024-07-31,15:35:00
03/08/2024 11:00:00 AM,1.0,3,1,5,1,1,1,1,0,1,3,UNABLE TO DETERMINE,2,1,0.0,0.0,0.0,0.0,0.0,3.0,11,6,3,03/08/2024,2024-03-08,11:00:00
05/04/2024 03:30:00 PM,5.0,2,1,14,5,1,3,3,1,1,3,FAILING TO YIELD RIGHT-OF-WAY,2,3,1.0,0.0,0.0,1.0,0.0,1.0,15,7,5,05/04/2024,2024-05-04,15:30:00
04/12/2024 12:20:00 PM,3.0,2,1,6,4,1,3,1,0,1,3,UNABLE TO DETERMINE,2,1,0.0,0.0,0.0,0.0,0.0,2.0,12,6,4,04/12/2024,2024-04-12,12:20:00
02/12/2024 02:59:00 AM,5.0,2,3,5,5,1,3,3,1,1,1,DRIVING ON WRONG SIDE/WRONG WAY,2,2,1.0,0.0,0.0,0.0,1.0,3.0,2,2,2,02/12/2024,2024-02-12,02:59:00
05/07/2024 08:00:00 AM,5.0,2,1,5,6,1,1,1,0,1,3,DISREGARDING OTHER TRAFFIC SIGNS,2,1,0.0,0.0,0.0,0.0,0.0,2.0,8,3,5,05/07/2024,2024-05-07,08:00:00
03/03/2024 01:10:00 PM,7.0,2,1,6,6,1,3,3,0,1,1,IMPROPER TURNING/NO SIGNAL,2,1,0.0,0.0,0.0,0.0,0.0,2.0,13,1,3,03/03/2024,2024-03-03,13:10:00
04/14/2024 04:20:00 PM,5.0,2,1,6,5,1,3,1,1,1,3,FAILING TO REDUCE SPEED TO AVOID CRASH,2,1,0.0,0.0,0.0,0.0,0.0,3.0,16,1,4,04/14/2024,2024-04-14,16:20:00
06/28/2024 06:07:00 PM,5.0,4,1,3,13,1,4,3,0,1,3,IMPROPER OVERTAKING/PASSING,2,1,0.0,0.0,0.0,0.0,0.0,2.0,18,6,6,06/28/2024,2024-06-28,18:07:00
07/13/2024 08:53:00 PM,7.0,2,1,4,5,1,1,1,0,1,2,UNABLE TO DETERMINE,2,1,0.0,0.0,0.0,0.0,0.0,2.0,20,7,7,07/13/2024,2024-07-13,20:53:00
07/25/2024 12:17:00 PM,3.0,2,1,6,6,1,3,3,0,0,3,FAILING TO YIELD RIGHT-OF-WAY,2,1,0.0,0.0,0.0,0.0,0.0,4.0,12,5,7,07/25/2024,2024-07-25,12:17:00
03/21/2024 08:40:00 PM,5.0,2,4,5,6,1,3,3,1,1,3,UNABLE TO DETERMINE,2,2,2.0,0.0,0.0,0.0,2.0,1.0,20,5,3,03/21/2024,2024-03-21,20:40:00
06/08/2024 08:35:00 AM,5.0,2,1,6,13,1,3,3,1,1,3,FAILING TO YIELD RIGHT-OF-WAY,2,1,0.0,0.0,0.0,0.0,0.0,2.0,8,7,6,06/08/2024,2024-06-08,08:35:00
01/15/2024 03:18:00 PM,5.0,2,1,6,5,1,3,3,1,1,3,IMPROPER TURNING/NO SIGNAL,2,1,0.0,0.0,0.0,0.0,0.0,5.0,15,2,1,01/15/2024,2024-01-15,15:18:00
04/27/2024 12:45:00 AM,7.0,4,4,6,10,1,4,3,0,1,3,DRIVING ON WRONG SIDE/WRONG WAY,2,1,0.0,0.0,0.0,0.0,0.0,3.0,0,7,4,04/27/2024,2024-04-27,00:45:00
01/22/2024 05:48:00 PM,5.0,4,4,6,6,1,4,3,0,1,3,IMPROPER TURNING/NO SIGNAL,2,1,0.0,0.0,0.0,0.0,0.0,2.0,17,2,1,01/22/2024,2024-01-22,17:48:00
08/04/2024 04:30:00 PM,5.0,2,1,6,6,1,3,3,0,1,3,UNABLE TO DETERMINE,2,1,0.0,0.0,0.0,0.0,0.0,2.0,16,1,8,08/04/2024,2024-08-04,16:30:00
08/04/2024 09:00:00 PM,5.0,2,4,3,5,1,3,1,0,1,3,UNABLE TO DETERMINE,2,1,0.0,0.0,0.0,0.0,0.0,2.0,21,1,8,08/04/2024,2024-08-04,21:00:00
03/16/2024 05:37:00 PM,5.0,2,1,6,5,1,3,3,0,1,3,IMPROPER TURNING/NO SIGNAL,2,1,0.0,0.0,0.0,0.0,0.0,2.0,17,7,3,03/16/2024,2024-03-16,17:37:00
05/13/2024 05:00:00 PM,5.0,3,1,6,3,1,3,3,0,1,3,UNABLE TO DETERMINE,2,1,0.0,0.0,0.0,0.0,0.0,2.0,17,2,5,05/13/2024,2024-05-13,17:00:00
06/29/2024 10:15:00 PM,5.0,2,4,6,5,1,3,1,0,1,3,UNABLE TO DETERMINE,2,1,0.0,0.0,0.0,0.0,0.0,2.0,22,7,6,06/29/2024,2024-06-29,22:15:00
05/29/2024 07:45:00 AM,3.0,2,1,5,1,1,1,1,0,1,3,UNABLE TO DETERMINE,2,1,0.0,0.0,0.0,0.0,0.0,2.0,7,4,5,05/29/2024,2024-05-29,07:45:00
07/03/2024 09:24:00 PM,5.0,2,4,5,5,1,3,3,1,1,3,FAILING TO YIELD RIGHT-OF-WAY,2,1,0.0,0.0,0.0,0.0,0.0,2.0,21,4,7,07/03/2024,2024-07-03,21:24:00
06/21/2024 05:35:00 AM,5.0,2,1,13,5,1,3,3,1,1,1,FAILING TO YIELD RIGHT-OF-WAY,2,3,1.0,0.0,0.0,1.0,0.0,1.0,5,6,6,06/21/2024,2024-06-21,05:35:00
06/24/2024 03:30:00 PM,5.0,2,1,5,6,1,3,3,1,1,3,UNABLE TO DETERMINE,2,1,0.0,0.0,0.0,0.0,0.0,6.0,15,2,6,06/24/2024,2024-06-24,15:30:00
08/09/2024 10:15:00 AM,5.0,2,1,6,5,1,3,3,1,1,3,UNABLE TO DETERMINE,2,3,1.0,0.0,0.0,1.0,0.0,3.0,10,6,8,08/09/2024,2024-08-09,10:15:00
01/15/2024 05:38:00 PM,1.0,9,4,3,12,1,1,1,1,0,2,IMPROPER LANE USAGE,2,3,1.0,0.0,0.0,1.0,0.0,3.0,17,2,1,01/15/2024,2024-01-15,17:38:00
07/07/2024 05:54:00 PM,5.0,4,1,5,5,1,3,1,1,1,3,DRIVING SKILLS/KNOWLEDGE/EXPERIENCE,2,1,0.0,0.0,0.0,0.0,0.0,6.0,17,1,7,07/07/2024,2024-07-07,17:54:00
01/15/2024 03:39:00 PM,5.0,1,1,4,5,1,6,3,0,1,3,FOLLOWING TOO CLOSELY,2,1,0.0,0.0,0.0,0.0,0.0,2.0,15,2,1,01/15/2024,2024-01-15,15:39:00
06/17/2024 01:00:00 PM,5.0,2,1,4,6,1,3,3,1,1,3,FAILING TO YIELD RIGHT-OF-WAY,2,2,1.0,0.0,0.0,0.0,1.0,1.0,13,2,6,06/17/2024,2024-06-17,13:00:00
06/12/2024 02:30:00 PM,3.0,2,1,5,5,1,3,3,0,1,3,UNABLE TO DETERMINE,2,1,0.0,0.0,0.0,0.0,0.0,2.0,14,4,6,06/12/2024,2024-06-12,14:30:00
08/10/2024 07:10:00 PM,7.0,2,1,11,7,1,3,3,0,1,3,IMPROPER TURNING/NO SIGNAL,2,1,0.0,0.0,0.0,0.0,0.0,1.0,19,7,8,08/10/2024,2024-08-10,19:10:00
04/03/2024 06:50:00 PM,5.0,4,4,7,14,1,4,3,1,1,3,DRIVING SKILLS/KNOWLEDGE/EXPERIENCE,2,2,1.0,0.0,0.0,0.0,1.0,2.0,18,4,4,04/03/2024,2024-04-03,18:50:00
07/17/2024 11:00:00 AM,3.0,2,1,4,6,1,3,3,0,1,2,FOLLOWING TOO CLOSELY,2,1,0.0,0.0,0.0,0.0,0.0,4.0,11,4,7,07/17/2024,2024-07-17,11:00:00
04/26/2024 06:50:00 PM,5.0,3,1,4,5,1,4,3,1,1,3,DRIVING SKILLS/KNOWLEDGE/EXPERIENCE,2,2,1.0,0.0,0.0,0.0,1.0,1.0,18,6,4,04/26/2024,2024-04-26,18:50:00
05/28/2024 04:44:00 PM,5.0,4,1,6,5,1,4,3,1,1,3,IMPROPER TURNING/NO SIGNAL,2,1,0.0,0.0,0.0,0.0,0.0,3.0,16,3,5,05/28/2024,2024-05-28,16:44:00
06/01/2024 09:54:00 PM,5.0,4,4,6,6,1,4,3,0,1,3,FAILING TO YIELD RIGHT-OF-WAY,2,1,0.0,0.0,0.0,0.0,0.0,3.0,21,7,6,06/01/2024,2024-06-01,21:54:00
01/22/2024 02:00:00 PM,5.0,2,1,3,7,1,1,1,0,1,1,UNABLE TO DETERMINE,2,1,0.0,0.0,0.0,0.0,0.0,3.0,14,2,1,01/22/2024,2024-01-22,14:00:00
03/06/2024 04:35:00 PM,3.0,2,1,3,6,1,1,1,1,0,3,"OPERATING VEHICLE IN ERRATIC, RECKLESS, CARELESS, NEGLIGENT OR AGGRESSIVE MANNER",2,3,2.0,0.0,0.0,2.0,0.0,2.0,16,4,3,03/06/2024,2024-03-06,16:35:00
01/29/2024 09:58:00 AM,7.0,2,1,6,5,1,1,1,1,1,3,FAILING TO YIELD RIGHT-OF-WAY,2,3,1.0,0.0,0.0,1.0,0.0,2.0,9,2,1,01/29/2024,2024-01-29,09:58:00
07/18/2024 06:07:00 PM,5.0,2,1,4,5,1,3,3,1,1,3,FOLLOWING TOO CLOSELY,2,1,0.0,0.0,0.0,0.0,0.0,3.0,18,5,7,07/18/2024,2024-07-18,18:07:00
03/14/2024 04:49:00 PM,7.0,2,1,5,6,1,3,3,1,1,3,FAILING TO YIELD RIGHT-OF-WAY,2,2,1.0,0.0,0.0,0.0,1.0,1.0,16,5,3,03/14/2024,2024-03-14,16:49:00
04/10/2024 11:25:00 PM,5.0,2,4,5,5,1,3,3,1,1,3,DISREGARDING TRAFFIC SIGNALS,2,1,0.0,0.0,0.0,0.0,0.0,3.0,23,4,4,04/10/2024,2024-04-10,23:25:00
07/19/2024 02:30:00 PM,5.0,2,1,6,5,1,3,3,0,1,3,DRIVING SKILLS/KNOWLEDGE/EXPERIENCE,2,1,0.0,0.0,0.0,0.0,0.0,2.0,14,6,7,07/19/2024,2024-07-19,14:30:00
04/20/2024 01:30:00 PM,5.0,2,1,6,6,1,1,1,0,1,2,UNABLE TO DETERMINE,2,1,0.0,0.0,0.0,0.0,0.0,4.0,13,7,4,04/20/2024,2024-04-20,13:30:00
03/03/2024 09:20:00 PM,7.0,2,4,5,5,1,3,3,0,1,2,UNABLE TO DETERMINE,2,1,0.0,0.0,0.0,0.0,0.0,3.0,21,1,3,03/03/2024,2024-03-03,21:20:00
08/05/2024 05:45:00 PM,5.0,2,1,6,5,1,3,3,0,1,3,FAILING TO YIELD RIGHT-OF-WAY,2,1,0.0,0.0,0.0,0.0,0.0,2.0,17,2,8,08/05/2024,2024-08-05,17:45:00
08/10/2024 03:20:00 PM,3.0,2,1,6,5,1,3,3,0,1,3,UNABLE TO DETERMINE,2,1,0.0,0.0,0.0,0.0,0.0,4.0,15,7,8,08/10/2024,2024-08-10,15:20:00
02/29/2024 11:45:00 AM,5.0,2,1,4,5,1,3,3,0,1,3,FOLLOWING TOO CLOSELY,2,1,0.0,0.0,0.0,0.0,0.0,2.0,11,5,2,02/29/2024,2024-02-29,11:45:00
02/10/2024 03:40:00 PM,7.0,2,1,5,5,1,1,1,1,1,3,UNABLE TO DETERMINE,2,1,0.0,0.0,0.0,0.0,0.0,2.0,15,7,2,02/10/2024,2024-02-10,15:40:00
08/09/2024 01:36:00 PM,5.0,2,1,5,6,1,3,3,1,1,3,FAILING TO YIELD RIGHT-OF-WAY,2,3,1.0,0.0,0.0,1.0,0.0,1.0,13,6,8,08/09/2024,2024-08-09,13:36:00
05/24/2024 02:52:00 PM,5.0,3,1,3,3,1,3,3,0,1,1,FAILING TO YIELD RIGHT-OF-WAY,2,1,0.0,0.0,0.0,0.0,0.0,6.0,14,6,5,05/24/2024,2024-05-24,14:52:00
01/08/2024 08:46:00 AM,7.0,2,1,5,5,1,3,3,1,1,3,FAILING TO YIELD RIGHT-OF-WAY,2,3,1.0,0.0,0.0,1.0,0.0,1.0,8,2,1,01/08/2024,2024-01-08,08:46:00
05/07/2024 04:09:00 PM,7.0,2,1,5,3,1,4,3,0,1,2,FAILING TO YIELD RIGHT-OF-WAY,2,1,0.0,0.0,0.0,0.0,0.0,2.0,16,3,5,05/07/2024,2024-05-07,16:09:00
01/04/2024 10:00:00 AM,5.0,2,1,13,5,1,3,3,1,1,1,UNABLE TO DETERMINE,2,2,1.0,0.0,0.0,0.0,1.0,1.0,10,5,1,01/04/2024,2024-01-04,10:00:00
05/15/2024 08:43:00 PM,5.0,2,4,13,5,1,3,3,1,1,3,RELATED TO BUS STOP,2,3,1.0,0.0,0.0,1.0,0.0,2.0,20,4,5,05/15/2024,2024-05-15,20:43:00
07/30/2024 04:00:00 PM,7.0,2,1,5,7,1,3,3,0,1,2,FAILING TO YIELD RIGHT-OF-WAY,2,1,0.0,0.0,0.0,0.0,0.0,2.0,16,3,7,07/30/2024,2024-07-30,16:00:00
04/18/2024 06:00:00 PM,5.0,2,1,3,6,1,1,1,0,1,1,IMPROPER TURNING/NO SIGNAL,2,1,0.0,0.0,0.0,0.0,0.0,2.0,18,5,4,04/18/2024,2024-04-18,18:00:00