crash_date,traffic_control_device,weather_condition,lighting_condition,first_crash_type,trafficway_type,alignment,roadway_surface_cond,road_defect,crash_type,intersection_related_i,damage,prim_contributory_cause,num_units,most_severe_injury,injuries_total,injuries_fatal,injuries_incapacitating,injuries_non_incapacitating,injuries_reported_not_evident,injuries_no_indication,crash_hour,crash_day_of_week,crash_month,parsed_datetime,date,time
02/07/2024 09:40:00 PM,7.0,2,4,4,4,1,3,3,0,1,3,UNABLE TO DETERMINE,2,1,0.0,0.0,0.0,0.0,0.0,2.0,21,4,2,02/07/2024,2024-02-07,21:40:00
03/17/2024 03:00:00 AM,5.0,2,4,4,6,1,1,1,0,1,3,FOLLOWING TOO CLOSELY,2,1,0.0,0.0,0.0,0.0,0.0,2.0,3,1,3,03/17/2024,2024-03-17,03:00:00
07/25/2024 09:56:00 PM,7.0,2,4,4,6,1,3,3,1,1,3,FAILING TO REDUCE SPEED TO AVOID CRASH,2,1,0.0,0.0,0.0,0.0,0.0,2.0,21,5,7,07/25/2024,2024-07-25,21:56:00
03/21/2024 07:59:00 AM,3.0,2,1,5,5,1,3,3,0,1,3,IMPROPER LANE USAGE,2,1,0.0,0.0,0.0,0.0,0.0,2.0,7,5,3,03/21/2024,2024-03-21,07:59:00
04/07/2024 03:00:00 PM,7.0,2,1,6,10,1,3,3,0,1,3,UNABLE TO DETERMINE,2,1,0.0,0.0,0.0,0.0,0.0,3.0,15,1,4,04/07/2024,2024-04-07,15:00:00
08/02/2024 01:45:00 PM,7.0,2,1,3,3,1,3,1,0,1,3,RELATED TO BUS STOP,2,1,0.0,0.0,0.0,0.0,0.0,8.0,13,6,8,08/02/2024,2024-08-02,13:45:00
01/21/2024 03:20:00 PM,5.0,2,1,4,6,1,3,3,0,1,2,FOLLOWING TOO CLOSELY,2,1,0.0,0.0,0.0,0.0,0.0,3.0,15,1,1,01/21/2024,2024-01-21,15:20:00
05/15/2024 01:45:00 PM,5.0,2,1,6,5,1,3,1,0,1,2,IMPROPER TURNING/NO SIGNAL,2,1,0.0,0.0,0.0,0.0,0.0,2.0,13,4,5,05/15/2024,2024-05-15,13:45:00
05/11/2024 09:00:00 PM,7.0,2,4,5,5,1,3,3,1,1,3,FAILING TO REDUCE SPEED TO AVOID CRASH,2,3,2.0,0.0,0.0,1.0,1.0,1.0,21,7,5,05/11/2024,2024-05-11,21:00:00
07/15/2024 08:34:00 AM,5.0,2,1,13,5,1,3,3,1,1,3,FAILING TO REDUCE SPEED TO AVOID CRASH,2,3,1.0,0.0,0.0,1.0,0.0,2.0,8,2,7,07/15/2024,2024-07-15,08:34:00
07/07/2024 03:03:00 PM,5.0,2,1,14,5,1,3,3,1,1,1,IMPROPER TURNING/NO SIGNAL,2,3,1.0,0.0,0.0,1.0,0.0,1.0,15,1,7,07/07/2024,2024-07-07,15:03:00
04/03/2024 05:30:00 PM,7.0,4,4,7,6,1,4,1,0,1,3,FAILING TO YIELD RIGHT-OF-WAY,2,1,0.0,0.0,0.0,0.0,0.0,3.0,17,4,4,04/03/2024,2024-04-03,17:30:00
07/20/2024 07:30:00 PM,5.0,2,2,6,3,1,3,3,0,1,3,UNABLE TO DETERMINE,2,1,0.0,0.0,0.0,0.0,0.0,2.0,19,7,7,07/20/2024,2024-07-20,19:30:00
01/21/2024 11:19:00 PM,5.0,2,4,5,5,1,5,3,1,1,3,FAILING TO YIELD RIGHT-OF-WAY,2,1,0.0,0.0,0.0,0.0,0.0,2.0,23,1,1,01/21/2024,2024-01-21,23:19:00
01/22/2024 10:00:00 PM,3.0,7,4,11,4,1,6,3,0,0,3,WEATHER,2,1,0.0,0.0,0.0,0.0,0.0,3.0,22,2,1,01/22/2024,2024-01-22,22:00:00
02/02/2024 05:30:00 AM,3.0,2,5,6,6,1,3,3,0,1,3,DISREGARDING OTHER TRAFFIC SIGNS,2,1,0.0,0.0,0.0,0.0,0.0,2.0,5,6,2,02/02/2024,2024-02-02,05:30:00
07/16/2024 10:28:00 AM,5.0,2,1,4,6,1,3,3,0,1,3,FOLLOWING TOO CLOSELY,2,1,0.0,0.0,0.0,0.0,0.0,2.0,10,3,7,07/16/2024,2024-07-16,10:28:00
08/05/2024 08:30:00 PM,7.0,2,3,6,6,1,1,1,0,1,3,UNABLE TO DETERMINE,2,1,0.0,0.0,0.0,0.0,0.0,2.0,20,2,8,08/05/2024,2024-08-05,20:30:00
06/21/2024 06:52:00 PM,3.0,2,1,11,6,1,3,3,0,0,3,UNABLE TO DETERMINE,2,1,0.0,0.0,0.0,0.0,0.0,3.0,18,6,6,06/21/2024,2024-06-21,18:52:00
06/21/2024 09:30:00 PM,5.0,2,4,5,5,1,3,3,1,1,3,DISREGARDING TRAFFIC SIGNALS,2,1,0.0,0.0,0.0,0.0,0.0,4.0,21,6,6,06/21/2024,2024-06-21,21:30:00
01/18/2024 04:19:00 PM,7.0,2,4,6,1,1,1,3,1,1,3,UNABLE TO DETERMINE,2,1,0.0,0.0,0.0,0.0,0.0,3.0,16,5,1,01/18/2024,2024-01-18,16:19:00
07/19/2024 08:40:00 PM,5.0,2,4,8,6,1,3,3,1,1,3,UNABLE TO DETERMINE,2,2,1.0,0.0,0.0,0.0,1.0,1.0,20,6,7,07/19/2024,2024-07-19,20:40:00
05/19/2024 03:23:00 PM,3.0,2,1,13,5,1,3,3,1,1,3,DRIVING SKILLS/KNOWLEDGE/EXPERIENCE,2,3,1.0,0.0,0.0,1.0,0.0,3.0,15,1,5,05/19/2024,2024-05-19,15:23:00
06/02/2024 07:12:00 PM,7.0,2,1,5,6,1,1,1,0,1,2,UNABLE TO DETERMINE,2,1,0.0,0.0,0.0,0.0,0.0,2.0,19,1,6,06/02/2024,2024-06-02,19:12:00
01/30/2024 05:04:00 PM,7.0,4,4,5,5,1,3,1,0,1,3,FAILING TO YIELD RIGHT-OF-WAY,2,1,0.0,0.0,0.0,0.0,0.0,6.0,17,3,1,01/30/2024,2024-01-30,17:04:00
06/21/2024 02:33:00 PM,5.0,2,1,4,4,1,3,3,0,1,2,FOLLOWING TOO CLOSELY,2,1,0.0,0.0,0.0,0.0,0.0,2.0,14,6,6,06/21/2024,2024-06-21,14:33:00
02/29/2024 10:48:00 AM,1.0,2,1,5,4,1,3,1,1,1,3,NOT APPLICABLE,2,1,0.0,0.0,0.0,0.0,0.0,2.0,10,5,2,02/29/2024,2024-02-29,10:48:00
04/18/2024 08:54:00 PM,5.0,4,4,6,5,1,4,3,1,1,3,DISREGARDING TRAFFIC SIGNALS,2,1,0.0,0.0,0.0,0.0,0.0,4.0,20,5,4,04/18/2024,2024-04-18,20:54:00
06/13/2024 05:08:00 PM,5.0,2,1,5,5,1,3,1,1,1,3,UNABLE TO DETERMINE,2,1,0.0,0.0,0.0,0.0,0.0,2.0,17,5,6,06/13/2024,2024-06-13,17:08:00
02/12/2024 03:15:00 PM,3.0,2,1,5,4,1,3,1,0,1,3,UNABLE TO DETERMINE,2,1,0.0,0.0,0.0,0.0,0.0,2.0,15,2,2,02/12/2024,2024-02-12,15:15:00
08/01/2024 09:13:00 PM,5.0,4,4,6,5,1,4,3,1,1,3,FAILING TO YIELD RIGHT-OF-WAY,2,3,1.0,0.0,0.0,1.0,0.0,1.0,21,5,8,08/01/2024,2024-08-01,21:13:00
01/23/2024 10:01:00 AM,7.0,7,1,3,5,1,4,3,1,1,3,FAILING TO YIELD RIGHT-OF-WAY,2,1,0.0,0.0,0.0,0.0,0.0,2.0,10,3,1,01/23/2024,2024-01-23,10:01:00
03/12/2024 06:55:00 AM,3.0,2,1,6,6,1,3,3,1,1,3,FAILING TO YIELD RIGHT-OF-WAY,2,4,1.0,0.0,1.0,0.0,0.0,1.0,6,3,3,03/12/2024,2024-03-12,06:55:00
05/06/2024 05:33:00 PM,5.0,2,1,6,6,1,3,3,0,1,3,FOLLOWING TOO CLOSELY,2,1,0.0,0.0,0.0,0.0,0.0,4.0,17,2,5,05/06/2024,2024-05-06,17:33:00
04/05/2024 12:06:00 PM,3.0,2,1,4,6,1,3,3,1,0,3,FOLLOWING TOO CLOSELY,2,3,1.0,0.0,0.0,1.0,0.0,1.0,12,6,4,04/05/2024,2024-04-05,12:06:00
03/22/2024 02:47:00 PM,4.0,3,1,3,6,1,3,3,1,1,3,IMPROPER OVERTAKING/PASSING,2,1,0.0,0.0,0.0,0.0,0.0,5.0,14,6,3,03/22/2024,2024-03-22,14:47:00
07/17/2024 03:50:00 PM,3.0,2,1,6,6,1,3,3,0,1,2,DRIVING SKILLS/KNOWLEDGE/EXPERIENCE,2,1,0.0,0.0,0.0,0.0,0.0,2.0,15,4,7,07/17/2024,2024-07-17,15:50:00
06/12/2024 01:55:00 PM,5.0,2,1,5,5,1,3,7,0,1,3,UNABLE TO DETERMINE,2,1,0.0,0.0,0.0,0.0,0.0,3.0,13,4,6,06/12/2024,2024-06-12,13:55:00
03/05/2024 03:00:00 PM,5.0,2,1,4,10,1,3,3,0,1,3,FOLLOWING TOO CLOSELY,2,1,0.0,0.0,0.0,0.0,0.0,2.0,15,3,3,03/05/2024,2024-03-05,15:00:00
07/14/2024 02:25:00 AM,7.0,4,1,6,7,1,4,1,1,1,3,DISREGARDING STOP SIGN,2,1,0.0,0.0,0.0,0.0,0.0,2.0,2,1,7,07/14/2024,2024-07-14,02:25:00
06/08/2024 07:42:00 PM,7.0,2,3,4,5,1,4,3,0,1,3,FOLLOWING TOO CLOSELY,2,1,0.0,0.0,0.0,0.0,0.0,2.0,19,7,6,06/08/2024,2024-06-08,19:42:00
04/23/2024 03:30:00 PM,5.0,2,1,6,5,1,3,1,1,1,3,FAILING TO YIELD RIGHT-OF-WAY,2,2,1.0,0.0,0.0,0.0,1.0,1.0,15,3,4,04/23/2024,2024-04-23,15:30:00
02/22/2024 05:50:00 AM,3.0,2,1,4,10,1,3,1,0,1,3,UNABLE TO DETERMINE,2,1,0.0,0.0,0.0,0.0,0.0,3.0,5,5,2,02/22/2024,2024-02-22,05:50:00
03/20/2024 11:00:00 AM,5.0,2,2,5,5,1,3,3,1,1,3,UNABLE TO DETERMINE,2,1,0.0,0.0,0.0,0.0,0.0,4.0,11,4,3,03/20/2024,2024-03-20,11:00:00
05/12/2024 11:50:00 AM,1.0,2,2,3,6,1,1,1,0,1,3,IMPROPER LANE USAGE,2,1,0.0,0.0,0.0,0.0,0.0,2.0,11,1,5,05/12/2024,2024-05-12,11:50:00
06/13/2024 04:49:00 PM,5.0,2,1,6,10,1,1,1,0,1,2,UNABLE TO DETERMINE,2,1,0.0,0.0,0.0,0.0,0.0,2.0,16,5,6,06/13/2024,2024-06-13,16:49:00
06/10/2024 12:52:00 AM,5.0,2,5,9,5,2,3,1,1,1,3,"OPERATING VEHICLE IN ERRATIC, RECKLESS, CARELESS, NEGLIGENT OR AGGRESSIVE MANNER",2,1,0.0,0.0,0.0,0.0,0.0,3.0,0,2,6,06/10/2024,2024-06-10,00:52:00
05/14/2024 03:24:00 PM,5.0,2,1,6,5,1,3,3,1,1,3,TURNING RIGHT ON RED,2,2,2.0,0.0,0.0,0.0,2.0,2.0,15,3,5,05/14/2024,2024-05-14,15:24:00
05/16/2024 03:15:00 PM,5.0,2,1,5,4,1,4,1,1,1,3,FAILING TO REDUCE SPEED TO AVOID CRASH,2,3,1.0,0.0,0.0,1.0,0.0,3.0,15,5,5,05/16/2024,2024-05-16,15:15:00
07/23/2024 03:10:00 PM,3.0,2,1,3,6,1,3,3,0,1,3,FAILING TO YIELD RIGHT-OF-WAY,2,1,0.0,0.0,0.0,0.0,0.0,2.0,15,3,7,07/23/2024,2024-07-23,15:10:00
02/12/2024 12:19:00 AM,5.0,2,4,5,5,1,3,7,1,1,3,UNABLE TO DETERMINE,2,1,0.0,0.0,0.0,0.0,0.0,4.0,0,2,2,02/12/2024,2024-02-12,00:19:00
01/02/2024 06:27:00 PM,5.0,2,4,5,6,1,3,3,1,1,3,UNABLE TO DETERMINE,2,3,1.0,0.0,0.0,1.0,0.0,4.0,18,3,1,01/02/2024,2024-01-02,18:27:00
02/27/2024 06:20:00 PM,3.0,2,4,3,4,1,3,3,0,1,2,IMPROPER OVERTAKING/PASSING,2,1,0.0,0.0,0.0,0.0,0.0,6.0,18,3,2,02/27/2024,2024-02-27,18:20:00
05/10/2024 10:05:00 AM,5.0,3,1,3,4,1,3,3,0,1,3,DRIVING SKILLS/KNOWLEDGE/EXPERIENCE,2,1,0.0,0.0,0.0,0.0,0.0,2.0,10,6,5,05/10/2024,2024-05-10,10:05:00
07/05/2024 12:30:00 PM,7.0,2,1,5,6,1,3,3,1,1,3,EQUIPMENT - VEHICLE CONDITION,2,2,1.0,0.0,0.0,0.0,1.0,2.0,12,6,7,07/05/2024,2024-07-05,12:30:00
04/14/2024 09:23:00 AM,5.0,2,1,6,5,1,3,3,1,1,2,FOLLOWING TOO CLOSELY,2,4,1.0,0.0,1.0,0.0,0.0,1.0,9,1,4,04/14/2024,2024-04-14,09:23:00
01/14/2024 07:01:00 PM,7.0,5,4,4,6,1,5,3,0,1,3,FOLLOWING TOO CLOSELY,2,1,0.0,0.0,0.0,0.0,0.0,3.0,19,1,1,01/14/2024,2024-01-14,19:01:00
06/10/2024 08:30:00 AM,7.0,2,1,6,5,1,1,1,0,1,3,DISREGARDING STOP SIGN,2,1,0.0,0.0,0.0,0.0,0.0,2.0,8,2,6,06/10/2024,2024-06-10,08:30:00
01/13/2024 03:32:00 PM,5.0,2,1,9,6,1,4,3,1,1,2,DRIVING ON WRONG SIDE/WRONG WAY,2,1,0.0,0.0,0.0,0.0,0.0,3.0,15,7,1,01/13/2024,2024-01-13,15:32:00
01/30/2024 05:55:00 PM,7.0,2,4,4,10,1,3,3,0,1,3,FAILING TO REDUCE SPEED TO AVOID CRASH,2,1,0.0,0.0,0.0,0.0,0.0,2.0,17,3,1,01/30/2024,2024-01-30,17:55:00
06/25/2024 08:05:00 AM,5.0,2,1,6,4,1,3,3,0,1,3,IMPROPER LANE USAGE,2,1,0.0,0.0,0.0,0.0,0.0,2.0,8,3,6,06/25/2024,2024-06-25,08:05:00
07/11/2024 03:28:00 PM,3.0,2,1,13,5,1,3,3,1,1,1,FAILING TO YIELD RIGHT-OF-WAY,2,3,1.0,0.0,0.0,1.0,0.0,1.0,15,5,7,07/11/2024,2024-07-11,15:28:00
01/12/2024 10:04:00 AM,5.0,5,1,5,5,1,5,3,0,1,3,WEATHER,2,1,0.0,0.0,0.0,0.0,0.0,2.0,10,6,1,01/12/2024,2024-01-12,10:04:00
04/01/2024 04:46:00 PM,5.0,4,1,14,4,1,4,3,1,1,2,UNABLE TO DETERMINE,2,3,1.0,0.0,0.0,1.0,0.0,1.0,16,2,4,04/01/2024,2024-04-01,16:46:00
06/22/2024 08:30:00 PM,3.0,3,4,14,7,1,3,3,1,1,1,FAILING TO YIELD RIGHT-OF-WAY,2,3,1.0,0.0,0.0,1.0,0.0,1.0,20,7,6,06/22/2024,2024-06-22,20:30:00
04/26/2024 05:05:00 PM,5.0,4,1,3,3,1,4,3,0,1,3,FAILING TO YIELD RIGHT-OF-WAY,2,1,0.0,0.0,0.0,0.0,0.0,2.0,17,6,4,04/26/2024,2024-04-26,17:05:00
03/24/2024 02:30:00 PM,7.0,2,1,5,6,1,3,3,0,1,3,FAILING TO YIELD RIGHT-OF-WAY,2,1,0.0,0.0,0.0,0.0,0.0,4.0,14,1,3,03/24/2024,2024-03-24,14:30:00
05/20/2024 08:00:00 PM,5.0,2,2,3,6,1,3,1,0,1,2,IMPROPER OVERTAKING/PASSING,2,1,0.0,0.0,0.0,0.0,0.0,2.0,20,2,5,05/20/2024,2024-05-20,20:00:00
01/08/2024 05:24:00 PM,5.0,2,5,3,4,1,3,3,0,1,3,IMPROPER LANE USAGE,2,1,0.0,0.0,0.0,0.0,0.0,2.0,17,2,1,01/08/2024,2024-01-08,17:24:00
04/14/2024 10:38:00 AM,7.0,2,1,6,6,2,3,3,1,1,3,FAILING TO YIELD RIGHT-OF-WAY,2,1,0.0,0.0,0.0,0.0,0.0,4.0,10,1,4,04/14/2024,2024-04-14,10:38:00
07/27/2024 04:30:00 AM,5.0,2,1,3,4,1,3,1,0,1,1,IMPROPER LANE USAGE,2,1,0.0,0.0,0.0,0.0,0.0,2.0,4,7,7,07/27/2024,2024-07-27,04:30:00
01/09/2024 09:44:00 PM,5.0,4,4,6,5,1,4,3,1,1,3,IMPROPER TURNING/NO SIGNAL,2,1,0.0,0.0,0.0,0.0,0.0,2.0,21,3,1,01/09/2024,2024-01-09,21:44:00
07/03/2024 03:25:00 PM,7.0,2,1,5,6,1,3,3,1,1,3,FAILING TO YIELD RIGHT-OF-WAY,2,1,0.0,0.0,0.0,0.0,0.0,3.0,15,4,7,07/03/2024,2024-07-03,15:25:00
02/23/2024 08:15:00 PM,3.0,5,5,3,6,1,5,3,0,0,1,UNABLE TO DETERMINE,2,1,0.0,0.0,0.0,0.0,0.0,2.0,20,6,2,02/23/2024,2024-02-23,20:15:00
05/16/2024 10:54:00 AM,3.0,2,1,3,6,1,3,3,0,1,1,UNABLE TO DETERMINE,2,1,0.0,0.0,0.0,0.0,0.0,2.0,10,5,5,05/16/2024,2024-05-16,10:54:00
04/21/2024 10:33:00 AM,3.0,2,1,6,6,1,3,3,1,0,3,FAILING TO YIELD RIGHT-OF-WAY,2,1,0.0,0.0,0.0,0.0,0.0,2.0,10,1,4,04/21/2024,2024-04-21,10:33:00
03/03/2024 09:05:00 AM,7.0,2,1,5,4,1,3,3,0,1,3,FAILING TO YIELD RIGHT-OF-WAY,2,1,0.0,0.0,0.0,0.0,0.0,2.0,9,1,3,03/03/2024,2024-03-03,09:05:00
05/11/2024 07:30:00 AM,5.0,2,1,5,6,1,3,3,1,1,3,FAILING TO YIELD RIGHT-OF-WAY,2,3,1.0,0.0,0.0,1.0,0.0,2.0,7,7,5,05/11/2024,2024-05-11,07:30:00
05/16/2024 05:50:00 PM,5.0,2,1,5,4,1,3,1,1,1,3,FAILING TO YIELD RIGHT-OF-WAY,2,1,0.0,0.0,0.0,0.0,0.0,5.0,17,5,5,05/16/2024,2024-05-16,17:50:00
07/01/2024 10:10:00 AM,5.0,2,1,13,6,1,3,3,1,1,3,FAILING TO YIELD RIGHT-OF-WAY,2,2,2.0,0.0,0.0,0.0,2.0,0.0,10,2,7,07/01/2024,2024-07-01,10:10:00
02/14/2024 08:15:00 PM,5.0,2,4,4,6,1,1,1,1,1,1,UNABLE TO DETERMINE,2,3,1.0,0.0,0.0,1.0,0.0,2.0,20,4,2,02/14/2024,2024-02-14,20:15:00
02/04/2024 07:00:00 PM,3.0,2,5,5,4,1,1,1,0,1,3,UNABLE TO DETERMINE,2,1,0.0,0.0,0.0,0.0,0.0,3.0,19,1,2,02/04/2024,2024-02-04,19:00:00
06/14/2024 11:30:00 AM,3.0,2,1,9,17,1,3,3,0,1,2,IMPROPER TURNING/NO SIGNAL,2,1,0.0,0.0,0.0,0.0,0.0,2.0,11,6,6,06/14/2024,2024-06-14,11:30:00
05/29/2024 07:00:00 AM,7.0,2,1,5,5,1,3,3,0,1,3,FAILING TO YIELD RIGHT-OF-WAY,2,1,0.0,0.0,0.0,0.0,0.0,2.0,7,4,5,05/29/2024,2024-05-29,07:00:00
02/23/2024 06:12:00 PM,7.0,2,4,5,5,1,3,3,0,1,3,FAILING TO YIELD RIGHT-OF-WAY,2,1,0.0,0.0,0.0,0.0,0.0,3.0,18,6,2,02/23/2024,2024-02-23,18:12:00
05/11/2024 06:30:00 PM,7.0,2,1,10,7,1,3,3,0,1,3,DISREGARDING STOP SIGN,2,1,0.0,0.0,0.0,0.0,0.0,2.0,18,7,5,05/11/2024,2024-05-11,18:30:00
05/01/2024 03:30:00 PM,5.0,2,1,6,5,1,3,3,0,1,3,FAILING TO YIELD RIGHT-OF-WAY,2,1,0.0,0.0,0.0,0.0,0.0,3.0,15,4,5,05/01/2024,2024-05-01,15:30:00
06/24/2024 03:54:00 PM,5.0,2,1,5,5,1,3,3,1,1,3,UNABLE TO DETERMINE,2,1,0.0,0.0,0.0,0.0,0.0,2.0,15,2,6,06/24/2024,2024-06-24,15:54:00
06/16/2024 10:22:00 PM,5.0,2,4,4,4,1,3,3,1,1,3,FAILING TO REDUCE SPEED TO AVOID CRASH,2,3,1.0,0.0,0.0,1.0,0.0,1.0,22,1,6,06/16/2024,2024-06-16,22:22:00
02/28/2024 04:45:00 PM,5.0,2,1,6,6,1,3,3,0,1,2,IMPROPER TURNING/NO SIGNAL,2,1,0.0,0.0,0.0,0.0,0.0,2.0,16,4,2,02/28/2024,2024-02-28,16:45:00
08/01/2024 04:30:00 PM,5.0,2,1,4,4,1,3,1,0,1,2,UNABLE TO DETERMINE,2,1,0.0,0.0,0.0,0.0,0.0,2.0,16,5,8,08/01/2024,2024-08-01,16:30:00
02/19/2024 09:06:00 PM,7.0,2,4,13,5,1,3,3,1,1,1,FAILING TO REDUCE SPEED TO AVOID CRASH,2,3,1.0,0.0,0.0,1.0,0.0,1.0,21,2,2,02/19/2024,2024-02-19,21:06:00
04/13/2024 11:55:00 PM,5.0,2,5,6,5,1,1,1,0,1,3,IMPROPER TURNING/NO SIGNAL,2,1,0.0,0.0,0.0,0.0,0.0,2.0,23,7,4,04/13/2024,2024-04-13,23:55:00
07/02/2024 03:12:00 AM,7.0,2,5,7,10,1,3,3,1,1,3,DISREGARDING STOP SIGN,2,1,0.0,0.0,0.0,0.0,0.0,4.0,3,3,7,07/02/2024,2024-07-02,03:12:00
06/17/2024 03:45:00 AM,5.0,2,4,6,5,1,3,3,0,1,3,IMPROPER TURNING/NO SIGNAL,2,1,0.0,0.0,0.0,0.0,0.0,2.0,3,2,6,06/17/2024,2024-06-17,03:45:00
08/12/2024 09:30:00 PM,5.0,2,4,3,5,1,3,3,0,1,3,IMPROPER LANE USAGE,2,1,0.0,0.0,0.0,0.0,0.0,7.0,21,2,8,08/12/2024,2024-08-12,21:30:00
03/11/2024 04:15:00 PM,7.0,2,1,5,5,1,3,3,1,1,3,DISREGARDING STOP SIGN,2,1,0.0,0.0,0.0,0.0,0.0,3.0,16,2,3,03/11/2024,2024-03-11,16:15:00
06/30/2024 07:14:00 PM,3.0,2,1,5,7,1,1,1,1,1,3,FAILING TO YIELD RIGHT-OF-WAY,2,1,0.0,0.0,0.0,0.0,0.0,2.0,19,1,6,06/30/2024,2024-06-30,19:14:00
02/15/2024 08:20:00 AM,7.0,2,1,5,6,1,1,1,0,1,1,UNABLE TO DETERMINE,2,1,0.0,0.0,0.0,0.0,0.0,2.0,8,5,2,02/15/2024,2024-02-15,08:20:00
04/23/2024 09:08:00 AM,7.0,2,1,6,7,1,3,1,0,1,2,IMPROPER TURNING/NO SIGNAL,2,1,0.0,0.0,0.0,0.0,0.0,2.0,9,3,4,04/23/2024,2024-04-23,09:08:00
05/29/2024 05:30:00 PM,7.0,2,1,5,5,1,3,3,1,1,3,UNABLE TO DETERMINE,2,1,0.0,0.0,0.0,0.0,0.0,2.0,17,4,5,05/29/2024,2024-05-29,17:30:00
06/07/2024 05:00:00 AM,5.0,2,1,5,3,1,3,3,0,1,3,DISREGARDING TRAFFIC SIGNALS,2,1,0.0,0.0,0.0,0.0,0.0,2.0,5,6,6,06/07/2024,2024-06-07,05:00:00
06/12/2024 02:10:00 PM,5.0,2,1,5,5,1,3,3,1,1,3,DISREGARDING TRAFFIC SIGNALS,2,3,1.0,0.0,0.0,1.0,0.0,4.0,14,4,6,06/12/2024,2024-06-12,14:10:00
07/25/2024 10:00:00 AM,5.0,2,1,5,5,1,3,3,1,1,3,FAILING TO YIELD RIGHT-OF-WAY,2,4,1.0,0.0,1.0,0.0,0.0,1.0,10,5,7,07/25/2024,2024-07-25,10:00:00
04/13/2024 05:53:00 PM,5.0,2,1,6,6,1,3,3,1,1,3,FAILING TO YIELD RIGHT-OF-WAY,2,1,0.0,0.0,0.0,0.0,0.0,2.0,17,7,4,04/13/2024,2024-04-13,17:53:00
05/28/2024 07:02:00 PM,5.0,2,4,5,3,1,3,3,1,1,3,DISREGARDING TRAFFIC SIGNALS,2,1,0.0,0.0,0.0,0.0,0.0,2.0,19,3,5,05/28/2024,2024-05-28,19:02:00
01/27/2024 06:20:00 PM,5.0,4,4,4,6,1,4,3,0,0,3,UNABLE TO DETERMINE,2,1,0.0,0.0,0.0,0.0,0.0,3.0,18,7,1,01/27/2024,2024-01-27,18:20:00
04/26/2024 06:25:00 AM,5.0,2,1,13,12,1,3,3,1,1,1,FAILING TO YIELD RIGHT-OF-WAY,2,3,1.0,0.0,0.0,1.0,0.0,1.0,6,6,4,04/26/2024,2024-04-26,06:25:00
03/08/2024 06:10:00 PM,5.0,2,3,6,3,1,3,3,0,1,3,IMPROPER TURNING/NO SIGNAL,2,1,0.0,0.0,0.0,0.0,0.0,2.0,18,6,3,03/08/2024,2024-03-08,18:10:00
05/20/2024 02:27:00 PM,5.0,2,1,6,5,1,3,3,1,1,3,UNABLE TO DETERMINE,2,3,1.0,0.0,0.0,1.0,0.0,2.0,14,2,5,05/20/2024,2024-05-20,14:27:00
07/16/2024 08:00:00 PM,1.0,2,5,4,6,1,3,3,0,1,3,UNABLE TO DETERMINE,2,1,0.0,0.0,0.0,0.0,0.0,2.0,20,3,7,07/16/2024,2024-07-16,20:00:00
06/24/2024 10:30:00 PM,7.0,2,4,6,5,1,3,3,1,1,3,FAILING TO YIELD RIGHT-OF-WAY,2,3,1.0,0.0,0.0,1.0,0.0,2.0,22,2,6,06/24/2024,2024-06-24,22:30:00
08/08/2024 10:15:00 PM,5.0,2,4,4,5,1,3,3,1,1,1,UNABLE TO DETERMINE,2,3,1.0,0.0,0.0,1.0,0.0,3.0,22,5,8,08/08/2024,2024-08-08,22:15:00
04/27/2024 11:55:00 AM,7.0,2,1,6,6,1,3,3,0,1,3,FAILING TO YIELD RIGHT-OF-WAY,2,1,0.0,0.0,0.0,0.0,0.0,3.0,11,7,4,04/27/2024,2024-04-27,11:55:00
07/31/2024 03:00:00 PM,3.0,2,1,6,10,1,3,1,0,1,3,UNABLE TO DETERMINE,2,1,0.0,0.0,0.0,0.0,0.0,2.0,15,4,7,07/31/2024,2024-07-31,15:00:00
06/02/2024 07:52:00 PM,5.0,2,1,4,5,1,1,1,0,1,3,UNABLE TO DETERMINE,2,1,0.0,0.0,0.0,0.0,0.0,2.0,19,1,6,06/02/2024,2024-06-02,19:52:00
07/20/2024 08:05:00 PM,5.0,2,4,4,6,1,3,3,0,1,3,UNABLE TO DETERMINE,2,1,0.0,0.0,0.0,0.0,0.0,2.0,20,7,7,07/20/2024,2024-07-20,20:05:00
06/23/2024 04:30:00 PM,7.0,2,1,5,4,1,3,3,0,1,3,FAILING TO YIELD RIGHT-OF-WAY,2,1,0.0,0.0,0.0,0.0,0.0,2.0,16,1,6,06/23/2024,2024-06-23,16:30:00
01/18/2024 04:10:00 AM,5.0,5,4,12,5,1,5,1,1,1,3,WEATHER,2,1,0.0,0.0,0.0,0.0,0.0,1.0,4,5,1,01/18/2024,2024-01-18,04:10:00
02/17/2024 02:58:00 PM,5.0,2,1,6,7,1,3,3,1,1,3,UNABLE TO DETERMINE,2,1,0.0,0.0,0.0,0.0,0.0,6.0,14,7,2,02/17/2024,2024-02-17,14:58:00
02/23/2024 09:13:00 PM,5.0,5,4,6,4,1,4,3,0,1,3,FAILING TO YIELD RIGHT-OF-WAY,2,1,0.0,0.0,0.0,0.0,0.0,3.0,21,6,2,02/23/2024,2024-02-23,21:13:00
02/12/2024 05:35:00 PM,4.0,2,4,6,5,1,3,3,1,1,3,UNABLE TO DETERMINE,2,2,2.0,0.0,0.0,0.0,2.0,1.0,17,2,2,02/12/2024,2024-02-12,17:35:00
07/21/2024 03:18:00 PM,7.0,2,1,5,5,1,3,3,0,1,2,UNABLE TO DETERMINE,2,1,0.0,0.0,0.0,0.0,0.0,3.0,15,1,7,07/21/2024,2024-07-21,15:18:00