crash_date,traffic_control_device,weather_condition,lighting_condition,first_crash_type,trafficway_type,alignment,roadway_surface_cond,road_defect,crash_type,intersection_related_i,damage,prim_contributory_cause,num_units,most_severe_injury,injuries_total,injuries_fatal,injuries_incapacitating,injuries_non_incapacitating,injuries_reported_not_evident,injuries_no_indication,crash_hour,crash_day_of_week,crash_month,parsed_datetime,date,time
05/07/2024 04:35:00 PM,3.0,2,1,3,6,1,4,3,0,1,2,IMPROPER OVERTAKING/PASSING,2,1,0.0,0.0,0.0,0.0,0.0,3.0,16,3,5,05/07/2024,2024-05-07,16:35:00
02/03/2024 09:35:00 AM,7.0,2,1,5,5,1,3,3,0,1,3,DISREGARDING STOP SIGN,2,1,0.0,0.0,0.0,0.0,0.0,2.0,9,7,2,02/03/2024,2024-02-03,09:35:00
04/27/2024 11:40:00 PM,3.0,2,4,6,6,1,3,3,1,1,3,IMPROPER LANE USAGE,2,2,1.0,0.0,0.0,0.0,1.0,1.0,23,7,4,04/27/2024,2024-04-27,23:40:00
01/01/2024 05:00:00 PM,5.0,2,4,4,12,1,3,3,1,1,3,FAILING TO REDUCE SPEED TO AVOID CRASH,2,3,1.0,0.0,0.0,1.0,0.0,4.0,17,2,1,01/01/2024,2024-01-01,17:00:00
05/28/2024 09:59:00 PM,3.0,4,5,11,5,1,4,1,1,1,3,UNABLE TO DETERMINE,2,1,0.0,0.0,0.0,0.0,0.0,1.0,21,3,5,05/28/2024,2024-05-28,21:59:00
07/09/2024 02:30:00 PM,7.0,4,1,6,3,1,4,3,0,1,3,UNABLE TO DETERMINE,2,1,0.0,0.0,0.0,0.0,0.0,2.0,14,3,7,07/09/2024,2024-07-09,14:30:00
01/27/2024 09:25:00 PM,7.0,4,4,5,5,1,4,3,0,1,3,FAILING TO YIELD RIGHT-OF-WAY,2,1,0.0,0.0,0.0,0.0,0.0,3.0,21,7,1,01/27/2024,2024-01-27,21:25:00
04/07/2024 11:20:00 AM,5.0,4,1,5,5,1,4,1,0,1,3,NOT APPLICABLE,2,1,0.0,0.0,0.0,0.0,0.0,2.0,11,1,4,04/07/2024,2024-04-07,11:20:00
06/08/2024 07:07:00 PM,5.0,4,1,6,5,1,4,1,1,1,3,DRIVING SKILLS/KNOWLEDGE/EXPERIENCE,2,3,1.0,0.0,0.0,1.0,0.0,3.0,19,7,6,06/08/2024,2024-06-08,19:07:00
01/11/2024 12:20:00 AM,5.0,5,5,6,5,1,5,3,1,1,3,FAILING TO YIELD RIGHT-OF-WAY,2,2,1.0,0.0,0.0,0.0,1.0,1.0,0,5,1,01/11/2024,2024-01-11,00:20:00
07/06/2024 12:39:00 PM,3.0,2,1,5,5,1,3,3,1,1,3,"VISION OBSCURED (SIGNS, TREE LIMBS, BUILDINGS, ETC.)",2,3,1.0,0.0,0.0,1.0,0.0,1.0,12,7,7,07/06/2024,2024-07-06,12:39:00
04/08/2024 04:05:00 PM,5.0,2,1,14,5,1,3,3,1,1,1,IMPROPER TURNING/NO SIGNAL,2,3,1.0,0.0,0.0,1.0,0.0,1.0,16,2,4,04/08/2024,2024-04-08,16:05:00
06/01/2024 11:24:00 AM,5.0,4,1,5,5,1,4,3,1,1,3,UNABLE TO DETERMINE,2,4,2.0,0.0,1.0,1.0,0.0,0.0,11,7,6,06/01/2024,2024-06-01,11:24:00
08/11/2024 11:50:00 PM,5.0,2,4,4,5,1,3,3,0,1,3,FOLLOWING TOO CLOSELY,2,1,0.0,0.0,0.0,0.0,0.0,2.0,23,1,8,08/11/2024,2024-08-11,23:50:00
08/05/2024 02:33:00 PM,7.0,2,1,3,9,1,3,3,0,1,1,UNABLE TO DETERMINE,2,1,0.0,0.0,0.0,0.0,0.0,2.0,14,2,8,08/05/2024,2024-08-05,14:33:00
05/01/2024 07:00:00 AM,5.0,2,1,4,6,1,3,3,1,1,3,UNABLE TO DETERMINE,2,3,2.0,0.0,0.0,2.0,0.0,1.0,7,4,5,05/01/2024,2024-05-01,07:00:00
07/05/2024 08:20:00 PM,5.0,2,1,3,5,1,3,3,1,1,3,IMPROPER TURNING/NO SIGNAL,2,2,1.0,0.0,0.0,0.0,1.0,1.0,20,6,7,07/05/2024,2024-07-05,20:20:00
06/11/2024 06:20:00 AM,5.0,2,1,6,5,1,3,3,0,1,2,IMPROPER LANE USAGE,2,1,0.0,0.0,0.0,0.0,0.0,2.0,6,3,6,06/11/2024,2024-06-11,06:20:00
06/16/2024 12:10:00 PM,5.0,2,1,6,6,1,3,3,1,1,2,UNABLE TO DETERMINE,2,2,1.0,0.0,0.0,0.0,1.0,1.0,12,1,6,06/16/2024,2024-06-16,12:10:00
02/09/2024 01:00:00 PM,5.0,2,1,3,4,1,3,1,0,1,3,IMPROPER OVERTAKING/PASSING,2,1,0.0,0.0,0.0,0.0,0.0,5.0,13,6,2,02/09/2024,2024-02-09,13:00:00
06/16/2024 10:33:00 PM,7.0,2,4,6,5,1,1,1,1,1,3,IMPROPER TURNING/NO SIGNAL,2,4,2.0,0.0,2.0,0.0,0.0,4.0,22,1,6,06/16/2024,2024-06-16,22:33:00
03/13/2024 03:30:00 PM,1.0,2,1,4,5,1,1,1,0,1,3,UNABLE TO DETERMINE,2,1,0.0,0.0,0.0,0.0,0.0,2.0,15,4,3,03/13/2024,2024-03-13,15:30:00
08/10/2024 12:36:00 AM,5.0,2,4,6,5,1,3,3,1,1,3,FAILING TO YIELD RIGHT-OF-WAY,2,3,2.0,0.0,0.0,2.0,0.0,1.0,0,7,8,08/10/2024,2024-08-10,00:36:00
06/15/2024 08:30:00 PM,7.0,2,4,5,5,1,3,3,0,1,1,FAILING TO YIELD RIGHT-OF-WAY,2,1,0.0,0.0,0.0,0.0,0.0,2.0,20,7,6,06/15/2024,2024-06-15,20:30:00
07/26/2024 10:07:00 AM,5.0,2,1,6,5,1,3,3,0,1,3,IMPROPER TURNING/NO SIGNAL,2,1,0.0,0.0,0.0,0.0,0.0,2.0,10,6,7,07/26/2024,2024-07-26,10:07:00
07/02/2024 04:16:00 PM,7.0,2,1,6,5,1,3,3,0,1,3,UNABLE TO DETERMINE,2,1,0.0,0.0,0.0,0.0,0.0,2.0,16,3,7,07/02/2024,2024-07-02,16:16:00
08/09/2024 11:15:00 AM,7.0,2,1,6,4,1,3,3,0,1,3,UNABLE TO DETERMINE,2,1,0.0,0.0,0.0,0.0,0.0,2.0,11,6,8,08/09/2024,2024-08-09,11:15:00
07/01/2024 04:00:00 PM,3.0,2,1,6,6,1,3,3,0,1,3,UNABLE TO DETERMINE,2,1,0.0,0.0,0.0,0.0,0.0,2.0,16,2,7,07/01/2024,2024-07-01,16:00:00
03/05/2024 05:20:00 PM,5.0,2,1,4,6,1,3,3,0,1,3,NOT APPLICABLE,2,1,0.0,0.0,0.0,0.0,0.0,3.0,17,3,3,03/05/2024,2024-03-05,17:20:00
08/10/2024 05:30:00 PM,5.0,2,1,6,5,1,3,3,1,1,3,UNABLE TO DETERMINE,2,2,1.0,0.0,0.0,0.0,1.0,2.0,17,7,8,08/10/2024,2024-08-10,17:30:00
03/23/2024 09:30:00 PM,7.0,2,1,5,10,1,1,1,1,1,3,FAILING TO YIELD RIGHT-OF-WAY,2,2,1.0,0.0,0.0,0.0,1.0,1.0,21,7,3,03/23/2024,2024-03-23,21:30:00
06/09/2024 06:40:00 PM,5.0,2,4,10,5,1,3,3,1,1,3,UNABLE TO DETERMINE,2,3,2.0,0.0,0.0,2.0,0.0,0.0,18,1,6,06/09/2024,2024-06-09,18:40:00
04/26/2024 07:55:00 PM,5.0,2,3,4,6,1,1,1,1,0,3,UNABLE TO DETERMINE,2,3,1.0,0.0,0.0,1.0,0.0,1.0,19,6,4,04/26/2024,2024-04-26,19:55:00
02/01/2024 03:30:00 PM,5.0,2,1,3,6,1,1,1,0,1,2,UNABLE TO DETERMINE,2,1,0.0,0.0,0.0,0.0,0.0,2.0,15,5,2,02/01/2024,2024-02-01,15:30:00
06/09/2024 12:24:00 PM,5.0,2,1,14,5,1,3,1,1,1,3,FAILING TO YIELD RIGHT-OF-WAY,2,4,1.0,0.0,1.0,0.0,0.0,1.0,12,1,6,06/09/2024,2024-06-09,12:24:00
02/26/2024 09:30:00 PM,7.0,2,4,5,3,1,3,3,0,0,3,FAILING TO YIELD RIGHT-OF-WAY,2,1,0.0,0.0,0.0,0.0,0.0,2.0,21,2,2,02/26/2024,2024-02-26,21:30:00
05/29/2024 06:00:00 PM,5.0,2,1,6,6,1,3,3,0,1,3,IMPROPER TURNING/NO SIGNAL,2,1,0.0,0.0,0.0,0.0,0.0,2.0,18,4,5,05/29/2024,2024-05-29,18:00:00
05/15/2024 01:30:00 PM,5.0,2,1,4,10,1,3,3,0,1,3,FOLLOWING TOO CLOSELY,2,1,0.0,0.0,0.0,0.0,0.0,2.0,13,4,5,05/15/2024,2024-05-15,13:30:00
02/27/2024 02:45:00 PM,5.0,2,1,4,4,1,3,3,0,1,3,UNABLE TO DETERMINE,2,1,0.0,0.0,0.0,0.0,0.0,2.0,14,3,2,02/27/2024,2024-02-27,14:45:00
03/16/2024 04:30:00 PM,3.0,2,1,6,4,1,3,3,0,1,2,UNABLE TO DETERMINE,2,1,0.0,0.0,0.0,0.0,0.0,2.0,16,7,3,03/16/2024,2024-03-16,16:30:00
04/27/2024 03:26:00 PM,5.0,2,1,3,6,1,3,3,1,1,3,HAD BEEN DRINKING (USE WHEN ARREST IS NOT MADE),2,1,0.0,0.0,0.0,0.0,0.0,2.0,15,7,4,04/27/2024,2024-04-27,15:26:00
07/30/2024 08:25:00 AM,5.0,2,1,5,5,1,3,3,1,1,3,UNABLE TO DETERMINE,2,3,1.0,0.0,0.0,1.0,0.0,1.0,8,3,7,07/30/2024,2024-07-30,08:25:00
03/23/2024 02:47:00 PM,5.0,2,1,11,5,1,3,3,0,1,3,IMPROPER TURNING/NO SIGNAL,2,1,0.0,0.0,0.0,0.0,0.0,1.0,14,7,3,03/23/2024,2024-03-23,14:47:00
07/20/2024 11:18:00 PM,7.0,2,4,9,5,1,3,1,0,1,3,UNABLE TO DETERMINE,2,1,0.0,0.0,0.0,0.0,0.0,2.0,23,7,7,07/20/2024,2024-07-20,23:18:00
01/07/2024 01:15:00 PM,7.0,2,1,6,4,1,3,1,1,0,3,FAILING TO YIELD RIGHT-OF-WAY,2,3,1.0,0.0,0.0,1.0,0.0,1.0,13,1,1,01/07/2024,2024-01-07,13:15:00
06/02/2024 10:51:00 AM,5.0,2,1,6,5,1,3,3,0,1,2,IMPROPER TURNING/NO SIGNAL,2,1,0.0,0.0,0.0,0.0,0.0,5.0,10,1,6,06/02/2024,2024-06-02,10:51:00
03/13/2024 10:21:00 PM,5.0,3,4,6,5,1,3,1,0,1,3,DISREGARDING TRAFFIC SIGNALS,2,1,0.0,0.0,0.0,0.0,0.0,2.0,22,4,3,03/13/2024,2024-03-13,22:21:00
05/01/2024 05:42:00 PM,5.0,2,1,14,5,1,3,3,1,1,3,DISREGARDING TRAFFIC SIGNALS,2,3,2.0,0.0,0.0,2.0,0.0,0.0,17,4,5,05/01/2024,2024-05-01,17:42:00
04/15/2024 03:30:00 PM,1.0,2,1,6,5,1,1,1,0,1,3,UNABLE TO DETERMINE,2,1,0.0,0.0,0.0,0.0,0.0,2.0,15,2,4,04/15/2024,2024-04-15,15:30:00
05/02/2024 09:22:00 AM,5.0,2,1,6,5,1,3,3,0,1,3,IMPROPER TURNING/NO SIGNAL,2,1,0.0,0.0,0.0,0.0,0.0,2.0,9,5,5,05/02/2024,2024-05-02,09:22:00
05/16/2024 08:35:00 AM,5.0,2,1,5,4,1,3,1,0,1,3,FAILING TO YIELD RIGHT-OF-WAY,2,1,0.0,0.0,0.0,0.0,0.0,2.0,8,5,5,05/16/2024,2024-05-16,08:35:00
06/15/2024 06:15:00 PM,5.0,2,1,6,4,1,3,3,1,1,3,IMPROPER LANE USAGE,2,2,1.0,0.0,0.0,0.0,1.0,1.0,18,7,6,06/15/2024,2024-06-15,18:15:00
02/12/2024 08:42:00 AM,5.0,2,1,4,4,1,3,3,0,1,3,FAILING TO REDUCE SPEED TO AVOID CRASH,2,1,0.0,0.0,0.0,0.0,0.0,2.0,8,2,2,02/12/2024,2024-02-12,08:42:00
06/14/2024 11:30:00 PM,7.0,2,4,4,5,1,3,3,0,1,2,FOLLOWING TOO CLOSELY,2,1,0.0,0.0,0.0,0.0,0.0,2.0,23,6,6,06/14/2024,2024-06-14,23:30:00
05/16/2024 10:50:00 PM,7.0,2,2,6,7,1,3,1,0,1,3,DISREGARDING STOP SIGN,2,1,0.0,0.0,0.0,0.0,0.0,3.0,22,5,5,05/16/2024,2024-05-16,22:50:00
04/29/2024 07:52:00 AM,1.0,2,1,3,1,1,1,1,0,1,3,UNABLE TO DETERMINE,2,1,0.0,0.0,0.0,0.0,0.0,2.0,7,2,4,04/29/2024,2024-04-29,07:52:00
01/14/2024 04:00:00 AM,5.0,2,4,10,5,1,4,3,1,1,3,DRIVING ON WRONG SIDE/WRONG WAY,2,2,1.0,0.0,0.0,0.0,1.0,2.0,4,1,1,01/14/2024,2024-01-14,04:00:00
04/09/2024 05:15:00 PM,5.0,2,1,5,5,1,3,3,0,1,2,FAILING TO REDUCE SPEED TO AVOID CRASH,2,1,0.0,0.0,0.0,0.0,0.0,2.0,17,3,4,04/09/2024,2024-04-09,17:15:00
03/05/2024 05:00:00 PM,3.0,2,1,4,4,1,3,3,0,0,2,FOLLOWING TOO CLOSELY,2,1,0.0,0.0,0.0,0.0,0.0,2.0,17,3,3,03/05/2024,2024-03-05,17:00:00
08/13/2024 06:30:00 AM,3.0,2,2,6,4,1,3,3,0,1,1,"OPERATING VEHICLE IN ERRATIC, RECKLESS, CARELESS, NEGLIGENT OR AGGRESSIVE MANNER",2,1,0.0,0.0,0.0,0.0,0.0,5.0,6,3,8,08/13/2024,2024-08-13,06:30:00
04/19/2024 04:25:00 PM,7.0,2,1,5,5,1,3,3,0,1,3,UNABLE TO DETERMINE,2,1,0.0,0.0,0.0,0.0,0.0,2.0,16,6,4,04/19/2024,2024-04-19,16:25:00
02/26/2024 12:00:00 PM,3.0,2,1,6,6,1,3,1,1,1,3,UNABLE TO DETERMINE,2,1,0.0,0.0,0.0,0.0,0.0,2.0,12,2,2,02/26/2024,2024-02-26,12:00:00
03/17/2024 09:00:00 PM,1.0,2,4,6,6,1,1,1,1,0,3,UNABLE TO DETERMINE,2,1,0.0,0.0,0.0,0.0,0.0,2.0,21,1,3,03/17/2024,2024-03-17,21:00:00
05/20/2024 03:55:00 PM,5.0,3,1,6,5,1,3,3,1,1,3,FAILING TO YIELD RIGHT-OF-WAY,2,1,0.0,0.0,0.0,0.0,0.0,2.0,15,2,5,05/20/2024,2024-05-20,15:55:00
06/12/2024 03:05:00 PM,3.0,2,1,4,6,1,3,3,0,1,3,FAILING TO REDUCE SPEED TO AVOID CRASH,2,1,0.0,0.0,0.0,0.0,0.0,2.0,15,4,6,06/12/2024,2024-06-12,15:05:00
05/10/2024 07:58:00 PM,5.0,2,1,5,6,1,3,3,0,1,3,UNABLE TO DETERMINE,2,1,0.0,0.0,0.0,0.0,0.0,3.0,19,6,5,05/10/2024,2024-05-10,19:58:00
07/14/2024 09:06:00 PM,1.0,2,5,11,5,1,3,3,0,1,3,DRIVING SKILLS/KNOWLEDGE/EXPERIENCE,2,1,0.0,0.0,0.0,0.0,0.0,3.0,21,1,7,07/14/2024,2024-07-14,21:06:00
01/22/2024 07:51:00 PM,3.0,7,4,4,10,1,5,3,0,0,3,UNABLE TO DETERMINE,2,1,0.0,0.0,0.0,0.0,0.0,2.0,19,2,1,01/22/2024,2024-01-22,19:51:00
03/08/2024 07:10:00 AM,7.0,3,1,5,5,1,4,3,1,1,3,DISREGARDING TRAFFIC SIGNALS,2,2,1.0,0.0,0.0,0.0,1.0,3.0,7,6,3,03/08/2024,2024-03-08,07:10:00
03/21/2024 04:47:00 PM,7.0,2,2,5,5,1,3,3,1,1,3,UNABLE TO DETERMINE,2,1,0.0,0.0,0.0,0.0,0.0,3.0,16,5,3,03/21/2024,2024-03-21,16:47:00
06/20/2024 07:30:00 PM,5.0,2,3,9,5,1,3,1,1,1,3,UNABLE TO DETERMINE,2,3,1.0,0.0,0.0,1.0,0.0,4.0,19,5,6,06/20/2024,2024-06-20,19:30:00
05/21/2024 03:06:00 AM,5.0,2,4,8,7,1,3,3,1,0,3,FAILING TO REDUCE SPEED TO AVOID CRASH,2,3,2.0,0.0,0.0,2.0,0.0,0.0,3,3,5,05/21/2024,2024-05-21,03:06:00
04/21/2024 01:30:00 AM,3.0,2,5,10,6,1,3,1,0,1,3,FAILING TO YIELD RIGHT-OF-WAY,2,1,0.0,0.0,0.0,0.0,0.0,6.0,1,1,4,04/21/2024,2024-04-21,01:30:00
05/02/2024 05:18:00 PM,5.0,2,1,5,5,1,3,3,1,1,3,UNABLE TO DETERMINE,2,1,0.0,0.0,0.0,0.0,0.0,3.0,17,5,5,05/02/2024,2024-05-02,17:18:00
07/26/2024 11:30:00 AM,5.0,2,1,8,5,1,3,1,1,1,3,UNABLE TO DETERMINE,2,1,0.0,0.0,0.0,0.0,0.0,2.0,11,6,7,07/26/2024,2024-07-26,11:30:00
06/24/2024 03:53:00 PM,5.0,2,1,6,4,1,3,3,0,1,3,UNABLE TO DETERMINE,2,1,0.0,0.0,0.0,0.0,0.0,2.0,15,2,6,06/24/2024,2024-06-24,15:53:00
03/18/2024 01:15:00 PM,5.0,2,1,5,6,1,3,3,0,1,3,FAILING TO YIELD RIGHT-OF-WAY,2,1,0.0,0.0,0.0,0.0,0.0,2.0,13,2,3,03/18/2024,2024-03-18,13:15:00
03/03/2024 09:52:00 PM,2.0,2,4,5,2,1,3,3,1,1,3,UNABLE TO DETERMINE,2,2,1.0,0.0,0.0,0.0,1.0,1.0,21,1,3,03/03/2024,2024-03-03,21:52:00
04/18/2024 02:12:00 PM,5.0,2,1,6,7,1,3,3,0,1,3,UNABLE TO DETERMINE,2,1,0.0,0.0,0.0,0.0,0.0,2.0,14,5,4,04/18/2024,2024-04-18,14:12:00
05/23/2024 04:20:00 PM,7.0,2,1,4,6,1,3,3,0,1,3,FAILING TO REDUCE SPEED TO AVOID CRASH,2,1,0.0,0.0,0.0,0.0,0.0,2.0,16,5,5,05/23/2024,2024-05-23,16:20:00
08/03/2024 10:00:00 AM,5.0,2,1,4,6,1,3,3,0,1,1,FOLLOWING TOO CLOSELY,2,1,0.0,0.0,0.0,0.0,0.0,3.0,10,7,8,08/03/2024,2024-08-03,10:00:00
01/25/2024 12:17:00 PM,5.0,7,1,5,5,1,4,3,1,1,3,DISREGARDING TRAFFIC SIGNALS,2,3,1.0,0.0,0.0,1.0,0.0,4.0,12,5,1,01/25/2024,2024-01-25,12:17:00
07/27/2024 05:20:00 PM,3.0,2,1,3,5,1,3,3,0,1,3,UNABLE TO DETERMINE,2,1,0.0,0.0,0.0,0.0,0.0,2.0,17,7,7,07/27/2024,2024-07-27,17:20:00
08/01/2024 08:00:00 PM,5.0,2,2,5,5,1,4,3,0,1,3,DISREGARDING TRAFFIC SIGNALS,2,1,0.0,0.0,0.0,0.0,0.0,2.0,20,5,8,08/01/2024,2024-08-01,20:00:00
06/20/2024 04:45:00 PM,3.0,2,1,5,6,1,3,3,0,1,2,UNABLE TO DETERMINE,2,1,0.0,0.0,0.0,0.0,0.0,2.0,16,5,6,06/20/2024,2024-06-20,16:45:00
02/15/2024 07:22:00 AM,3.0,2,1,11,10,1,4,1,0,1,3,IMPROPER TURNING/NO SIGNAL,2,1,0.0,0.0,0.0,0.0,0.0,1.0,7,5,2,02/15/2024,2024-02-15,07:22:00
08/05/2024 12:00:00 PM,5.0,2,1,3,4,1,3,3,0,1,3,NOT APPLICABLE,2,1,0.0,0.0,0.0,0.0,0.0,2.0,12,2,8,08/05/2024,2024-08-05,12:00:00
07/03/2024 10:50:00 AM,5.0,2,1,13,5,1,3,3,1,1,1,FAILING TO YIELD RIGHT-OF-WAY,2,4,1.0,0.0,1.0,0.0,0.0,1.0,10,4,7,07/03/2024,2024-07-03,10:50:00
06/15/2024 06:07:00 PM,5.0,2,1,5,13,1,3,3,1,1,3,UNABLE TO DETERMINE,2,2,2.0,0.0,0.0,0.0,2.0,0.0,18,7,6,06/15/2024,2024-06-15,18:07:00
01/20/2024 03:37:00 PM,5.0,2,1,5,5,1,4,3,1,1,3,UNABLE TO DETERMINE,2,1,0.0,0.0,0.0,0.0,0.0,2.0,15,7,1,01/20/2024,2024-01-20,15:37:00
01/27/2024 06:50:00 AM,7.0,8,1,6,7,1,4,3,1,1,3,IMPROPER TURNING/NO SIGNAL,2,2,1.0,0.0,0.0,0.0,1.0,2.0,6,7,1,01/27/2024,2024-01-27,06:50:00
02/05/2024 01:00:00 PM,7.0,2,1,4,5,1,3,3,0,1,3,UNABLE TO DETERMINE,2,1,0.0,0.0,0.0,0.0,0.0,2.0,13,2,2,02/05/2024,2024-02-05,13:00:00
03/22/2024 11:20:00 AM,5.0,2,1,6,5,1,3,3,0,1,3,IMPROPER TURNING/NO SIGNAL,2,1,0.0,0.0,0.0,0.0,0.0,2.0,11,6,3,03/22/2024,2024-03-22,11:20:00
06/15/2024 01:55:00 PM,3.0,2,1,4,4,1,3,3,0,1,3,FAILING TO REDUCE SPEED TO AVOID CRASH,2,1,0.0,0.0,0.0,0.0,0.0,3.0,13,7,6,06/15/2024,2024-06-15,13:55:00
04/29/2024 02:30:00 PM,5.0,2,1,4,4,1,3,3,0,1,3,IMPROPER LANE USAGE,2,1,0.0,0.0,0.0,0.0,0.0,2.0,14,2,4,04/29/2024,2024-04-29,14:30:00
03/06/2024 02:07:00 PM,5.0,2,1,6,4,1,3,1,0,1,3,UNABLE TO DETERMINE,2,1,0.0,0.0,0.0,0.0,0.0,2.0,14,4,3,03/06/2024,2024-03-06,14:07:00
01/14/2024 02:40:00 PM,5.0,2,1,6,4,1,1,3,0,1,3,UNABLE TO DETERMINE,2,1,0.0,0.0,0.0,0.0,0.0,2.0,14,1,1,01/14/2024,2024-01-14,14:40:00
03/14/2024 11:42:00 PM,7.0,2,4,4,6,1,3,3,0,1,3,UNABLE TO DETERMINE,2,1,0.0,0.0,0.0,0.0,0.0,7.0,23,5,3,03/14/2024,2024-03-14,23:42:00
03/06/2024 09:15:00 PM,7.0,2,4,5,4,1,3,3,1,1,3,FAILING TO YIELD RIGHT-OF-WAY,2,2,1.0,0.0,0.0,0.0,1.0,1.0,21,4,3,03/06/2024,2024-03-06,21:15:00
07/11/2024 05:40:00 PM,7.0,2,1,5,6,1,3,3,1,1,3,UNABLE TO DETERMINE,2,2,2.0,0.0,0.0,0.0,2.0,1.0,17,5,7,07/11/2024,2024-07-11,17:40:00
07/13/2024 01:30:00 PM,5.0,2,1,5,5,1,3,1,0,1,3,DISREGARDING TRAFFIC SIGNALS,2,1,0.0,0.0,0.0,0.0,0.0,4.0,13,7,7,07/13/2024,2024-07-13,13:30:00
03/21/2024 05:20:00 PM,3.0,2,1,3,7,1,3,3,0,1,2,UNABLE TO DETERMINE,2,1,0.0,0.0,0.0,0.0,0.0,3.0,17,5,3,03/21/2024,2024-03-21,17:20:00
01/03/2024 01:00:00 PM,5.0,2,1,6,4,1,3,1,0,1,3,IMPROPER TURNING/NO SIGNAL,2,1,0.0,0.0,0.0,0.0,0.0,2.0,13,4,1,01/03/2024,2024-01-03,13:00:00
04/09/2024 02:30:00 PM,5.0,2,1,4,4,1,3,3,0,1,3,FOLLOWING TOO CLOSELY,2,1,0.0,0.0,0.0,0.0,0.0,2.0,14,3,4,04/09/2024,2024-04-09,14:30:00
02/14/2024 05:42:00 PM,5.0,2,4,6,6,1,3,3,1,1,2,IMPROPER TURNING/NO SIGNAL,2,1,0.0,0.0,0.0,0.0,0.0,2.0,17,4,2,02/14/2024,2024-02-14,17:42:00
01/27/2024 02:00:00 PM,5.0,3,1,5,6,1,3,3,0,1,1,UNABLE TO DETERMINE,2,1,0.0,0.0,0.0,0.0,0.0,2.0,14,7,1,01/27/2024,2024-01-27,14:00:00
06/27/2024 02:42:00 PM,3.0,2,1,14,7,1,3,3,1,1,3,UNABLE TO DETERMINE,2,4,1.0,0.0,1.0,0.0,0.0,1.0,14,5,6,06/27/2024,2024-06-27,14:42:00
01/14/2024 10:38:00 PM,7.0,5,4,5,7,1,5,3,0,1,3,UNABLE TO DETERMINE,2,1,0.0,0.0,0.0,0.0,0.0,4.0,22,1,1,01/14/2024,2024-01-14,22:38:00
03/10/2024 04:50:00 PM,5.0,2,1,5,5,1,3,1,1,1,3,UNABLE TO DETERMINE,2,4,1.0,0.0,1.0,0.0,0.0,1.0,16,1,3,03/10/2024,2024-03-10,16:50:00
02/19/2024 07:50:00 AM,5.0,2,4,4,5,1,3,3,0,1,2,FOLLOWING TOO CLOSELY,2,1,0.0,0.0,0.0,0.0,0.0,2.0,7,2,2,02/19/2024,2024-02-19,07:50:00
02/15/2024 09:17:00 AM,5.0,2,1,6,5,1,1,1,0,1,3,IMPROPER LANE USAGE,2,1,0.0,0.0,0.0,0.0,0.0,3.0,9,5,2,02/15/2024,2024-02-15,09:17:00
02/09/2024 08:55:00 PM,9.0,2,4,5,4,1,3,3,1,1,2,UNABLE TO DETERMINE,2,3,1.0,0.0,0.0,1.0,0.0,1.0,20,6,2,02/09/2024,2024-02-09,20:55:00
01/01/2024 07:45:00 AM,5.0,2,1,5,4,1,4,3,0,1,3,DISREGARDING TRAFFIC SIGNALS,2,1,0.0,0.0,0.0,0.0,0.0,2.0,7,2,1,01/01/2024,2024-01-01,07:45:00
06/22/2024 12:45:00 AM,5.0,2,4,4,5,1,3,3,0,1,3,UNABLE TO DETERMINE,2,1,0.0,0.0,0.0,0.0,0.0,2.0,0,7,6,06/22/2024,2024-06-22,00:45:00
06/16/2024 10:00:00 PM,3.0,2,5,7,6,1,3,3,0,1,3,UNABLE TO DETERMINE,2,1,0.0,0.0,0.0,0.0,0.0,2.0,22,1,6,06/16/2024,2024-06-16,22:00:00
04/05/2024 03:11:00 PM,5.0,2,1,5,5,1,3,3,1,1,3,FAILING TO REDUCE SPEED TO AVOID CRASH,2,3,2.0,0.0,0.0,2.0,0.0,1.0,15,6,4,04/05/2024,2024-04-05,15:11:00
07/30/2024 01:09:00 PM,5.0,2,1,6,5,1,3,3,1,1,3,FAILING TO YIELD RIGHT-OF-WAY,2,3,1.0,0.0,0.0,1.0,0.0,3.0,13,3,7,07/30/2024,2024-07-30,13:09:00
03/22/2024 04:05:00 PM,5.0,5,1,5,6,1,4,3,1,1,3,DISREGARDING TRAFFIC SIGNALS,2,1,0.0,0.0,0.0,0.0,0.0,2.0,16,6,3,03/22/2024,2024-03-22,16:05:00
07/12/2024 12:22:00 PM,3.0,2,1,5,3,1,1,1,0,1,3,FAILING TO YIELD RIGHT-OF-WAY,2,1,0.0,0.0,0.0,0.0,0.0,2.0,12,6,7,07/12/2024,2024-07-12,12:22:00
08/10/2024 11:56:00 AM,7.0,2,1,5,5,1,3,3,0,1,3,"VISION OBSCURED (SIGNS, TREE LIMBS, BUILDINGS, ETC.)",2,1,0.0,0.0,0.0,0.0,0.0,2.0,11,7,8,08/10/2024,2024-08-10,11:56:00
07/07/2024 09:30:00 AM,5.0,2,1,14,14,1,3,3,1,1,1,UNDER THE INFLUENCE OF ALCOHOL/DRUGS (USE WHEN ARREST IS EFFECTED),2,4,2.0,0.0,1.0,0.0,1.0,0.0,9,1,7,07/07/2024,2024-07-07,09:30:00