crash_date,traffic_control_device,weather_condition,lighting_condition,first_crash_type,trafficway_type,alignment,roadway_surface_cond,road_defect,crash_type,intersection_related_i,damage,prim_contributory_cause,num_units,most_severe_injury,injuries_total,injuries_fatal,injuries_incapacitating,injuries_non_incapacitating,injuries_reported_not_evident,injuries_no_indication,crash_hour,crash_day_of_week,crash_month,parsed_datetime,date,time
07/01/2024 12:30:00 PM,5.0,2,1,5,5,1,3,3,0,1,3,DISREGARDING TRAFFIC SIGNALS,2,1,0.0,0.0,0.0,0.0,0.0,2.0,12,2,7,07/01/2024,2024-07-01,12:30:00
06/05/2024 03:00:00 AM,5.0,2,4,5,6,1,3,3,0,1,3,UNABLE TO DETERMINE,2,1,0.0,0.0,0.0,0.0,0.0,2.0,3,4,6,06/05/2024,2024-06-05,03:00:00
03/15/2024 04:14:00 PM,7.0,2,1,5,5,1,3,3,1,1,3,DISREGARDING STOP SIGN,2,1,0.0,0.0,0.0,0.0,0.0,2.0,16,6,3,03/15/2024,2024-03-15,16:14:00
03/05/2024 03:09:00 PM,5.0,2,1,6,6,1,3,3,1,1,3,FAILING TO YIELD RIGHT-OF-WAY,2,1,0.0,0.0,0.0,0.0,0.0,2.0,15,3,3,03/05/2024,2024-03-05,15:09:00
04/12/2024 09:59:00 AM,5.0,2,1,10,4,1,3,3,0,1,3,UNABLE TO DETERMINE,2,1,0.0,0.0,0.0,0.0,0.0,2.0,9,6,4,04/12/2024,2024-04-12,09:59:00
01/20/2024 03:00:00 PM,5.0,2,1,4,5,1,3,3,1,1,3,FAILING TO REDUCE SPEED TO AVOID CRASH,2,2,1.0,0.0,0.0,0.0,1.0,1.0,15,7,1,01/20/2024,2024-01-20,15:00:00
07/20/2024 03:57:00 AM,5.0,2,4,4,6,1,3,3,0,0,3,UNABLE TO DETERMINE,2,1,0.0,0.0,0.0,0.0,0.0,2.0,3,7,7,07/20/2024,2024-07-20,03:57:00
02/21/2024 08:55:00 AM,5.0,2,1,4,4,1,3,3,0,1,2,IMPROPER BACKING,2,1,0.0,0.0,0.0,0.0,0.0,4.0,8,4,2,02/21/2024,2024-02-21,08:55:00
05/01/2024 11:24:00 AM,7.0,2,1,5,5,1,3,3,1,1,3,DISREGARDING STOP SIGN,2,2,1.0,0.0,0.0,0.0,1.0,1.0,11,4,5,05/01/2024,2024-05-01,11:24:00
06/04/2024 11:23:00 AM,5.0,2,1,6,5,1,3,3,1,1,2,DRIVING SKILLS/KNOWLEDGE/EXPERIENCE,2,1,0.0,0.0,0.0,0.0,0.0,2.0,11,3,6,06/04/2024,2024-06-04,11:23:00
07/13/2024 11:00:00 PM,3.0,4,5,11,5,1,4,3,0,1,1,UNABLE TO DETERMINE,2,1,0.0,0.0,0.0,0.0,0.0,1.0,23,7,7,07/13/2024,2024-07-13,23:00:00
06/02/2024 02:02:00 PM,7.0,2,1,5,5,1,3,3,1,1,3,FAILING TO YIELD RIGHT-OF-WAY,2,1,0.0,0.0,0.0,0.0,0.0,2.0,14,1,6,06/02/2024,2024-06-02,14:02:00
07/26/2024 07:00:00 PM,5.0,2,4,4,5,1,1,1,0,1,3,UNABLE TO DETERMINE,2,1,0.0,0.0,0.0,0.0,0.0,2.0,19,6,7,07/26/2024,2024-07-26,19:00:00
05/07/2024 10:08:00 AM,5.0,4,1,5,5,1,4,1,1,1,3,WEATHER,2,1,0.0,0.0,0.0,0.0,0.0,3.0,10,3,5,05/07/2024,2024-05-07,10:08:00
06/26/2024 02:30:00 PM,5.0,2,1,3,6,1,3,3,0,0,1,UNABLE TO DETERMINE,2,1,0.0,0.0,0.0,0.0,0.0,2.0,14,4,6,06/26/2024,2024-06-26,14:30:00
04/05/2024 08:30:00 AM,5.0,2,1,6,6,1,3,3,0,1,3,FAILING TO YIELD RIGHT-OF-WAY,2,1,0.0,0.0,0.0,0.0,0.0,2.0,8,6,4,04/05/2024,2024-04-05,08:30:00
08/02/2024 12:00:00 PM,7.0,2,1,4,4,1,3,1,0,1,3,UNABLE TO DETERMINE,2,1,0.0,0.0,0.0,0.0,0.0,3.0,12,6,8,08/02/2024,2024-08-02,12:00:00
02/28/2024 11:59:00 AM,5.0,2,1,4,6,1,3,3,0,1,3,FOLLOWING TOO CLOSELY,2,1,0.0,0.0,0.0,0.0,0.0,2.0,11,4,2,02/28/2024,2024-02-28,11:59:00
01/01/2024 03:40:00 PM,7.0,2,1,5,6,1,3,3,0,1,3,FAILING TO YIELD RIGHT-OF-WAY,2,1,0.0,0.0,0.0,0.0,0.0,2.0,15,2,1,01/01/2024,2024-01-01,15:40:00
07/28/2024 01:07:00 PM,4.0,2,1,13,5,1,3,3,1,1,2,FAILING TO YIELD RIGHT-OF-WAY,2,3,1.0,0.0,0.0,1.0,0.0,1.0,13,1,7,07/28/2024,2024-07-28,13:07:00
02/15/2024 11:02:00 PM,5.0,2,4,5,5,1,3,3,0,1,3,DISREGARDING TRAFFIC SIGNALS,2,1,0.0,0.0,0.0,0.0,0.0,2.0,23,5,2,02/15/2024,2024-02-15,23:02:00
05/08/2024 05:25:00 PM,1.0,2,1,6,5,1,1,1,0,1,1,DRIVING SKILLS/KNOWLEDGE/EXPERIENCE,2,1,0.0,0.0,0.0,0.0,0.0,2.0,17,4,5,05/08/2024,2024-05-08,17:25:00
04/04/2024 10:50:00 AM,5.0,2,1,4,6,1,4,1,0,0,3,UNABLE TO DETERMINE,2,1,0.0,0.0,0.0,0.0,0.0,2.0,10,5,4,04/04/2024,2024-04-04,10:50:00
04/06/2024 12:30:00 AM,1.0,2,3,5,6,1,1,1,1,1,3,NOT APPLICABLE,2,2,2.0,0.0,0.0,0.0,2.0,2.0,0,7,4,04/06/2024,2024-04-06,00:30:00
02/09/2024 01:17:00 AM,5.0,2,4,5,13,1,4,3,1,1,3,DISREGARDING TRAFFIC SIGNALS,2,3,1.0,0.0,0.0,1.0,0.0,1.0,1,6,2,02/09/2024,2024-02-09,01:17:00
01/24/2024 08:02:00 AM,3.0,4,1,13,6,1,4,3,0,1,1,UNABLE TO DETERMINE,2,1,0.0,0.0,0.0,0.0,0.0,3.0,8,4,1,01/24/2024,2024-01-24,08:02:00
01/18/2024 01:20:00 PM,5.0,2,1,5,5,1,3,3,0,1,3,DISREGARDING TRAFFIC SIGNALS,2,1,0.0,0.0,0.0,0.0,0.0,2.0,13,5,1,01/18/2024,2024-01-18,13:20:00
07/16/2024 10:40:00 PM,5.0,2,5,5,6,1,3,1,1,1,3,IMPROPER OVERTAKING/PASSING,2,2,1.0,0.0,0.0,0.0,1.0,2.0,22,3,7,07/16/2024,2024-07-16,22:40:00
06/11/2024 04:26:00 PM,7.0,2,1,3,10,1,3,1,0,1,3,NOT APPLICABLE,2,1,0.0,0.0,0.0,0.0,0.0,2.0,16,3,6,06/11/2024,2024-06-11,16:26:00
08/03/2024 01:30:00 PM,5.0,2,1,4,4,1,3,3,0,1,3,FAILING TO REDUCE SPEED TO AVOID CRASH,2,1,0.0,0.0,0.0,0.0,0.0,3.0,13,7,8,08/03/2024,2024-08-03,13:30:00
02/14/2024 02:54:00 PM,5.0,4,1,5,5,1,3,3,1,1,3,DRIVING SKILLS/KNOWLEDGE/EXPERIENCE,2,1,0.0,0.0,0.0,0.0,0.0,2.0,14,4,2,02/14/2024,2024-02-14,14:54:00
04/03/2024 03:40:00 PM,5.0,4,1,4,6,1,4,3,0,1,3,FOLLOWING TOO CLOSELY,2,1,0.0,0.0,0.0,0.0,0.0,4.0,15,4,4,04/03/2024,2024-04-03,15:40:00
03/09/2024 02:00:00 PM,5.0,2,1,6,6,1,3,3,0,1,1,DISREGARDING TRAFFIC SIGNALS,2,1,0.0,0.0,0.0,0.0,0.0,2.0,14,7,3,03/09/2024,2024-03-09,14:00:00
03/02/2024 05:57:00 PM,1.0,2,5,14,5,1,3,1,1,1,3,UNABLE TO DETERMINE,2,3,2.0,0.0,0.0,2.0,0.0,0.0,17,7,3,03/02/2024,2024-03-02,17:57:00
06/28/2024 09:54:00 AM,5.0,4,1,3,6,1,4,3,1,1,2,IMPROPER OVERTAKING/PASSING,2,1,0.0,0.0,0.0,0.0,0.0,3.0,9,6,6,06/28/2024,2024-06-28,09:54:00
06/02/2024 04:06:00 PM,5.0,2,1,5,5,1,3,1,0,1,3,"VISION OBSCURED (SIGNS, TREE LIMBS, BUILDINGS, ETC.)",2,1,0.0,0.0,0.0,0.0,0.0,2.0,16,1,6,06/02/2024,2024-06-02,16:06:00
07/14/2024 06:02:00 PM,5.0,2,1,6,5,1,3,3,0,1,3,IMPROPER TURNING/NO SIGNAL,2,1,0.0,0.0,0.0,0.0,0.0,3.0,18,1,7,07/14/2024,2024-07-14,18:02:00
02/13/2024 01:00:00 PM,1.0,2,1,3,4,1,3,3,0,1,3,UNABLE TO DETERMINE,2,1,0.0,0.0,0.0,0.0,0.0,6.0,13,3,2,02/13/2024,2024-02-13,13:00:00
03/16/2024 08:30:00 PM,7.0,2,4,4,5,1,1,1,0,1,3,FOLLOWING TOO CLOSELY,2,1,0.0,0.0,0.0,0.0,0.0,2.0,20,7,3,03/16/2024,2024-03-16,20:30:00
04/16/2024 01:11:00 AM,5.0,2,4,6,5,1,3,3,0,0,1,UNABLE TO DETERMINE,2,1,0.0,0.0,0.0,0.0,0.0,2.0,1,3,4,04/16/2024,2024-04-16,01:11:00
04/07/2024 02:43:00 PM,5.0,4,1,5,5,1,4,3,1,1,3,DISREGARDING TRAFFIC SIGNALS,2,1,0.0,0.0,0.0,0.0,0.0,2.0,14,1,4,04/07/2024,2024-04-07,14:43:00
07/19/2024 06:50:00 AM,5.0,2,1,5,4,1,3,3,0,1,3,DISREGARDING TRAFFIC SIGNALS,2,1,0.0,0.0,0.0,0.0,0.0,3.0,6,6,7,07/19/2024,2024-07-19,06:50:00
02/19/2024 11:11:00 PM,5.0,2,4,5,5,1,3,3,1,1,3,DISREGARDING TRAFFIC SIGNALS,2,1,0.0,0.0,0.0,0.0,0.0,2.0,23,2,2,02/19/2024,2024-02-19,23:11:00
01/29/2024 03:15:00 PM,5.0,2,1,3,6,1,3,3,0,1,3,FAILING TO YIELD RIGHT-OF-WAY,2,1,0.0,0.0,0.0,0.0,0.0,2.0,15,2,1,01/29/2024,2024-01-29,15:15:00
05/10/2024 06:15:00 PM,5.0,2,1,5,5,1,3,3,0,1,3,FAILING TO YIELD RIGHT-OF-WAY,2,1,0.0,0.0,0.0,0.0,0.0,2.0,18,6,5,05/10/2024,2024-05-10,18:15:00
03/08/2024 02:20:00 PM,1.0,2,1,4,1,1,1,1,0,1,3,UNABLE TO DETERMINE,2,1,0.0,0.0,0.0,0.0,0.0,3.0,14,6,3,03/08/2024,2024-03-08,14:20:00
03/20/2024 09:12:00 AM,7.0,2,1,5,5,1,3,3,1,1,3,UNABLE TO DETERMINE,2,3,2.0,0.0,0.0,2.0,0.0,0.0,9,4,3,03/20/2024,2024-03-20,09:12:00
07/12/2024 11:40:00 AM,5.0,2,1,4,5,2,3,3,0,1,2,UNABLE TO DETERMINE,2,1,0.0,0.0,0.0,0.0,0.0,2.0,11,6,7,07/12/2024,2024-07-12,11:40:00
04/19/2024 05:30:00 PM,7.0,2,1,5,5,1,3,3,1,1,3,DISREGARDING STOP SIGN,2,4,1.0,0.0,1.0,0.0,0.0,2.0,17,6,4,04/19/2024,2024-04-19,17:30:00
01/19/2024 01:30:00 PM,3.0,5,1,6,16,1,5,1,0,1,2,FAILING TO YIELD RIGHT-OF-WAY,2,1,0.0,0.0,0.0,0.0,0.0,2.0,13,6,1,01/19/2024,2024-01-19,13:30:00
03/14/2024 04:45:00 PM,3.0,2,1,6,2,1,3,3,0,1,1,UNABLE TO DETERMINE,2,1,0.0,0.0,0.0,0.0,0.0,5.0,16,5,3,03/14/2024,2024-03-14,16:45:00
04/29/2024 07:50:00 AM,3.0,4,1,5,6,1,4,3,0,1,3,UNABLE TO DETERMINE,2,1,0.0,0.0,0.0,0.0,0.0,3.0,7,2,4,04/29/2024,2024-04-29,07:50:00
03/05/2024 06:59:00 AM,5.0,4,1,3,6,1,4,3,0,1,2,FOLLOWING TOO CLOSELY,2,1,0.0,0.0,0.0,0.0,0.0,2.0,6,3,3,03/05/2024,2024-03-05,06:59:00
06/28/2024 08:15:00 AM,5.0,4,1,6,5,1,4,3,1,1,3,IMPROPER TURNING/NO SIGNAL,2,1,0.0,0.0,0.0,0.0,0.0,2.0,8,6,6,06/28/2024,2024-06-28,08:15:00
06/07/2024 12:10:00 PM,5.0,2,1,6,5,1,3,3,0,1,2,IMPROPER TURNING/NO SIGNAL,2,1,0.0,0.0,0.0,0.0,0.0,2.0,12,6,6,06/07/2024,2024-06-07,12:10:00
01/13/2024 10:15:00 AM,5.0,3,1,4,5,1,5,3,0,1,3,FOLLOWING TOO CLOSELY,2,1,0.0,0.0,0.0,0.0,0.0,5.0,10,7,1,01/13/2024,2024-01-13,10:15:00
06/19/2024 05:08:00 PM,5.0,2,1,6,5,1,1,1,0,1,3,UNABLE TO DETERMINE,2,1,0.0,0.0,0.0,0.0,0.0,2.0,17,4,6,06/19/2024,2024-06-19,17:08:00
06/11/2024 03:30:00 PM,5.0,2,1,6,5,1,3,3,0,1,3,DISREGARDING TRAFFIC SIGNALS,2,1,0.0,0.0,0.0,0.0,0.0,2.0,15,3,6,06/11/2024,2024-06-11,15:30:00
01/20/2024 12:18:00 PM,5.0,2,1,5,6,1,3,3,0,1,2,"VISION OBSCURED (SIGNS, TREE LIMBS, BUILDINGS, ETC.)",2,1,0.0,0.0,0.0,0.0,0.0,2.0,12,7,1,01/20/2024,2024-01-20,12:18:00
07/22/2024 07:00:00 PM,5.0,2,1,4,5,1,1,1,1,1,3,UNABLE TO DETERMINE,2,2,1.0,0.0,0.0,0.0,1.0,1.0,19,2,7,07/22/2024,2024-07-22,19:00:00
05/11/2024 12:15:00 PM,5.0,2,1,5,6,1,3,3,0,1,3,UNABLE TO DETERMINE,2,1,0.0,0.0,0.0,0.0,0.0,2.0,12,7,5,05/11/2024,2024-05-11,12:15:00
06/24/2024 11:20:00 AM,5.0,2,1,3,3,1,3,3,1,1,3,IMPROPER OVERTAKING/PASSING,2,2,1.0,0.0,0.0,0.0,1.0,1.0,11,2,6,06/24/2024,2024-06-24,11:20:00
06/16/2024 04:25:00 PM,7.0,2,1,6,4,1,3,3,0,1,3,UNABLE TO DETERMINE,2,1,0.0,0.0,0.0,0.0,0.0,2.0,16,1,6,06/16/2024,2024-06-16,16:25:00
07/29/2024 05:01:00 PM,5.0,4,1,3,12,1,4,3,0,1,2,FOLLOWING TOO CLOSELY,2,1,0.0,0.0,0.0,0.0,0.0,2.0,17,2,7,07/29/2024,2024-07-29,17:01:00
01/14/2024 12:20:00 PM,5.0,2,1,6,6,1,4,3,1,1,3,UNABLE TO DETERMINE,2,1,0.0,0.0,0.0,0.0,0.0,2.0,12,1,1,01/14/2024,2024-01-14,12:20:00
08/13/2024 11:00:00 AM,5.0,2,1,6,5,1,1,1,0,1,3,IMPROPER OVERTAKING/PASSING,2,1,0.0,0.0,0.0,0.0,0.0,2.0,11,3,8,08/13/2024,2024-08-13,11:00:00
06/24/2024 09:43:00 AM,10.0,2,1,3,2,1,3,1,0,1,3,FAILING TO YIELD RIGHT-OF-WAY,2,1,0.0,0.0,0.0,0.0,0.0,2.0,9,2,6,06/24/2024,2024-06-24,09:43:00
02/24/2024 07:00:00 AM,7.0,2,1,5,3,1,6,3,1,1,3,UNABLE TO DETERMINE,2,1,0.0,0.0,0.0,0.0,0.0,2.0,7,7,2,02/24/2024,2024-02-24,07:00:00
05/08/2024 03:00:00 PM,5.0,2,1,6,5,1,3,3,0,1,3,FAILING TO YIELD RIGHT-OF-WAY,2,1,0.0,0.0,0.0,0.0,0.0,2.0,15,4,5,05/08/2024,2024-05-08,15:00:00
04/12/2024 03:55:00 PM,5.0,4,1,6,5,1,4,3,1,1,3,FAILING TO YIELD RIGHT-OF-WAY,2,1,0.0,0.0,0.0,0.0,0.0,2.0,15,6,4,04/12/2024,2024-04-12,15:55:00
06/21/2024 01:30:00 AM,3.0,2,4,5,16,1,3,3,1,1,3,"OPERATING VEHICLE IN ERRATIC, RECKLESS, CARELESS, NEGLIGENT OR AGGRESSIVE MANNER",2,1,0.0,0.0,0.0,0.0,0.0,3.0,1,6,6,06/21/2024,2024-06-21,01:30:00
06/18/2024 08:37:00 AM,7.0,2,1,5,5,1,3,3,1,1,3,DISREGARDING STOP SIGN,2,3,1.0,0.0,0.0,1.0,0.0,1.0,8,3,6,06/18/2024,2024-06-18,08:37:00
05/18/2024 01:00:00 PM,5.0,2,1,4,6,1,3,3,0,1,3,FOLLOWING TOO CLOSELY,2,1,0.0,0.0,0.0,0.0,0.0,4.0,13,7,5,05/18/2024,2024-05-18,13:00:00
06/17/2024 04:00:00 PM,5.0,2,1,5,6,1,3,3,0,1,3,DISREGARDING TRAFFIC SIGNALS,2,1,0.0,0.0,0.0,0.0,0.0,2.0,16,2,6,06/17/2024,2024-06-17,16:00:00
03/16/2024 11:15:00 AM,3.0,2,1,5,13,1,3,3,1,1,3,FAILING TO YIELD RIGHT-OF-WAY,2,1,0.0,0.0,0.0,0.0,0.0,2.0,11,7,3,03/16/2024,2024-03-16,11:15:00
06/19/2024 05:01:00 PM,5.0,2,2,6,5,1,3,3,0,1,3,UNABLE TO DETERMINE,2,1,0.0,0.0,0.0,0.0,0.0,2.0,17,4,6,06/19/2024,2024-06-19,17:01:00
03/14/2024 08:25:00 PM,7.0,3,4,5,5,1,3,3,0,1,3,"VISION OBSCURED (SIGNS, TREE LIMBS, BUILDINGS, ETC.)",2,1,0.0,0.0,0.0,0.0,0.0,3.0,20,5,3,03/14/2024,2024-03-14,20:25:00
07/17/2024 08:10:00 AM,7.0,2,1,6,5,2,3,1,0,1,3,UNABLE TO DETERMINE,2,1,0.0,0.0,0.0,0.0,0.0,2.0,8,4,7,07/17/2024,2024-07-17,08:10:00
03/08/2024 09:00:00 PM,7.0,4,4,5,4,1,4,3,1,1,3,UNABLE TO DETERMINE,2,2,1.0,0.0,0.0,0.0,1.0,1.0,21,6,3,03/08/2024,2024-03-08,21:00:00
06/18/2024 09:49:00 PM,7.0,2,4,6,6,1,3,3,1,1,3,UNABLE TO DETERMINE,2,3,1.0,0.0,0.0,1.0,0.0,1.0,21,3,6,06/18/2024,2024-06-18,21:49:00
03/12/2024 05:30:00 PM,5.0,2,1,4,3,1,3,3,0,1,2,FOLLOWING TOO CLOSELY,2,1,0.0,0.0,0.0,0.0,0.0,2.0,17,3,3,03/12/2024,2024-03-12,17:30:00
06/07/2024 01:00:00 PM,3.0,2,1,5,5,1,3,3,0,1,3,DISREGARDING STOP SIGN,2,1,0.0,0.0,0.0,0.0,0.0,2.0,13,6,6,06/07/2024,2024-06-07,13:00:00
05/21/2024 12:30:00 PM,5.0,2,1,6,5,1,3,3,1,1,3,FAILING TO YIELD RIGHT-OF-WAY,2,1,0.0,0.0,0.0,0.0,0.0,3.0,12,3,5,05/21/2024,2024-05-21,12:30:00
06/12/2024 08:40:00 AM,3.0,2,1,6,4,1,3,3,0,1,3,FAILING TO YIELD RIGHT-OF-WAY,2,1,0.0,0.0,0.0,0.0,0.0,2.0,8,4,6,06/12/2024,2024-06-12,08:40:00
08/03/2024 08:45:00 PM,5.0,2,3,3,6,1,1,1,0,1,3,UNABLE TO DETERMINE,2,1,0.0,0.0,0.0,0.0,0.0,2.0,20,7,8,08/03/2024,2024-08-03,20:45:00
01/08/2024 08:48:00 AM,7.0,2,1,6,6,1,3,3,1,1,3,FAILING TO YIELD RIGHT-OF-WAY,2,3,1.0,0.0,0.0,1.0,0.0,3.0,8,2,1,01/08/2024,2024-01-08,08:48:00
04/02/2024 11:27:00 AM,7.0,4,1,6,4,1,4,3,0,1,2,FAILING TO YIELD RIGHT-OF-WAY,2,1,0.0,0.0,0.0,0.0,0.0,4.0,11,3,4,04/02/2024,2024-04-02,11:27:00
08/08/2024 08:59:00 PM,3.0,2,4,8,6,1,3,3,0,1,3,"OPERATING VEHICLE IN ERRATIC, RECKLESS, CARELESS, NEGLIGENT OR AGGRESSIVE MANNER",2,1,0.0,0.0,0.0,0.0,0.0,4.0,20,5,8,08/08/2024,2024-08-08,20:59:00
01/03/2024 06:45:00 AM,5.0,4,4,4,5,1,4,3,0,1,3,FOLLOWING TOO CLOSELY,2,1,0.0,0.0,0.0,0.0,0.0,2.0,6,4,1,01/03/2024,2024-01-03,06:45:00
01/11/2024 03:28:00 PM,5.0,2,1,6,5,1,3,3,0,1,2,IMPROPER TURNING/NO SIGNAL,2,1,0.0,0.0,0.0,0.0,0.0,2.0,15,5,1,01/11/2024,2024-01-11,15:28:00
07/11/2024 04:12:00 PM,5.0,2,1,3,6,1,3,3,0,1,3,NOT APPLICABLE,2,1,0.0,0.0,0.0,0.0,0.0,4.0,16,5,7,07/11/2024,2024-07-11,16:12:00
02/19/2024 05:42:00 PM,5.0,2,4,5,5,1,3,3,1,1,1,DRIVING ON WRONG SIDE/WRONG WAY,2,2,1.0,0.0,0.0,0.0,1.0,2.0,17,2,2,02/19/2024,2024-02-19,17:42:00
01/18/2024 04:30:00 PM,5.0,2,3,6,4,1,1,1,0,1,2,FAILING TO YIELD RIGHT-OF-WAY,2,1,0.0,0.0,0.0,0.0,0.0,2.0,16,5,1,01/18/2024,2024-01-18,16:30:00
06/13/2024 03:55:00 PM,7.0,4,1,4,5,1,4,3,1,1,3,FOLLOWING TOO CLOSELY,2,3,1.0,0.0,0.0,1.0,0.0,1.0,15,5,6,06/13/2024,2024-06-13,15:55:00
06/02/2024 01:20:00 PM,5.0,2,1,3,4,1,3,3,0,1,2,IMPROPER LANE USAGE,2,1,0.0,0.0,0.0,0.0,0.0,4.0,13,1,6,06/02/2024,2024-06-02,13:20:00
02/12/2024 12:45:00 PM,5.0,2,1,6,5,1,3,1,0,1,2,FAILING TO YIELD RIGHT-OF-WAY,2,1,0.0,0.0,0.0,0.0,0.0,2.0,12,2,2,02/12/2024,2024-02-12,12:45:00
03/30/2024 02:10:00 AM,7.0,4,4,6,5,1,4,1,1,1,3,UNABLE TO DETERMINE,2,1,0.0,0.0,0.0,0.0,0.0,2.0,2,7,3,03/30/2024,2024-03-30,02:10:00
06/29/2024 11:20:00 PM,5.0,2,4,3,5,1,3,3,0,1,3,IMPROPER OVERTAKING/PASSING,2,1,0.0,0.0,0.0,0.0,0.0,2.0,23,7,6,06/29/2024,2024-06-29,23:20:00
02/03/2024 11:18:00 PM,5.0,2,4,5,5,1,3,1,0,1,3,UNABLE TO DETERMINE,2,1,0.0,0.0,0.0,0.0,0.0,5.0,23,7,2,02/03/2024,2024-02-03,23:18:00
02/14/2024 12:15:00 PM,5.0,2,1,4,4,1,3,3,1,1,2,UNABLE TO DETERMINE,2,3,1.0,0.0,0.0,1.0,0.0,1.0,12,4,2,02/14/2024,2024-02-14,12:15:00
02/16/2024 09:10:00 PM,5.0,2,4,14,6,1,3,3,1,1,3,DISREGARDING TRAFFIC SIGNALS,2,3,1.0,0.0,0.0,1.0,0.0,1.0,21,6,2,02/16/2024,2024-02-16,21:10:00
01/10/2024 10:20:00 PM,3.0,2,4,5,6,1,3,3,1,1,3,FAILING TO YIELD RIGHT-OF-WAY,2,3,1.0,0.0,0.0,1.0,0.0,1.0,22,4,1,01/10/2024,2024-01-10,22:20:00
04/03/2024 07:30:00 AM,5.0,4,1,6,5,1,4,3,0,1,2,"OPERATING VEHICLE IN ERRATIC, RECKLESS, CARELESS, NEGLIGENT OR AGGRESSIVE MANNER",2,1,0.0,0.0,0.0,0.0,0.0,2.0,7,4,4,04/03/2024,2024-04-03,07:30:00
06/18/2024 05:20:00 PM,7.0,2,1,6,12,1,3,1,1,1,3,UNABLE TO DETERMINE,2,3,1.0,0.0,0.0,1.0,0.0,2.0,17,3,6,06/18/2024,2024-06-18,17:20:00
07/17/2024 01:05:00 PM,5.0,2,1,6,4,1,3,3,1,1,3,IMPROPER TURNING/NO SIGNAL,2,3,1.0,0.0,0.0,1.0,0.0,3.0,13,4,7,07/17/2024,2024-07-17,13:05:00
07/13/2024 06:34:00 PM,5.0,2,1,5,5,1,3,7,1,1,3,DISREGARDING TRAFFIC SIGNALS,2,3,1.0,0.0,0.0,1.0,0.0,2.0,18,7,7,07/13/2024,2024-07-13,18:34:00
06/14/2024 08:40:00 PM,1.0,2,1,3,12,1,1,1,0,1,3,IMPROPER OVERTAKING/PASSING,2,1,0.0,0.0,0.0,0.0,0.0,2.0,20,6,6,06/14/2024,2024-06-14,20:40:00
02/26/2024 04:20:00 PM,5.0,2,1,3,5,1,1,1,0,1,3,IMPROPER OVERTAKING/PASSING,2,1,0.0,0.0,0.0,0.0,0.0,2.0,16,2,2,02/26/2024,2024-02-26,16:20:00
07/10/2024 05:03:00 PM,7.0,2,1,5,5,1,3,3,1,1,3,UNABLE TO DETERMINE,2,1,0.0,0.0,0.0,0.0,0.0,2.0,17,4,7,07/10/2024,2024-07-10,17:03:00
07/07/2024 09:19:00 AM,5.0,2,1,6,3,1,3,3,0,1,3,DISREGARDING TRAFFIC SIGNALS,2,1,0.0,0.0,0.0,0.0,0.0,2.0,9,1,7,07/07/2024,2024-07-07,09:19:00
07/30/2024 09:57:00 AM,5.0,2,1,6,1,1,3,1,1,1,3,FAILING TO YIELD RIGHT-OF-WAY,2,1,0.0,0.0,0.0,0.0,0.0,3.0,9,3,7,07/30/2024,2024-07-30,09:57:00
03/25/2024 08:50:00 AM,5.0,2,1,6,6,1,3,3,0,1,2,IMPROPER OVERTAKING/PASSING,2,1,0.0,0.0,0.0,0.0,0.0,2.0,8,2,3,03/25/2024,2024-03-25,08:50:00
07/30/2024 08:20:00 PM,7.0,2,1,13,7,1,3,3,1,0,3,FAILING TO YIELD RIGHT-OF-WAY,2,3,1.0,0.0,0.0,1.0,0.0,1.0,20,3,7,07/30/2024,2024-07-30,20:20:00
07/18/2024 06:35:00 PM,7.0,2,1,13,5,1,3,1,0,1,1,UNABLE TO DETERMINE,2,1,0.0,0.0,0.0,0.0,0.0,3.0,18,5,7,07/18/2024,2024-07-18,18:35:00
05/20/2024 02:40:00 PM,5.0,4,1,14,5,1,4,3,1,1,2,WEATHER,2,3,1.0,0.0,0.0,1.0,0.0,1.0,14,2,5,05/20/2024,2024-05-20,14:40:00
06/18/2024 01:30:00 PM,7.0,2,1,5,5,1,3,3,0,1,3,DISREGARDING STOP SIGN,2,1,0.0,0.0,0.0,0.0,0.0,3.0,13,3,6,06/18/2024,2024-06-18,13:30:00
04/30/2024 08:00:00 AM,5.0,2,1,6,7,1,3,3,0,1,3,FAILING TO YIELD RIGHT-OF-WAY,2,1,0.0,0.0,0.0,0.0,0.0,2.0,8,3,4,04/30/2024,2024-04-30,08:00:00
05/23/2024 11:40:00 AM,7.0,2,1,5,5,1,3,3,0,1,2,FAILING TO YIELD RIGHT-OF-WAY,2,1,0.0,0.0,0.0,0.0,0.0,2.0,11,5,5,05/23/2024,2024-05-23,11:40:00
04/10/2024 03:45:00 PM,3.0,2,1,5,6,1,3,3,1,0,2,FAILING TO YIELD RIGHT-OF-WAY,2,2,1.0,0.0,0.0,0.0,1.0,1.0,15,4,4,04/10/2024,2024-04-10,15:45:00
08/09/2024 09:30:00 AM,7.0,2,1,3,3,1,3,1,1,1,3,FAILING TO YIELD RIGHT-OF-WAY,2,2,1.0,0.0,0.0,0.0,1.0,1.0,9,6,8,08/09/2024,2024-08-09,09:30:00
05/11/2024 09:00:00 PM,5.0,2,4,5,5,1,3,3,1,1,2,UNABLE TO DETERMINE,2,2,1.0,0.0,0.0,0.0,1.0,3.0,21,7,5,05/11/2024,2024-05-11,21:00:00