crash_date,traffic_control_device,weather_condition,lighting_condition,first_crash_type,trafficway_type,alignment,roadway_surface_cond,road_defect,crash_type,intersection_related_i,damage,prim_contributory_cause,num_units,most_severe_injury,injuries_total,injuries_fatal,injuries_incapacitating,injuries_non_incapacitating,injuries_reported_not_evident,injuries_no_indication,crash_hour,crash_day_of_week,crash_month,parsed_datetime,date,time
05/29/2024 06:02:00 PM,7.0,2,1,14,5,1,3,3,1,1,3,FAILING TO YIELD RIGHT-OF-WAY,2,3,1.0,0.0,0.0,1.0,0.0,1.0,18,4,5,05/29/2024,2024-05-29,18:02:00
04/27/2024 08:40:00 AM,5.0,2,1,6,4,1,3,3,0,1,3,UNABLE TO DETERMINE,2,1,0.0,0.0,0.0,0.0,0.0,2.0,8,7,4,04/27/2024,2024-04-27,08:40:00
06/11/2024 07:30:00 PM,5.0,2,3,9,4,1,3,3,1,0,3,UNABLE TO DETERMINE,2,2,1.0,0.0,0.0,0.0,1.0,2.0,19,3,6,06/11/2024,2024-06-11,19:30:00
05/07/2024 12:20:00 PM,5.0,2,1,6,5,1,3,3,0,1,3,IMPROPER TURNING/NO SIGNAL,2,1,0.0,0.0,0.0,0.0,0.0,2.0,12,3,5,05/07/2024,2024-05-07,12:20:00
07/13/2024 01:00:00 PM,5.0,2,1,4,3,1,3,3,0,1,1,FAILING TO REDUCE SPEED TO AVOID CRASH,2,1,0.0,0.0,0.0,0.0,0.0,4.0,13,7,7,07/13/2024,2024-07-13,13:00:00
03/18/2024 03:25:00 PM,3.0,2,1,5,6,1,3,3,1,1,3,FAILING TO YIELD RIGHT-OF-WAY,2,3,1.0,0.0,0.0,1.0,0.0,2.0,15,2,3,03/18/2024,2024-03-18,15:25:00
06/06/2024 06:41:00 PM,5.0,2,1,6,6,1,3,1,1,1,3,UNABLE TO DETERMINE,2,3,2.0,0.0,0.0,1.0,1.0,0.0,18,5,6,06/06/2024,2024-06-06,18:41:00
06/18/2024 04:00:00 PM,3.0,2,1,5,16,1,1,1,0,1,1,UNABLE TO DETERMINE,2,1,0.0,0.0,0.0,0.0,0.0,2.0,16,3,6,06/18/2024,2024-06-18,16:00:00
03/27/2024 07:23:00 PM,5.0,2,4,5,5,1,3,3,1,1,3,DISREGARDING TRAFFIC SIGNALS,2,2,1.0,0.0,0.0,0.0,1.0,2.0,19,4,3,03/27/2024,2024-03-27,19:23:00
01/04/2024 07:13:00 PM,3.0,2,4,3,10,1,3,3,0,0,3,NOT APPLICABLE,2,1,0.0,0.0,0.0,0.0,0.0,2.0,19,5,1,01/04/2024,2024-01-04,19:13:00
02/07/2024 11:40:00 AM,7.0,2,1,5,13,1,3,3,1,1,3,DISREGARDING STOP SIGN,2,1,0.0,0.0,0.0,0.0,0.0,5.0,11,4,2,02/07/2024,2024-02-07,11:40:00
03/14/2024 05:45:00 PM,7.0,2,1,5,6,1,1,1,0,0,2,FAILING TO YIELD RIGHT-OF-WAY,2,1,0.0,0.0,0.0,0.0,0.0,2.0,17,5,3,03/14/2024,2024-03-14,17:45:00
02/11/2024 03:19:00 AM,7.0,2,4,5,5,1,3,3,1,1,3,FAILING TO YIELD RIGHT-OF-WAY,2,3,1.0,0.0,0.0,1.0,0.0,2.0,3,1,2,02/11/2024,2024-02-11,03:19:00
01/15/2024 07:00:00 AM,5.0,2,1,6,4,1,3,3,0,1,3,"VISION OBSCURED (SIGNS, TREE LIMBS, BUILDINGS, ETC.)",2,1,0.0,0.0,0.0,0.0,0.0,2.0,7,2,1,01/15/2024,2024-01-15,07:00:00
02/24/2024 10:13:00 AM,5.0,2,1,4,5,1,1,1,0,1,3,FOLLOWING TOO CLOSELY,2,1,0.0,0.0,0.0,0.0,0.0,2.0,10,7,2,02/24/2024,2024-02-24,10:13:00
02/25/2024 07:25:00 AM,3.0,2,1,11,10,1,3,3,0,1,2,UNABLE TO DETERMINE,2,1,0.0,0.0,0.0,0.0,0.0,1.0,7,1,2,02/25/2024,2024-02-25,07:25:00
07/01/2024 06:48:00 AM,5.0,2,1,5,5,1,3,3,1,1,3,DISREGARDING TRAFFIC SIGNALS,2,3,2.0,0.0,0.0,2.0,0.0,0.0,6,2,7,07/01/2024,2024-07-01,06:48:00
04/02/2024 09:30:00 PM,7.0,2,4,6,5,1,4,1,0,1,3,UNABLE TO DETERMINE,2,1,0.0,0.0,0.0,0.0,0.0,3.0,21,3,4,04/02/2024,2024-04-02,21:30:00
07/01/2024 05:30:00 PM,7.0,2,1,5,5,1,3,3,0,1,2,UNABLE TO DETERMINE,2,1,0.0,0.0,0.0,0.0,0.0,2.0,17,2,7,07/01/2024,2024-07-01,17:30:00
04/30/2024 05:57:00 PM,7.0,2,1,5,5,1,3,2,0,1,3,FAILING TO YIELD RIGHT-OF-WAY,2,1,0.0,0.0,0.0,0.0,0.0,2.0,17,3,4,04/30/2024,2024-04-30,17:57:00
07/13/2024 06:03:00 PM,7.0,2,1,10,7,1,4,3,1,1,3,UNABLE TO DETERMINE,2,1,0.0,0.0,0.0,0.0,0.0,2.0,18,7,7,07/13/2024,2024-07-13,18:03:00
03/14/2024 03:57:00 PM,5.0,3,3,6,7,1,3,3,0,1,3,IMPROPER OVERTAKING/PASSING,2,1,0.0,0.0,0.0,0.0,0.0,2.0,15,5,3,03/14/2024,2024-03-14,15:57:00
08/08/2024 06:04:00 AM,5.0,2,1,9,5,1,3,3,1,1,3,FAILING TO YIELD RIGHT-OF-WAY,2,3,1.0,0.0,0.0,1.0,0.0,1.0,6,5,8,08/08/2024,2024-08-08,06:04:00
07/31/2024 12:23:00 PM,3.0,2,1,6,4,1,3,3,1,0,2,"VISION OBSCURED (SIGNS, TREE LIMBS, BUILDINGS, ETC.)",2,2,1.0,0.0,0.0,0.0,1.0,2.0,12,4,7,07/31/2024,2024-07-31,12:23:00
01/13/2024 12:10:00 PM,7.0,2,1,4,5,1,4,3,0,1,3,UNABLE TO DETERMINE,2,1,0.0,0.0,0.0,0.0,0.0,2.0,12,7,1,01/13/2024,2024-01-13,12:10:00
07/27/2024 10:02:00 PM,3.0,2,4,5,6,1,3,3,1,1,3,UNABLE TO DETERMINE,2,4,2.0,0.0,1.0,1.0,0.0,2.0,22,7,7,07/27/2024,2024-07-27,22:02:00
06/07/2024 06:30:00 PM,5.0,2,1,4,5,1,3,3,0,1,3,UNABLE TO DETERMINE,2,1,0.0,0.0,0.0,0.0,0.0,2.0,18,6,6,06/07/2024,2024-06-07,18:30:00
07/28/2024 03:39:00 AM,1.0,2,4,5,5,1,1,1,1,1,3,UNABLE TO DETERMINE,2,3,1.0,0.0,0.0,1.0,0.0,1.0,3,1,7,07/28/2024,2024-07-28,03:39:00
07/30/2024 05:00:00 PM,3.0,2,2,5,5,1,3,1,0,1,3,UNABLE TO DETERMINE,2,1,0.0,0.0,0.0,0.0,0.0,2.0,17,3,7,07/30/2024,2024-07-30,17:00:00
03/15/2024 04:08:00 PM,5.0,2,1,6,5,1,3,3,1,1,3,DISREGARDING TRAFFIC SIGNALS,2,1,0.0,0.0,0.0,0.0,0.0,2.0,16,6,3,03/15/2024,2024-03-15,16:08:00
07/12/2024 02:27:00 PM,7.0,2,1,6,6,1,3,3,1,1,3,DRIVING ON WRONG SIDE/WRONG WAY,2,3,2.0,0.0,0.0,2.0,0.0,1.0,14,6,7,07/12/2024,2024-07-12,14:27:00
07/17/2024 02:20:00 PM,5.0,2,1,5,4,1,3,1,0,1,3,IMPROPER OVERTAKING/PASSING,2,1,0.0,0.0,0.0,0.0,0.0,3.0,14,4,7,07/17/2024,2024-07-17,14:20:00
06/21/2024 11:36:00 AM,5.0,2,1,5,4,1,3,3,0,1,3,UNABLE TO DETERMINE,2,1,0.0,0.0,0.0,0.0,0.0,3.0,11,6,6,06/21/2024,2024-06-21,11:36:00
08/04/2024 02:10:00 PM,7.0,2,1,5,3,1,3,3,1,1,3,NOT APPLICABLE,2,4,2.0,0.0,1.0,0.0,1.0,0.0,14,1,8,08/04/2024,2024-08-04,14:10:00
03/06/2024 02:27:00 AM,1.0,2,4,8,7,1,3,3,0,0,1,UNABLE TO DETERMINE,2,1,0.0,0.0,0.0,0.0,0.0,2.0,2,4,3,03/06/2024,2024-03-06,02:27:00
04/27/2024 05:37:00 PM,5.0,2,1,4,5,1,3,1,1,1,3,UNABLE TO DETERMINE,2,2,2.0,0.0,0.0,0.0,2.0,4.0,17,7,4,04/27/2024,2024-04-27,17:37:00
06/03/2024 11:22:00 PM,5.0,2,4,5,5,1,3,3,1,1,3,FAILING TO REDUCE SPEED TO AVOID CRASH,2,2,1.0,0.0,0.0,0.0,1.0,1.0,23,2,6,06/03/2024,2024-06-03,23:22:00
02/29/2024 02:45:00 PM,5.0,2,1,4,5,1,3,3,1,1,3,UNABLE TO DETERMINE,2,1,0.0,0.0,0.0,0.0,0.0,2.0,14,5,2,02/29/2024,2024-02-29,14:45:00
02/28/2024 03:51:00 PM,3.0,2,1,5,7,1,1,1,1,1,3,UNABLE TO DETERMINE,2,1,0.0,0.0,0.0,0.0,0.0,2.0,15,4,2,02/28/2024,2024-02-28,15:51:00
06/04/2024 06:26:00 PM,5.0,2,1,6,6,1,3,3,1,1,3,FAILING TO YIELD RIGHT-OF-WAY,2,2,1.0,0.0,0.0,0.0,1.0,3.0,18,3,6,06/04/2024,2024-06-04,18:26:00
03/04/2024 11:15:00 PM,5.0,4,4,6,5,1,4,3,0,1,2,UNABLE TO DETERMINE,2,1,0.0,0.0,0.0,0.0,0.0,5.0,23,2,3,03/04/2024,2024-03-04,23:15:00
07/27/2024 06:30:00 PM,7.0,2,1,6,6,1,3,1,1,1,3,FAILING TO YIELD RIGHT-OF-WAY,2,3,1.0,0.0,0.0,1.0,0.0,1.0,18,7,7,07/27/2024,2024-07-27,18:30:00
07/01/2024 01:30:00 PM,5.0,2,1,6,5,1,3,3,0,1,3,IMPROPER TURNING/NO SIGNAL,2,1,0.0,0.0,0.0,0.0,0.0,2.0,13,2,7,07/01/2024,2024-07-01,13:30:00
07/19/2024 12:22:00 PM,3.0,2,1,4,5,1,3,3,0,1,3,FOLLOWING TOO CLOSELY,2,1,0.0,0.0,0.0,0.0,0.0,5.0,12,6,7,07/19/2024,2024-07-19,12:22:00
01/19/2024 09:43:00 AM,3.0,5,1,6,6,1,5,7,1,0,3,FAILING TO YIELD RIGHT-OF-WAY,2,2,1.0,0.0,0.0,0.0,1.0,1.0,9,6,1,01/19/2024,2024-01-19,09:43:00
01/24/2024 06:00:00 PM,5.0,4,4,13,5,1,4,1,1,1,3,FAILING TO YIELD RIGHT-OF-WAY,2,2,1.0,0.0,0.0,0.0,1.0,1.0,18,4,1,01/24/2024,2024-01-24,18:00:00
08/12/2024 12:10:00 PM,7.0,2,1,5,6,1,3,3,1,1,3,FAILING TO YIELD RIGHT-OF-WAY,2,1,0.0,0.0,0.0,0.0,0.0,5.0,12,2,8,08/12/2024,2024-08-12,12:10:00
03/09/2024 01:08:00 PM,5.0,2,1,3,6,1,3,1,0,1,2,IMPROPER OVERTAKING/PASSING,2,1,0.0,0.0,0.0,0.0,0.0,9.0,13,7,3,03/09/2024,2024-03-09,13:08:00
03/03/2024 08:55:00 AM,5.0,2,1,6,5,1,1,1,0,1,2,UNABLE TO DETERMINE,2,1,0.0,0.0,0.0,0.0,0.0,2.0,8,1,3,03/03/2024,2024-03-03,08:55:00
04/23/2024 05:20:00 PM,7.0,2,1,6,5,1,3,3,1,1,3,UNABLE TO DETERMINE,2,1,0.0,0.0,0.0,0.0,0.0,3.0,17,3,4,04/23/2024,2024-04-23,17:20:00
02/09/2024 11:10:00 AM,7.0,2,1,3,3,1,3,3,0,1,1,IMPROPER LANE USAGE,2,1,0.0,0.0,0.0,0.0,0.0,3.0,11,6,2,02/09/2024,2024-02-09,11:10:00
03/09/2024 10:07:00 AM,5.0,2,1,5,5,1,1,1,1,1,3,DISREGARDING TRAFFIC SIGNALS,2,1,0.0,0.0,0.0,0.0,0.0,5.0,10,7,3,03/09/2024,2024-03-09,10:07:00
01/23/2024 08:50:00 PM,7.0,8,4,5,6,1,4,3,1,1,3,WEATHER,2,1,0.0,0.0,0.0,0.0,0.0,2.0,20,3,1,01/23/2024,2024-01-23,20:50:00
02/05/2024 11:21:00 PM,5.0,2,4,9,7,1,3,3,1,1,3,DISTRACTION - FROM OUTSIDE VEHICLE,2,4,1.0,0.0,1.0,0.0,0.0,2.0,23,2,2,02/05/2024,2024-02-05,23:21:00
06/28/2024 10:55:00 PM,5.0,2,4,6,5,1,1,3,0,1,3,IMPROPER TURNING/NO SIGNAL,2,1,0.0,0.0,0.0,0.0,0.0,3.0,22,6,6,06/28/2024,2024-06-28,22:55:00
04/12/2024 10:05:00 PM,5.0,2,4,4,4,1,3,3,0,1,2,FOLLOWING TOO CLOSELY,2,1,0.0,0.0,0.0,0.0,0.0,2.0,22,6,4,04/12/2024,2024-04-12,22:05:00
04/14/2024 12:01:00 AM,2.0,2,4,5,6,1,3,3,1,1,3,UNABLE TO DETERMINE,2,1,0.0,0.0,0.0,0.0,0.0,2.0,0,1,4,04/14/2024,2024-04-14,00:01:00
04/25/2024 03:30:00 PM,5.0,2,1,6,7,1,3,1,1,1,3,FAILING TO YIELD RIGHT-OF-WAY,2,3,2.0,0.0,0.0,2.0,0.0,0.0,15,5,4,04/25/2024,2024-04-25,15:30:00
03/26/2024 07:00:00 PM,5.0,2,4,5,5,1,3,3,1,1,3,UNABLE TO DETERMINE,2,2,1.0,0.0,0.0,0.0,1.0,1.0,19,3,3,03/26/2024,2024-03-26,19:00:00
02/16/2024 06:22:00 AM,7.0,2,1,5,5,1,1,1,1,1,3,UNABLE TO DETERMINE,2,2,1.0,0.0,0.0,0.0,1.0,3.0,6,6,2,02/16/2024,2024-02-16,06:22:00
01/23/2024 09:45:00 PM,3.0,2,4,11,10,1,6,1,0,0,2,NOT APPLICABLE,2,1,0.0,0.0,0.0,0.0,0.0,1.0,21,3,1,01/23/2024,2024-01-23,21:45:00
04/27/2024 11:56:00 PM,5.0,2,4,4,4,1,3,3,0,1,3,FOLLOWING TOO CLOSELY,2,1,0.0,0.0,0.0,0.0,0.0,2.0,23,7,4,04/27/2024,2024-04-27,23:56:00
06/09/2024 11:15:00 PM,5.0,2,4,5,6,1,3,3,1,1,3,UNABLE TO DETERMINE,2,1,0.0,0.0,0.0,0.0,0.0,2.0,23,1,6,06/09/2024,2024-06-09,23:15:00
06/28/2024 03:15:00 PM,5.0,4,1,5,5,1,4,3,1,1,3,DISREGARDING TRAFFIC SIGNALS,2,1,0.0,0.0,0.0,0.0,0.0,2.0,15,6,6,06/28/2024,2024-06-28,15:15:00
01/15/2024 08:40:00 AM,5.0,5,1,5,5,1,5,3,1,1,3,UNABLE TO DETERMINE,2,2,1.0,0.0,0.0,0.0,1.0,1.0,8,2,1,01/15/2024,2024-01-15,08:40:00
04/23/2024 09:50:00 AM,5.0,3,1,5,5,1,3,3,1,1,3,UNABLE TO DETERMINE,2,3,2.0,0.0,0.0,2.0,0.0,0.0,9,3,4,04/23/2024,2024-04-23,09:50:00
02/02/2024 08:12:00 AM,5.0,2,1,6,5,1,3,3,1,1,3,IMPROPER LANE USAGE,2,3,1.0,0.0,0.0,1.0,0.0,1.0,8,6,2,02/02/2024,2024-02-02,08:12:00
06/06/2024 03:45:00 PM,7.0,2,1,5,5,1,1,1,0,1,3,UNABLE TO DETERMINE,2,1,0.0,0.0,0.0,0.0,0.0,2.0,15,5,6,06/06/2024,2024-06-06,15:45:00
05/31/2024 03:55:00 PM,5.0,2,1,6,4,1,3,3,0,1,3,IMPROPER LANE USAGE,2,1,0.0,0.0,0.0,0.0,0.0,2.0,15,6,5,05/31/2024,2024-05-31,15:55:00
05/17/2024 11:29:00 AM,5.0,2,1,4,4,1,3,3,1,0,3,FOLLOWING TOO CLOSELY,2,3,2.0,0.0,0.0,1.0,1.0,0.0,11,6,5,05/17/2024,2024-05-17,11:29:00
06/11/2024 07:28:00 PM,5.0,2,3,4,4,1,3,3,0,1,2,FAILING TO REDUCE SPEED TO AVOID CRASH,2,1,0.0,0.0,0.0,0.0,0.0,2.0,19,3,6,06/11/2024,2024-06-11,19:28:00
06/09/2024 02:13:00 PM,7.0,2,1,5,13,1,3,3,1,1,3,FAILING TO YIELD RIGHT-OF-WAY,2,1,0.0,0.0,0.0,0.0,0.0,2.0,14,1,6,06/09/2024,2024-06-09,14:13:00
07/17/2024 02:43:00 PM,3.0,2,1,3,4,1,3,1,0,0,2,IMPROPER OVERTAKING/PASSING,2,1,0.0,0.0,0.0,0.0,0.0,2.0,14,4,7,07/17/2024,2024-07-17,14:43:00
02/19/2024 10:34:00 AM,5.0,2,1,6,5,1,3,3,1,1,3,UNABLE TO DETERMINE,2,1,0.0,0.0,0.0,0.0,0.0,2.0,10,2,2,02/19/2024,2024-02-19,10:34:00
05/17/2024 03:44:00 PM,7.0,2,1,5,5,1,3,3,1,1,3,FAILING TO YIELD RIGHT-OF-WAY,2,3,1.0,0.0,0.0,1.0,0.0,1.0,15,6,5,05/17/2024,2024-05-17,15:44:00
07/02/2024 06:30:00 PM,5.0,2,1,6,5,1,3,3,0,1,3,UNABLE TO DETERMINE,2,1,0.0,0.0,0.0,0.0,0.0,3.0,18,3,7,07/02/2024,2024-07-02,18:30:00
03/01/2024 12:30:00 PM,5.0,3,1,6,5,1,3,3,0,1,3,IMPROPER TURNING/NO SIGNAL,2,1,0.0,0.0,0.0,0.0,0.0,2.0,12,6,3,03/01/2024,2024-03-01,12:30:00
04/11/2024 12:55:00 AM,7.0,2,5,11,6,1,3,5,1,1,3,ROAD ENGINEERING/SURFACE/MARKING DEFECTS,2,3,1.0,0.0,0.0,1.0,0.0,0.0,0,5,4,04/11/2024,2024-04-11,00:55:00
05/30/2024 11:30:00 AM,5.0,2,1,6,5,1,3,3,0,1,2,UNABLE TO DETERMINE,2,1,0.0,0.0,0.0,0.0,0.0,2.0,11,5,5,05/30/2024,2024-05-30,11:30:00
04/19/2024 06:30:00 PM,5.0,2,1,4,5,1,1,3,0,1,2,UNABLE TO DETERMINE,2,1,0.0,0.0,0.0,0.0,0.0,2.0,18,6,4,04/19/2024,2024-04-19,18:30:00
05/20/2024 02:25:00 PM,5.0,2,1,4,12,1,3,3,0,1,3,FAILING TO REDUCE SPEED TO AVOID CRASH,2,1,0.0,0.0,0.0,0.0,0.0,3.0,14,2,5,05/20/2024,2024-05-20,14:25:00
04/13/2024 09:00:00 PM,7.0,2,4,11,10,1,3,1,0,1,3,NOT APPLICABLE,2,1,0.0,0.0,0.0,0.0,0.0,3.0,21,7,4,04/13/2024,2024-04-13,21:00:00
07/20/2024 05:20:00 AM,5.0,2,4,5,5,1,3,3,1,1,3,FAILING TO YIELD RIGHT-OF-WAY,2,3,2.0,0.0,0.0,2.0,0.0,1.0,5,7,7,07/20/2024,2024-07-20,05:20:00
03/12/2024 04:59:00 PM,5.0,2,1,3,4,1,3,3,0,1,3,IMPROPER OVERTAKING/PASSING,2,1,0.0,0.0,0.0,0.0,0.0,3.0,16,3,3,03/12/2024,2024-03-12,16:59:00
06/22/2024 01:50:00 PM,1.0,2,1,6,7,1,1,1,0,1,3,DISREGARDING ROAD MARKINGS,2,1,0.0,0.0,0.0,0.0,0.0,3.0,13,7,6,06/22/2024,2024-06-22,13:50:00
05/11/2024 11:45:00 PM,5.0,2,4,6,5,1,3,3,0,1,3,FAILING TO YIELD RIGHT-OF-WAY,2,1,0.0,0.0,0.0,0.0,0.0,2.0,23,7,5,05/11/2024,2024-05-11,23:45:00
06/16/2024 08:00:00 PM,3.0,2,5,6,7,1,3,3,0,1,3,IMPROPER TURNING/NO SIGNAL,2,1,0.0,0.0,0.0,0.0,0.0,2.0,20,1,6,06/16/2024,2024-06-16,20:00:00
01/25/2024 06:50:00 PM,7.0,4,3,13,5,1,4,3,1,1,3,FAILING TO YIELD RIGHT-OF-WAY,2,2,1.0,0.0,0.0,0.0,1.0,1.0,18,5,1,01/25/2024,2024-01-25,18:50:00
06/04/2024 05:00:00 PM,4.0,2,1,14,6,1,3,3,1,1,3,UNABLE TO DETERMINE,2,2,1.0,0.0,0.0,0.0,1.0,1.0,17,3,6,06/04/2024,2024-06-04,17:00:00
05/30/2024 07:20:00 AM,7.0,2,1,5,5,1,3,3,1,1,3,UNABLE TO DETERMINE,2,1,0.0,0.0,0.0,0.0,0.0,2.0,7,5,5,05/30/2024,2024-05-30,07:20:00
06/12/2024 12:30:00 PM,5.0,2,1,6,6,1,3,3,0,1,3,FAILING TO YIELD RIGHT-OF-WAY,2,1,0.0,0.0,0.0,0.0,0.0,2.0,12,4,6,06/12/2024,2024-06-12,12:30:00
06/14/2024 07:00:00 AM,5.0,2,1,4,6,1,3,3,0,1,3,FAILING TO YIELD RIGHT-OF-WAY,2,1,0.0,0.0,0.0,0.0,0.0,3.0,7,6,6,06/14/2024,2024-06-14,07:00:00
07/15/2024 03:35:00 PM,5.0,2,1,6,5,1,3,3,1,1,3,FAILING TO YIELD RIGHT-OF-WAY,2,1,0.0,0.0,0.0,0.0,0.0,2.0,15,2,7,07/15/2024,2024-07-15,15:35:00
08/06/2024 04:30:00 PM,5.0,3,1,6,5,1,3,3,1,1,3,FAILING TO YIELD RIGHT-OF-WAY,2,1,0.0,0.0,0.0,0.0,0.0,2.0,16,3,8,08/06/2024,2024-08-06,16:30:00
05/26/2024 10:20:00 PM,5.0,2,4,4,4,1,3,3,0,1,1,FOLLOWING TOO CLOSELY,2,1,0.0,0.0,0.0,0.0,0.0,2.0,22,1,5,05/26/2024,2024-05-26,22:20:00
02/05/2024 04:10:00 PM,5.0,2,1,5,6,1,3,1,1,1,3,DISTRACTION - FROM INSIDE VEHICLE,2,1,0.0,0.0,0.0,0.0,0.0,4.0,16,2,2,02/05/2024,2024-02-05,16:10:00
06/01/2024 12:00:00 AM,5.0,2,4,6,5,1,3,3,0,1,3,IMPROPER OVERTAKING/PASSING,2,1,0.0,0.0,0.0,0.0,0.0,7.0,0,7,6,06/01/2024,2024-06-01,00:00:00
07/03/2024 02:40:00 PM,5.0,2,1,4,6,1,3,1,0,1,3,FAILING TO REDUCE SPEED TO AVOID CRASH,2,1,0.0,0.0,0.0,0.0,0.0,2.0,14,4,7,07/03/2024,2024-07-03,14:40:00
02/17/2024 07:45:00 PM,5.0,2,4,6,6,1,3,3,0,1,3,UNABLE TO DETERMINE,2,1,0.0,0.0,0.0,0.0,0.0,2.0,19,7,2,02/17/2024,2024-02-17,19:45:00
07/03/2024 06:04:00 PM,7.0,2,1,5,5,1,3,3,1,1,3,FAILING TO YIELD RIGHT-OF-WAY,2,4,2.0,0.0,1.0,1.0,0.0,0.0,18,4,7,07/03/2024,2024-07-03,18:04:00
08/27/2024 08:30:00 PM,3.0,4,5,11,7,1,4,1,0,1,2,NOT APPLICABLE,2,1,0.0,0.0,0.0,0.0,0.0,1.0,20,3,8,08/27/2024,2024-08-27,20:30:00
03/31/2024 12:13:00 PM,5.0,2,1,3,6,1,3,1,0,1,1,IMPROPER OVERTAKING/PASSING,2,1,0.0,0.0,0.0,0.0,0.0,2.0,12,1,3,03/31/2024,2024-03-31,12:13:00
01/15/2024 02:00:00 PM,5.0,2,1,5,5,1,5,3,1,1,3,DISREGARDING TRAFFIC SIGNALS,2,1,0.0,0.0,0.0,0.0,0.0,2.0,14,2,1,01/15/2024,2024-01-15,14:00:00
04/28/2024 02:32:00 AM,7.0,4,4,5,5,1,4,1,0,1,2,UNABLE TO DETERMINE,2,1,0.0,0.0,0.0,0.0,0.0,2.0,2,1,4,04/28/2024,2024-04-28,02:32:00
05/08/2024 07:36:00 AM,7.0,2,1,5,5,1,3,3,1,1,3,UNABLE TO DETERMINE,2,1,0.0,0.0,0.0,0.0,0.0,6.0,7,4,5,05/08/2024,2024-05-08,07:36:00
07/27/2024 04:00:00 PM,5.0,2,1,3,6,1,3,3,0,1,2,IMPROPER OVERTAKING/PASSING,2,1,0.0,0.0,0.0,0.0,0.0,3.0,16,7,7,07/27/2024,2024-07-27,16:00:00
07/16/2024 11:15:00 AM,5.0,2,1,4,5,1,3,3,1,1,3,UNABLE TO DETERMINE,2,1,0.0,0.0,0.0,0.0,0.0,4.0,11,3,7,07/16/2024,2024-07-16,11:15:00
07/20/2024 03:30:00 PM,5.0,2,1,5,4,1,3,3,0,1,3,FAILING TO YIELD RIGHT-OF-WAY,2,1,0.0,0.0,0.0,0.0,0.0,2.0,15,7,7,07/20/2024,2024-07-20,15:30:00
01/06/2024 03:13:00 PM,5.0,5,1,6,7,1,5,1,1,1,3,IMPROPER TURNING/NO SIGNAL,2,1,0.0,0.0,0.0,0.0,0.0,4.0,15,7,1,01/06/2024,2024-01-06,15:13:00
02/18/2024 07:30:00 PM,5.0,2,4,14,5,1,3,3,1,1,3,DISREGARDING OTHER TRAFFIC SIGNS,2,2,1.0,0.0,0.0,0.0,1.0,1.0,19,1,2,02/18/2024,2024-02-18,19:30:00
01/03/2024 12:30:00 PM,5.0,2,1,13,5,1,3,3,1,1,1,FAILING TO YIELD RIGHT-OF-WAY,2,4,1.0,0.0,1.0,0.0,0.0,1.0,12,4,1,01/03/2024,2024-01-03,12:30:00
02/29/2024 08:20:00 AM,3.0,2,1,3,5,1,3,3,1,1,3,IMPROPER TURNING/NO SIGNAL,2,1,0.0,0.0,0.0,0.0,0.0,2.0,8,5,2,02/29/2024,2024-02-29,08:20:00
03/27/2024 04:30:00 PM,5.0,2,1,3,5,1,3,3,0,0,3,IMPROPER OVERTAKING/PASSING,2,1,0.0,0.0,0.0,0.0,0.0,2.0,16,4,3,03/27/2024,2024-03-27,16:30:00
08/13/2024 03:45:00 PM,3.0,2,1,6,4,1,3,3,0,1,3,UNABLE TO DETERMINE,2,1,0.0,0.0,0.0,0.0,0.0,3.0,15,3,8,08/13/2024,2024-08-13,15:45:00
03/09/2024 12:32:00 AM,5.0,2,4,10,4,1,3,3,1,1,3,FAILING TO YIELD RIGHT-OF-WAY,2,1,0.0,0.0,0.0,0.0,0.0,2.0,0,7,3,03/09/2024,2024-03-09,00:32:00
07/21/2024 08:00:00 PM,7.0,2,3,14,4,1,3,3,1,1,1,UNABLE TO DETERMINE,2,2,1.0,0.0,0.0,0.0,1.0,1.0,20,1,7,07/21/2024,2024-07-21,20:00:00
03/08/2024 11:05:00 PM,5.0,2,5,5,6,1,4,3,0,1,3,DISREGARDING TRAFFIC SIGNALS,2,1,0.0,0.0,0.0,0.0,0.0,2.0,23,6,3,03/08/2024,2024-03-08,23:05:00
08/11/2024 09:46:00 AM,5.0,2,1,6,6,1,3,3,0,1,3,IMPROPER TURNING/NO SIGNAL,2,1,0.0,0.0,0.0,0.0,0.0,3.0,9,1,8,08/11/2024,2024-08-11,09:46:00
07/03/2024 09:13:00 PM,5.0,2,4,3,6,1,3,3,0,1,2,IMPROPER OVERTAKING/PASSING,2,1,0.0,0.0,0.0,0.0,0.0,2.0,21,4,7,07/03/2024,2024-07-03,21:13:00
05/31/2024 11:30:00 PM,7.0,2,4,5,5,1,3,3,1,1,3,DISREGARDING STOP SIGN,2,1,0.0,0.0,0.0,0.0,0.0,2.0,23,6,5,05/31/2024,2024-05-31,23:30:00
03/29/2024 01:36:00 PM,5.0,2,1,4,5,1,3,1,0,1,3,FOLLOWING TOO CLOSELY,2,1,0.0,0.0,0.0,0.0,0.0,2.0,13,6,3,03/29/2024,2024-03-29,13:36:00
08/06/2024 12:01:00 AM,5.0,2,4,6,5,1,3,3,0,1,3,DISREGARDING TRAFFIC SIGNALS,2,1,0.0,0.0,0.0,0.0,0.0,2.0,0,3,8,08/06/2024,2024-08-06,00:01:00