crash_date,traffic_control_device,weather_condition,lighting_condition,first_crash_type,trafficway_type,alignment,roadway_surface_cond,road_defect,crash_type,intersection_related_i,damage,prim_contributory_cause,num_units,most_severe_injury,injuries_total,injuries_fatal,injuries_incapacitating,injuries_non_incapacitating,injuries_reported_not_evident,injuries_no_indication,crash_hour,crash_day_of_week,crash_month,parsed_datetime,date,time
03/02/2024 03:57:00 AM,5.0,2,4,4,3,1,3,3,1,1,3,UNABLE TO DETERMINE,2,1,0.0,0.0,0.0,0.0,0.0,3.0,3,7,3,03/02/2024,2024-03-02,03:57:00
01/28/2024 04:50:00 AM,5.0,4,4,5,1,1,4,1,0,1,3,DISREGARDING TRAFFIC SIGNALS,2,1,0.0,0.0,0.0,0.0,0.0,3.0,4,1,1,01/28/2024,2024-01-28,04:50:00
07/20/2024 04:05:00 AM,5.0,2,4,5,5,1,3,3,1,1,3,DISREGARDING TRAFFIC SIGNALS,2,2,1.0,0.0,0.0,0.0,1.0,1.0,4,7,7,07/20/2024,2024-07-20,04:05:00
05/17/2024 06:10:00 PM,7.0,2,1,5,5,1,3,3,1,1,3,FAILING TO YIELD RIGHT-OF-WAY,2,2,1.0,0.0,0.0,0.0,1.0,1.0,18,6,5,05/17/2024,2024-05-17,18:10:00
05/23/2024 11:36:00 AM,5.0,2,1,6,5,1,3,1,0,1,3,UNABLE TO DETERMINE,2,1,0.0,0.0,0.0,0.0,0.0,2.0,11,5,5,05/23/2024,2024-05-23,11:36:00
07/22/2024 04:01:00 PM,7.0,2,1,5,5,1,3,1,0,1,3,FAILING TO YIELD RIGHT-OF-WAY,2,1,0.0,0.0,0.0,0.0,0.0,4.0,16,2,7,07/22/2024,2024-07-22,16:01:00
07/23/2024 12:50:00 PM,5.0,2,1,4,5,1,3,3,1,1,3,FAILING TO REDUCE SPEED TO AVOID CRASH,2,1,0.0,0.0,0.0,0.0,0.0,2.0,12,3,7,07/23/2024,2024-07-23,12:50:00
01/06/2024 03:20:00 PM,7.0,2,1,6,7,1,3,3,0,1,3,IMPROPER LANE USAGE,2,1,0.0,0.0,0.0,0.0,0.0,2.0,15,7,1,01/06/2024,2024-01-06,15:20:00
02/09/2024 09:00:00 PM,5.0,2,5,4,5,1,3,3,0,1,1,FOLLOWING TOO CLOSELY,2,1,0.0,0.0,0.0,0.0,0.0,2.0,21,6,2,02/09/2024,2024-02-09,21:00:00
07/14/2024 02:34:00 PM,7.0,2,1,5,5,1,3,1,1,1,3,DISREGARDING STOP SIGN,2,2,2.0,0.0,0.0,0.0,2.0,1.0,14,1,7,07/14/2024,2024-07-14,14:34:00
04/06/2024 07:25:00 PM,3.0,2,1,6,7,1,3,3,0,1,2,UNABLE TO DETERMINE,2,1,0.0,0.0,0.0,0.0,0.0,2.0,19,7,4,04/06/2024,2024-04-06,19:25:00
06/13/2024 09:27:00 AM,5.0,2,1,5,7,1,3,3,0,1,3,DISREGARDING TRAFFIC SIGNALS,2,1,0.0,0.0,0.0,0.0,0.0,2.0,9,5,6,06/13/2024,2024-06-13,09:27:00
02/05/2024 08:10:00 AM,7.0,3,1,5,6,1,3,3,1,1,3,FAILING TO YIELD RIGHT-OF-WAY,2,1,0.0,0.0,0.0,0.0,0.0,3.0,8,2,2,02/05/2024,2024-02-05,08:10:00
02/19/2024 05:40:00 PM,5.0,2,3,6,5,1,3,1,1,1,3,FAILING TO YIELD RIGHT-OF-WAY,2,2,1.0,0.0,0.0,0.0,1.0,1.0,17,2,2,02/19/2024,2024-02-19,17:40:00
01/16/2024 02:25:00 PM,5.0,2,1,3,6,1,3,3,0,1,3,UNABLE TO DETERMINE,2,1,0.0,0.0,0.0,0.0,0.0,2.0,14,3,1,01/16/2024,2024-01-16,14:25:00
05/29/2024 08:18:00 AM,5.0,2,1,4,5,1,3,3,0,1,3,UNABLE TO DETERMINE,2,1,0.0,0.0,0.0,0.0,0.0,2.0,8,4,5,05/29/2024,2024-05-29,08:18:00
05/22/2024 10:30:00 PM,5.0,2,4,6,5,1,3,3,0,1,3,IMPROPER LANE USAGE,2,1,0.0,0.0,0.0,0.0,0.0,2.0,22,4,5,05/22/2024,2024-05-22,22:30:00
05/14/2024 04:28:00 PM,7.0,2,1,6,5,1,3,3,0,0,3,IMPROPER BACKING,2,1,0.0,0.0,0.0,0.0,0.0,3.0,16,3,5,05/14/2024,2024-05-14,16:28:00
05/08/2024 09:58:00 PM,7.0,2,4,5,5,1,3,3,1,1,3,DISREGARDING STOP SIGN,2,1,0.0,0.0,0.0,0.0,0.0,3.0,21,4,5,05/08/2024,2024-05-08,21:58:00
01/22/2024 09:24:00 AM,5.0,2,1,3,5,1,3,3,0,1,3,IMPROPER OVERTAKING/PASSING,2,1,0.0,0.0,0.0,0.0,0.0,2.0,9,2,1,01/22/2024,2024-01-22,09:24:00
08/13/2024 06:30:00 AM,3.0,2,2,6,4,1,3,3,0,1,1,"OPERATING VEHICLE IN ERRATIC, RECKLESS, CARELESS, NEGLIGENT OR AGGRESSIVE MANNER",2,1,0.0,0.0,0.0,0.0,0.0,5.0,6,3,8,08/13/2024,2024-08-13,06:30:00
04/11/2024 07:20:00 AM,3.0,4,1,6,16,1,4,3,1,1,3,"VISION OBSCURED (SIGNS, TREE LIMBS, BUILDINGS, ETC.)",2,1,0.0,0.0,0.0,0.0,0.0,2.0,7,5,4,04/11/2024,2024-04-11,07:20:00
03/01/2024 12:45:00 PM,5.0,3,1,6,5,1,3,3,0,1,3,FAILING TO YIELD RIGHT-OF-WAY,2,1,0.0,0.0,0.0,0.0,0.0,2.0,12,6,3,03/01/2024,2024-03-01,12:45:00
07/20/2024 08:35:00 PM,5.0,2,5,5,6,1,3,3,1,1,3,DISTRACTION - FROM INSIDE VEHICLE,2,3,2.0,0.0,0.0,2.0,0.0,2.0,20,7,7,07/20/2024,2024-07-20,20:35:00
04/19/2024 04:40:00 PM,5.0,2,1,6,5,1,3,1,1,1,3,UNABLE TO DETERMINE,2,2,1.0,0.0,0.0,0.0,1.0,3.0,16,6,4,04/19/2024,2024-04-19,16:40:00
05/09/2024 06:30:00 PM,7.0,4,1,5,7,1,4,3,1,1,3,FAILING TO YIELD RIGHT-OF-WAY,2,2,2.0,0.0,0.0,0.0,2.0,0.0,18,5,5,05/09/2024,2024-05-09,18:30:00
06/06/2024 01:40:00 PM,5.0,2,1,4,5,1,3,3,0,1,3,"OPERATING VEHICLE IN ERRATIC, RECKLESS, CARELESS, NEGLIGENT OR AGGRESSIVE MANNER",2,1,0.0,0.0,0.0,0.0,0.0,2.0,13,5,6,06/06/2024,2024-06-06,13:40:00
08/10/2024 01:12:00 PM,5.0,2,1,4,6,1,3,3,0,1,2,FOLLOWING TOO CLOSELY,2,1,0.0,0.0,0.0,0.0,0.0,2.0,13,7,8,08/10/2024,2024-08-10,13:12:00
06/13/2024 03:55:00 PM,5.0,2,1,6,6,1,3,3,0,1,3,FAILING TO YIELD RIGHT-OF-WAY,2,1,0.0,0.0,0.0,0.0,0.0,3.0,15,5,6,06/13/2024,2024-06-13,15:55:00
05/23/2024 05:00:00 PM,7.0,2,1,5,5,1,3,3,0,1,3,DISREGARDING STOP SIGN,2,1,0.0,0.0,0.0,0.0,0.0,2.0,17,5,5,05/23/2024,2024-05-23,17:00:00
01/12/2024 04:40:00 AM,5.0,2,1,5,7,1,1,1,0,1,3,UNABLE TO DETERMINE,2,1,0.0,0.0,0.0,0.0,0.0,2.0,4,6,1,01/12/2024,2024-01-12,04:40:00
07/16/2024 03:50:00 PM,5.0,2,1,6,4,1,3,1,0,1,3,IMPROPER LANE USAGE,2,1,0.0,0.0,0.0,0.0,0.0,3.0,15,3,7,07/16/2024,2024-07-16,15:50:00
06/01/2024 12:15:00 PM,5.0,4,1,3,5,1,4,3,0,1,2,UNABLE TO DETERMINE,2,1,0.0,0.0,0.0,0.0,0.0,4.0,12,7,6,06/01/2024,2024-06-01,12:15:00
03/20/2024 11:17:00 AM,7.0,2,1,5,5,1,3,3,1,1,3,FAILING TO YIELD RIGHT-OF-WAY,2,1,0.0,0.0,0.0,0.0,0.0,3.0,11,4,3,03/20/2024,2024-03-20,11:17:00
08/08/2024 06:20:00 PM,7.0,2,1,14,5,1,3,1,1,1,2,FAILING TO YIELD RIGHT-OF-WAY,2,3,1.0,0.0,0.0,1.0,0.0,1.0,18,5,8,08/08/2024,2024-08-08,18:20:00
03/28/2024 10:25:00 AM,5.0,2,1,5,7,1,3,1,1,1,3,NOT APPLICABLE,2,1,0.0,0.0,0.0,0.0,0.0,2.0,10,5,3,03/28/2024,2024-03-28,10:25:00
07/03/2024 10:27:00 PM,7.0,2,4,5,1,1,3,1,1,1,3,UNABLE TO DETERMINE,2,2,1.0,0.0,0.0,0.0,1.0,2.0,22,4,7,07/03/2024,2024-07-03,22:27:00
02/20/2024 09:27:00 AM,3.0,2,1,5,5,1,3,3,1,1,3,UNABLE TO DETERMINE,2,1,0.0,0.0,0.0,0.0,0.0,3.0,9,3,2,02/20/2024,2024-02-20,09:27:00
07/10/2024 12:37:00 AM,5.0,4,4,9,9,1,4,3,1,1,3,FAILING TO YIELD RIGHT-OF-WAY,2,2,1.0,0.0,0.0,0.0,1.0,2.0,0,4,7,07/10/2024,2024-07-10,00:37:00
03/05/2024 11:44:00 AM,7.0,2,1,6,7,1,4,3,0,1,2,FAILING TO YIELD RIGHT-OF-WAY,2,1,0.0,0.0,0.0,0.0,0.0,2.0,11,3,3,03/05/2024,2024-03-05,11:44:00
06/26/2024 04:01:00 AM,5.0,2,4,5,6,1,3,3,1,1,3,DISREGARDING TRAFFIC SIGNALS,2,3,1.0,0.0,0.0,1.0,0.0,2.0,4,4,6,06/26/2024,2024-06-26,04:01:00
08/06/2024 10:35:00 PM,5.0,2,1,9,3,1,3,3,1,1,3,UNABLE TO DETERMINE,2,2,2.0,0.0,0.0,0.0,2.0,6.0,22,3,8,08/06/2024,2024-08-06,22:35:00
01/22/2024 02:15:00 PM,7.0,5,1,5,5,1,5,3,1,1,3,FAILING TO YIELD RIGHT-OF-WAY,2,2,2.0,0.0,0.0,0.0,2.0,0.0,14,2,1,01/22/2024,2024-01-22,14:15:00
08/11/2024 11:45:00 PM,5.0,2,3,4,6,1,3,3,0,0,1,IMPROPER LANE USAGE,2,1,0.0,0.0,0.0,0.0,0.0,2.0,23,1,8,08/11/2024,2024-08-11,23:45:00
05/12/2024 10:15:00 AM,3.0,2,1,14,4,1,3,3,1,1,3,FAILING TO YIELD RIGHT-OF-WAY,2,3,1.0,0.0,0.0,1.0,0.0,1.0,10,1,5,05/12/2024,2024-05-12,10:15:00
06/11/2024 05:15:00 PM,5.0,2,1,6,6,1,3,3,0,1,3,NOT APPLICABLE,2,1,0.0,0.0,0.0,0.0,0.0,2.0,17,3,6,06/11/2024,2024-06-11,17:15:00
05/15/2024 05:30:00 PM,3.0,2,1,5,5,1,1,1,1,1,3,FAILING TO YIELD RIGHT-OF-WAY,2,1,0.0,0.0,0.0,0.0,0.0,2.0,17,4,5,05/15/2024,2024-05-15,17:30:00
08/12/2024 06:00:00 PM,3.0,2,1,6,5,1,3,3,0,1,3,IMPROPER TURNING/NO SIGNAL,2,1,0.0,0.0,0.0,0.0,0.0,2.0,18,2,8,08/12/2024,2024-08-12,18:00:00
07/04/2024 12:15:00 PM,5.0,2,1,4,3,1,3,3,0,1,3,"OPERATING VEHICLE IN ERRATIC, RECKLESS, CARELESS, NEGLIGENT OR AGGRESSIVE MANNER",2,1,0.0,0.0,0.0,0.0,0.0,3.0,12,5,7,07/04/2024,2024-07-04,12:15:00
06/26/2024 06:03:00 PM,5.0,2,1,13,5,1,3,3,1,1,2,FAILING TO YIELD RIGHT-OF-WAY,2,4,1.0,0.0,1.0,0.0,0.0,1.0,18,4,6,06/26/2024,2024-06-26,18:03:00
06/23/2024 12:24:00 PM,5.0,2,1,3,5,1,3,3,1,1,3,IMPROPER LANE USAGE,2,1,0.0,0.0,0.0,0.0,0.0,2.0,12,1,6,06/23/2024,2024-06-23,12:24:00
01/18/2024 09:00:00 PM,5.0,5,5,5,6,1,4,3,1,1,3,DRIVING SKILLS/KNOWLEDGE/EXPERIENCE,2,3,1.0,0.0,0.0,1.0,0.0,3.0,21,5,1,01/18/2024,2024-01-18,21:00:00
04/20/2024 01:25:00 PM,5.0,2,1,6,5,1,3,3,1,1,1,IMPROPER BACKING,2,1,0.0,0.0,0.0,0.0,0.0,2.0,13,7,4,04/20/2024,2024-04-20,13:25:00
06/21/2024 03:00:00 PM,1.0,2,1,3,5,1,1,1,0,1,3,UNABLE TO DETERMINE,2,1,0.0,0.0,0.0,0.0,0.0,2.0,15,6,6,06/21/2024,2024-06-21,15:00:00
06/20/2024 06:35:00 AM,3.0,2,1,5,6,2,3,3,1,1,3,UNABLE TO DETERMINE,2,3,2.0,0.0,0.0,1.0,1.0,2.0,6,5,6,06/20/2024,2024-06-20,06:35:00
02/24/2024 12:39:00 PM,5.0,2,1,5,6,1,3,3,0,1,3,FAILING TO YIELD RIGHT-OF-WAY,2,1,0.0,0.0,0.0,0.0,0.0,4.0,12,7,2,02/24/2024,2024-02-24,12:39:00
05/05/2024 01:53:00 PM,5.0,2,1,6,4,1,3,3,1,1,3,FAILING TO YIELD RIGHT-OF-WAY,2,2,1.0,0.0,0.0,0.0,1.0,1.0,13,1,5,05/05/2024,2024-05-05,13:53:00
04/18/2024 01:45:00 PM,5.0,2,1,4,5,1,3,3,0,1,3,FOLLOWING TOO CLOSELY,2,1,0.0,0.0,0.0,0.0,0.0,2.0,13,5,4,04/18/2024,2024-04-18,13:45:00
01/17/2024 08:19:00 AM,7.0,2,1,5,5,1,5,3,1,1,3,UNABLE TO DETERMINE,2,1,0.0,0.0,0.0,0.0,0.0,3.0,8,4,1,01/17/2024,2024-01-17,08:19:00
06/01/2024 07:56:00 AM,5.0,2,1,5,5,1,3,3,1,1,3,FAILING TO YIELD RIGHT-OF-WAY,2,1,0.0,0.0,0.0,0.0,0.0,2.0,7,7,6,06/01/2024,2024-06-01,07:56:00
02/05/2024 11:03:00 PM,3.0,2,4,6,6,1,3,3,0,0,2,FAILING TO YIELD RIGHT-OF-WAY,2,1,0.0,0.0,0.0,0.0,0.0,4.0,23,2,2,02/05/2024,2024-02-05,23:03:00
03/01/2024 04:55:00 PM,5.0,2,1,6,5,1,3,3,0,1,3,FAILING TO YIELD RIGHT-OF-WAY,2,1,0.0,0.0,0.0,0.0,0.0,2.0,16,6,3,03/01/2024,2024-03-01,16:55:00
05/16/2024 11:31:00 PM,7.0,2,4,7,5,1,3,3,1,1,3,FAILING TO YIELD RIGHT-OF-WAY,2,3,1.0,0.0,0.0,1.0,0.0,1.0,23,5,5,05/16/2024,2024-05-16,23:31:00
01/19/2024 06:20:00 PM,5.0,5,4,6,5,1,5,3,0,1,3,FAILING TO YIELD RIGHT-OF-WAY,2,1,0.0,0.0,0.0,0.0,0.0,2.0,18,6,1,01/19/2024,2024-01-19,18:20:00
07/18/2024 02:37:00 PM,7.0,2,1,6,7,1,3,3,0,1,3,UNABLE TO DETERMINE,2,1,0.0,0.0,0.0,0.0,0.0,2.0,14,5,7,07/18/2024,2024-07-18,14:37:00
08/07/2024 07:45:00 AM,7.0,2,1,4,5,1,3,3,0,1,2,UNABLE TO DETERMINE,2,1,0.0,0.0,0.0,0.0,0.0,2.0,7,4,8,08/07/2024,2024-08-07,07:45:00
01/06/2024 06:25:00 PM,7.0,2,4,5,6,1,4,3,0,1,2,UNABLE TO DETERMINE,2,1,0.0,0.0,0.0,0.0,0.0,2.0,18,7,1,01/06/2024,2024-01-06,18:25:00
06/19/2024 05:50:00 PM,5.0,2,1,4,18,1,3,3,0,1,2,FOLLOWING TOO CLOSELY,2,1,0.0,0.0,0.0,0.0,0.0,2.0,17,4,6,06/19/2024,2024-06-19,17:50:00
01/12/2024 07:15:00 AM,5.0,5,1,4,4,1,5,3,0,1,3,FOLLOWING TOO CLOSELY,2,1,0.0,0.0,0.0,0.0,0.0,2.0,7,6,1,01/12/2024,2024-01-12,07:15:00
03/29/2024 11:30:00 PM,7.0,4,4,5,5,1,4,1,0,1,3,FAILING TO YIELD RIGHT-OF-WAY,2,1,0.0,0.0,0.0,0.0,0.0,2.0,23,6,3,03/29/2024,2024-03-29,23:30:00
03/25/2024 01:02:00 PM,5.0,2,1,4,6,1,3,3,1,1,3,FAILING TO REDUCE SPEED TO AVOID CRASH,2,3,2.0,0.0,0.0,2.0,0.0,2.0,13,2,3,03/25/2024,2024-03-25,13:02:00
03/20/2024 02:40:00 PM,3.0,2,1,13,3,1,3,3,1,1,1,UNABLE TO DETERMINE,2,4,1.0,0.0,1.0,0.0,0.0,1.0,14,4,3,03/20/2024,2024-03-20,14:40:00
01/19/2024 06:00:00 AM,5.0,5,4,5,5,1,4,3,1,1,3,WEATHER,2,1,0.0,0.0,0.0,0.0,0.0,3.0,6,6,1,01/19/2024,2024-01-19,06:00:00
07/30/2024 05:15:00 PM,5.0,2,1,13,4,1,1,1,0,1,3,FAILING TO YIELD RIGHT-OF-WAY,2,1,0.0,0.0,0.0,0.0,0.0,2.0,17,3,7,07/30/2024,2024-07-30,17:15:00
04/19/2024 09:00:00 PM,7.0,2,4,5,4,1,3,3,1,1,3,DISREGARDING STOP SIGN,2,1,0.0,0.0,0.0,0.0,0.0,2.0,21,6,4,04/19/2024,2024-04-19,21:00:00
06/03/2024 05:53:00 PM,5.0,2,1,4,6,1,3,3,0,1,3,FOLLOWING TOO CLOSELY,2,1,0.0,0.0,0.0,0.0,0.0,2.0,17,2,6,06/03/2024,2024-06-03,17:53:00
03/19/2024 06:38:00 PM,1.0,2,1,3,1,1,1,1,0,1,1,UNABLE TO DETERMINE,2,1,0.0,0.0,0.0,0.0,0.0,3.0,18,3,3,03/19/2024,2024-03-19,18:38:00
07/03/2024 09:50:00 AM,3.0,2,1,6,7,1,1,1,1,1,3,FAILING TO YIELD RIGHT-OF-WAY,2,2,2.0,0.0,0.0,0.0,2.0,4.0,9,4,7,07/03/2024,2024-07-03,09:50:00
05/20/2024 02:00:00 PM,7.0,2,1,5,7,1,3,3,1,1,3,DRIVING SKILLS/KNOWLEDGE/EXPERIENCE,2,1,0.0,0.0,0.0,0.0,0.0,2.0,14,2,5,05/20/2024,2024-05-20,14:00:00
03/25/2024 09:35:00 AM,5.0,2,1,3,4,1,3,1,0,1,3,IMPROPER OVERTAKING/PASSING,2,1,0.0,0.0,0.0,0.0,0.0,2.0,9,2,3,03/25/2024,2024-03-25,09:35:00
04/14/2024 06:00:00 PM,3.0,2,1,4,6,1,3,3,0,0,1,FOLLOWING TOO CLOSELY,2,1,0.0,0.0,0.0,0.0,0.0,7.0,18,1,4,04/14/2024,2024-04-14,18:00:00
06/04/2024 08:00:00 PM,5.0,2,1,6,5,1,3,3,0,1,3,UNABLE TO DETERMINE,2,1,0.0,0.0,0.0,0.0,0.0,2.0,20,3,6,06/04/2024,2024-06-04,20:00:00
04/01/2024 04:00:00 PM,7.0,4,1,4,6,1,4,3,0,1,2,"OPERATING VEHICLE IN ERRATIC, RECKLESS, CARELESS, NEGLIGENT OR AGGRESSIVE MANNER",2,1,0.0,0.0,0.0,0.0,0.0,3.0,16,2,4,04/01/2024,2024-04-01,16:00:00
01/14/2024 04:00:00 PM,5.0,5,1,4,4,1,5,1,0,1,3,UNABLE TO DETERMINE,2,1,0.0,0.0,0.0,0.0,0.0,4.0,16,1,1,01/14/2024,2024-01-14,16:00:00
06/15/2024 02:30:00 PM,5.0,2,1,4,6,2,3,3,1,1,3,NOT APPLICABLE,2,2,2.0,0.0,0.0,0.0,2.0,0.0,14,7,6,06/15/2024,2024-06-15,14:30:00
06/11/2024 05:45:00 PM,5.0,2,1,6,5,1,3,1,1,1,3,FAILING TO YIELD RIGHT-OF-WAY,2,2,2.0,0.0,0.0,0.0,2.0,0.0,17,3,6,06/11/2024,2024-06-11,17:45:00
03/13/2024 08:57:00 AM,5.0,2,1,6,4,4,3,3,1,1,2,IMPROPER TURNING/NO SIGNAL,2,2,1.0,0.0,0.0,0.0,1.0,4.0,8,4,3,03/13/2024,2024-03-13,08:57:00
05/10/2024 05:51:00 AM,5.0,2,1,5,5,1,3,7,0,1,3,DISREGARDING TRAFFIC SIGNALS,2,1,0.0,0.0,0.0,0.0,0.0,3.0,5,6,5,05/10/2024,2024-05-10,05:51:00
06/20/2024 07:30:00 AM,3.0,2,1,6,6,1,3,3,0,1,3,NOT APPLICABLE,2,1,0.0,0.0,0.0,0.0,0.0,2.0,7,5,6,06/20/2024,2024-06-20,07:30:00
08/09/2024 03:38:00 AM,7.0,2,4,5,4,1,3,3,0,1,3,FAILING TO YIELD RIGHT-OF-WAY,2,1,0.0,0.0,0.0,0.0,0.0,3.0,3,6,8,08/09/2024,2024-08-09,03:38:00
04/04/2024 08:50:00 PM,5.0,2,3,5,5,1,3,3,0,1,1,FAILING TO YIELD RIGHT-OF-WAY,2,1,0.0,0.0,0.0,0.0,0.0,2.0,20,5,4,04/04/2024,2024-04-04,20:50:00
04/26/2024 05:00:00 PM,12.0,4,1,8,6,1,1,1,0,1,3,UNABLE TO DETERMINE,2,1,0.0,0.0,0.0,0.0,0.0,2.0,17,6,4,04/26/2024,2024-04-26,17:00:00
07/20/2024 09:13:00 PM,7.0,2,5,5,6,1,3,3,1,1,3,FAILING TO REDUCE SPEED TO AVOID CRASH,2,3,1.0,0.0,0.0,1.0,0.0,1.0,21,7,7,07/20/2024,2024-07-20,21:13:00
05/25/2024 01:40:00 PM,5.0,2,1,4,6,1,3,1,1,1,1,UNABLE TO DETERMINE,2,2,2.0,0.0,0.0,0.0,2.0,1.0,13,7,5,05/25/2024,2024-05-25,13:40:00
05/19/2024 12:00:00 PM,7.0,2,1,13,6,1,3,3,1,1,1,UNABLE TO DETERMINE,2,3,1.0,0.0,0.0,1.0,0.0,1.0,12,1,5,05/19/2024,2024-05-19,12:00:00
02/14/2024 08:30:00 PM,5.0,2,4,6,3,1,3,3,0,1,3,DISREGARDING TRAFFIC SIGNALS,2,1,0.0,0.0,0.0,0.0,0.0,2.0,20,4,2,02/14/2024,2024-02-14,20:30:00
05/16/2024 09:40:00 AM,5.0,2,1,4,5,1,3,1,1,1,3,FOLLOWING TOO CLOSELY,2,1,0.0,0.0,0.0,0.0,0.0,2.0,9,5,5,05/16/2024,2024-05-16,09:40:00
01/13/2024 10:53:00 PM,5.0,5,4,5,5,1,4,3,1,1,3,DISREGARDING TRAFFIC SIGNALS,2,2,2.0,0.0,0.0,0.0,2.0,0.0,22,7,1,01/13/2024,2024-01-13,22:53:00
08/02/2024 03:45:00 PM,7.0,2,1,6,7,1,1,1,0,1,3,UNABLE TO DETERMINE,2,1,0.0,0.0,0.0,0.0,0.0,2.0,15,6,8,08/02/2024,2024-08-02,15:45:00
04/17/2024 12:22:00 AM,5.0,2,4,11,6,1,3,2,1,0,3,DISTRACTION - FROM INSIDE VEHICLE,2,3,1.0,0.0,0.0,1.0,0.0,0.0,0,4,4,04/17/2024,2024-04-17,00:22:00
03/12/2024 04:46:00 PM,7.0,2,1,5,5,1,3,3,0,1,3,DRIVING ON WRONG SIDE/WRONG WAY,2,1,0.0,0.0,0.0,0.0,0.0,3.0,16,3,3,03/12/2024,2024-03-12,16:46:00
08/11/2024 05:50:00 PM,5.0,2,1,5,5,1,3,3,1,1,3,FAILING TO YIELD RIGHT-OF-WAY,2,1,0.0,0.0,0.0,0.0,0.0,5.0,17,1,8,08/11/2024,2024-08-11,17:50:00
01/23/2024 12:14:00 PM,3.0,4,1,6,4,1,4,3,0,1,2,FAILING TO YIELD RIGHT-OF-WAY,2,1,0.0,0.0,0.0,0.0,0.0,3.0,12,3,1,01/23/2024,2024-01-23,12:14:00
06/24/2024 10:28:00 AM,5.0,2,1,4,5,1,3,3,1,1,3,DRIVING SKILLS/KNOWLEDGE/EXPERIENCE,2,4,2.0,0.0,1.0,0.0,1.0,1.0,10,2,6,06/24/2024,2024-06-24,10:28:00
06/09/2024 01:41:00 PM,5.0,2,1,11,12,1,3,3,1,1,2,IMPROPER TURNING/NO SIGNAL,2,2,1.0,0.0,0.0,0.0,1.0,9.0,13,1,6,06/09/2024,2024-06-09,13:41:00
07/28/2024 04:38:00 PM,5.0,2,1,6,5,1,4,3,1,1,3,FAILING TO YIELD RIGHT-OF-WAY,2,2,1.0,0.0,0.0,0.0,1.0,1.0,16,1,7,07/28/2024,2024-07-28,16:38:00
04/11/2024 07:10:00 AM,3.0,3,1,13,5,1,4,3,1,1,1,FAILING TO YIELD RIGHT-OF-WAY,2,4,1.0,0.0,1.0,0.0,0.0,1.0,7,5,4,04/11/2024,2024-04-11,07:10:00
05/07/2024 08:27:00 AM,3.0,2,1,6,6,1,3,1,0,1,3,NOT APPLICABLE,2,1,0.0,0.0,0.0,0.0,0.0,2.0,8,3,5,05/07/2024,2024-05-07,08:27:00
06/20/2024 02:00:00 PM,5.0,2,1,4,6,1,3,3,0,1,3,FOLLOWING TOO CLOSELY,2,1,0.0,0.0,0.0,0.0,0.0,3.0,14,5,6,06/20/2024,2024-06-20,14:00:00
05/24/2024 08:30:00 AM,7.0,2,1,5,5,1,3,3,0,1,3,UNABLE TO DETERMINE,2,1,0.0,0.0,0.0,0.0,0.0,2.0,8,6,5,05/24/2024,2024-05-24,08:30:00
03/21/2024 07:45:00 AM,3.0,2,1,5,6,1,3,3,1,1,3,IMPROPER OVERTAKING/PASSING,2,1,0.0,0.0,0.0,0.0,0.0,3.0,7,5,3,03/21/2024,2024-03-21,07:45:00
01/09/2024 08:02:00 AM,1.0,2,1,3,3,1,1,1,0,1,3,UNABLE TO DETERMINE,2,1,0.0,0.0,0.0,0.0,0.0,2.0,8,3,1,01/09/2024,2024-01-09,08:02:00
01/02/2024 01:40:00 AM,5.0,2,5,6,5,1,3,3,0,1,1,DISREGARDING TRAFFIC SIGNALS,2,1,0.0,0.0,0.0,0.0,0.0,2.0,1,3,1,01/02/2024,2024-01-02,01:40:00
07/21/2024 08:20:00 PM,5.0,2,4,6,5,1,3,1,0,1,3,UNABLE TO DETERMINE,2,1,0.0,0.0,0.0,0.0,0.0,2.0,20,1,7,07/21/2024,2024-07-21,20:20:00
06/24/2024 07:19:00 PM,7.0,2,1,5,5,1,3,3,1,1,3,UNABLE TO DETERMINE,2,1,0.0,0.0,0.0,0.0,0.0,2.0,19,2,6,06/24/2024,2024-06-24,19:19:00
01/18/2024 05:32:00 PM,5.0,3,4,6,5,1,3,3,0,1,3,FAILING TO YIELD RIGHT-OF-WAY,2,1,0.0,0.0,0.0,0.0,0.0,6.0,17,5,1,01/18/2024,2024-01-18,17:32:00
07/15/2024 12:40:00 PM,5.0,2,1,5,6,1,3,3,1,1,3,UNABLE TO DETERMINE,2,2,2.0,0.0,0.0,0.0,2.0,2.0,12,2,7,07/15/2024,2024-07-15,12:40:00
04/09/2024 06:20:00 PM,7.0,2,1,4,9,1,3,1,0,1,3,UNABLE TO DETERMINE,2,1,0.0,0.0,0.0,0.0,0.0,2.0,18,3,4,04/09/2024,2024-04-09,18:20:00
02/12/2024 04:10:00 PM,5.0,2,1,13,9,1,3,3,1,1,3,DISREGARDING ROAD MARKINGS,2,3,1.0,0.0,0.0,1.0,0.0,1.0,16,2,2,02/12/2024,2024-02-12,16:10:00
08/12/2024 11:53:00 AM,7.0,2,1,6,7,1,3,3,0,1,3,FAILING TO YIELD RIGHT-OF-WAY,2,1,0.0,0.0,0.0,0.0,0.0,2.0,11,2,8,08/12/2024,2024-08-12,11:53:00
03/12/2024 05:30:00 PM,1.0,2,1,13,5,1,1,1,0,1,1,UNABLE TO DETERMINE,2,1,0.0,0.0,0.0,0.0,0.0,2.0,17,3,3,03/12/2024,2024-03-12,17:30:00