crash_date,traffic_control_device,weather_condition,lighting_condition,first_crash_type,trafficway_type,alignment,roadway_surface_cond,road_defect,crash_type,intersection_related_i,damage,prim_contributory_cause,num_units,most_severe_injury,injuries_total,injuries_fatal,injuries_incapacitating,injuries_non_incapacitating,injuries_reported_not_evident,injuries_no_indication,crash_hour,crash_day_of_week,crash_month,parsed_datetime,date,time
08/07/2024 06:00:00 PM,5.0,2,1,8,6,1,3,3,0,1,3,IMPROPER BACKING,2,1,0.0,0.0,0.0,0.0,0.0,2.0,18,4,8,08/07/2024,2024-08-07,18:00:00
02/25/2024 09:00:00 PM,7.0,2,4,5,5,1,3,3,1,1,3,FAILING TO YIELD RIGHT-OF-WAY,2,3,1.0,0.0,0.0,1.0,0.0,4.0,21,1,2,02/25/2024,2024-02-25,21:00:00
08/15/2024 03:20:00 PM,5.0,4,1,5,7,1,1,1,1,1,3,UNABLE TO DETERMINE,2,3,1.0,0.0,0.0,1.0,0.0,1.0,15,5,8,08/15/2024,2024-08-15,15:20:00
01/07/2024 03:41:00 PM,5.0,2,1,4,6,1,3,3,0,1,3,FAILING TO REDUCE SPEED TO AVOID CRASH,2,1,0.0,0.0,0.0,0.0,0.0,3.0,15,1,1,01/07/2024,2024-01-07,15:41:00
01/09/2024 06:14:00 PM,5.0,4,5,5,7,1,5,3,1,1,3,UNABLE TO DETERMINE,2,4,2.0,0.0,2.0,0.0,0.0,0.0,18,3,1,01/09/2024,2024-01-09,18:14:00
06/26/2024 12:04:00 PM,5.0,2,1,6,4,1,3,3,1,1,3,UNABLE TO DETERMINE,2,3,1.0,0.0,0.0,1.0,0.0,5.0,12,4,6,06/26/2024,2024-06-26,12:04:00
04/18/2024 10:20:00 AM,5.0,2,1,6,5,1,3,3,0,1,3,IMPROPER LANE USAGE,2,1,0.0,0.0,0.0,0.0,0.0,2.0,10,5,4,04/18/2024,2024-04-18,10:20:00
06/15/2024 12:25:00 PM,3.0,2,1,3,6,1,3,3,1,0,3,UNABLE TO DETERMINE,2,2,1.0,0.0,0.0,0.0,1.0,1.0,12,7,6,06/15/2024,2024-06-15,12:25:00
05/12/2024 03:10:00 PM,5.0,2,1,6,6,1,3,1,1,1,3,FAILING TO YIELD RIGHT-OF-WAY,2,3,1.0,0.0,0.0,1.0,0.0,2.0,15,1,5,05/12/2024,2024-05-12,15:10:00
02/16/2024 07:25:00 PM,5.0,2,3,6,6,1,1,1,0,1,2,UNABLE TO DETERMINE,2,1,0.0,0.0,0.0,0.0,0.0,2.0,19,6,2,02/16/2024,2024-02-16,19:25:00
08/08/2024 03:18:00 PM,5.0,2,1,5,5,1,3,2,1,1,3,DISREGARDING TRAFFIC SIGNALS,2,2,1.0,0.0,0.0,0.0,1.0,2.0,15,5,8,08/08/2024,2024-08-08,15:18:00
04/23/2024 11:56:00 AM,5.0,3,1,14,5,1,3,3,1,1,3,DISREGARDING TRAFFIC SIGNALS,2,3,1.0,0.0,0.0,1.0,0.0,1.0,11,3,4,04/23/2024,2024-04-23,11:56:00
04/23/2024 04:05:00 PM,5.0,2,1,4,5,1,1,1,0,1,3,FOLLOWING TOO CLOSELY,2,1,0.0,0.0,0.0,0.0,0.0,2.0,16,3,4,04/23/2024,2024-04-23,16:05:00
06/30/2024 12:00:00 AM,3.0,2,1,11,4,1,3,3,0,0,3,UNABLE TO DETERMINE,2,1,0.0,0.0,0.0,0.0,0.0,1.0,0,1,6,06/30/2024,2024-06-30,00:00:00
05/23/2024 11:20:00 AM,7.0,2,1,5,6,1,3,1,0,1,3,FAILING TO YIELD RIGHT-OF-WAY,2,1,0.0,0.0,0.0,0.0,0.0,3.0,11,5,5,05/23/2024,2024-05-23,11:20:00
07/10/2024 09:15:00 AM,1.0,2,1,5,6,1,3,1,0,1,3,FAILING TO YIELD RIGHT-OF-WAY,2,1,0.0,0.0,0.0,0.0,0.0,2.0,9,4,7,07/10/2024,2024-07-10,09:15:00
04/29/2024 06:13:00 AM,1.0,2,1,3,10,1,1,1,0,1,3,UNABLE TO DETERMINE,2,1,0.0,0.0,0.0,0.0,0.0,2.0,6,2,4,04/29/2024,2024-04-29,06:13:00
05/01/2024 02:42:00 PM,5.0,2,1,5,5,1,3,3,1,1,3,DISTRACTION - FROM INSIDE VEHICLE,2,3,1.0,0.0,0.0,1.0,0.0,2.0,14,4,5,05/01/2024,2024-05-01,14:42:00
02/23/2024 11:44:00 AM,7.0,2,1,6,6,1,3,3,1,1,3,FAILING TO YIELD RIGHT-OF-WAY,2,1,0.0,0.0,0.0,0.0,0.0,2.0,11,6,2,02/23/2024,2024-02-23,11:44:00
06/03/2024 05:30:00 PM,7.0,2,1,4,6,1,3,3,0,1,3,IMPROPER BACKING,2,1,0.0,0.0,0.0,0.0,0.0,2.0,17,2,6,06/03/2024,2024-06-03,17:30:00
04/01/2024 05:45:00 AM,3.0,4,4,6,4,1,4,3,0,1,3,FAILING TO YIELD RIGHT-OF-WAY,2,1,0.0,0.0,0.0,0.0,0.0,2.0,5,2,4,04/01/2024,2024-04-01,05:45:00
03/08/2024 03:10:00 PM,3.0,4,1,4,6,1,4,1,0,0,3,WEATHER,2,1,0.0,0.0,0.0,0.0,0.0,2.0,15,6,3,03/08/2024,2024-03-08,15:10:00
01/06/2024 12:15:00 PM,7.0,5,1,5,5,1,5,3,1,1,3,NOT APPLICABLE,2,2,1.0,0.0,0.0,0.0,1.0,1.0,12,7,1,01/06/2024,2024-01-06,12:15:00
07/11/2024 07:10:00 PM,7.0,2,1,5,5,1,3,3,1,1,3,FAILING TO YIELD RIGHT-OF-WAY,2,1,0.0,0.0,0.0,0.0,0.0,4.0,19,5,7,07/11/2024,2024-07-11,19:10:00
06/08/2024 11:30:00 AM,5.0,2,1,6,6,1,3,3,0,1,1,FOLLOWING TOO CLOSELY,2,1,0.0,0.0,0.0,0.0,0.0,2.0,11,7,6,06/08/2024,2024-06-08,11:30:00
05/23/2024 01:00:00 PM,5.0,2,1,3,5,1,3,3,1,1,2,DRIVING SKILLS/KNOWLEDGE/EXPERIENCE,2,2,1.0,0.0,0.0,0.0,1.0,2.0,13,5,5,05/23/2024,2024-05-23,13:00:00
06/29/2024 06:35:00 PM,5.0,2,1,5,12,1,3,3,0,1,3,UNABLE TO DETERMINE,2,1,0.0,0.0,0.0,0.0,0.0,2.0,18,7,6,06/29/2024,2024-06-29,18:35:00
02/03/2024 01:06:00 AM,5.0,2,4,5,4,1,3,1,0,1,3,DISREGARDING TRAFFIC SIGNALS,2,1,0.0,0.0,0.0,0.0,0.0,2.0,1,7,2,02/03/2024,2024-02-03,01:06:00
04/11/2024 03:30:00 PM,5.0,2,1,5,13,1,3,3,1,1,3,DISREGARDING TRAFFIC SIGNALS,2,3,2.0,0.0,0.0,1.0,1.0,1.0,15,5,4,04/11/2024,2024-04-11,15:30:00
05/04/2024 05:18:00 PM,5.0,2,1,14,5,1,3,1,1,1,3,FAILING TO YIELD RIGHT-OF-WAY,2,4,1.0,0.0,1.0,0.0,0.0,1.0,17,7,5,05/04/2024,2024-05-04,17:18:00
01/25/2024 07:16:00 PM,7.0,4,4,14,10,1,4,1,0,1,3,FAILING TO YIELD RIGHT-OF-WAY,2,1,0.0,0.0,0.0,0.0,0.0,2.0,19,5,1,01/25/2024,2024-01-25,19:16:00
04/12/2024 12:50:00 PM,3.0,2,1,6,7,1,3,3,0,1,3,FAILING TO YIELD RIGHT-OF-WAY,2,1,0.0,0.0,0.0,0.0,0.0,2.0,12,6,4,04/12/2024,2024-04-12,12:50:00
03/06/2024 08:50:00 AM,3.0,2,1,6,6,1,3,3,0,1,3,UNABLE TO DETERMINE,2,1,0.0,0.0,0.0,0.0,0.0,2.0,8,4,3,03/06/2024,2024-03-06,08:50:00
05/21/2024 08:45:00 AM,5.0,2,1,5,6,1,3,3,0,1,3,FAILING TO YIELD RIGHT-OF-WAY,2,1,0.0,0.0,0.0,0.0,0.0,2.0,8,3,5,05/21/2024,2024-05-21,08:45:00
07/31/2024 08:13:00 PM,5.0,2,4,6,5,1,3,3,1,1,3,FAILING TO YIELD RIGHT-OF-WAY,2,4,1.0,0.0,1.0,0.0,0.0,2.0,20,4,7,07/31/2024,2024-07-31,20:13:00
05/31/2024 03:10:00 PM,3.0,2,1,8,12,1,1,1,0,1,2,UNABLE TO DETERMINE,2,1,0.0,0.0,0.0,0.0,0.0,2.0,15,6,5,05/31/2024,2024-05-31,15:10:00
05/15/2024 07:08:00 AM,5.0,3,1,4,4,1,3,1,0,1,3,FOLLOWING TOO CLOSELY,2,1,0.0,0.0,0.0,0.0,0.0,3.0,7,4,5,05/15/2024,2024-05-15,07:08:00
04/10/2024 02:00:00 PM,5.0,2,1,6,5,1,3,3,0,1,3,IMPROPER LANE USAGE,2,1,0.0,0.0,0.0,0.0,0.0,2.0,14,4,4,04/10/2024,2024-04-10,14:00:00
08/05/2024 06:00:00 PM,5.0,2,3,4,3,1,1,1,0,1,3,UNABLE TO DETERMINE,2,1,0.0,0.0,0.0,0.0,0.0,2.0,18,2,8,08/05/2024,2024-08-05,18:00:00
04/15/2024 11:52:00 AM,5.0,2,1,5,4,1,3,3,0,1,3,FAILING TO YIELD RIGHT-OF-WAY,2,1,0.0,0.0,0.0,0.0,0.0,5.0,11,2,4,04/15/2024,2024-04-15,11:52:00
07/28/2024 08:22:00 PM,3.0,4,4,4,10,1,4,3,0,0,3,FOLLOWING TOO CLOSELY,2,1,0.0,0.0,0.0,0.0,0.0,2.0,20,1,7,07/28/2024,2024-07-28,20:22:00
02/18/2024 09:15:00 PM,5.0,2,4,6,5,1,1,1,1,1,3,UNABLE TO DETERMINE,2,1,0.0,0.0,0.0,0.0,0.0,2.0,21,1,2,02/18/2024,2024-02-18,21:15:00
06/22/2024 08:10:00 PM,7.0,2,5,5,5,1,3,1,0,1,3,UNABLE TO DETERMINE,2,1,0.0,0.0,0.0,0.0,0.0,5.0,20,7,6,06/22/2024,2024-06-22,20:10:00
06/09/2024 01:41:00 AM,5.0,2,4,6,6,1,3,3,1,1,3,FAILING TO YIELD RIGHT-OF-WAY,2,1,0.0,0.0,0.0,0.0,0.0,4.0,1,1,6,06/09/2024,2024-06-09,01:41:00
01/12/2024 06:42:00 AM,5.0,5,1,6,5,1,5,3,0,1,3,WEATHER,2,1,0.0,0.0,0.0,0.0,0.0,2.0,6,6,1,01/12/2024,2024-01-12,06:42:00
07/19/2024 01:30:00 PM,5.0,2,1,4,6,1,3,3,0,1,3,FOLLOWING TOO CLOSELY,2,1,0.0,0.0,0.0,0.0,0.0,3.0,13,6,7,07/19/2024,2024-07-19,13:30:00
03/28/2024 08:30:00 PM,5.0,2,2,9,6,1,3,3,1,1,3,DRIVING ON WRONG SIDE/WRONG WAY,2,1,0.0,0.0,0.0,0.0,0.0,2.0,20,5,3,03/28/2024,2024-03-28,20:30:00
01/27/2024 04:51:00 PM,1.0,2,1,6,6,1,1,1,0,1,3,UNABLE TO DETERMINE,2,1,0.0,0.0,0.0,0.0,0.0,2.0,16,7,1,01/27/2024,2024-01-27,16:51:00
05/28/2024 12:30:00 PM,5.0,2,1,4,6,1,4,3,0,1,3,PHYSICAL CONDITION OF DRIVER,2,1,0.0,0.0,0.0,0.0,0.0,2.0,12,3,5,05/28/2024,2024-05-28,12:30:00
04/27/2024 08:00:00 PM,5.0,2,3,6,6,1,3,3,0,1,3,IMPROPER LANE USAGE,2,1,0.0,0.0,0.0,0.0,0.0,2.0,20,7,4,04/27/2024,2024-04-27,20:00:00
01/21/2024 12:29:00 AM,5.0,2,4,6,5,1,3,3,1,1,3,UNABLE TO DETERMINE,2,1,0.0,0.0,0.0,0.0,0.0,4.0,0,1,1,01/21/2024,2024-01-21,00:29:00
01/09/2024 06:29:00 PM,5.0,5,4,13,5,1,4,3,1,1,1,FAILING TO YIELD RIGHT-OF-WAY,2,3,1.0,0.0,0.0,1.0,0.0,1.0,18,3,1,01/09/2024,2024-01-09,18:29:00
05/23/2024 06:15:00 AM,5.0,2,1,4,5,1,3,3,0,1,3,FOLLOWING TOO CLOSELY,2,1,0.0,0.0,0.0,0.0,0.0,3.0,6,5,5,05/23/2024,2024-05-23,06:15:00
06/10/2024 04:05:00 AM,5.0,2,4,6,5,1,3,3,0,1,3,IMPROPER LANE USAGE,2,1,0.0,0.0,0.0,0.0,0.0,2.0,4,2,6,06/10/2024,2024-06-10,04:05:00
04/04/2024 08:07:00 AM,7.0,2,1,4,2,1,3,3,0,1,3,FOLLOWING TOO CLOSELY,2,1,0.0,0.0,0.0,0.0,0.0,2.0,8,5,4,04/04/2024,2024-04-04,08:07:00
01/09/2024 01:30:00 PM,5.0,5,1,6,7,1,4,3,1,1,3,IMPROPER TURNING/NO SIGNAL,2,1,0.0,0.0,0.0,0.0,0.0,4.0,13,3,1,01/09/2024,2024-01-09,13:30:00
01/14/2024 05:35:00 AM,7.0,9,5,6,5,1,6,1,0,1,3,UNABLE TO DETERMINE,2,1,0.0,0.0,0.0,0.0,0.0,3.0,5,1,1,01/14/2024,2024-01-14,05:35:00
05/17/2024 07:15:00 PM,5.0,2,1,5,6,1,3,3,1,1,3,UNABLE TO DETERMINE,2,1,0.0,0.0,0.0,0.0,0.0,2.0,19,6,5,05/17/2024,2024-05-17,19:15:00
06/06/2024 07:10:00 PM,3.0,2,1,5,6,1,3,1,1,1,3,DISREGARDING STOP SIGN,2,3,1.0,0.0,0.0,1.0,0.0,3.0,19,5,6,06/06/2024,2024-06-06,19:10:00
03/22/2024 04:59:00 PM,3.0,5,1,5,5,1,5,3,1,1,3,FAILING TO YIELD RIGHT-OF-WAY,2,1,0.0,0.0,0.0,0.0,0.0,2.0,16,6,3,03/22/2024,2024-03-22,16:59:00
02/17/2024 12:47:00 PM,5.0,2,1,6,5,1,3,3,1,1,3,IMPROPER OVERTAKING/PASSING,2,1,0.0,0.0,0.0,0.0,0.0,4.0,12,7,2,02/17/2024,2024-02-17,12:47:00
06/14/2024 12:00:00 PM,1.0,2,1,6,4,1,3,3,0,1,3,IMPROPER TURNING/NO SIGNAL,2,1,0.0,0.0,0.0,0.0,0.0,2.0,12,6,6,06/14/2024,2024-06-14,12:00:00
06/15/2024 07:30:00 PM,5.0,2,1,4,6,1,3,3,0,1,3,FOLLOWING TOO CLOSELY,2,1,0.0,0.0,0.0,0.0,0.0,2.0,19,7,6,06/15/2024,2024-06-15,19:30:00
06/03/2024 05:05:00 PM,5.0,2,1,6,5,1,3,3,1,1,3,FAILING TO YIELD RIGHT-OF-WAY,2,1,0.0,0.0,0.0,0.0,0.0,5.0,17,2,6,06/03/2024,2024-06-03,17:05:00
08/07/2024 01:00:00 PM,7.0,2,1,6,7,1,3,1,0,1,3,IMPROPER TURNING/NO SIGNAL,2,1,0.0,0.0,0.0,0.0,0.0,2.0,13,4,8,08/07/2024,2024-08-07,13:00:00
03/03/2024 11:12:00 AM,3.0,2,4,11,6,1,3,3,0,1,3,UNABLE TO DETERMINE,2,1,0.0,0.0,0.0,0.0,0.0,1.0,11,1,3,03/03/2024,2024-03-03,11:12:00
06/01/2024 08:05:00 PM,5.0,4,4,4,14,1,4,3,1,1,2,UNABLE TO DETERMINE,2,2,1.0,0.0,0.0,0.0,1.0,1.0,20,7,6,06/01/2024,2024-06-01,20:05:00
02/22/2024 01:00:00 PM,5.0,2,1,6,1,1,1,1,0,1,3,IMPROPER TURNING/NO SIGNAL,2,1,0.0,0.0,0.0,0.0,0.0,2.0,13,5,2,02/22/2024,2024-02-22,13:00:00
03/27/2024 07:25:00 AM,5.0,2,1,14,10,1,3,3,1,1,3,DISREGARDING TRAFFIC SIGNALS,2,3,1.0,0.0,0.0,1.0,0.0,1.0,7,4,3,03/27/2024,2024-03-27,07:25:00
04/12/2024 06:15:00 PM,5.0,3,3,3,4,1,4,3,0,1,2,"EVASIVE ACTION DUE TO ANIMAL, OBJECT, NONMOTORIST",2,1,0.0,0.0,0.0,0.0,0.0,2.0,18,6,4,04/12/2024,2024-04-12,18:15:00
03/20/2024 06:30:00 PM,5.0,2,3,6,6,1,3,3,1,1,3,UNABLE TO DETERMINE,2,1,0.0,0.0,0.0,0.0,0.0,2.0,18,4,3,03/20/2024,2024-03-20,18:30:00
05/20/2024 12:00:00 AM,5.0,2,1,5,5,1,3,1,1,1,3,DISREGARDING TRAFFIC SIGNALS,2,2,1.0,0.0,0.0,0.0,1.0,1.0,0,2,5,05/20/2024,2024-05-20,00:00:00
04/15/2024 03:18:00 PM,5.0,2,1,6,5,1,1,1,0,1,1,IMPROPER LANE USAGE,2,1,0.0,0.0,0.0,0.0,0.0,2.0,15,2,4,04/15/2024,2024-04-15,15:18:00
05/09/2024 08:40:00 PM,5.0,2,4,5,6,1,3,3,1,1,3,UNABLE TO DETERMINE,2,2,2.0,0.0,0.0,0.0,2.0,1.0,20,5,5,05/09/2024,2024-05-09,20:40:00
02/17/2024 12:00:00 PM,5.0,2,1,4,6,1,1,3,0,1,3,UNABLE TO DETERMINE,2,1,0.0,0.0,0.0,0.0,0.0,3.0,12,7,2,02/17/2024,2024-02-17,12:00:00
05/20/2024 05:49:00 PM,5.0,2,1,3,6,1,3,3,0,1,3,IMPROPER OVERTAKING/PASSING,2,1,0.0,0.0,0.0,0.0,0.0,2.0,17,2,5,05/20/2024,2024-05-20,17:49:00
01/04/2024 12:46:00 AM,5.0,2,4,13,5,1,3,3,1,1,1,FAILING TO YIELD RIGHT-OF-WAY,2,2,1.0,0.0,0.0,0.0,1.0,1.0,0,5,1,01/04/2024,2024-01-04,00:46:00
02/27/2024 08:40:00 AM,5.0,2,1,6,5,1,3,3,0,1,3,UNABLE TO DETERMINE,2,1,0.0,0.0,0.0,0.0,0.0,2.0,8,3,2,02/27/2024,2024-02-27,08:40:00
02/23/2024 10:56:00 AM,5.0,2,1,5,5,1,3,3,1,1,3,DISREGARDING TRAFFIC SIGNALS,2,1,0.0,0.0,0.0,0.0,0.0,4.0,10,6,2,02/23/2024,2024-02-23,10:56:00
06/09/2024 12:44:00 PM,5.0,2,1,11,5,1,3,3,0,1,1,UNABLE TO DETERMINE,2,1,0.0,0.0,0.0,0.0,0.0,1.0,12,1,6,06/09/2024,2024-06-09,12:44:00
02/11/2024 09:27:00 AM,5.0,2,1,6,6,1,3,3,1,1,3,FAILING TO YIELD RIGHT-OF-WAY,2,1,0.0,0.0,0.0,0.0,0.0,3.0,9,1,2,02/11/2024,2024-02-11,09:27:00
05/30/2024 07:22:00 PM,1.0,2,1,4,5,1,1,1,0,1,3,UNABLE TO DETERMINE,2,1,0.0,0.0,0.0,0.0,0.0,2.0,19,5,5,05/30/2024,2024-05-30,19:22:00
01/30/2024 11:50:00 AM,7.0,2,1,14,6,1,4,3,1,1,1,DISREGARDING STOP SIGN,2,2,1.0,0.0,0.0,0.0,1.0,1.0,11,3,1,01/30/2024,2024-01-30,11:50:00
03/26/2024 10:25:00 AM,7.0,2,1,6,5,1,4,3,0,1,2,IMPROPER TURNING/NO SIGNAL,2,1,0.0,0.0,0.0,0.0,0.0,3.0,10,3,3,03/26/2024,2024-03-26,10:25:00
08/03/2024 09:55:00 AM,3.0,2,1,5,16,1,3,3,0,1,3,UNABLE TO DETERMINE,2,1,0.0,0.0,0.0,0.0,0.0,2.0,9,7,8,08/03/2024,2024-08-03,09:55:00
07/01/2024 11:16:00 PM,5.0,2,4,4,5,1,3,3,1,1,3,FOLLOWING TOO CLOSELY,2,3,1.0,0.0,0.0,1.0,0.0,1.0,23,2,7,07/01/2024,2024-07-01,23:16:00
02/16/2024 11:45:00 AM,5.0,3,1,5,5,1,1,1,1,1,3,UNABLE TO DETERMINE,2,1,0.0,0.0,0.0,0.0,0.0,2.0,11,6,2,02/16/2024,2024-02-16,11:45:00
02/07/2024 08:30:00 PM,5.0,2,4,6,6,1,3,1,0,1,3,TURNING RIGHT ON RED,2,1,0.0,0.0,0.0,0.0,0.0,2.0,20,4,2,02/07/2024,2024-02-07,20:30:00
07/19/2024 07:00:00 PM,5.0,2,3,4,6,1,3,3,0,1,2,IMPROPER LANE USAGE,2,1,0.0,0.0,0.0,0.0,0.0,2.0,19,6,7,07/19/2024,2024-07-19,19:00:00
05/02/2024 03:07:00 PM,3.0,2,1,6,10,1,1,3,1,0,3,IMPROPER TURNING/NO SIGNAL,2,3,1.0,0.0,0.0,1.0,0.0,2.0,15,5,5,05/02/2024,2024-05-02,15:07:00
01/23/2024 08:25:00 PM,7.0,7,5,3,6,1,5,3,0,0,2,IMPROPER OVERTAKING/PASSING,2,1,0.0,0.0,0.0,0.0,0.0,2.0,20,3,1,01/23/2024,2024-01-23,20:25:00
05/22/2024 03:02:00 PM,3.0,2,1,5,5,1,3,3,1,1,3,FAILING TO YIELD RIGHT-OF-WAY,2,2,1.0,0.0,0.0,0.0,1.0,1.0,15,4,5,05/22/2024,2024-05-22,15:02:00
07/21/2024 06:34:00 PM,7.0,2,1,5,6,1,3,3,1,1,3,FAILING TO YIELD RIGHT-OF-WAY,2,1,0.0,0.0,0.0,0.0,0.0,2.0,18,1,7,07/21/2024,2024-07-21,18:34:00
04/24/2024 06:10:00 PM,5.0,2,1,4,5,1,3,1,0,1,3,FOLLOWING TOO CLOSELY,2,1,0.0,0.0,0.0,0.0,0.0,2.0,18,4,4,04/24/2024,2024-04-24,18:10:00
06/07/2024 08:25:00 AM,5.0,2,1,6,5,1,3,3,1,1,3,FAILING TO YIELD RIGHT-OF-WAY,2,1,0.0,0.0,0.0,0.0,0.0,3.0,8,6,6,06/07/2024,2024-06-07,08:25:00
01/10/2024 08:51:00 PM,1.0,2,4,5,5,1,1,1,0,1,3,UNABLE TO DETERMINE,2,1,0.0,0.0,0.0,0.0,0.0,2.0,20,4,1,01/10/2024,2024-01-10,20:51:00
05/03/2024 03:32:00 PM,7.0,2,1,11,6,1,3,3,0,1,3,NOT APPLICABLE,2,1,0.0,0.0,0.0,0.0,0.0,1.0,15,6,5,05/03/2024,2024-05-03,15:32:00
05/06/2024 08:25:00 AM,3.0,2,1,6,5,1,3,3,1,1,3,NOT APPLICABLE,2,2,2.0,0.0,0.0,0.0,2.0,1.0,8,2,5,05/06/2024,2024-05-06,08:25:00
07/09/2024 09:40:00 AM,7.0,2,1,6,1,1,3,1,0,1,3,FOLLOWING TOO CLOSELY,2,1,0.0,0.0,0.0,0.0,0.0,3.0,9,3,7,07/09/2024,2024-07-09,09:40:00
01/17/2024 05:56:00 AM,5.0,2,4,6,5,1,3,3,1,1,3,IMPROPER TURNING/NO SIGNAL,2,1,0.0,0.0,0.0,0.0,0.0,2.0,5,4,1,01/17/2024,2024-01-17,05:56:00
02/15/2024 10:20:00 AM,5.0,2,1,4,5,1,3,3,0,1,2,FOLLOWING TOO CLOSELY,2,1,0.0,0.0,0.0,0.0,0.0,2.0,10,5,2,02/15/2024,2024-02-15,10:20:00
07/03/2024 03:00:00 PM,5.0,2,1,5,5,1,3,3,1,1,3,FAILING TO YIELD RIGHT-OF-WAY,2,1,0.0,0.0,0.0,0.0,0.0,2.0,15,4,7,07/03/2024,2024-07-03,15:00:00
06/09/2024 11:14:00 PM,5.0,2,5,5,5,1,3,3,1,1,3,DISREGARDING TRAFFIC SIGNALS,2,2,2.0,0.0,0.0,0.0,2.0,2.0,23,1,6,06/09/2024,2024-06-09,23:14:00
08/11/2024 12:12:00 PM,5.0,2,1,14,3,1,3,3,1,1,3,FOLLOWING TOO CLOSELY,2,2,1.0,0.0,0.0,0.0,1.0,3.0,12,1,8,08/11/2024,2024-08-11,12:12:00
04/09/2024 09:59:00 AM,5.0,2,1,4,6,1,3,3,0,1,1,FOLLOWING TOO CLOSELY,2,1,0.0,0.0,0.0,0.0,0.0,2.0,9,3,4,04/09/2024,2024-04-09,09:59:00
07/18/2024 01:50:00 PM,7.0,2,1,5,4,1,3,3,0,1,3,FAILING TO YIELD RIGHT-OF-WAY,2,1,0.0,0.0,0.0,0.0,0.0,5.0,13,5,7,07/18/2024,2024-07-18,13:50:00
08/09/2024 03:20:00 PM,7.0,2,1,6,4,1,3,3,0,1,3,FAILING TO YIELD RIGHT-OF-WAY,2,1,0.0,0.0,0.0,0.0,0.0,2.0,15,6,8,08/09/2024,2024-08-09,15:20:00
03/13/2024 10:16:00 AM,3.0,2,1,5,5,1,3,3,0,1,2,UNABLE TO DETERMINE,2,1,0.0,0.0,0.0,0.0,0.0,2.0,10,4,3,03/13/2024,2024-03-13,10:16:00
02/27/2024 08:40:00 AM,5.0,2,1,4,5,1,3,3,1,1,3,FAILING TO YIELD RIGHT-OF-WAY,2,2,1.0,0.0,0.0,0.0,1.0,1.0,8,3,2,02/27/2024,2024-02-27,08:40:00
03/27/2024 09:20:00 AM,5.0,2,1,6,5,1,3,3,1,1,3,FAILING TO YIELD RIGHT-OF-WAY,2,2,1.0,0.0,0.0,0.0,1.0,1.0,9,4,3,03/27/2024,2024-03-27,09:20:00
06/02/2024 09:09:00 PM,5.0,2,5,4,1,1,3,3,0,1,3,FOLLOWING TOO CLOSELY,2,1,0.0,0.0,0.0,0.0,0.0,3.0,21,1,6,06/02/2024,2024-06-02,21:09:00
01/19/2024 11:15:00 PM,5.0,2,4,6,5,1,3,3,1,1,3,DRIVING SKILLS/KNOWLEDGE/EXPERIENCE,2,1,0.0,0.0,0.0,0.0,0.0,3.0,23,6,1,01/19/2024,2024-01-19,23:15:00
03/25/2024 06:42:00 PM,5.0,2,1,6,5,1,4,3,0,1,2,IMPROPER TURNING/NO SIGNAL,2,1,0.0,0.0,0.0,0.0,0.0,2.0,18,2,3,03/25/2024,2024-03-25,18:42:00
06/12/2024 02:37:00 PM,5.0,2,1,3,4,1,3,7,0,1,3,IMPROPER OVERTAKING/PASSING,2,1,0.0,0.0,0.0,0.0,0.0,2.0,14,4,6,06/12/2024,2024-06-12,14:37:00
08/08/2024 08:10:00 AM,3.0,2,1,6,6,1,3,3,0,1,3,"EVASIVE ACTION DUE TO ANIMAL, OBJECT, NONMOTORIST",2,1,0.0,0.0,0.0,0.0,0.0,2.0,8,5,8,08/08/2024,2024-08-08,08:10:00
02/05/2024 07:41:00 PM,1.0,2,4,6,3,1,1,1,0,1,3,IMPROPER OVERTAKING/PASSING,2,1,0.0,0.0,0.0,0.0,0.0,2.0,19,2,2,02/05/2024,2024-02-05,19:41:00
06/17/2024 12:46:00 AM,3.0,2,4,11,5,1,3,3,0,0,3,UNABLE TO DETERMINE,2,1,0.0,0.0,0.0,0.0,0.0,1.0,0,2,6,06/17/2024,2024-06-17,00:46:00
07/28/2024 12:43:00 PM,3.0,2,1,11,4,1,3,3,1,1,3,FAILING TO YIELD RIGHT-OF-WAY,2,2,1.0,0.0,0.0,0.0,1.0,3.0,12,1,7,07/28/2024,2024-07-28,12:43:00
03/16/2024 08:48:00 AM,7.0,2,1,5,5,1,3,3,1,1,3,DRIVING SKILLS/KNOWLEDGE/EXPERIENCE,2,1,0.0,0.0,0.0,0.0,0.0,3.0,8,7,3,03/16/2024,2024-03-16,08:48:00
08/09/2024 01:00:00 PM,7.0,2,1,5,6,1,3,3,0,1,3,DISREGARDING STOP SIGN,2,1,0.0,0.0,0.0,0.0,0.0,2.0,13,6,8,08/09/2024,2024-08-09,13:00:00
02/19/2024 04:35:00 PM,7.0,2,1,4,5,1,3,3,0,1,3,UNABLE TO DETERMINE,2,1,0.0,0.0,0.0,0.0,0.0,2.0,16,2,2,02/19/2024,2024-02-19,16:35:00
02/17/2024 05:40:00 PM,1.0,2,3,5,6,1,3,1,0,1,3,UNABLE TO DETERMINE,2,1,0.0,0.0,0.0,0.0,0.0,4.0,17,7,2,02/17/2024,2024-02-17,17:40:00
02/03/2024 12:45:00 PM,5.0,2,1,3,6,1,3,3,0,1,3,DRIVING SKILLS/KNOWLEDGE/EXPERIENCE,2,1,0.0,0.0,0.0,0.0,0.0,4.0,12,7,2,02/03/2024,2024-02-03,12:45:00