crash_date,traffic_control_device,weather_condition,lighting_condition,first_crash_type,trafficway_type,alignment,roadway_surface_cond,road_defect,crash_type,intersection_related_i,damage,prim_contributory_cause,num_units,most_severe_injury,injuries_total,injuries_fatal,injuries_incapacitating,injuries_non_incapacitating,injuries_reported_not_evident,injuries_no_indication,crash_hour,crash_day_of_week,crash_month,parsed_datetime,date,time
07/13/2024 01:00:00 PM,5.0,2,1,4,6,1,3,3,0,1,3,FOLLOWING TOO CLOSELY,2,1,0.0,0.0,0.0,0.0,0.0,2.0,13,7,7,07/13/2024,2024-07-13,13:00:00
06/01/2024 11:30:00 PM,5.0,2,5,4,6,1,1,1,0,1,3,FAILING TO YIELD RIGHT-OF-WAY,2,1,0.0,0.0,0.0,0.0,0.0,2.0,23,7,6,06/01/2024,2024-06-01,23:30:00
04/08/2024 08:13:00 PM,5.0,2,4,6,5,1,3,2,0,1,3,FAILING TO YIELD RIGHT-OF-WAY,2,1,0.0,0.0,0.0,0.0,0.0,2.0,20,2,4,04/08/2024,2024-04-08,20:13:00
06/25/2024 08:40:00 AM,3.0,4,1,6,6,1,4,3,1,1,3,NOT APPLICABLE,2,2,1.0,0.0,0.0,0.0,1.0,1.0,8,3,6,06/25/2024,2024-06-25,08:40:00
03/11/2024 05:26:00 PM,5.0,2,1,6,7,1,3,3,0,1,3,DRIVING SKILLS/KNOWLEDGE/EXPERIENCE,2,1,0.0,0.0,0.0,0.0,0.0,2.0,17,2,3,03/11/2024,2024-03-11,17:26:00
05/28/2024 05:15:00 PM,7.0,3,1,11,5,1,3,3,0,1,3,DRIVING SKILLS/KNOWLEDGE/EXPERIENCE,2,1,0.0,0.0,0.0,0.0,0.0,1.0,17,3,5,05/28/2024,2024-05-28,17:15:00
03/02/2024 08:18:00 AM,7.0,2,1,4,7,1,3,3,0,1,2,IMPROPER OVERTAKING/PASSING,2,1,0.0,0.0,0.0,0.0,0.0,2.0,8,7,3,03/02/2024,2024-03-02,08:18:00
05/01/2024 11:12:00 AM,5.0,2,1,11,6,1,3,3,0,0,1,UNABLE TO DETERMINE,2,1,0.0,0.0,0.0,0.0,0.0,1.0,11,4,5,05/01/2024,2024-05-01,11:12:00
05/24/2024 09:15:00 AM,5.0,2,1,6,12,1,3,3,0,1,2,"VISION OBSCURED (SIGNS, TREE LIMBS, BUILDINGS, ETC.)",2,1,0.0,0.0,0.0,0.0,0.0,2.0,9,6,5,05/24/2024,2024-05-24,09:15:00
07/06/2024 04:17:00 PM,5.0,2,1,14,5,1,3,3,1,1,3,FAILING TO REDUCE SPEED TO AVOID CRASH,2,3,1.0,0.0,0.0,1.0,0.0,1.0,16,7,7,07/06/2024,2024-07-06,16:17:00
06/29/2024 04:30:00 PM,7.0,2,1,14,14,1,3,3,0,1,3,IMPROPER OVERTAKING/PASSING,2,1,0.0,0.0,0.0,0.0,0.0,3.0,16,7,6,06/29/2024,2024-06-29,16:30:00
03/14/2024 03:30:00 PM,7.0,2,1,5,6,1,3,3,0,1,1,FAILING TO REDUCE SPEED TO AVOID CRASH,2,1,0.0,0.0,0.0,0.0,0.0,2.0,15,5,3,03/14/2024,2024-03-14,15:30:00
04/06/2024 11:32:00 PM,5.0,2,5,6,6,1,3,3,0,1,3,FAILING TO YIELD RIGHT-OF-WAY,2,1,0.0,0.0,0.0,0.0,0.0,3.0,23,7,4,04/06/2024,2024-04-06,23:32:00
07/12/2024 05:05:00 PM,3.0,2,1,13,5,1,3,3,1,1,1,NOT APPLICABLE,2,2,1.0,0.0,0.0,0.0,1.0,1.0,17,6,7,07/12/2024,2024-07-12,17:05:00
06/05/2024 08:45:00 AM,7.0,4,1,14,4,1,4,1,1,1,2,UNABLE TO DETERMINE,2,4,1.0,0.0,1.0,0.0,0.0,2.0,8,4,6,06/05/2024,2024-06-05,08:45:00
07/13/2024 10:30:00 AM,3.0,2,1,4,6,1,3,3,0,1,3,FOLLOWING TOO CLOSELY,2,1,0.0,0.0,0.0,0.0,0.0,2.0,10,7,7,07/13/2024,2024-07-13,10:30:00
03/13/2024 11:22:00 AM,5.0,2,1,5,5,1,3,3,1,1,3,DISREGARDING TRAFFIC SIGNALS,2,4,1.0,0.0,1.0,0.0,0.0,2.0,11,4,3,03/13/2024,2024-03-13,11:22:00
05/19/2024 08:00:00 AM,3.0,2,1,6,6,1,3,3,1,1,2,UNABLE TO DETERMINE,2,1,0.0,0.0,0.0,0.0,0.0,2.0,8,1,5,05/19/2024,2024-05-19,08:00:00
03/30/2024 03:00:00 PM,7.0,2,1,5,5,1,3,3,0,1,3,FAILING TO YIELD RIGHT-OF-WAY,2,1,0.0,0.0,0.0,0.0,0.0,2.0,15,7,3,03/30/2024,2024-03-30,15:00:00
08/10/2024 05:50:00 PM,5.0,2,1,6,6,1,3,1,0,0,3,IMPROPER TURNING/NO SIGNAL,2,1,0.0,0.0,0.0,0.0,0.0,3.0,17,7,8,08/10/2024,2024-08-10,17:50:00
03/25/2024 02:26:00 PM,7.0,4,1,6,1,1,4,1,0,1,2,FAILING TO YIELD RIGHT-OF-WAY,2,1,0.0,0.0,0.0,0.0,0.0,4.0,14,2,3,03/25/2024,2024-03-25,14:26:00
02/29/2024 09:43:00 AM,3.0,2,1,3,5,3,3,3,0,1,1,FAILING TO YIELD RIGHT-OF-WAY,2,1,0.0,0.0,0.0,0.0,0.0,3.0,9,5,2,02/29/2024,2024-02-29,09:43:00
06/04/2024 03:30:00 PM,5.0,2,1,4,4,1,3,3,0,1,3,FOLLOWING TOO CLOSELY,2,1,0.0,0.0,0.0,0.0,0.0,2.0,15,3,6,06/04/2024,2024-06-04,15:30:00
08/11/2024 08:58:00 PM,3.0,2,4,6,3,1,3,3,0,1,3,"OPERATING VEHICLE IN ERRATIC, RECKLESS, CARELESS, NEGLIGENT OR AGGRESSIVE MANNER",2,1,0.0,0.0,0.0,0.0,0.0,2.0,20,1,8,08/11/2024,2024-08-11,20:58:00
04/28/2024 02:44:00 PM,5.0,2,2,6,6,1,3,3,0,1,3,DRIVING SKILLS/KNOWLEDGE/EXPERIENCE,2,1,0.0,0.0,0.0,0.0,0.0,2.0,14,1,4,04/28/2024,2024-04-28,14:44:00
08/05/2024 05:15:00 PM,5.0,4,1,4,5,1,4,3,1,1,3,FAILING TO REDUCE SPEED TO AVOID CRASH,2,1,0.0,0.0,0.0,0.0,0.0,2.0,17,2,8,08/05/2024,2024-08-05,17:15:00
03/24/2024 12:00:00 PM,7.0,2,1,4,6,1,3,3,0,1,2,UNABLE TO DETERMINE,2,1,0.0,0.0,0.0,0.0,0.0,2.0,12,1,3,03/24/2024,2024-03-24,12:00:00
04/06/2024 03:50:00 PM,7.0,2,1,3,5,1,1,1,0,1,3,UNABLE TO DETERMINE,2,1,0.0,0.0,0.0,0.0,0.0,3.0,15,7,4,04/06/2024,2024-04-06,15:50:00
05/09/2024 12:50:00 AM,5.0,2,5,5,6,1,3,3,1,1,3,FAILING TO YIELD RIGHT-OF-WAY,2,1,0.0,0.0,0.0,0.0,0.0,2.0,0,5,5,05/09/2024,2024-05-09,00:50:00
07/14/2024 01:00:00 PM,5.0,2,1,6,4,1,3,3,0,1,3,DRIVING SKILLS/KNOWLEDGE/EXPERIENCE,2,1,0.0,0.0,0.0,0.0,0.0,2.0,13,1,7,07/14/2024,2024-07-14,13:00:00
03/30/2024 01:30:00 AM,5.0,4,4,4,14,1,4,3,0,1,2,UNABLE TO DETERMINE,2,1,0.0,0.0,0.0,0.0,0.0,4.0,1,7,3,03/30/2024,2024-03-30,01:30:00
04/27/2024 02:10:00 PM,5.0,2,1,6,5,1,3,1,1,1,3,FAILING TO REDUCE SPEED TO AVOID CRASH,2,3,1.0,0.0,0.0,1.0,0.0,1.0,14,7,4,04/27/2024,2024-04-27,14:10:00
05/04/2024 04:55:00 PM,5.0,2,1,5,6,1,3,3,0,1,3,DISREGARDING TRAFFIC SIGNALS,2,1,0.0,0.0,0.0,0.0,0.0,2.0,16,7,5,05/04/2024,2024-05-04,16:55:00
06/30/2024 07:00:00 AM,5.0,2,1,6,6,1,3,3,0,1,3,DISREGARDING TRAFFIC SIGNALS,2,1,0.0,0.0,0.0,0.0,0.0,2.0,7,1,6,06/30/2024,2024-06-30,07:00:00
06/30/2024 05:18:00 PM,5.0,2,1,4,6,1,3,3,0,1,3,FOLLOWING TOO CLOSELY,2,1,0.0,0.0,0.0,0.0,0.0,2.0,17,1,6,06/30/2024,2024-06-30,17:18:00
02/10/2024 12:20:00 AM,7.0,2,4,6,7,1,3,3,1,1,3,UNABLE TO DETERMINE,2,1,0.0,0.0,0.0,0.0,0.0,3.0,0,7,2,02/10/2024,2024-02-10,00:20:00
04/19/2024 03:26:00 PM,5.0,2,1,6,5,1,3,1,0,1,3,UNABLE TO DETERMINE,2,1,0.0,0.0,0.0,0.0,0.0,2.0,15,6,4,04/19/2024,2024-04-19,15:26:00
06/07/2024 09:35:00 AM,5.0,2,1,3,3,1,3,3,0,1,3,IMPROPER OVERTAKING/PASSING,2,1,0.0,0.0,0.0,0.0,0.0,3.0,9,6,6,06/07/2024,2024-06-07,09:35:00
02/29/2024 12:02:00 PM,5.0,2,1,4,6,1,1,1,0,0,1,UNABLE TO DETERMINE,2,1,0.0,0.0,0.0,0.0,0.0,2.0,12,5,2,02/29/2024,2024-02-29,12:02:00
02/12/2024 07:00:00 PM,7.0,2,4,5,6,1,3,3,1,1,2,FAILING TO YIELD RIGHT-OF-WAY,2,1,0.0,0.0,0.0,0.0,0.0,3.0,19,2,2,02/12/2024,2024-02-12,19:00:00
01/15/2024 03:30:00 PM,3.0,5,1,6,5,2,5,3,1,1,3,UNABLE TO DETERMINE,2,1,0.0,0.0,0.0,0.0,0.0,3.0,15,2,1,01/15/2024,2024-01-15,15:30:00
07/02/2024 01:50:00 PM,5.0,2,1,6,5,1,3,7,1,1,3,NOT APPLICABLE,2,1,0.0,0.0,0.0,0.0,0.0,3.0,13,3,7,07/02/2024,2024-07-02,13:50:00
01/24/2024 05:12:00 PM,5.0,2,4,13,7,1,4,1,1,1,1,DRIVING SKILLS/KNOWLEDGE/EXPERIENCE,2,2,1.0,0.0,0.0,0.0,1.0,1.0,17,4,1,01/24/2024,2024-01-24,17:12:00
01/11/2024 06:15:00 PM,5.0,2,5,3,4,1,3,3,0,1,3,FAILING TO YIELD RIGHT-OF-WAY,2,1,0.0,0.0,0.0,0.0,0.0,2.0,18,5,1,01/11/2024,2024-01-11,18:15:00
03/09/2024 08:00:00 PM,7.0,2,4,5,5,1,3,3,0,1,3,FAILING TO YIELD RIGHT-OF-WAY,2,1,0.0,0.0,0.0,0.0,0.0,3.0,20,7,3,03/09/2024,2024-03-09,20:00:00
08/12/2024 07:03:00 AM,5.0,2,1,13,6,1,3,1,1,1,1,FAILING TO YIELD RIGHT-OF-WAY,2,3,1.0,0.0,0.0,1.0,0.0,1.0,7,2,8,08/12/2024,2024-08-12,07:03:00
02/29/2024 08:05:00 AM,5.0,2,1,6,5,1,3,3,0,1,3,IMPROPER TURNING/NO SIGNAL,2,1,0.0,0.0,0.0,0.0,0.0,2.0,8,5,2,02/29/2024,2024-02-29,08:05:00
03/20/2024 09:40:00 AM,5.0,2,1,6,1,1,3,3,1,1,3,"OPERATING VEHICLE IN ERRATIC, RECKLESS, CARELESS, NEGLIGENT OR AGGRESSIVE MANNER",2,1,0.0,0.0,0.0,0.0,0.0,3.0,9,4,3,03/20/2024,2024-03-20,09:40:00
06/04/2024 09:04:00 PM,5.0,2,4,6,5,1,3,3,0,1,3,IMPROPER TURNING/NO SIGNAL,2,1,0.0,0.0,0.0,0.0,0.0,3.0,21,3,6,06/04/2024,2024-06-04,21:04:00
02/22/2024 04:15:00 PM,3.0,2,1,10,5,1,3,3,0,1,3,UNABLE TO DETERMINE,2,1,0.0,0.0,0.0,0.0,0.0,2.0,16,5,2,02/22/2024,2024-02-22,16:15:00
03/30/2024 03:25:00 PM,7.0,2,1,14,6,1,3,3,1,1,3,UNABLE TO DETERMINE,2,3,1.0,0.0,0.0,1.0,0.0,1.0,15,7,3,03/30/2024,2024-03-30,15:25:00
05/09/2024 01:40:00 PM,7.0,2,1,6,5,1,1,1,0,1,2,UNABLE TO DETERMINE,2,1,0.0,0.0,0.0,0.0,0.0,2.0,13,5,5,05/09/2024,2024-05-09,13:40:00
07/25/2024 02:00:00 AM,3.0,2,4,3,10,1,3,3,0,0,3,UNABLE TO DETERMINE,2,1,0.0,0.0,0.0,0.0,0.0,2.0,2,5,7,07/25/2024,2024-07-25,02:00:00
03/28/2024 07:15:00 AM,5.0,2,1,4,6,1,3,3,0,1,3,FOLLOWING TOO CLOSELY,2,1,0.0,0.0,0.0,0.0,0.0,2.0,7,5,3,03/28/2024,2024-03-28,07:15:00
03/17/2024 09:03:00 PM,7.0,2,4,5,10,1,3,3,1,1,3,NOT APPLICABLE,2,1,0.0,0.0,0.0,0.0,0.0,2.0,21,1,3,03/17/2024,2024-03-17,21:03:00
07/16/2024 07:05:00 AM,7.0,2,1,5,5,1,3,3,1,1,3,FAILING TO YIELD RIGHT-OF-WAY,2,2,1.0,0.0,0.0,0.0,1.0,1.0,7,3,7,07/16/2024,2024-07-16,07:05:00
02/08/2024 02:46:00 AM,5.0,2,4,5,5,1,3,3,1,1,3,DISREGARDING TRAFFIC SIGNALS,2,2,1.0,0.0,0.0,0.0,1.0,2.0,2,5,2,02/08/2024,2024-02-08,02:46:00
06/20/2024 04:50:00 PM,5.0,2,1,11,6,1,3,1,0,1,3,FAILING TO YIELD RIGHT-OF-WAY,2,1,0.0,0.0,0.0,0.0,0.0,1.0,16,5,6,06/20/2024,2024-06-20,16:50:00
06/05/2024 11:40:00 AM,5.0,2,1,14,5,1,3,3,1,1,1,"VISION OBSCURED (SIGNS, TREE LIMBS, BUILDINGS, ETC.)",2,3,1.0,0.0,0.0,1.0,0.0,1.0,11,4,6,06/05/2024,2024-06-05,11:40:00
01/30/2024 12:16:00 PM,7.0,2,1,5,5,1,3,3,0,1,2,FAILING TO YIELD RIGHT-OF-WAY,2,1,0.0,0.0,0.0,0.0,0.0,3.0,12,3,1,01/30/2024,2024-01-30,12:16:00
06/12/2024 05:40:00 PM,5.0,2,1,13,5,1,3,3,1,1,1,FAILING TO YIELD RIGHT-OF-WAY,2,2,1.0,0.0,0.0,0.0,1.0,2.0,17,4,6,06/12/2024,2024-06-12,17:40:00
08/03/2024 06:20:00 PM,3.0,2,1,6,5,1,3,3,0,1,3,FAILING TO YIELD RIGHT-OF-WAY,2,1,0.0,0.0,0.0,0.0,0.0,2.0,18,7,8,08/03/2024,2024-08-03,18:20:00
04/27/2024 01:00:00 AM,5.0,4,4,5,5,1,4,3,1,1,3,DISREGARDING TRAFFIC SIGNALS,2,4,2.0,0.0,1.0,1.0,0.0,1.0,1,7,4,04/27/2024,2024-04-27,01:00:00
03/20/2024 09:11:00 AM,7.0,2,1,6,6,1,1,1,0,1,3,UNABLE TO DETERMINE,2,1,0.0,0.0,0.0,0.0,0.0,3.0,9,4,3,03/20/2024,2024-03-20,09:11:00
05/21/2024 02:50:00 PM,3.0,2,1,13,5,1,3,3,1,1,3,FAILING TO YIELD RIGHT-OF-WAY,2,3,1.0,0.0,0.0,1.0,0.0,1.0,14,3,5,05/21/2024,2024-05-21,14:50:00
06/06/2024 03:00:00 PM,5.0,2,1,4,5,1,3,3,0,1,3,FOLLOWING TOO CLOSELY,2,1,0.0,0.0,0.0,0.0,0.0,2.0,15,5,6,06/06/2024,2024-06-06,15:00:00
05/08/2024 12:30:00 PM,5.0,2,1,14,3,1,3,3,1,1,3,IMPROPER OVERTAKING/PASSING,2,3,1.0,0.0,0.0,1.0,0.0,1.0,12,4,5,05/08/2024,2024-05-08,12:30:00
08/05/2024 04:05:00 PM,5.0,2,1,6,3,1,1,1,0,1,3,DRIVING SKILLS/KNOWLEDGE/EXPERIENCE,2,1,0.0,0.0,0.0,0.0,0.0,2.0,16,2,8,08/05/2024,2024-08-05,16:05:00
04/09/2024 03:30:00 PM,3.0,2,1,5,6,1,3,3,0,1,2,FAILING TO REDUCE SPEED TO AVOID CRASH,2,1,0.0,0.0,0.0,0.0,0.0,2.0,15,3,4,04/09/2024,2024-04-09,15:30:00
08/02/2024 08:30:00 AM,3.0,2,1,4,6,1,3,3,0,1,1,FOLLOWING TOO CLOSELY,2,1,0.0,0.0,0.0,0.0,0.0,2.0,8,6,8,08/02/2024,2024-08-02,08:30:00
08/12/2024 01:28:00 PM,5.0,2,1,4,4,1,3,3,1,1,3,FAILING TO YIELD RIGHT-OF-WAY,2,3,1.0,0.0,0.0,1.0,0.0,2.0,13,2,8,08/12/2024,2024-08-12,13:28:00
04/10/2024 06:40:00 AM,5.0,2,1,6,4,1,3,3,1,1,3,UNABLE TO DETERMINE,2,1,0.0,0.0,0.0,0.0,0.0,5.0,6,4,4,04/10/2024,2024-04-10,06:40:00
05/24/2024 05:43:00 PM,5.0,2,1,4,6,1,3,3,0,1,3,UNABLE TO DETERMINE,2,1,0.0,0.0,0.0,0.0,0.0,6.0,17,6,5,05/24/2024,2024-05-24,17:43:00
04/20/2024 02:51:00 PM,7.0,2,1,5,5,1,3,3,0,1,3,FAILING TO YIELD RIGHT-OF-WAY,2,1,0.0,0.0,0.0,0.0,0.0,3.0,14,7,4,04/20/2024,2024-04-20,14:51:00
04/15/2024 09:35:00 AM,7.0,2,1,14,5,1,3,3,1,1,2,UNABLE TO DETERMINE,2,3,1.0,0.0,0.0,1.0,0.0,1.0,9,2,4,04/15/2024,2024-04-15,09:35:00
04/07/2024 12:10:00 PM,5.0,2,1,3,7,1,3,3,0,1,3,FAILING TO YIELD RIGHT-OF-WAY,2,1,0.0,0.0,0.0,0.0,0.0,2.0,12,1,4,04/07/2024,2024-04-07,12:10:00
05/22/2024 03:30:00 PM,1.0,2,1,5,5,1,1,1,0,1,2,DRIVING SKILLS/KNOWLEDGE/EXPERIENCE,2,1,0.0,0.0,0.0,0.0,0.0,2.0,15,4,5,05/22/2024,2024-05-22,15:30:00
06/07/2024 04:40:00 PM,7.0,2,1,5,6,1,3,1,1,1,3,"VISION OBSCURED (SIGNS, TREE LIMBS, BUILDINGS, ETC.)",2,1,0.0,0.0,0.0,0.0,0.0,3.0,16,6,6,06/07/2024,2024-06-07,16:40:00
02/28/2024 04:00:00 PM,5.0,2,1,5,5,1,3,3,0,1,3,UNABLE TO DETERMINE,2,1,0.0,0.0,0.0,0.0,0.0,2.0,16,4,2,02/28/2024,2024-02-28,16:00:00
01/24/2024 04:06:00 PM,3.0,4,1,4,2,1,4,3,1,1,3,UNABLE TO DETERMINE,2,2,1.0,0.0,0.0,0.0,1.0,1.0,16,4,1,01/24/2024,2024-01-24,16:06:00
07/22/2024 06:30:00 PM,5.0,2,2,11,5,1,3,3,0,1,2,DRIVING SKILLS/KNOWLEDGE/EXPERIENCE,2,1,0.0,0.0,0.0,0.0,0.0,1.0,18,2,7,07/22/2024,2024-07-22,18:30:00
01/18/2024 04:00:00 PM,7.0,5,1,5,5,1,3,3,1,1,3,FAILING TO YIELD RIGHT-OF-WAY,2,1,0.0,0.0,0.0,0.0,0.0,3.0,16,5,1,01/18/2024,2024-01-18,16:00:00
08/05/2024 01:30:00 PM,7.0,2,1,5,6,1,3,3,1,1,3,DISREGARDING TRAFFIC SIGNALS,2,2,2.0,0.0,0.0,0.0,2.0,2.0,13,2,8,08/05/2024,2024-08-05,13:30:00
01/21/2024 02:15:00 AM,5.0,2,4,8,6,1,4,3,0,1,2,IMPROPER BACKING,2,1,0.0,0.0,0.0,0.0,0.0,2.0,2,1,1,01/21/2024,2024-01-21,02:15:00
07/18/2024 10:38:00 PM,5.0,2,5,4,6,1,3,3,1,0,2,FOLLOWING TOO CLOSELY,2,1,0.0,0.0,0.0,0.0,0.0,3.0,22,5,7,07/18/2024,2024-07-18,22:38:00
01/15/2024 05:48:00 PM,5.0,2,4,4,5,1,3,3,0,1,2,FOLLOWING TOO CLOSELY,2,1,0.0,0.0,0.0,0.0,0.0,2.0,17,2,1,01/15/2024,2024-01-15,17:48:00
07/13/2024 03:14:00 AM,5.0,2,5,7,5,1,3,3,0,1,3,UNABLE TO DETERMINE,2,1,0.0,0.0,0.0,0.0,0.0,2.0,3,7,7,07/13/2024,2024-07-13,03:14:00
04/26/2024 03:45:00 PM,5.0,4,1,6,5,1,4,3,0,1,2,FAILING TO YIELD RIGHT-OF-WAY,2,1,0.0,0.0,0.0,0.0,0.0,2.0,15,6,4,04/26/2024,2024-04-26,15:45:00
04/26/2024 06:38:00 AM,5.0,2,1,5,5,1,3,3,1,1,3,DISREGARDING TRAFFIC SIGNALS,2,3,1.0,0.0,0.0,1.0,0.0,2.0,6,6,4,04/26/2024,2024-04-26,06:38:00
03/01/2024 07:45:00 AM,7.0,2,1,6,5,1,3,3,0,1,3,UNABLE TO DETERMINE,2,1,0.0,0.0,0.0,0.0,0.0,2.0,7,6,3,03/01/2024,2024-03-01,07:45:00
02/17/2024 12:04:00 AM,5.0,2,4,5,5,1,3,3,1,1,3,DISREGARDING TRAFFIC SIGNALS,2,1,0.0,0.0,0.0,0.0,0.0,2.0,0,7,2,02/17/2024,2024-02-17,00:04:00
03/31/2024 06:05:00 PM,3.0,2,1,5,4,1,3,3,1,1,3,UNABLE TO DETERMINE,2,1,0.0,0.0,0.0,0.0,0.0,3.0,18,1,3,03/31/2024,2024-03-31,18:05:00
06/03/2024 01:20:00 PM,7.0,2,1,6,5,1,1,1,0,1,3,IMPROPER TURNING/NO SIGNAL,2,1,0.0,0.0,0.0,0.0,0.0,2.0,13,2,6,06/03/2024,2024-06-03,13:20:00
06/03/2024 02:57:00 PM,5.0,2,1,3,7,1,1,1,0,1,1,UNABLE TO DETERMINE,2,1,0.0,0.0,0.0,0.0,0.0,2.0,14,2,6,06/03/2024,2024-06-03,14:57:00
01/10/2024 12:41:00 PM,5.0,2,1,3,6,1,3,3,0,1,1,IMPROPER LANE USAGE,2,1,0.0,0.0,0.0,0.0,0.0,3.0,12,4,1,01/10/2024,2024-01-10,12:41:00
05/27/2024 01:35:00 PM,3.0,2,1,4,6,1,3,3,0,0,2,FOLLOWING TOO CLOSELY,2,1,0.0,0.0,0.0,0.0,0.0,5.0,13,2,5,05/27/2024,2024-05-27,13:35:00
01/29/2024 10:55:00 AM,5.0,2,1,5,6,1,3,3,1,1,3,UNABLE TO DETERMINE,2,2,1.0,0.0,0.0,0.0,1.0,1.0,10,2,1,01/29/2024,2024-01-29,10:55:00
07/30/2024 03:26:00 PM,5.0,2,1,6,6,1,3,3,1,1,3,FAILING TO YIELD RIGHT-OF-WAY,2,4,1.0,0.0,1.0,0.0,0.0,2.0,15,3,7,07/30/2024,2024-07-30,15:26:00
06/23/2024 09:25:00 PM,5.0,2,4,5,6,1,3,3,0,1,3,UNABLE TO DETERMINE,2,1,0.0,0.0,0.0,0.0,0.0,2.0,21,1,6,06/23/2024,2024-06-23,21:25:00
06/06/2024 08:15:00 AM,3.0,2,1,5,5,1,3,3,0,1,3,FAILING TO YIELD RIGHT-OF-WAY,2,1,0.0,0.0,0.0,0.0,0.0,2.0,8,5,6,06/06/2024,2024-06-06,08:15:00
03/04/2024 03:50:00 PM,7.0,2,1,5,5,1,3,3,0,1,3,DISREGARDING STOP SIGN,2,1,0.0,0.0,0.0,0.0,0.0,2.0,15,2,3,03/04/2024,2024-03-04,15:50:00
05/29/2024 05:00:00 PM,5.0,2,1,6,6,1,3,3,1,1,3,IMPROPER TURNING/NO SIGNAL,2,1,0.0,0.0,0.0,0.0,0.0,2.0,17,4,5,05/29/2024,2024-05-29,17:00:00
01/09/2024 03:30:00 PM,7.0,5,1,5,6,1,5,1,0,1,2,UNABLE TO DETERMINE,2,1,0.0,0.0,0.0,0.0,0.0,2.0,15,3,1,01/09/2024,2024-01-09,15:30:00
03/11/2024 11:13:00 PM,5.0,3,4,6,8,1,3,3,1,1,3,DISREGARDING TRAFFIC SIGNALS,2,3,1.0,0.0,0.0,1.0,0.0,1.0,23,2,3,03/11/2024,2024-03-11,23:13:00
07/09/2024 05:20:00 PM,7.0,4,1,5,5,1,4,3,1,1,3,DISREGARDING STOP SIGN,2,3,2.0,0.0,0.0,2.0,0.0,0.0,17,3,7,07/09/2024,2024-07-09,17:20:00
06/12/2024 04:20:00 PM,7.0,2,1,5,10,1,3,3,0,1,3,FAILING TO YIELD RIGHT-OF-WAY,2,1,0.0,0.0,0.0,0.0,0.0,3.0,16,4,6,06/12/2024,2024-06-12,16:20:00
06/07/2024 10:23:00 AM,5.0,2,1,4,6,1,3,1,0,1,1,FOLLOWING TOO CLOSELY,2,1,0.0,0.0,0.0,0.0,0.0,2.0,10,6,6,06/07/2024,2024-06-07,10:23:00
06/26/2024 05:14:00 PM,5.0,2,1,4,5,1,3,3,1,1,3,UNABLE TO DETERMINE,2,3,1.0,0.0,0.0,1.0,0.0,2.0,17,4,6,06/26/2024,2024-06-26,17:14:00
07/01/2024 03:25:00 PM,3.0,2,1,3,13,1,3,3,0,1,3,FAILING TO YIELD RIGHT-OF-WAY,2,1,0.0,0.0,0.0,0.0,0.0,2.0,15,2,7,07/01/2024,2024-07-01,15:25:00
07/10/2024 04:30:00 PM,5.0,2,1,6,5,1,3,3,0,1,3,IMPROPER OVERTAKING/PASSING,2,1,0.0,0.0,0.0,0.0,0.0,4.0,16,4,7,07/10/2024,2024-07-10,16:30:00
05/23/2024 06:15:00 PM,3.0,2,1,13,6,1,3,3,1,1,3,FAILING TO YIELD RIGHT-OF-WAY,2,4,1.0,0.0,1.0,0.0,0.0,1.0,18,5,5,05/23/2024,2024-05-23,18:15:00
01/20/2024 06:00:00 PM,5.0,2,4,5,6,1,4,3,1,1,3,UNABLE TO DETERMINE,2,2,1.0,0.0,0.0,0.0,1.0,1.0,18,7,1,01/20/2024,2024-01-20,18:00:00
06/10/2024 06:20:00 PM,7.0,2,1,5,6,1,3,3,1,1,3,FAILING TO YIELD RIGHT-OF-WAY,2,3,1.0,0.0,0.0,1.0,0.0,2.0,18,2,6,06/10/2024,2024-06-10,18:20:00
07/03/2024 04:50:00 PM,5.0,2,1,4,4,1,3,3,0,1,3,DRIVING SKILLS/KNOWLEDGE/EXPERIENCE,2,1,0.0,0.0,0.0,0.0,0.0,4.0,16,4,7,07/03/2024,2024-07-03,16:50:00
07/15/2024 01:40:00 PM,5.0,2,1,6,6,1,3,3,0,1,3,UNABLE TO DETERMINE,2,1,0.0,0.0,0.0,0.0,0.0,2.0,13,2,7,07/15/2024,2024-07-15,13:40:00
07/12/2024 03:35:00 PM,7.0,2,1,5,6,1,3,1,1,1,3,FAILING TO YIELD RIGHT-OF-WAY,2,1,0.0,0.0,0.0,0.0,0.0,4.0,15,6,7,07/12/2024,2024-07-12,15:35:00
04/03/2024 12:03:00 AM,5.0,4,4,6,5,1,4,3,1,1,3,FAILING TO YIELD RIGHT-OF-WAY,2,1,0.0,0.0,0.0,0.0,0.0,3.0,0,4,4,04/03/2024,2024-04-03,00:03:00
03/16/2024 04:30:00 PM,7.0,2,1,5,6,1,3,3,0,1,3,FAILING TO YIELD RIGHT-OF-WAY,2,1,0.0,0.0,0.0,0.0,0.0,2.0,16,7,3,03/16/2024,2024-03-16,16:30:00
02/26/2024 10:00:00 AM,7.0,2,1,11,10,1,1,3,0,1,3,UNABLE TO DETERMINE,2,1,0.0,0.0,0.0,0.0,0.0,1.0,10,2,2,02/26/2024,2024-02-26,10:00:00
05/04/2024 06:06:00 PM,5.0,2,1,14,5,1,3,3,1,1,3,FAILING TO YIELD RIGHT-OF-WAY,2,3,1.0,0.0,0.0,1.0,0.0,1.0,18,7,5,05/04/2024,2024-05-04,18:06:00