crash_date,traffic_control_device,weather_condition,lighting_condition,first_crash_type,trafficway_type,alignment,roadway_surface_cond,road_defect,crash_type,intersection_related_i,damage,prim_contributory_cause,num_units,most_severe_injury,injuries_total,injuries_fatal,injuries_incapacitating,injuries_non_incapacitating,injuries_reported_not_evident,injuries_no_indication,crash_hour,crash_day_of_week,crash_month,parsed_datetime,date,time
04/12/2024 05:40:00 PM,5.0,4,1,5,5,1,4,3,1,1,3,FAILING TO YIELD RIGHT-OF-WAY,2,1,0.0,0.0,0.0,0.0,0.0,2.0,17,6,4,04/12/2024,2024-04-12,17:40:00
05/19/2024 05:40:00 PM,7.0,2,1,8,11,1,3,3,0,1,3,UNABLE TO DETERMINE,2,1,0.0,0.0,0.0,0.0,0.0,2.0,17,1,5,05/19/2024,2024-05-19,17:40:00
03/29/2024 10:20:00 AM,7.0,2,1,11,6,1,3,3,0,1,1,UNABLE TO DETERMINE,2,1,0.0,0.0,0.0,0.0,0.0,1.0,10,6,3,03/29/2024,2024-03-29,10:20:00
05/13/2024 01:30:00 PM,5.0,2,1,5,4,1,3,3,1,1,3,UNABLE TO DETERMINE,2,3,1.0,0.0,0.0,1.0,0.0,1.0,13,2,5,05/13/2024,2024-05-13,13:30:00
05/25/2024 01:55:00 AM,7.0,2,3,6,6,1,3,3,0,0,3,UNABLE TO DETERMINE,2,1,0.0,0.0,0.0,0.0,0.0,2.0,1,7,5,05/25/2024,2024-05-25,01:55:00
05/16/2024 09:50:00 AM,5.0,2,1,3,5,1,1,1,0,1,2,IMPROPER OVERTAKING/PASSING,2,1,0.0,0.0,0.0,0.0,0.0,2.0,9,5,5,05/16/2024,2024-05-16,09:50:00
05/11/2024 08:50:00 AM,7.0,2,1,6,17,1,3,3,0,1,3,UNABLE TO DETERMINE,2,1,0.0,0.0,0.0,0.0,0.0,2.0,8,7,5,05/11/2024,2024-05-11,08:50:00
05/30/2024 10:47:00 AM,7.0,2,1,5,6,1,3,3,1,1,3,FAILING TO YIELD RIGHT-OF-WAY,2,1,0.0,0.0,0.0,0.0,0.0,2.0,10,5,5,05/30/2024,2024-05-30,10:47:00
03/04/2024 06:56:00 AM,7.0,2,1,5,6,1,3,3,1,1,3,UNABLE TO DETERMINE,2,2,1.0,0.0,0.0,0.0,1.0,1.0,6,2,3,03/04/2024,2024-03-04,06:56:00
06/14/2024 11:07:00 PM,5.0,2,4,3,6,1,3,3,0,1,3,IMPROPER LANE USAGE,2,1,0.0,0.0,0.0,0.0,0.0,3.0,23,6,6,06/14/2024,2024-06-14,23:07:00
07/10/2024 12:55:00 PM,3.0,2,1,11,4,1,3,1,0,1,1,FOLLOWING TOO CLOSELY,2,1,0.0,0.0,0.0,0.0,0.0,1.0,12,4,7,07/10/2024,2024-07-10,12:55:00
07/29/2024 07:10:00 PM,5.0,2,3,4,5,1,3,1,1,1,3,FAILING TO REDUCE SPEED TO AVOID CRASH,2,2,1.0,0.0,0.0,0.0,1.0,2.0,19,2,7,07/29/2024,2024-07-29,19:10:00
07/18/2024 11:58:00 PM,5.0,2,4,14,5,1,3,3,1,1,1,UNABLE TO DETERMINE,2,2,1.0,0.0,0.0,0.0,1.0,2.0,23,5,7,07/18/2024,2024-07-18,23:58:00
05/02/2024 07:30:00 PM,3.0,2,3,4,10,1,3,3,0,0,3,UNABLE TO DETERMINE,2,1,0.0,0.0,0.0,0.0,0.0,2.0,19,5,5,05/02/2024,2024-05-02,19:30:00
01/22/2024 12:10:00 PM,3.0,4,1,4,6,1,4,3,0,1,2,UNABLE TO DETERMINE,2,1,0.0,0.0,0.0,0.0,0.0,4.0,12,2,1,01/22/2024,2024-01-22,12:10:00
01/24/2024 05:05:00 PM,5.0,7,4,13,6,1,4,3,1,1,3,UNABLE TO DETERMINE,2,3,1.0,0.0,0.0,1.0,0.0,1.0,17,4,1,01/24/2024,2024-01-24,17:05:00
03/15/2024 04:00:00 PM,5.0,2,1,6,6,1,3,3,1,1,1,FAILING TO YIELD RIGHT-OF-WAY,2,2,1.0,0.0,0.0,0.0,1.0,2.0,16,6,3,03/15/2024,2024-03-15,16:00:00
06/16/2024 06:11:00 PM,5.0,3,1,4,4,1,3,3,0,1,3,FOLLOWING TOO CLOSELY,2,1,0.0,0.0,0.0,0.0,0.0,2.0,18,1,6,06/16/2024,2024-06-16,18:11:00
05/21/2024 11:55:00 PM,5.0,2,4,5,5,1,3,3,1,1,3,UNABLE TO DETERMINE,2,1,0.0,0.0,0.0,0.0,0.0,5.0,23,3,5,05/21/2024,2024-05-21,23:55:00
01/25/2024 05:01:00 PM,5.0,5,4,4,3,1,4,1,0,1,3,FAILING TO REDUCE SPEED TO AVOID CRASH,2,1,0.0,0.0,0.0,0.0,0.0,3.0,17,5,1,01/25/2024,2024-01-25,17:01:00
01/20/2024 08:45:00 AM,5.0,2,1,5,5,1,4,3,0,1,3,DISREGARDING TRAFFIC SIGNALS,2,1,0.0,0.0,0.0,0.0,0.0,2.0,8,7,1,01/20/2024,2024-01-20,08:45:00
04/15/2024 04:58:00 PM,1.0,2,1,11,10,1,3,3,1,0,3,DRIVING ON WRONG SIDE/WRONG WAY,2,1,0.0,0.0,0.0,0.0,0.0,1.0,16,2,4,04/15/2024,2024-04-15,16:58:00
02/10/2024 11:20:00 AM,3.0,2,1,4,9,1,3,3,0,1,2,FOLLOWING TOO CLOSELY,2,1,0.0,0.0,0.0,0.0,0.0,2.0,11,7,2,02/10/2024,2024-02-10,11:20:00
04/05/2024 08:45:00 PM,5.0,2,4,4,5,1,3,3,0,1,3,FAILING TO REDUCE SPEED TO AVOID CRASH,2,1,0.0,0.0,0.0,0.0,0.0,2.0,20,6,4,04/05/2024,2024-04-05,20:45:00
05/09/2024 07:25:00 PM,5.0,4,1,6,5,1,4,3,0,1,3,DRIVING SKILLS/KNOWLEDGE/EXPERIENCE,2,1,0.0,0.0,0.0,0.0,0.0,2.0,19,5,5,05/09/2024,2024-05-09,19:25:00
06/06/2024 05:45:00 AM,3.0,2,1,4,5,1,3,3,1,1,3,FOLLOWING TOO CLOSELY,2,2,1.0,0.0,0.0,0.0,1.0,1.0,5,5,6,06/06/2024,2024-06-06,05:45:00
01/08/2024 11:00:00 AM,5.0,2,1,6,10,1,3,3,1,1,3,TURNING RIGHT ON RED,2,1,0.0,0.0,0.0,0.0,0.0,2.0,11,2,1,01/08/2024,2024-01-08,11:00:00
07/19/2024 11:45:00 AM,3.0,2,1,4,6,1,3,3,0,1,3,FOLLOWING TOO CLOSELY,2,1,0.0,0.0,0.0,0.0,0.0,3.0,11,6,7,07/19/2024,2024-07-19,11:45:00
04/28/2024 10:22:00 AM,5.0,3,1,9,5,1,3,3,1,1,3,FAILING TO YIELD RIGHT-OF-WAY,2,2,1.0,0.0,0.0,0.0,1.0,1.0,10,1,4,04/28/2024,2024-04-28,10:22:00
03/09/2024 08:30:00 PM,5.0,2,4,6,5,1,3,3,0,1,3,IMPROPER TURNING/NO SIGNAL,2,1,0.0,0.0,0.0,0.0,0.0,2.0,20,7,3,03/09/2024,2024-03-09,20:30:00
08/12/2024 05:51:00 AM,3.0,2,4,4,5,1,3,3,0,1,3,FAILING TO REDUCE SPEED TO AVOID CRASH,2,1,0.0,0.0,0.0,0.0,0.0,2.0,5,2,8,08/12/2024,2024-08-12,05:51:00
04/17/2024 06:50:00 PM,5.0,2,1,4,6,1,3,3,1,1,3,FAILING TO REDUCE SPEED TO AVOID CRASH,2,2,1.0,0.0,0.0,0.0,1.0,6.0,18,4,4,04/17/2024,2024-04-17,18:50:00
07/23/2024 09:20:00 AM,3.0,2,1,6,6,1,3,3,1,1,3,FAILING TO REDUCE SPEED TO AVOID CRASH,2,1,0.0,0.0,0.0,0.0,0.0,2.0,9,3,7,07/23/2024,2024-07-23,09:20:00
07/23/2024 07:55:00 AM,16.0,2,1,13,5,1,3,3,1,1,1,FAILING TO YIELD RIGHT-OF-WAY,2,2,1.0,0.0,0.0,0.0,1.0,3.0,7,3,7,07/23/2024,2024-07-23,07:55:00
01/06/2024 03:12:00 AM,5.0,5,4,5,6,1,5,1,1,1,2,UNABLE TO DETERMINE,2,1,0.0,0.0,0.0,0.0,0.0,2.0,3,7,1,01/06/2024,2024-01-06,03:12:00
02/27/2024 04:30:00 AM,7.0,2,1,5,6,1,3,3,0,1,3,FAILING TO REDUCE SPEED TO AVOID CRASH,2,1,0.0,0.0,0.0,0.0,0.0,2.0,4,3,2,02/27/2024,2024-02-27,04:30:00
08/03/2024 11:30:00 PM,3.0,2,4,6,7,1,1,1,0,1,3,DRIVING ON WRONG SIDE/WRONG WAY,2,1,0.0,0.0,0.0,0.0,0.0,3.0,23,7,8,08/03/2024,2024-08-03,23:30:00
05/06/2024 08:11:00 AM,7.0,2,1,6,5,1,3,3,0,1,1,UNABLE TO DETERMINE,2,1,0.0,0.0,0.0,0.0,0.0,2.0,8,2,5,05/06/2024,2024-05-06,08:11:00
05/10/2024 01:23:00 PM,5.0,2,1,6,3,1,3,3,1,1,3,DISREGARDING TRAFFIC SIGNALS,2,1,0.0,0.0,0.0,0.0,0.0,3.0,13,6,5,05/10/2024,2024-05-10,13:23:00
05/01/2024 02:45:00 PM,5.0,2,1,6,5,1,3,3,1,1,3,UNABLE TO DETERMINE,2,1,0.0,0.0,0.0,0.0,0.0,3.0,14,4,5,05/01/2024,2024-05-01,14:45:00
03/08/2024 10:48:00 PM,3.0,2,4,18,3,1,4,3,0,1,3,"OPERATING VEHICLE IN ERRATIC, RECKLESS, CARELESS, NEGLIGENT OR AGGRESSIVE MANNER",2,1,0.0,0.0,0.0,0.0,0.0,2.0,22,6,3,03/08/2024,2024-03-08,22:48:00
06/04/2024 03:15:00 PM,5.0,3,1,6,5,1,3,3,0,1,3,FOLLOWING TOO CLOSELY,2,1,0.0,0.0,0.0,0.0,0.0,2.0,15,3,6,06/04/2024,2024-06-04,15:15:00
08/12/2024 09:37:00 AM,3.0,2,1,6,5,1,3,3,0,1,3,IMPROPER TURNING/NO SIGNAL,2,1,0.0,0.0,0.0,0.0,0.0,2.0,9,2,8,08/12/2024,2024-08-12,09:37:00
01/25/2024 01:05:00 PM,5.0,4,1,6,5,1,4,3,0,1,3,IMPROPER TURNING/NO SIGNAL,2,1,0.0,0.0,0.0,0.0,0.0,2.0,13,5,1,01/25/2024,2024-01-25,13:05:00
04/05/2024 11:58:00 PM,5.0,2,4,5,5,1,3,3,1,1,3,UNABLE TO DETERMINE,2,2,1.0,0.0,0.0,0.0,1.0,2.0,23,6,4,04/05/2024,2024-04-05,23:58:00
02/25/2024 04:15:00 PM,5.0,2,1,6,6,1,3,3,0,1,1,UNABLE TO DETERMINE,2,1,0.0,0.0,0.0,0.0,0.0,2.0,16,1,2,02/25/2024,2024-02-25,16:15:00
04/17/2024 10:01:00 PM,7.0,2,4,6,7,1,3,3,0,1,3,IMPROPER TURNING/NO SIGNAL,2,1,0.0,0.0,0.0,0.0,0.0,2.0,22,4,4,04/17/2024,2024-04-17,22:01:00
05/09/2024 04:18:00 PM,5.0,4,1,3,5,1,4,3,0,1,3,FAILING TO YIELD RIGHT-OF-WAY,2,1,0.0,0.0,0.0,0.0,0.0,2.0,16,5,5,05/09/2024,2024-05-09,16:18:00
06/18/2024 08:00:00 AM,1.0,2,1,4,5,1,3,1,0,1,2,FOLLOWING TOO CLOSELY,2,1,0.0,0.0,0.0,0.0,0.0,2.0,8,3,6,06/18/2024,2024-06-18,08:00:00
04/06/2024 06:25:00 PM,5.0,2,3,5,5,1,3,3,0,1,3,FAILING TO YIELD RIGHT-OF-WAY,2,1,0.0,0.0,0.0,0.0,0.0,2.0,18,7,4,04/06/2024,2024-04-06,18:25:00
06/18/2024 05:30:00 PM,5.0,2,1,6,5,1,3,7,0,1,2,FAILING TO REDUCE SPEED TO AVOID CRASH,2,1,0.0,0.0,0.0,0.0,0.0,2.0,17,3,6,06/18/2024,2024-06-18,17:30:00
06/05/2024 05:11:00 PM,5.0,2,1,6,6,1,3,3,0,1,3,UNABLE TO DETERMINE,2,1,0.0,0.0,0.0,0.0,0.0,2.0,17,4,6,06/05/2024,2024-06-05,17:11:00
04/29/2024 02:41:00 PM,5.0,3,1,14,5,1,3,3,1,1,2,UNABLE TO DETERMINE,2,2,1.0,0.0,0.0,0.0,1.0,1.0,14,2,4,04/29/2024,2024-04-29,14:41:00
03/16/2024 01:30:00 AM,5.0,2,4,6,6,1,3,3,0,1,3,FAILING TO YIELD RIGHT-OF-WAY,2,1,0.0,0.0,0.0,0.0,0.0,3.0,1,7,3,03/16/2024,2024-03-16,01:30:00
03/11/2024 06:45:00 PM,5.0,2,1,5,5,1,3,3,1,1,3,FAILING TO YIELD RIGHT-OF-WAY,2,3,1.0,0.0,0.0,1.0,0.0,1.0,18,2,3,03/11/2024,2024-03-11,18:45:00
04/20/2024 11:00:00 AM,7.0,2,1,5,5,1,3,3,0,1,3,UNABLE TO DETERMINE,2,1,0.0,0.0,0.0,0.0,0.0,2.0,11,7,4,04/20/2024,2024-04-20,11:00:00
06/12/2024 07:50:00 AM,5.0,2,1,6,5,1,3,3,0,1,3,FAILING TO YIELD RIGHT-OF-WAY,2,1,0.0,0.0,0.0,0.0,0.0,2.0,7,4,6,06/12/2024,2024-06-12,07:50:00
02/11/2024 11:25:00 AM,3.0,2,1,6,6,1,3,3,1,1,3,IMPROPER TURNING/NO SIGNAL,2,2,1.0,0.0,0.0,0.0,1.0,1.0,11,1,2,02/11/2024,2024-02-11,11:25:00
03/12/2024 01:00:00 PM,5.0,2,1,4,4,1,3,3,0,1,3,UNABLE TO DETERMINE,2,1,0.0,0.0,0.0,0.0,0.0,2.0,13,3,3,03/12/2024,2024-03-12,13:00:00
07/19/2024 11:19:00 AM,7.0,2,1,5,5,1,3,3,1,1,3,FAILING TO YIELD RIGHT-OF-WAY,2,1,0.0,0.0,0.0,0.0,0.0,2.0,11,6,7,07/19/2024,2024-07-19,11:19:00
01/06/2024 06:25:00 PM,5.0,5,5,3,5,1,5,3,0,1,1,UNABLE TO DETERMINE,2,1,0.0,0.0,0.0,0.0,0.0,2.0,18,7,1,01/06/2024,2024-01-06,18:25:00
01/06/2024 12:00:00 PM,5.0,5,1,6,5,1,5,1,0,1,3,FOLLOWING TOO CLOSELY,2,1,0.0,0.0,0.0,0.0,0.0,2.0,12,7,1,01/06/2024,2024-01-06,12:00:00
05/20/2024 07:20:00 PM,5.0,2,1,5,5,1,3,3,0,1,3,DISREGARDING TRAFFIC SIGNALS,2,1,0.0,0.0,0.0,0.0,0.0,2.0,19,2,5,05/20/2024,2024-05-20,19:20:00
05/20/2024 08:10:00 AM,7.0,2,1,6,6,1,3,3,0,1,3,DRIVING SKILLS/KNOWLEDGE/EXPERIENCE,2,1,0.0,0.0,0.0,0.0,0.0,2.0,8,2,5,05/20/2024,2024-05-20,08:10:00
05/08/2024 10:30:00 AM,5.0,2,1,6,5,1,3,3,1,1,3,DRIVING SKILLS/KNOWLEDGE/EXPERIENCE,2,1,0.0,0.0,0.0,0.0,0.0,3.0,10,4,5,05/08/2024,2024-05-08,10:30:00
07/12/2024 01:30:00 PM,7.0,2,1,4,5,1,3,3,1,1,3,NOT APPLICABLE,2,2,2.0,0.0,0.0,0.0,2.0,1.0,13,6,7,07/12/2024,2024-07-12,13:30:00
06/16/2024 04:45:00 PM,5.0,2,1,3,4,2,3,1,0,1,3,IMPROPER OVERTAKING/PASSING,2,1,0.0,0.0,0.0,0.0,0.0,6.0,16,1,6,06/16/2024,2024-06-16,16:45:00
01/20/2024 03:07:00 PM,5.0,2,1,6,5,1,4,3,1,1,3,FAILING TO YIELD RIGHT-OF-WAY,2,1,0.0,0.0,0.0,0.0,0.0,2.0,15,7,1,01/20/2024,2024-01-20,15:07:00
03/19/2024 12:26:00 AM,5.0,2,4,3,5,1,3,3,1,1,3,"OPERATING VEHICLE IN ERRATIC, RECKLESS, CARELESS, NEGLIGENT OR AGGRESSIVE MANNER",2,3,1.0,0.0,0.0,1.0,0.0,3.0,0,3,3,03/19/2024,2024-03-19,00:26:00
02/08/2024 05:05:00 PM,5.0,2,4,4,6,1,3,3,0,1,3,UNABLE TO DETERMINE,2,1,0.0,0.0,0.0,0.0,0.0,3.0,17,5,2,02/08/2024,2024-02-08,17:05:00
05/23/2024 05:00:00 PM,5.0,2,1,6,5,1,3,3,1,1,3,DISTRACTION - FROM INSIDE VEHICLE,2,1,0.0,0.0,0.0,0.0,0.0,2.0,17,5,5,05/23/2024,2024-05-23,17:00:00
06/12/2024 10:49:00 AM,5.0,2,1,5,5,1,3,3,1,1,3,DISREGARDING TRAFFIC SIGNALS,2,4,1.0,0.0,1.0,0.0,0.0,1.0,10,4,6,06/12/2024,2024-06-12,10:49:00
07/09/2024 01:00:00 PM,7.0,4,1,5,2,1,4,3,0,1,2,FAILING TO YIELD RIGHT-OF-WAY,2,1,0.0,0.0,0.0,0.0,0.0,2.0,13,3,7,07/09/2024,2024-07-09,13:00:00
06/14/2024 10:13:00 AM,7.0,2,1,13,4,1,3,3,1,1,3,FAILING TO YIELD RIGHT-OF-WAY,2,4,1.0,0.0,1.0,0.0,0.0,1.0,10,6,6,06/14/2024,2024-06-14,10:13:00
05/11/2024 08:25:00 PM,5.0,2,5,6,6,1,3,3,1,1,3,UNABLE TO DETERMINE,2,1,0.0,0.0,0.0,0.0,0.0,3.0,20,7,5,05/11/2024,2024-05-11,20:25:00
01/04/2024 02:30:00 PM,7.0,2,1,5,6,1,3,3,0,1,3,"VISION OBSCURED (SIGNS, TREE LIMBS, BUILDINGS, ETC.)",2,1,0.0,0.0,0.0,0.0,0.0,2.0,14,5,1,01/04/2024,2024-01-04,14:30:00
07/20/2024 04:04:00 PM,5.0,2,1,6,12,1,3,7,1,1,3,"OPERATING VEHICLE IN ERRATIC, RECKLESS, CARELESS, NEGLIGENT OR AGGRESSIVE MANNER",2,1,0.0,0.0,0.0,0.0,0.0,2.0,16,7,7,07/20/2024,2024-07-20,16:04:00
02/08/2024 06:50:00 AM,5.0,2,1,4,4,1,3,1,1,1,3,UNABLE TO DETERMINE,2,2,1.0,0.0,0.0,0.0,1.0,1.0,6,5,2,02/08/2024,2024-02-08,06:50:00
03/31/2024 02:50:00 PM,5.0,2,1,5,5,1,3,3,1,1,3,FAILING TO YIELD RIGHT-OF-WAY,2,2,1.0,0.0,0.0,0.0,1.0,1.0,14,1,3,03/31/2024,2024-03-31,14:50:00
08/26/2024 06:00:00 PM,3.0,2,1,5,5,1,3,3,1,1,3,UNABLE TO DETERMINE,2,1,0.0,0.0,0.0,0.0,0.0,2.0,18,2,8,08/26/2024,2024-08-26,18:00:00
07/16/2024 07:50:00 AM,5.0,2,1,13,5,1,3,1,1,1,1,DISREGARDING TRAFFIC SIGNALS,2,3,1.0,0.0,0.0,1.0,0.0,1.0,7,3,7,07/16/2024,2024-07-16,07:50:00
05/07/2024 11:38:00 AM,3.0,2,1,6,16,1,3,3,1,1,2,UNABLE TO DETERMINE,2,1,0.0,0.0,0.0,0.0,0.0,2.0,11,3,5,05/07/2024,2024-05-07,11:38:00
06/20/2024 05:40:00 PM,2.0,2,1,3,6,1,3,3,0,1,3,UNABLE TO DETERMINE,2,1,0.0,0.0,0.0,0.0,0.0,4.0,17,5,6,06/20/2024,2024-06-20,17:40:00
08/13/2024 08:12:00 AM,5.0,2,1,4,5,1,3,3,0,1,2,FOLLOWING TOO CLOSELY,2,1,0.0,0.0,0.0,0.0,0.0,2.0,8,3,8,08/13/2024,2024-08-13,08:12:00
05/08/2024 07:50:00 AM,5.0,2,1,6,5,1,3,3,1,1,2,UNABLE TO DETERMINE,2,2,1.0,0.0,0.0,0.0,1.0,2.0,7,4,5,05/08/2024,2024-05-08,07:50:00
02/10/2024 09:06:00 AM,8.0,2,1,5,8,1,3,1,1,1,3,FAILING TO YIELD RIGHT-OF-WAY,2,1,0.0,0.0,0.0,0.0,0.0,2.0,9,7,2,02/10/2024,2024-02-10,09:06:00
07/31/2024 06:00:00 PM,5.0,2,1,3,4,1,3,1,0,1,3,UNABLE TO DETERMINE,2,1,0.0,0.0,0.0,0.0,0.0,2.0,18,4,7,07/31/2024,2024-07-31,18:00:00
05/16/2024 01:30:00 PM,1.0,2,1,6,10,1,1,1,0,1,2,DRIVING SKILLS/KNOWLEDGE/EXPERIENCE,2,1,0.0,0.0,0.0,0.0,0.0,2.0,13,5,5,05/16/2024,2024-05-16,13:30:00
03/30/2024 11:05:00 AM,7.0,2,1,6,4,1,3,1,0,1,3,UNABLE TO DETERMINE,2,1,0.0,0.0,0.0,0.0,0.0,2.0,11,7,3,03/30/2024,2024-03-30,11:05:00
02/15/2024 05:40:00 PM,5.0,2,4,6,6,1,3,3,0,1,3,UNABLE TO DETERMINE,2,1,0.0,0.0,0.0,0.0,0.0,3.0,17,5,2,02/15/2024,2024-02-15,17:40:00
03/30/2024 07:47:00 AM,7.0,4,1,3,6,1,4,3,0,1,1,UNABLE TO DETERMINE,2,1,0.0,0.0,0.0,0.0,0.0,4.0,7,7,3,03/30/2024,2024-03-30,07:47:00
01/16/2024 02:00:00 PM,7.0,2,1,13,6,1,4,3,1,1,1,FAILING TO YIELD RIGHT-OF-WAY,2,3,1.0,0.0,0.0,1.0,0.0,1.0,14,3,1,01/16/2024,2024-01-16,14:00:00
06/21/2024 09:00:00 AM,5.0,2,1,5,10,1,3,1,0,1,3,FAILING TO YIELD RIGHT-OF-WAY,2,1,0.0,0.0,0.0,0.0,0.0,2.0,9,6,6,06/21/2024,2024-06-21,09:00:00
06/08/2024 01:30:00 PM,5.0,2,1,4,4,1,3,1,0,0,3,UNABLE TO DETERMINE,2,1,0.0,0.0,0.0,0.0,0.0,4.0,13,7,6,06/08/2024,2024-06-08,13:30:00
01/01/2024 10:48:00 AM,5.0,2,1,5,5,1,3,1,1,1,3,DISREGARDING TRAFFIC SIGNALS,2,1,0.0,0.0,0.0,0.0,0.0,4.0,10,2,1,01/01/2024,2024-01-01,10:48:00
04/30/2024 10:02:00 PM,5.0,2,4,5,13,1,3,3,1,1,3,DISREGARDING TRAFFIC SIGNALS,2,3,1.0,0.0,0.0,1.0,0.0,3.0,22,3,4,04/30/2024,2024-04-30,22:02:00
08/06/2024 04:36:00 PM,5.0,2,1,4,6,1,3,3,0,1,2,FOLLOWING TOO CLOSELY,2,1,0.0,0.0,0.0,0.0,0.0,2.0,16,3,8,08/06/2024,2024-08-06,16:36:00
07/17/2024 08:45:00 AM,5.0,2,1,5,6,1,3,3,1,1,3,UNABLE TO DETERMINE,2,1,0.0,0.0,0.0,0.0,0.0,2.0,8,4,7,07/17/2024,2024-07-17,08:45:00
06/27/2024 07:30:00 PM,1.0,2,4,3,5,1,1,1,0,1,3,UNABLE TO DETERMINE,2,1,0.0,0.0,0.0,0.0,0.0,2.0,19,5,6,06/27/2024,2024-06-27,19:30:00
06/25/2024 03:12:00 PM,5.0,2,1,14,5,1,1,1,0,1,1,UNABLE TO DETERMINE,2,1,0.0,0.0,0.0,0.0,0.0,2.0,15,3,6,06/25/2024,2024-06-25,15:12:00
03/24/2024 11:22:00 PM,5.0,2,4,3,5,1,1,1,0,1,3,IMPROPER LANE USAGE,2,1,0.0,0.0,0.0,0.0,0.0,2.0,23,1,3,03/24/2024,2024-03-24,23:22:00
06/08/2024 07:00:00 PM,5.0,2,1,6,5,1,4,3,0,1,2,UNABLE TO DETERMINE,2,1,0.0,0.0,0.0,0.0,0.0,2.0,19,7,6,06/08/2024,2024-06-08,19:00:00
04/27/2024 08:05:00 AM,5.0,2,1,7,1,1,3,3,1,1,3,FAILING TO YIELD RIGHT-OF-WAY,2,2,1.0,0.0,0.0,0.0,1.0,1.0,8,7,4,04/27/2024,2024-04-27,08:05:00
03/17/2024 06:30:00 PM,5.0,2,4,6,3,1,3,1,0,1,3,NOT APPLICABLE,2,1,0.0,0.0,0.0,0.0,0.0,2.0,18,1,3,03/17/2024,2024-03-17,18:30:00
06/21/2024 08:30:00 AM,5.0,2,1,5,5,1,3,3,0,1,3,UNABLE TO DETERMINE,2,1,0.0,0.0,0.0,0.0,0.0,3.0,8,6,6,06/21/2024,2024-06-21,08:30:00
05/17/2024 11:50:00 AM,5.0,2,1,10,6,1,3,3,1,1,3,UNABLE TO DETERMINE,2,4,2.0,0.0,2.0,0.0,0.0,0.0,11,6,5,05/17/2024,2024-05-17,11:50:00
05/28/2024 03:09:00 PM,5.0,4,1,3,5,1,4,3,0,1,2,IMPROPER LANE USAGE,2,1,0.0,0.0,0.0,0.0,0.0,2.0,15,3,5,05/28/2024,2024-05-28,15:09:00
05/09/2024 02:15:00 PM,7.0,2,1,14,4,1,3,3,1,1,2,FAILING TO YIELD RIGHT-OF-WAY,2,3,1.0,0.0,0.0,1.0,0.0,1.0,14,5,5,05/09/2024,2024-05-09,14:15:00
03/27/2024 11:30:00 AM,5.0,2,1,3,3,1,3,1,0,1,1,FAILING TO YIELD RIGHT-OF-WAY,2,1,0.0,0.0,0.0,0.0,0.0,2.0,11,4,3,03/27/2024,2024-03-27,11:30:00
07/04/2024 11:00:00 AM,5.0,4,1,6,5,1,3,3,1,1,3,DRIVING SKILLS/KNOWLEDGE/EXPERIENCE,2,1,0.0,0.0,0.0,0.0,0.0,2.0,11,5,7,07/04/2024,2024-07-04,11:00:00
03/28/2024 06:06:00 AM,7.0,2,2,5,5,1,3,3,1,1,3,FAILING TO YIELD RIGHT-OF-WAY,2,1,0.0,0.0,0.0,0.0,0.0,2.0,6,5,3,03/28/2024,2024-03-28,06:06:00
06/18/2024 11:57:00 AM,5.0,2,1,4,5,1,3,3,0,1,3,FOLLOWING TOO CLOSELY,2,1,0.0,0.0,0.0,0.0,0.0,5.0,11,3,6,06/18/2024,2024-06-18,11:57:00
04/02/2024 09:30:00 PM,3.0,3,4,5,6,1,4,3,0,1,3,FAILING TO YIELD RIGHT-OF-WAY,2,1,0.0,0.0,0.0,0.0,0.0,2.0,21,3,4,04/02/2024,2024-04-02,21:30:00
03/08/2024 07:17:00 PM,7.0,4,4,5,5,1,4,7,1,1,3,NOT APPLICABLE,2,1,0.0,0.0,0.0,0.0,0.0,2.0,19,6,3,03/08/2024,2024-03-08,19:17:00
04/28/2024 05:00:00 PM,5.0,2,1,4,4,1,3,3,0,1,3,IMPROPER OVERTAKING/PASSING,2,1,0.0,0.0,0.0,0.0,0.0,2.0,17,1,4,04/28/2024,2024-04-28,17:00:00
01/25/2024 05:47:00 PM,7.0,4,5,6,5,1,4,1,0,1,2,WEATHER,2,1,0.0,0.0,0.0,0.0,0.0,2.0,17,5,1,01/25/2024,2024-01-25,17:47:00
03/14/2024 05:20:00 PM,3.0,2,1,6,6,1,3,3,0,1,3,FAILING TO YIELD RIGHT-OF-WAY,2,1,0.0,0.0,0.0,0.0,0.0,2.0,17,5,3,03/14/2024,2024-03-14,17:20:00
07/01/2024 12:45:00 PM,7.0,2,1,13,6,1,3,3,1,1,3,FAILING TO YIELD RIGHT-OF-WAY,2,4,1.0,0.0,1.0,0.0,0.0,1.0,12,2,7,07/01/2024,2024-07-01,12:45:00
03/15/2024 12:38:00 PM,5.0,2,1,3,5,1,3,3,0,1,3,UNABLE TO DETERMINE,2,1,0.0,0.0,0.0,0.0,0.0,2.0,12,6,3,03/15/2024,2024-03-15,12:38:00
06/30/2024 06:40:00 AM,5.0,2,1,5,14,1,3,3,1,1,3,FAILING TO YIELD RIGHT-OF-WAY,2,2,2.0,0.0,0.0,0.0,2.0,2.0,6,1,6,06/30/2024,2024-06-30,06:40:00
05/23/2024 10:00:00 PM,7.0,2,4,6,7,1,3,3,1,1,2,"VISION OBSCURED (SIGNS, TREE LIMBS, BUILDINGS, ETC.)",2,3,1.0,0.0,0.0,1.0,0.0,1.0,22,5,5,05/23/2024,2024-05-23,22:00:00