crash_date,traffic_control_device,weather_condition,lighting_condition,first_crash_type,trafficway_type,alignment,roadway_surface_cond,road_defect,crash_type,intersection_related_i,damage,prim_contributory_cause,num_units,most_severe_injury,injuries_total,injuries_fatal,injuries_incapacitating,injuries_non_incapacitating,injuries_reported_not_evident,injuries_no_indication,crash_hour,crash_day_of_week,crash_month,parsed_datetime,date,time
06/20/2024 02:10:00 PM,5.0,2,1,6,12,1,3,1,0,1,3,UNABLE TO DETERMINE,2,1,0.0,0.0,0.0,0.0,0.0,2.0,14,5,6,06/20/2024,2024-06-20,14:10:00
03/01/2024 02:26:00 PM,1.0,2,1,5,6,1,1,1,0,1,1,UNABLE TO DETERMINE,2,1,0.0,0.0,0.0,0.0,0.0,2.0,14,6,3,03/01/2024,2024-03-01,14:26:00
07/03/2024 04:00:00 PM,5.0,2,1,10,4,1,3,3,0,1,3,IMPROPER OVERTAKING/PASSING,2,1,0.0,0.0,0.0,0.0,0.0,2.0,16,4,7,07/03/2024,2024-07-03,16:00:00
08/01/2024 01:45:00 PM,1.0,2,1,6,5,1,3,1,0,1,3,FAILING TO YIELD RIGHT-OF-WAY,2,1,0.0,0.0,0.0,0.0,0.0,2.0,13,5,8,08/01/2024,2024-08-01,13:45:00
07/30/2024 01:15:00 PM,5.0,2,1,5,5,1,3,3,1,1,3,DISREGARDING TRAFFIC SIGNALS,2,2,1.0,0.0,0.0,0.0,1.0,2.0,13,3,7,07/30/2024,2024-07-30,13:15:00
05/19/2024 05:00:00 PM,7.0,2,1,11,6,1,3,3,0,1,3,IMPROPER TURNING/NO SIGNAL,2,1,0.0,0.0,0.0,0.0,0.0,1.0,17,1,5,05/19/2024,2024-05-19,17:00:00
03/14/2024 03:00:00 PM,3.0,2,1,6,7,1,3,3,0,1,3,UNABLE TO DETERMINE,2,1,0.0,0.0,0.0,0.0,0.0,2.0,15,5,3,03/14/2024,2024-03-14,15:00:00
05/02/2024 07:30:00 AM,5.0,2,1,4,6,1,3,1,0,1,3,FOLLOWING TOO CLOSELY,2,1,0.0,0.0,0.0,0.0,0.0,3.0,7,5,5,05/02/2024,2024-05-02,07:30:00
08/12/2024 05:30:00 PM,7.0,2,1,5,5,1,3,3,0,1,2,UNABLE TO DETERMINE,2,1,0.0,0.0,0.0,0.0,0.0,3.0,17,2,8,08/12/2024,2024-08-12,17:30:00
01/27/2024 02:45:00 PM,3.0,2,1,5,6,1,4,1,1,1,3,FAILING TO YIELD RIGHT-OF-WAY,2,1,0.0,0.0,0.0,0.0,0.0,2.0,14,7,1,01/27/2024,2024-01-27,14:45:00
08/08/2024 03:08:00 PM,5.0,2,1,6,5,1,3,3,1,1,3,FAILING TO YIELD RIGHT-OF-WAY,2,1,0.0,0.0,0.0,0.0,0.0,5.0,15,5,8,08/08/2024,2024-08-08,15:08:00
08/05/2024 04:45:00 AM,5.0,2,4,6,6,1,3,3,1,1,3,IMPROPER TURNING/NO SIGNAL,2,1,0.0,0.0,0.0,0.0,0.0,3.0,4,2,8,08/05/2024,2024-08-05,04:45:00
06/26/2024 11:11:00 AM,5.0,2,4,14,7,1,3,3,0,1,2,DISREGARDING TRAFFIC SIGNALS,2,1,0.0,0.0,0.0,0.0,0.0,2.0,11,4,6,06/26/2024,2024-06-26,11:11:00
01/30/2024 04:37:00 AM,5.0,4,4,6,9,1,4,3,1,1,3,FAILING TO YIELD RIGHT-OF-WAY,2,3,1.0,0.0,0.0,1.0,0.0,2.0,4,3,1,01/30/2024,2024-01-30,04:37:00
02/04/2024 02:00:00 PM,7.0,2,1,5,7,1,1,1,0,1,3,UNABLE TO DETERMINE,2,1,0.0,0.0,0.0,0.0,0.0,2.0,14,1,2,02/04/2024,2024-02-04,14:00:00
03/02/2024 08:05:00 AM,5.0,2,1,5,5,1,3,3,0,1,3,DRIVING SKILLS/KNOWLEDGE/EXPERIENCE,2,1,0.0,0.0,0.0,0.0,0.0,2.0,8,7,3,03/02/2024,2024-03-02,08:05:00
02/26/2024 09:00:00 AM,5.0,2,1,3,10,1,3,3,0,1,2,UNABLE TO DETERMINE,2,1,0.0,0.0,0.0,0.0,0.0,2.0,9,2,2,02/26/2024,2024-02-26,09:00:00
06/07/2024 10:56:00 PM,1.0,2,4,5,13,1,3,1,1,1,3,FAILING TO YIELD RIGHT-OF-WAY,2,3,1.0,0.0,0.0,1.0,0.0,3.0,22,6,6,06/07/2024,2024-06-07,22:56:00
04/30/2024 07:20:00 PM,7.0,2,4,8,5,1,3,3,1,0,2,FAILING TO YIELD RIGHT-OF-WAY,2,1,0.0,0.0,0.0,0.0,0.0,2.0,19,3,4,04/30/2024,2024-04-30,19:20:00
07/02/2024 04:30:00 PM,3.0,2,1,6,13,1,3,1,0,1,3,UNABLE TO DETERMINE,2,1,0.0,0.0,0.0,0.0,0.0,2.0,16,3,7,07/02/2024,2024-07-02,16:30:00
01/16/2024 08:02:00 AM,5.0,2,1,6,5,1,2,3,1,1,3,UNABLE TO DETERMINE,2,3,1.0,0.0,0.0,1.0,0.0,1.0,8,3,1,01/16/2024,2024-01-16,08:02:00
07/24/2024 06:00:00 AM,3.0,2,1,6,7,1,3,3,0,1,3,IMPROPER TURNING/NO SIGNAL,2,1,0.0,0.0,0.0,0.0,0.0,2.0,6,4,7,07/24/2024,2024-07-24,06:00:00
08/10/2024 08:13:00 PM,3.0,2,4,6,6,1,3,3,1,1,3,IMPROPER TURNING/NO SIGNAL,2,3,1.0,0.0,0.0,1.0,0.0,3.0,20,7,8,08/10/2024,2024-08-10,20:13:00
05/01/2024 03:02:00 PM,5.0,2,1,3,4,1,3,3,0,1,3,DRIVING SKILLS/KNOWLEDGE/EXPERIENCE,2,1,0.0,0.0,0.0,0.0,0.0,2.0,15,4,5,05/01/2024,2024-05-01,15:02:00
02/25/2024 02:28:00 AM,5.0,2,4,4,14,1,3,3,1,1,3,DISTRACTION - FROM INSIDE VEHICLE,2,1,0.0,0.0,0.0,0.0,0.0,5.0,2,1,2,02/25/2024,2024-02-25,02:28:00
01/26/2024 06:50:00 PM,7.0,4,5,6,6,1,4,1,0,1,2,UNABLE TO DETERMINE,2,1,0.0,0.0,0.0,0.0,0.0,2.0,18,6,1,01/26/2024,2024-01-26,18:50:00
03/30/2024 03:16:00 PM,1.0,2,1,6,6,1,1,1,0,1,3,UNABLE TO DETERMINE,2,1,0.0,0.0,0.0,0.0,0.0,4.0,15,7,3,03/30/2024,2024-03-30,15:16:00
04/20/2024 10:51:00 AM,7.0,2,1,6,5,1,3,3,0,1,1,FAILING TO YIELD RIGHT-OF-WAY,2,1,0.0,0.0,0.0,0.0,0.0,4.0,10,7,4,04/20/2024,2024-04-20,10:51:00
04/15/2024 06:55:00 AM,3.0,2,1,6,6,1,3,3,0,1,3,UNABLE TO DETERMINE,2,1,0.0,0.0,0.0,0.0,0.0,2.0,6,2,4,04/15/2024,2024-04-15,06:55:00
03/12/2024 08:15:00 AM,7.0,2,1,5,5,1,3,3,1,1,3,FAILING TO YIELD RIGHT-OF-WAY,2,3,2.0,0.0,0.0,1.0,1.0,1.0,8,3,3,03/12/2024,2024-03-12,08:15:00
03/07/2024 09:59:00 AM,3.0,2,1,6,4,1,3,3,1,1,3,FAILING TO YIELD RIGHT-OF-WAY,2,3,2.0,0.0,0.0,2.0,0.0,0.0,9,5,3,03/07/2024,2024-03-07,09:59:00
01/09/2024 11:06:00 AM,5.0,4,1,5,7,1,4,3,1,1,3,DISREGARDING TRAFFIC SIGNALS,2,1,0.0,0.0,0.0,0.0,0.0,2.0,11,3,1,01/09/2024,2024-01-09,11:06:00
08/25/2024 09:50:00 PM,5.0,2,4,5,5,1,3,3,0,1,2,UNABLE TO DETERMINE,2,1,0.0,0.0,0.0,0.0,0.0,2.0,21,1,8,08/25/2024,2024-08-25,21:50:00
02/29/2024 08:50:00 AM,5.0,2,1,3,5,1,3,1,1,1,3,FAILING TO YIELD RIGHT-OF-WAY,2,2,1.0,0.0,0.0,0.0,1.0,1.0,8,5,2,02/29/2024,2024-02-29,08:50:00
03/02/2024 07:30:00 PM,7.0,2,4,8,6,1,3,3,0,1,3,UNABLE TO DETERMINE,2,1,0.0,0.0,0.0,0.0,0.0,2.0,19,7,3,03/02/2024,2024-03-02,19:30:00
04/28/2024 02:36:00 AM,7.0,4,4,5,5,1,4,3,0,1,3,FAILING TO YIELD RIGHT-OF-WAY,2,1,0.0,0.0,0.0,0.0,0.0,3.0,2,1,4,04/28/2024,2024-04-28,02:36:00
07/08/2024 01:00:00 PM,3.0,2,1,6,5,1,3,3,0,1,3,UNABLE TO DETERMINE,2,1,0.0,0.0,0.0,0.0,0.0,2.0,13,2,7,07/08/2024,2024-07-08,13:00:00
08/01/2024 08:00:00 PM,7.0,4,4,5,13,1,4,3,1,1,3,FAILING TO YIELD RIGHT-OF-WAY,2,3,1.0,0.0,0.0,1.0,0.0,1.0,20,5,8,08/01/2024,2024-08-01,20:00:00
03/04/2024 12:50:00 AM,5.0,2,4,5,5,1,3,3,0,1,3,NOT APPLICABLE,2,1,0.0,0.0,0.0,0.0,0.0,2.0,0,2,3,03/04/2024,2024-03-04,00:50:00
07/04/2024 11:38:00 PM,5.0,2,4,6,5,1,3,3,1,1,3,IMPROPER TURNING/NO SIGNAL,2,3,1.0,0.0,0.0,1.0,0.0,1.0,23,5,7,07/04/2024,2024-07-04,23:38:00
07/31/2024 08:00:00 PM,5.0,2,4,3,5,1,3,3,0,1,3,IMPROPER OVERTAKING/PASSING,2,1,0.0,0.0,0.0,0.0,0.0,2.0,20,4,7,07/31/2024,2024-07-31,20:00:00
05/20/2024 06:11:00 PM,7.0,2,1,5,6,1,3,3,1,1,3,FAILING TO YIELD RIGHT-OF-WAY,2,3,1.0,0.0,0.0,1.0,0.0,1.0,18,2,5,05/20/2024,2024-05-20,18:11:00
02/13/2024 12:55:00 PM,5.0,2,1,14,6,1,3,3,0,0,3,BICYCLE ADVANCING LEGALLY ON RED LIGHT,2,1,0.0,0.0,0.0,0.0,0.0,2.0,12,3,2,02/13/2024,2024-02-13,12:55:00
08/12/2024 09:00:00 AM,5.0,2,1,4,6,1,3,3,0,1,1,IMPROPER BACKING,2,1,0.0,0.0,0.0,0.0,0.0,2.0,9,2,8,08/12/2024,2024-08-12,09:00:00
05/28/2024 10:45:00 AM,5.0,2,1,4,10,1,3,3,1,1,3,FOLLOWING TOO CLOSELY,2,1,0.0,0.0,0.0,0.0,0.0,2.0,10,3,5,05/28/2024,2024-05-28,10:45:00
05/08/2024 09:45:00 AM,5.0,2,1,3,4,1,3,3,0,1,3,IMPROPER OVERTAKING/PASSING,2,1,0.0,0.0,0.0,0.0,0.0,2.0,9,4,5,05/08/2024,2024-05-08,09:45:00
06/06/2024 04:30:00 PM,5.0,2,1,4,6,1,3,1,0,1,3,IMPROPER BACKING,2,1,0.0,0.0,0.0,0.0,0.0,2.0,16,5,6,06/06/2024,2024-06-06,16:30:00
07/22/2024 10:50:00 AM,5.0,2,1,6,5,1,3,3,0,1,3,DISREGARDING TRAFFIC SIGNALS,2,1,0.0,0.0,0.0,0.0,0.0,4.0,10,2,7,07/22/2024,2024-07-22,10:50:00
02/02/2024 11:29:00 PM,7.0,2,4,5,7,1,3,3,1,1,3,DISREGARDING STOP SIGN,2,3,2.0,0.0,0.0,2.0,0.0,0.0,23,6,2,02/02/2024,2024-02-02,23:29:00
07/08/2024 06:30:00 PM,7.0,2,1,5,5,1,3,1,0,1,3,FAILING TO YIELD RIGHT-OF-WAY,2,1,0.0,0.0,0.0,0.0,0.0,2.0,18,2,7,07/08/2024,2024-07-08,18:30:00
06/07/2024 11:10:00 AM,7.0,2,1,14,5,1,3,3,1,1,1,DISREGARDING STOP SIGN,2,3,1.0,0.0,0.0,1.0,0.0,3.0,11,6,6,06/07/2024,2024-06-07,11:10:00
07/02/2024 02:20:00 PM,7.0,2,1,5,5,1,3,3,0,1,2,DISREGARDING STOP SIGN,2,1,0.0,0.0,0.0,0.0,0.0,2.0,14,3,7,07/02/2024,2024-07-02,14:20:00
05/25/2024 05:38:00 PM,5.0,2,1,3,5,1,3,3,0,1,3,IMPROPER OVERTAKING/PASSING,2,1,0.0,0.0,0.0,0.0,0.0,2.0,17,7,5,05/25/2024,2024-05-25,17:38:00
01/21/2024 03:10:00 AM,5.0,2,4,5,4,1,3,3,1,1,3,UNABLE TO DETERMINE,2,1,0.0,0.0,0.0,0.0,0.0,4.0,3,1,1,01/21/2024,2024-01-21,03:10:00
02/17/2024 12:38:00 PM,5.0,2,1,8,5,1,3,3,0,1,3,IMPROPER BACKING,2,1,0.0,0.0,0.0,0.0,0.0,2.0,12,7,2,02/17/2024,2024-02-17,12:38:00
04/11/2024 02:48:00 PM,7.0,2,1,6,5,1,3,1,0,1,2,FAILING TO YIELD RIGHT-OF-WAY,2,1,0.0,0.0,0.0,0.0,0.0,2.0,14,5,4,04/11/2024,2024-04-11,14:48:00
04/27/2024 12:30:00 PM,5.0,2,1,6,1,1,3,2,1,1,3,IMPROPER TURNING/NO SIGNAL,2,1,0.0,0.0,0.0,0.0,0.0,3.0,12,7,4,04/27/2024,2024-04-27,12:30:00
03/04/2024 05:10:00 PM,7.0,2,1,5,5,1,3,3,0,1,2,DISREGARDING STOP SIGN,2,1,0.0,0.0,0.0,0.0,0.0,2.0,17,2,3,03/04/2024,2024-03-04,17:10:00
04/29/2024 08:15:00 AM,5.0,4,1,6,6,1,4,1,0,1,3,UNABLE TO DETERMINE,2,1,0.0,0.0,0.0,0.0,0.0,2.0,8,2,4,04/29/2024,2024-04-29,08:15:00
03/29/2024 02:13:00 PM,5.0,2,1,6,4,1,1,1,0,1,2,UNABLE TO DETERMINE,2,1,0.0,0.0,0.0,0.0,0.0,3.0,14,6,3,03/29/2024,2024-03-29,14:13:00
05/05/2024 10:58:00 AM,7.0,2,1,6,7,1,3,3,0,1,3,IMPROPER TURNING/NO SIGNAL,2,1,0.0,0.0,0.0,0.0,0.0,2.0,10,1,5,05/05/2024,2024-05-05,10:58:00
05/04/2024 08:19:00 PM,5.0,4,4,3,4,1,4,3,0,1,3,FAILING TO YIELD RIGHT-OF-WAY,2,1,0.0,0.0,0.0,0.0,0.0,4.0,20,7,5,05/04/2024,2024-05-04,20:19:00
02/06/2024 02:35:00 PM,5.0,2,1,3,5,1,3,3,0,1,2,IMPROPER OVERTAKING/PASSING,2,1,0.0,0.0,0.0,0.0,0.0,8.0,14,3,2,02/06/2024,2024-02-06,14:35:00
08/10/2024 11:37:00 AM,5.0,2,1,4,6,1,3,3,0,1,1,DRIVING SKILLS/KNOWLEDGE/EXPERIENCE,2,1,0.0,0.0,0.0,0.0,0.0,3.0,11,7,8,08/10/2024,2024-08-10,11:37:00
08/10/2024 06:01:00 PM,5.0,2,1,6,5,1,3,3,0,1,3,FAILING TO YIELD RIGHT-OF-WAY,2,1,0.0,0.0,0.0,0.0,0.0,2.0,18,7,8,08/10/2024,2024-08-10,18:01:00
04/27/2024 08:45:00 AM,7.0,2,1,5,1,1,3,3,1,1,3,FAILING TO YIELD RIGHT-OF-WAY,2,3,1.0,0.0,0.0,1.0,0.0,1.0,8,7,4,04/27/2024,2024-04-27,08:45:00
07/14/2024 12:06:00 AM,7.0,4,4,5,6,1,4,3,1,1,3,DISREGARDING STOP SIGN,2,3,2.0,0.0,0.0,1.0,1.0,1.0,0,1,7,07/14/2024,2024-07-14,00:06:00
01/03/2024 01:45:00 PM,1.0,2,1,5,5,1,1,1,1,1,3,UNABLE TO DETERMINE,2,2,1.0,0.0,0.0,0.0,1.0,2.0,13,4,1,01/03/2024,2024-01-03,13:45:00
08/01/2024 01:31:00 PM,7.0,2,1,6,3,1,3,3,1,1,3,IMPROPER TURNING/NO SIGNAL,2,3,1.0,0.0,0.0,1.0,0.0,1.0,13,5,8,08/01/2024,2024-08-01,13:31:00
07/05/2024 04:00:00 AM,5.0,2,4,5,13,1,3,3,1,1,3,UNABLE TO DETERMINE,2,1,0.0,0.0,0.0,0.0,0.0,2.0,4,6,7,07/05/2024,2024-07-05,04:00:00
02/02/2024 07:19:00 AM,5.0,2,1,4,5,1,3,3,0,1,2,FOLLOWING TOO CLOSELY,2,1,0.0,0.0,0.0,0.0,0.0,4.0,7,6,2,02/02/2024,2024-02-02,07:19:00
06/26/2024 01:50:00 PM,5.0,2,1,10,12,1,3,3,1,1,3,FAILING TO YIELD RIGHT-OF-WAY,2,1,0.0,0.0,0.0,0.0,0.0,3.0,13,4,6,06/26/2024,2024-06-26,13:50:00
03/03/2024 04:45:00 PM,5.0,2,1,6,5,1,1,1,0,1,2,UNABLE TO DETERMINE,2,1,0.0,0.0,0.0,0.0,0.0,2.0,16,1,3,03/03/2024,2024-03-03,16:45:00
06/11/2024 02:45:00 AM,5.0,2,4,5,5,1,3,3,1,1,3,DISREGARDING TRAFFIC SIGNALS,2,1,0.0,0.0,0.0,0.0,0.0,2.0,2,3,6,06/11/2024,2024-06-11,02:45:00
01/24/2024 08:58:00 AM,7.0,7,1,4,10,1,6,3,0,1,3,FOLLOWING TOO CLOSELY,2,1,0.0,0.0,0.0,0.0,0.0,2.0,8,4,1,01/24/2024,2024-01-24,08:58:00
02/24/2024 11:14:00 PM,5.0,2,4,5,7,1,1,1,1,1,3,UNABLE TO DETERMINE,2,3,2.0,0.0,0.0,2.0,0.0,2.0,23,7,2,02/24/2024,2024-02-24,23:14:00
06/10/2024 07:30:00 PM,5.0,2,2,3,6,1,3,3,0,1,3,IMPROPER LANE USAGE,2,1,0.0,0.0,0.0,0.0,0.0,3.0,19,2,6,06/10/2024,2024-06-10,19:30:00
05/07/2024 04:20:00 PM,5.0,2,1,7,1,1,1,1,0,1,3,NOT APPLICABLE,2,1,0.0,0.0,0.0,0.0,0.0,2.0,16,3,5,05/07/2024,2024-05-07,16:20:00
03/17/2024 10:40:00 PM,5.0,2,4,6,6,1,3,3,0,1,3,IMPROPER TURNING/NO SIGNAL,2,1,0.0,0.0,0.0,0.0,0.0,2.0,22,1,3,03/17/2024,2024-03-17,22:40:00
03/19/2024 07:30:00 AM,3.0,2,1,5,4,1,3,1,0,1,3,UNABLE TO DETERMINE,2,1,0.0,0.0,0.0,0.0,0.0,3.0,7,3,3,03/19/2024,2024-03-19,07:30:00
07/01/2024 11:28:00 AM,5.0,2,1,5,5,1,3,3,1,1,3,DISREGARDING TRAFFIC SIGNALS,2,1,0.0,0.0,0.0,0.0,0.0,2.0,11,2,7,07/01/2024,2024-07-01,11:28:00
01/17/2024 02:00:00 PM,5.0,2,1,6,6,1,3,1,0,1,3,IMPROPER TURNING/NO SIGNAL,2,1,0.0,0.0,0.0,0.0,0.0,2.0,14,4,1,01/17/2024,2024-01-17,14:00:00
04/08/2024 12:20:00 PM,5.0,2,1,11,6,1,3,3,0,1,2,IMPROPER TURNING/NO SIGNAL,2,1,0.0,0.0,0.0,0.0,0.0,1.0,12,2,4,04/08/2024,2024-04-08,12:20:00
05/10/2024 10:40:00 PM,5.0,2,4,4,3,1,3,3,0,1,3,UNABLE TO DETERMINE,2,1,0.0,0.0,0.0,0.0,0.0,4.0,22,6,5,05/10/2024,2024-05-10,22:40:00
04/03/2024 03:40:00 PM,5.0,4,1,6,5,1,4,3,1,1,3,FAILING TO YIELD RIGHT-OF-WAY,2,1,0.0,0.0,0.0,0.0,0.0,2.0,15,4,4,04/03/2024,2024-04-03,15:40:00
01/20/2024 03:32:00 PM,5.0,2,1,6,5,1,5,1,0,1,3,IMPROPER TURNING/NO SIGNAL,2,1,0.0,0.0,0.0,0.0,0.0,3.0,15,7,1,01/20/2024,2024-01-20,15:32:00
05/14/2024 03:23:00 PM,5.0,2,1,4,6,1,3,1,0,1,1,UNABLE TO DETERMINE,2,1,0.0,0.0,0.0,0.0,0.0,2.0,15,3,5,05/14/2024,2024-05-14,15:23:00
04/29/2024 08:30:00 AM,5.0,2,1,6,3,1,4,3,0,1,3,IMPROPER OVERTAKING/PASSING,2,1,0.0,0.0,0.0,0.0,0.0,3.0,8,2,4,04/29/2024,2024-04-29,08:30:00
07/15/2024 03:05:00 PM,5.0,2,1,6,5,1,3,3,0,1,3,DISREGARDING TRAFFIC SIGNALS,2,1,0.0,0.0,0.0,0.0,0.0,3.0,15,2,7,07/15/2024,2024-07-15,15:05:00
05/02/2024 02:45:00 PM,3.0,2,1,6,4,1,3,3,1,1,3,IMPROPER OVERTAKING/PASSING,2,1,0.0,0.0,0.0,0.0,0.0,2.0,14,5,5,05/02/2024,2024-05-02,14:45:00
04/04/2024 10:35:00 AM,5.0,4,1,6,6,1,4,3,0,1,3,IMPROPER OVERTAKING/PASSING,2,1,0.0,0.0,0.0,0.0,0.0,2.0,10,5,4,04/04/2024,2024-04-04,10:35:00
05/28/2024 06:03:00 PM,7.0,4,1,5,6,1,4,1,1,1,3,DRIVING SKILLS/KNOWLEDGE/EXPERIENCE,2,3,1.0,0.0,0.0,1.0,0.0,2.0,18,3,5,05/28/2024,2024-05-28,18:03:00
04/20/2024 01:56:00 PM,1.0,2,1,6,6,1,3,1,0,0,3,IMPROPER TURNING/NO SIGNAL,2,1,0.0,0.0,0.0,0.0,0.0,3.0,13,7,4,04/20/2024,2024-04-20,13:56:00
06/25/2024 09:03:00 AM,5.0,4,1,10,6,1,4,3,1,1,3,UNABLE TO DETERMINE,2,1,0.0,0.0,0.0,0.0,0.0,2.0,9,3,6,06/25/2024,2024-06-25,09:03:00
03/01/2024 01:00:00 PM,3.0,2,1,5,6,1,3,3,0,1,3,FAILING TO YIELD RIGHT-OF-WAY,2,1,0.0,0.0,0.0,0.0,0.0,2.0,13,6,3,03/01/2024,2024-03-01,13:00:00
04/05/2024 11:30:00 AM,5.0,3,1,6,6,1,1,1,0,1,2,UNABLE TO DETERMINE,2,1,0.0,0.0,0.0,0.0,0.0,3.0,11,6,4,04/05/2024,2024-04-05,11:30:00
04/05/2024 03:10:00 PM,7.0,2,1,5,5,1,3,3,1,1,3,FAILING TO YIELD RIGHT-OF-WAY,2,1,0.0,0.0,0.0,0.0,0.0,3.0,15,6,4,04/05/2024,2024-04-05,15:10:00
05/31/2024 10:17:00 PM,5.0,2,4,6,4,1,3,3,1,1,3,FAILING TO YIELD RIGHT-OF-WAY,2,4,2.0,0.0,2.0,0.0,0.0,2.0,22,6,5,05/31/2024,2024-05-31,22:17:00
06/11/2024 08:02:00 AM,5.0,2,1,6,1,1,3,1,0,1,3,FAILING TO YIELD RIGHT-OF-WAY,2,1,0.0,0.0,0.0,0.0,0.0,2.0,8,3,6,06/11/2024,2024-06-11,08:02:00
07/23/2024 07:35:00 PM,5.0,4,4,13,5,1,4,1,1,1,2,FAILING TO YIELD RIGHT-OF-WAY,2,3,1.0,0.0,0.0,1.0,0.0,1.0,19,3,7,07/23/2024,2024-07-23,19:35:00
05/19/2024 03:58:00 AM,3.0,2,4,6,4,1,3,3,1,1,3,IMPROPER TURNING/NO SIGNAL,2,1,0.0,0.0,0.0,0.0,0.0,4.0,3,1,5,05/19/2024,2024-05-19,03:58:00
01/29/2024 04:50:00 PM,7.0,2,4,6,4,1,3,3,1,1,1,UNABLE TO DETERMINE,2,2,1.0,0.0,0.0,0.0,1.0,1.0,16,2,1,01/29/2024,2024-01-29,16:50:00
04/29/2024 07:45:00 PM,7.0,2,3,3,18,1,3,3,0,1,2,FAILING TO REDUCE SPEED TO AVOID CRASH,2,1,0.0,0.0,0.0,0.0,0.0,2.0,19,2,4,04/29/2024,2024-04-29,19:45:00
02/01/2024 08:00:00 AM,5.0,2,1,6,12,1,3,3,1,1,3,FAILING TO YIELD RIGHT-OF-WAY,2,2,1.0,0.0,0.0,0.0,1.0,2.0,8,5,2,02/01/2024,2024-02-01,08:00:00
05/17/2024 11:30:00 PM,3.0,2,4,11,4,1,3,3,1,1,3,FAILING TO REDUCE SPEED TO AVOID CRASH,2,4,2.0,0.0,2.0,0.0,0.0,0.0,23,6,5,05/17/2024,2024-05-17,23:30:00
07/02/2024 12:55:00 PM,5.0,2,1,6,5,1,3,3,1,1,3,FAILING TO YIELD RIGHT-OF-WAY,2,1,0.0,0.0,0.0,0.0,0.0,2.0,12,3,7,07/02/2024,2024-07-02,12:55:00
03/09/2024 11:00:00 PM,5.0,2,4,5,5,1,3,3,0,1,2,DISREGARDING TRAFFIC SIGNALS,2,1,0.0,0.0,0.0,0.0,0.0,4.0,23,7,3,03/09/2024,2024-03-09,23:00:00
06/21/2024 01:15:00 PM,1.0,2,1,3,5,1,1,1,0,1,3,IMPROPER OVERTAKING/PASSING,2,1,0.0,0.0,0.0,0.0,0.0,2.0,13,6,6,06/21/2024,2024-06-21,13:15:00
02/10/2024 11:35:00 AM,7.0,2,1,6,3,1,3,3,0,1,1,FOLLOWING TOO CLOSELY,2,1,0.0,0.0,0.0,0.0,0.0,3.0,11,7,2,02/10/2024,2024-02-10,11:35:00
07/25/2024 09:25:00 AM,5.0,2,1,3,5,1,3,1,0,1,1,IMPROPER LANE USAGE,2,1,0.0,0.0,0.0,0.0,0.0,2.0,9,5,7,07/25/2024,2024-07-25,09:25:00
05/29/2024 12:45:00 PM,5.0,2,1,3,5,1,3,3,0,1,1,IMPROPER LANE USAGE,2,1,0.0,0.0,0.0,0.0,0.0,2.0,12,4,5,05/29/2024,2024-05-29,12:45:00
04/20/2024 07:02:00 PM,5.0,2,1,3,4,1,3,3,0,1,3,UNABLE TO DETERMINE,2,1,0.0,0.0,0.0,0.0,0.0,2.0,19,7,4,04/20/2024,2024-04-20,19:02:00
06/02/2024 08:25:00 PM,5.0,2,3,6,5,1,3,3,0,1,2,IMPROPER TURNING/NO SIGNAL,2,1,0.0,0.0,0.0,0.0,0.0,2.0,20,1,6,06/02/2024,2024-06-02,20:25:00
04/07/2024 01:20:00 AM,5.0,2,4,5,5,1,3,3,1,1,3,DISREGARDING TRAFFIC SIGNALS,2,4,1.0,0.0,1.0,0.0,0.0,1.0,1,1,4,04/07/2024,2024-04-07,01:20:00
01/24/2024 08:00:00 PM,3.0,2,1,11,2,1,1,1,0,0,3,UNABLE TO DETERMINE,2,1,0.0,0.0,0.0,0.0,0.0,1.0,20,4,1,01/24/2024,2024-01-24,20:00:00
07/30/2024 02:26:00 PM,5.0,2,1,3,5,1,3,3,0,1,2,UNABLE TO DETERMINE,2,1,0.0,0.0,0.0,0.0,0.0,2.0,14,3,7,07/30/2024,2024-07-30,14:26:00
04/22/2024 10:30:00 AM,7.0,2,1,6,5,1,3,3,0,1,3,IMPROPER TURNING/NO SIGNAL,2,1,0.0,0.0,0.0,0.0,0.0,2.0,10,2,4,04/22/2024,2024-04-22,10:30:00
01/26/2024 05:12:00 PM,5.0,4,5,4,6,1,4,3,1,1,3,NOT APPLICABLE,2,2,1.0,0.0,0.0,0.0,1.0,1.0,17,6,1,01/26/2024,2024-01-26,17:12:00
01/07/2024 11:04:00 PM,5.0,2,4,5,4,1,3,3,1,1,3,UNABLE TO DETERMINE,2,3,2.0,0.0,0.0,2.0,0.0,2.0,23,1,1,01/07/2024,2024-01-07,23:04:00
01/08/2024 12:55:00 AM,5.0,2,4,4,5,1,3,3,0,1,3,UNABLE TO DETERMINE,2,1,0.0,0.0,0.0,0.0,0.0,2.0,0,2,1,01/08/2024,2024-01-08,00:55:00
04/24/2024 05:57:00 PM,5.0,2,1,6,1,1,3,1,0,1,2,FAILING TO YIELD RIGHT-OF-WAY,2,1,0.0,0.0,0.0,0.0,0.0,4.0,17,4,4,04/24/2024,2024-04-24,17:57:00
03/18/2024 12:50:00 PM,5.0,2,1,3,6,1,3,3,0,1,2,IMPROPER OVERTAKING/PASSING,2,1,0.0,0.0,0.0,0.0,0.0,2.0,12,2,3,03/18/2024,2024-03-18,12:50:00