crash_date,traffic_control_device,weather_condition,lighting_condition,first_crash_type,trafficway_type,alignment,roadway_surface_cond,road_defect,crash_type,intersection_related_i,damage,prim_contributory_cause,num_units,most_severe_injury,injuries_total,injuries_fatal,injuries_incapacitating,injuries_non_incapacitating,injuries_reported_not_evident,injuries_no_indication,crash_hour,crash_day_of_week,crash_month,parsed_datetime,date,time
06/12/2024 02:00:00 PM,7.0,2,1,4,4,1,3,1,0,1,3,UNABLE TO DETERMINE,2,1,0.0,0.0,0.0,0.0,0.0,2.0,14,4,6,06/12/2024,2024-06-12,14:00:00
03/28/2024 12:20:00 PM,5.0,2,1,3,3,1,3,3,0,1,3,IMPROPER OVERTAKING/PASSING,2,1,0.0,0.0,0.0,0.0,0.0,3.0,12,5,3,03/28/2024,2024-03-28,12:20:00
04/18/2024 08:22:00 PM,5.0,4,4,6,5,1,4,3,1,1,3,UNABLE TO DETERMINE,2,4,1.0,0.0,1.0,0.0,0.0,1.0,20,5,4,04/18/2024,2024-04-18,20:22:00
05/17/2024 10:55:00 AM,5.0,2,1,6,5,1,3,3,0,1,2,FOLLOWING TOO CLOSELY,2,1,0.0,0.0,0.0,0.0,0.0,2.0,10,6,5,05/17/2024,2024-05-17,10:55:00
02/06/2024 05:15:00 PM,7.0,2,4,5,5,1,3,1,0,1,2,DISREGARDING STOP SIGN,2,1,0.0,0.0,0.0,0.0,0.0,3.0,17,3,2,02/06/2024,2024-02-06,17:15:00
04/25/2024 02:20:00 PM,1.0,2,1,3,5,1,1,1,0,1,3,UNABLE TO DETERMINE,2,1,0.0,0.0,0.0,0.0,0.0,2.0,14,5,4,04/25/2024,2024-04-25,14:20:00
06/19/2024 09:30:00 PM,3.0,2,4,11,2,1,3,3,0,1,1,NOT APPLICABLE,2,1,0.0,0.0,0.0,0.0,0.0,1.0,21,4,6,06/19/2024,2024-06-19,21:30:00
07/16/2024 07:15:00 PM,5.0,2,1,5,10,1,3,3,0,1,2,DISREGARDING TRAFFIC SIGNALS,2,1,0.0,0.0,0.0,0.0,0.0,2.0,19,3,7,07/16/2024,2024-07-16,19:15:00
03/04/2024 10:37:00 PM,7.0,4,4,5,4,1,4,3,1,1,3,UNABLE TO DETERMINE,2,1,0.0,0.0,0.0,0.0,0.0,2.0,22,2,3,03/04/2024,2024-03-04,22:37:00
05/11/2024 02:10:00 PM,5.0,2,1,5,5,1,3,1,1,1,3,DISREGARDING TRAFFIC SIGNALS,2,3,1.0,0.0,0.0,1.0,0.0,1.0,14,7,5,05/11/2024,2024-05-11,14:10:00
04/16/2024 09:03:00 PM,5.0,4,4,13,7,1,4,3,1,1,1,FAILING TO YIELD RIGHT-OF-WAY,2,2,1.0,0.0,0.0,0.0,1.0,1.0,21,3,4,04/16/2024,2024-04-16,21:03:00
02/02/2024 01:00:00 AM,5.0,2,4,6,4,1,3,3,1,1,3,IMPROPER TURNING/NO SIGNAL,2,1,0.0,0.0,0.0,0.0,0.0,3.0,1,6,2,02/02/2024,2024-02-02,01:00:00
05/10/2024 03:45:00 PM,1.0,2,1,3,14,1,3,3,0,1,3,IMPROPER OVERTAKING/PASSING,2,1,0.0,0.0,0.0,0.0,0.0,5.0,15,6,5,05/10/2024,2024-05-10,15:45:00
04/24/2024 05:15:00 PM,5.0,2,1,3,5,1,1,1,0,1,3,IMPROPER OVERTAKING/PASSING,2,1,0.0,0.0,0.0,0.0,0.0,2.0,17,4,4,04/24/2024,2024-04-24,17:15:00
02/13/2024 02:45:00 PM,5.0,2,1,4,5,1,3,3,0,1,2,FOLLOWING TOO CLOSELY,2,1,0.0,0.0,0.0,0.0,0.0,4.0,14,3,2,02/13/2024,2024-02-13,14:45:00
07/01/2024 03:51:00 PM,3.0,2,1,4,5,1,3,3,0,1,1,FAILING TO REDUCE SPEED TO AVOID CRASH,2,1,0.0,0.0,0.0,0.0,0.0,2.0,15,2,7,07/01/2024,2024-07-01,15:51:00
07/30/2024 11:37:00 AM,3.0,2,1,6,4,1,3,3,1,1,3,UNABLE TO DETERMINE,2,1,0.0,0.0,0.0,0.0,0.0,2.0,11,3,7,07/30/2024,2024-07-30,11:37:00
03/17/2024 02:30:00 AM,3.0,2,4,13,5,1,3,3,1,1,3,UNABLE TO DETERMINE,2,4,1.0,0.0,1.0,0.0,0.0,1.0,2,1,3,03/17/2024,2024-03-17,02:30:00
03/16/2024 02:22:00 PM,3.0,3,1,13,5,1,3,3,1,1,1,"VISION OBSCURED (SIGNS, TREE LIMBS, BUILDINGS, ETC.)",2,3,1.0,0.0,0.0,1.0,0.0,1.0,14,7,3,03/16/2024,2024-03-16,14:22:00
04/02/2024 08:15:00 AM,3.0,4,1,5,5,1,4,3,0,1,3,FAILING TO YIELD RIGHT-OF-WAY,2,1,0.0,0.0,0.0,0.0,0.0,2.0,8,3,4,04/02/2024,2024-04-02,08:15:00
05/30/2024 07:45:00 AM,5.0,2,1,3,14,1,1,3,0,1,2,FAILING TO YIELD RIGHT-OF-WAY,2,1,0.0,0.0,0.0,0.0,0.0,2.0,7,5,5,05/30/2024,2024-05-30,07:45:00
05/29/2024 11:09:00 AM,7.0,2,1,5,6,1,3,3,0,1,3,DISREGARDING STOP SIGN,2,1,0.0,0.0,0.0,0.0,0.0,3.0,11,4,5,05/29/2024,2024-05-29,11:09:00
04/10/2024 12:55:00 PM,7.0,2,1,6,6,1,3,3,0,1,2,UNABLE TO DETERMINE,2,1,0.0,0.0,0.0,0.0,0.0,2.0,12,4,4,04/10/2024,2024-04-10,12:55:00
04/13/2024 04:00:00 PM,7.0,2,1,6,7,1,3,3,1,1,3,IMPROPER TURNING/NO SIGNAL,2,1,0.0,0.0,0.0,0.0,0.0,3.0,16,7,4,04/13/2024,2024-04-13,16:00:00
06/03/2024 01:10:00 PM,5.0,2,1,6,5,1,3,3,0,1,3,UNABLE TO DETERMINE,2,1,0.0,0.0,0.0,0.0,0.0,2.0,13,2,6,06/03/2024,2024-06-03,13:10:00
01/03/2024 10:19:00 PM,7.0,2,4,6,10,1,3,3,1,1,3,FOLLOWING TOO CLOSELY,2,1,0.0,0.0,0.0,0.0,0.0,2.0,22,4,1,01/03/2024,2024-01-03,22:19:00
02/26/2024 06:42:00 PM,7.0,2,4,9,5,1,3,1,1,1,3,UNABLE TO DETERMINE,2,3,2.0,0.0,0.0,2.0,0.0,1.0,18,2,2,02/26/2024,2024-02-26,18:42:00
02/16/2024 08:07:00 AM,3.0,2,1,5,5,1,3,3,1,1,2,UNABLE TO DETERMINE,2,3,1.0,0.0,0.0,1.0,0.0,2.0,8,6,2,02/16/2024,2024-02-16,08:07:00
05/31/2024 01:00:00 PM,5.0,2,1,3,5,1,3,3,0,1,1,IMPROPER OVERTAKING/PASSING,2,1,0.0,0.0,0.0,0.0,0.0,2.0,13,6,5,05/31/2024,2024-05-31,13:00:00
07/20/2024 03:18:00 PM,5.0,2,1,4,10,1,3,3,0,1,3,FAILING TO YIELD RIGHT-OF-WAY,2,1,0.0,0.0,0.0,0.0,0.0,2.0,15,7,7,07/20/2024,2024-07-20,15:18:00
04/30/2024 12:15:00 PM,7.0,2,1,4,6,1,3,3,0,1,3,FOLLOWING TOO CLOSELY,2,1,0.0,0.0,0.0,0.0,0.0,3.0,12,3,4,04/30/2024,2024-04-30,12:15:00
04/25/2024 07:45:00 AM,5.0,2,1,6,5,1,3,1,0,1,3,UNABLE TO DETERMINE,2,1,0.0,0.0,0.0,0.0,0.0,5.0,7,5,4,04/25/2024,2024-04-25,07:45:00
05/16/2024 01:50:00 PM,5.0,4,1,4,5,1,4,3,0,1,3,UNABLE TO DETERMINE,2,1,0.0,0.0,0.0,0.0,0.0,2.0,13,5,5,05/16/2024,2024-05-16,13:50:00
02/01/2024 01:09:00 PM,5.0,2,1,13,5,1,3,3,1,1,1,FAILING TO YIELD RIGHT-OF-WAY,2,2,1.0,0.0,0.0,0.0,1.0,1.0,13,5,2,02/01/2024,2024-02-01,13:09:00
01/10/2024 08:30:00 AM,7.0,5,1,11,5,1,4,1,0,1,3,IMPROPER OVERTAKING/PASSING,2,1,0.0,0.0,0.0,0.0,0.0,1.0,8,4,1,01/10/2024,2024-01-10,08:30:00
02/11/2024 04:20:00 PM,7.0,2,1,4,4,1,3,3,0,1,3,FOLLOWING TOO CLOSELY,2,1,0.0,0.0,0.0,0.0,0.0,2.0,16,1,2,02/11/2024,2024-02-11,16:20:00
04/28/2024 02:30:00 AM,5.0,4,4,6,3,1,4,1,0,1,3,NOT APPLICABLE,2,1,0.0,0.0,0.0,0.0,0.0,2.0,2,1,4,04/28/2024,2024-04-28,02:30:00
01/17/2024 08:36:00 AM,5.0,2,1,6,12,1,3,3,0,1,3,FAILING TO YIELD RIGHT-OF-WAY,2,1,0.0,0.0,0.0,0.0,0.0,3.0,8,4,1,01/17/2024,2024-01-17,08:36:00
06/04/2024 12:30:00 PM,7.0,2,1,11,6,1,3,3,0,0,3,UNABLE TO DETERMINE,2,1,0.0,0.0,0.0,0.0,0.0,6.0,12,3,6,06/04/2024,2024-06-04,12:30:00
06/10/2024 11:26:00 AM,5.0,2,1,4,6,1,3,3,0,1,3,IMPROPER BACKING,2,1,0.0,0.0,0.0,0.0,0.0,2.0,11,2,6,06/10/2024,2024-06-10,11:26:00
05/05/2024 07:08:00 PM,5.0,2,1,6,7,1,3,3,0,1,3,FAILING TO YIELD RIGHT-OF-WAY,2,1,0.0,0.0,0.0,0.0,0.0,2.0,19,1,5,05/05/2024,2024-05-05,19:08:00
04/24/2024 02:35:00 PM,7.0,2,1,13,6,1,3,3,1,1,2,FAILING TO YIELD RIGHT-OF-WAY,2,2,1.0,0.0,0.0,0.0,1.0,1.0,14,4,4,04/24/2024,2024-04-24,14:35:00
05/07/2024 08:30:00 PM,7.0,2,1,6,7,1,1,1,1,1,3,DISREGARDING STOP SIGN,2,1,0.0,0.0,0.0,0.0,0.0,2.0,20,3,5,05/07/2024,2024-05-07,20:30:00
05/31/2024 08:00:00 PM,5.0,2,5,4,9,1,3,3,0,0,3,UNABLE TO DETERMINE,2,1,0.0,0.0,0.0,0.0,0.0,2.0,20,6,5,05/31/2024,2024-05-31,20:00:00
01/15/2024 10:00:00 PM,3.0,5,5,5,6,1,5,1,0,1,3,UNABLE TO DETERMINE,2,1,0.0,0.0,0.0,0.0,0.0,2.0,22,2,1,01/15/2024,2024-01-15,22:00:00
04/27/2024 01:30:00 PM,5.0,2,2,6,5,1,3,3,0,1,3,IMPROPER TURNING/NO SIGNAL,2,1,0.0,0.0,0.0,0.0,0.0,2.0,13,7,4,04/27/2024,2024-04-27,13:30:00
07/02/2024 09:25:00 AM,5.0,2,2,6,7,1,3,3,0,1,3,DISREGARDING TRAFFIC SIGNALS,2,1,0.0,0.0,0.0,0.0,0.0,2.0,9,3,7,07/02/2024,2024-07-02,09:25:00
03/16/2024 06:49:00 PM,5.0,2,3,6,6,1,3,3,1,1,3,FAILING TO REDUCE SPEED TO AVOID CRASH,2,2,1.0,0.0,0.0,0.0,1.0,1.0,18,7,3,03/16/2024,2024-03-16,18:49:00
06/08/2024 03:45:00 PM,5.0,3,1,6,5,1,3,3,0,1,2,IMPROPER TURNING/NO SIGNAL,2,1,0.0,0.0,0.0,0.0,0.0,2.0,15,7,6,06/08/2024,2024-06-08,15:45:00
06/18/2024 05:08:00 PM,5.0,2,1,3,6,1,3,3,0,0,3,IMPROPER OVERTAKING/PASSING,2,1,0.0,0.0,0.0,0.0,0.0,2.0,17,3,6,06/18/2024,2024-06-18,17:08:00
06/17/2024 01:00:00 AM,3.0,2,4,5,6,1,3,3,1,1,3,DRIVING ON WRONG SIDE/WRONG WAY,2,1,0.0,0.0,0.0,0.0,0.0,2.0,1,2,6,06/17/2024,2024-06-17,01:00:00
01/14/2024 08:27:00 AM,3.0,2,1,5,16,1,5,3,0,1,2,FAILING TO YIELD RIGHT-OF-WAY,2,1,0.0,0.0,0.0,0.0,0.0,2.0,8,1,1,01/14/2024,2024-01-14,08:27:00
05/01/2024 09:17:00 AM,7.0,2,1,5,5,1,3,1,0,1,3,UNABLE TO DETERMINE,2,1,0.0,0.0,0.0,0.0,0.0,2.0,9,4,5,05/01/2024,2024-05-01,09:17:00
01/10/2024 08:30:00 AM,7.0,2,1,6,6,1,4,3,1,1,3,FAILING TO YIELD RIGHT-OF-WAY,2,1,0.0,0.0,0.0,0.0,0.0,2.0,8,4,1,01/10/2024,2024-01-10,08:30:00
05/03/2024 04:30:00 PM,5.0,2,1,6,5,1,3,3,0,1,2,UNABLE TO DETERMINE,2,1,0.0,0.0,0.0,0.0,0.0,2.0,16,6,5,05/03/2024,2024-05-03,16:30:00
04/25/2024 07:45:00 AM,5.0,2,1,4,6,1,3,3,0,1,3,FOLLOWING TOO CLOSELY,2,1,0.0,0.0,0.0,0.0,0.0,2.0,7,5,4,04/25/2024,2024-04-25,07:45:00
03/22/2024 03:16:00 PM,2.0,5,2,13,4,1,4,3,1,0,3,UNABLE TO DETERMINE,2,4,1.0,0.0,1.0,0.0,0.0,1.0,15,6,3,03/22/2024,2024-03-22,15:16:00
06/20/2024 11:19:00 AM,7.0,2,1,6,7,1,3,3,1,1,3,DISREGARDING STOP SIGN,2,1,0.0,0.0,0.0,0.0,0.0,2.0,11,5,6,06/20/2024,2024-06-20,11:19:00
05/06/2024 11:05:00 AM,3.0,2,1,6,2,1,3,1,1,1,3,FAILING TO YIELD RIGHT-OF-WAY,2,3,1.0,0.0,0.0,1.0,0.0,1.0,11,2,5,05/06/2024,2024-05-06,11:05:00
07/12/2024 06:58:00 PM,7.0,2,1,6,6,1,3,3,0,1,3,IMPROPER TURNING/NO SIGNAL,2,1,0.0,0.0,0.0,0.0,0.0,6.0,18,6,7,07/12/2024,2024-07-12,18:58:00
01/23/2024 05:50:00 PM,5.0,4,5,4,6,1,4,1,0,1,2,FOLLOWING TOO CLOSELY,2,1,0.0,0.0,0.0,0.0,0.0,2.0,17,3,1,01/23/2024,2024-01-23,17:50:00
06/25/2024 07:15:00 AM,5.0,4,1,6,5,1,4,3,0,1,3,UNABLE TO DETERMINE,2,1,0.0,0.0,0.0,0.0,0.0,2.0,7,3,6,06/25/2024,2024-06-25,07:15:00
02/14/2024 06:08:00 AM,7.0,2,2,4,6,1,3,3,1,1,3,DRIVING SKILLS/KNOWLEDGE/EXPERIENCE,2,1,0.0,0.0,0.0,0.0,0.0,2.0,6,4,2,02/14/2024,2024-02-14,06:08:00
08/08/2024 06:10:00 PM,5.0,2,1,3,5,1,3,3,0,1,2,DISREGARDING ROAD MARKINGS,2,1,0.0,0.0,0.0,0.0,0.0,2.0,18,5,8,08/08/2024,2024-08-08,18:10:00
05/02/2024 11:00:00 PM,5.0,4,4,6,6,1,4,3,0,1,2,DISREGARDING TRAFFIC SIGNALS,2,1,0.0,0.0,0.0,0.0,0.0,2.0,23,5,5,05/02/2024,2024-05-02,23:00:00
05/09/2024 04:00:00 PM,7.0,4,1,13,5,1,4,3,1,1,1,WEATHER,2,2,1.0,0.0,0.0,0.0,1.0,1.0,16,5,5,05/09/2024,2024-05-09,16:00:00
08/11/2024 02:00:00 PM,5.0,2,1,12,5,1,1,1,0,1,3,"OPERATING VEHICLE IN ERRATIC, RECKLESS, CARELESS, NEGLIGENT OR AGGRESSIVE MANNER",2,1,0.0,0.0,0.0,0.0,0.0,2.0,14,1,8,08/11/2024,2024-08-11,14:00:00
06/21/2024 05:10:00 PM,5.0,2,1,4,5,1,3,3,0,1,3,FOLLOWING TOO CLOSELY,2,1,0.0,0.0,0.0,0.0,0.0,2.0,17,6,6,06/21/2024,2024-06-21,17:10:00
04/09/2024 05:19:00 PM,5.0,2,1,3,7,1,3,3,0,1,2,IMPROPER LANE USAGE,2,1,0.0,0.0,0.0,0.0,0.0,4.0,17,3,4,04/09/2024,2024-04-09,17:19:00
03/31/2024 02:02:00 AM,3.0,2,4,6,7,1,3,3,1,1,1,"DISTRACTION - OTHER ELECTRONIC DEVICE (NAVIGATION DEVICE, DVD PLAYER, ETC.)",2,3,1.0,0.0,0.0,1.0,0.0,1.0,2,1,3,03/31/2024,2024-03-31,02:02:00
04/02/2024 07:43:00 AM,5.0,4,2,3,3,1,4,3,0,1,3,IMPROPER LANE USAGE,2,1,0.0,0.0,0.0,0.0,0.0,2.0,7,3,4,04/02/2024,2024-04-02,07:43:00
04/20/2024 01:39:00 AM,5.0,2,4,4,5,1,3,3,1,1,2,FOLLOWING TOO CLOSELY,2,3,1.0,0.0,0.0,1.0,0.0,1.0,1,7,4,04/20/2024,2024-04-20,01:39:00
05/11/2024 07:05:00 AM,5.0,2,1,3,4,1,3,3,0,1,3,UNABLE TO DETERMINE,2,1,0.0,0.0,0.0,0.0,0.0,2.0,7,7,5,05/11/2024,2024-05-11,07:05:00
03/24/2024 05:49:00 AM,7.0,2,1,4,6,1,3,3,1,1,3,DISREGARDING STOP SIGN,2,1,0.0,0.0,0.0,0.0,0.0,2.0,5,1,3,03/24/2024,2024-03-24,05:49:00
06/28/2024 12:36:00 PM,3.0,2,1,3,6,1,3,3,0,0,3,IMPROPER OVERTAKING/PASSING,2,1,0.0,0.0,0.0,0.0,0.0,2.0,12,6,6,06/28/2024,2024-06-28,12:36:00
06/03/2024 12:15:00 AM,5.0,2,4,6,6,1,3,3,0,1,3,UNABLE TO DETERMINE,2,1,0.0,0.0,0.0,0.0,0.0,3.0,0,2,6,06/03/2024,2024-06-03,00:15:00
02/07/2024 05:17:00 PM,5.0,2,3,13,7,1,3,3,1,1,3,FAILING TO YIELD RIGHT-OF-WAY,2,3,1.0,0.0,0.0,1.0,0.0,1.0,17,4,2,02/07/2024,2024-02-07,17:17:00
03/20/2024 01:25:00 PM,5.0,2,1,4,5,1,3,3,1,1,3,UNABLE TO DETERMINE,2,3,1.0,0.0,0.0,1.0,0.0,1.0,13,4,3,03/20/2024,2024-03-20,13:25:00
08/10/2024 04:05:00 PM,5.0,2,1,3,4,1,3,1,0,1,3,UNABLE TO DETERMINE,2,1,0.0,0.0,0.0,0.0,0.0,2.0,16,7,8,08/10/2024,2024-08-10,16:05:00
08/02/2024 02:00:00 PM,7.0,2,1,5,7,1,3,3,1,1,3,FAILING TO YIELD RIGHT-OF-WAY,2,1,0.0,0.0,0.0,0.0,0.0,2.0,14,6,8,08/02/2024,2024-08-02,14:00:00
01/26/2024 08:00:00 PM,5.0,4,5,4,5,1,5,3,0,1,3,FOLLOWING TOO CLOSELY,2,1,0.0,0.0,0.0,0.0,0.0,2.0,20,6,1,01/26/2024,2024-01-26,20:00:00
01/03/2024 06:05:00 AM,5.0,4,4,5,1,1,4,3,1,1,3,DISREGARDING TRAFFIC SIGNALS,2,1,0.0,0.0,0.0,0.0,0.0,4.0,6,4,1,01/03/2024,2024-01-03,06:05:00
07/07/2024 12:40:00 PM,5.0,2,1,10,6,1,3,3,0,1,3,DRIVING ON WRONG SIDE/WRONG WAY,2,1,0.0,0.0,0.0,0.0,0.0,2.0,12,1,7,07/07/2024,2024-07-07,12:40:00
02/09/2024 09:57:00 AM,7.0,2,4,5,5,1,3,3,1,1,3,DISREGARDING STOP SIGN,2,3,1.0,0.0,0.0,1.0,0.0,2.0,9,6,2,02/09/2024,2024-02-09,09:57:00
02/05/2024 10:35:00 PM,7.0,2,4,5,10,1,3,3,0,1,2,FAILING TO YIELD RIGHT-OF-WAY,2,1,0.0,0.0,0.0,0.0,0.0,4.0,22,2,2,02/05/2024,2024-02-05,22:35:00
05/20/2024 03:25:00 PM,5.0,3,1,4,6,1,4,3,1,1,3,FOLLOWING TOO CLOSELY,2,2,2.0,0.0,0.0,0.0,2.0,1.0,15,2,5,05/20/2024,2024-05-20,15:25:00
06/03/2024 08:00:00 AM,5.0,2,1,3,6,1,3,3,0,1,3,IMPROPER OVERTAKING/PASSING,2,1,0.0,0.0,0.0,0.0,0.0,4.0,8,2,6,06/03/2024,2024-06-03,08:00:00
03/04/2024 06:16:00 PM,7.0,2,4,5,5,1,3,3,1,1,3,FAILING TO YIELD RIGHT-OF-WAY,2,1,0.0,0.0,0.0,0.0,0.0,2.0,18,2,3,03/04/2024,2024-03-04,18:16:00
04/03/2024 07:10:00 PM,3.0,4,4,5,6,1,4,1,1,1,3,FAILING TO YIELD RIGHT-OF-WAY,2,1,0.0,0.0,0.0,0.0,0.0,2.0,19,4,4,04/03/2024,2024-04-03,19:10:00
05/28/2024 01:18:00 PM,5.0,2,1,4,7,1,3,3,1,1,3,FOLLOWING TOO CLOSELY,2,1,0.0,0.0,0.0,0.0,0.0,2.0,13,3,5,05/28/2024,2024-05-28,13:18:00
05/29/2024 04:00:00 PM,5.0,2,1,4,5,1,1,1,0,1,3,UNABLE TO DETERMINE,2,1,0.0,0.0,0.0,0.0,0.0,2.0,16,4,5,05/29/2024,2024-05-29,16:00:00
08/06/2024 12:51:00 PM,5.0,3,1,4,5,1,3,3,0,1,3,FOLLOWING TOO CLOSELY,2,1,0.0,0.0,0.0,0.0,0.0,2.0,12,3,8,08/06/2024,2024-08-06,12:51:00
06/10/2024 07:03:00 PM,7.0,2,1,5,5,1,3,1,1,1,3,FAILING TO YIELD RIGHT-OF-WAY,2,3,2.0,0.0,0.0,2.0,0.0,1.0,19,2,6,06/10/2024,2024-06-10,19:03:00
06/20/2024 05:48:00 PM,5.0,2,1,3,5,1,3,3,0,1,3,IMPROPER LANE USAGE,2,1,0.0,0.0,0.0,0.0,0.0,4.0,17,5,6,06/20/2024,2024-06-20,17:48:00
07/06/2024 07:23:00 AM,5.0,2,1,5,5,1,3,3,1,1,3,UNABLE TO DETERMINE,2,3,2.0,0.0,0.0,2.0,0.0,1.0,7,7,7,07/06/2024,2024-07-06,07:23:00
03/02/2024 07:00:00 AM,5.0,2,1,6,5,1,3,3,0,1,3,FAILING TO YIELD RIGHT-OF-WAY,2,1,0.0,0.0,0.0,0.0,0.0,2.0,7,7,3,03/02/2024,2024-03-02,07:00:00
07/16/2024 03:45:00 PM,7.0,2,1,4,6,1,3,3,1,1,1,FOLLOWING TOO CLOSELY,2,2,1.0,0.0,0.0,0.0,1.0,1.0,15,3,7,07/16/2024,2024-07-16,15:45:00
05/05/2024 01:30:00 AM,5.0,2,4,6,6,1,3,3,0,1,3,FAILING TO YIELD RIGHT-OF-WAY,2,1,0.0,0.0,0.0,0.0,0.0,3.0,1,1,5,05/05/2024,2024-05-05,01:30:00
02/14/2024 02:00:00 PM,7.0,2,1,13,6,1,3,3,1,1,3,FAILING TO YIELD RIGHT-OF-WAY,2,4,1.0,0.0,1.0,0.0,0.0,1.0,14,4,2,02/14/2024,2024-02-14,14:00:00
04/09/2024 06:50:00 PM,5.0,2,3,4,6,1,3,3,0,1,3,UNABLE TO DETERMINE,2,1,0.0,0.0,0.0,0.0,0.0,2.0,18,3,4,04/09/2024,2024-04-09,18:50:00
04/10/2024 07:33:00 AM,5.0,2,1,3,6,1,3,3,0,1,3,IMPROPER LANE USAGE,2,1,0.0,0.0,0.0,0.0,0.0,2.0,7,4,4,04/10/2024,2024-04-10,07:33:00
02/05/2024 06:21:00 PM,7.0,2,3,5,3,1,1,3,1,1,3,IMPROPER TURNING/NO SIGNAL,2,4,1.0,0.0,1.0,0.0,0.0,1.0,18,2,2,02/05/2024,2024-02-05,18:21:00
02/09/2024 11:20:00 AM,5.0,2,1,3,3,1,3,3,0,1,3,DRIVING SKILLS/KNOWLEDGE/EXPERIENCE,2,1,0.0,0.0,0.0,0.0,0.0,2.0,11,6,2,02/09/2024,2024-02-09,11:20:00
06/01/2024 10:56:00 AM,7.0,4,1,13,7,1,4,3,1,1,3,"VISION OBSCURED (SIGNS, TREE LIMBS, BUILDINGS, ETC.)",2,3,1.0,0.0,0.0,1.0,0.0,1.0,10,7,6,06/01/2024,2024-06-01,10:56:00
02/27/2024 10:28:00 PM,7.0,2,4,5,5,1,1,3,1,1,3,UNABLE TO DETERMINE,2,4,1.0,0.0,1.0,0.0,0.0,2.0,22,3,2,02/27/2024,2024-02-27,22:28:00
05/22/2024 02:00:00 PM,5.0,2,1,8,17,1,1,1,1,1,3,UNABLE TO DETERMINE,2,1,0.0,0.0,0.0,0.0,0.0,2.0,14,4,5,05/22/2024,2024-05-22,14:00:00
07/03/2024 08:52:00 PM,7.0,2,4,14,6,1,3,1,1,1,2,NOT APPLICABLE,2,3,1.0,0.0,0.0,1.0,0.0,1.0,20,4,7,07/03/2024,2024-07-03,20:52:00
03/19/2024 06:30:00 PM,3.0,2,1,3,10,1,3,3,0,0,2,IMPROPER OVERTAKING/PASSING,2,1,0.0,0.0,0.0,0.0,0.0,2.0,18,3,3,03/19/2024,2024-03-19,18:30:00
05/17/2024 10:45:00 AM,7.0,2,1,14,5,1,3,3,1,1,3,UNABLE TO DETERMINE,2,4,1.0,0.0,1.0,0.0,0.0,1.0,10,6,5,05/17/2024,2024-05-17,10:45:00
07/10/2024 06:35:00 PM,5.0,2,1,4,6,1,1,1,0,1,2,UNABLE TO DETERMINE,2,1,0.0,0.0,0.0,0.0,0.0,4.0,18,4,7,07/10/2024,2024-07-10,18:35:00
02/14/2024 03:33:00 AM,5.0,2,4,5,5,1,3,3,1,1,3,DISREGARDING TRAFFIC SIGNALS,2,1,0.0,0.0,0.0,0.0,0.0,2.0,3,4,2,02/14/2024,2024-02-14,03:33:00
06/20/2024 09:00:00 AM,5.0,2,1,4,6,1,1,1,0,1,2,FOLLOWING TOO CLOSELY,2,1,0.0,0.0,0.0,0.0,0.0,2.0,9,5,6,06/20/2024,2024-06-20,09:00:00
01/17/2024 04:50:00 PM,7.0,2,3,13,7,1,4,3,1,1,1,FAILING TO YIELD RIGHT-OF-WAY,2,3,1.0,0.0,0.0,1.0,0.0,1.0,16,4,1,01/17/2024,2024-01-17,16:50:00
04/25/2024 09:30:00 AM,7.0,2,1,6,7,1,3,3,0,1,3,FAILING TO YIELD RIGHT-OF-WAY,2,1,0.0,0.0,0.0,0.0,0.0,3.0,9,5,4,04/25/2024,2024-04-25,09:30:00
03/07/2024 05:54:00 PM,5.0,2,1,6,10,1,3,3,1,0,1,UNABLE TO DETERMINE,2,2,1.0,0.0,0.0,0.0,1.0,1.0,17,5,3,03/07/2024,2024-03-07,17:54:00
08/09/2024 03:53:00 AM,5.0,2,4,5,5,1,3,3,1,1,3,DISREGARDING TRAFFIC SIGNALS,2,2,1.0,0.0,0.0,0.0,1.0,1.0,3,6,8,08/09/2024,2024-08-09,03:53:00
06/18/2024 06:55:00 AM,5.0,2,1,3,4,1,3,3,0,1,2,IMPROPER OVERTAKING/PASSING,2,1,0.0,0.0,0.0,0.0,0.0,2.0,6,3,6,06/18/2024,2024-06-18,06:55:00
03/11/2024 03:15:00 PM,5.0,2,1,5,5,1,3,3,0,1,1,FAILING TO YIELD RIGHT-OF-WAY,2,1,0.0,0.0,0.0,0.0,0.0,4.0,15,2,3,03/11/2024,2024-03-11,15:15:00
08/11/2024 07:23:00 PM,1.0,2,2,6,5,1,1,1,1,1,3,FAILING TO YIELD RIGHT-OF-WAY,2,3,1.0,0.0,0.0,1.0,0.0,1.0,19,1,8,08/11/2024,2024-08-11,19:23:00
02/17/2024 09:05:00 PM,7.0,2,4,6,6,1,3,3,0,1,3,DISREGARDING STOP SIGN,2,1,0.0,0.0,0.0,0.0,0.0,6.0,21,7,2,02/17/2024,2024-02-17,21:05:00
06/25/2024 09:40:00 AM,7.0,4,1,5,7,1,4,3,1,1,3,FAILING TO YIELD RIGHT-OF-WAY,2,2,1.0,0.0,0.0,0.0,1.0,1.0,9,3,6,06/25/2024,2024-06-25,09:40:00