crash_date,traffic_control_device,weather_condition,lighting_condition,first_crash_type,trafficway_type,alignment,roadway_surface_cond,road_defect,crash_type,intersection_related_i,damage,prim_contributory_cause,num_units,most_severe_injury,injuries_total,injuries_fatal,injuries_incapacitating,injuries_non_incapacitating,injuries_reported_not_evident,injuries_no_indication,crash_hour,crash_day_of_week,crash_month,parsed_datetime,date,time
03/18/2024 06:11:00 PM,5.0,2,1,4,6,1,3,3,1,1,3,FOLLOWING TOO CLOSELY,2,1,0.0,0.0,0.0,0.0,0.0,2.0,18,2,3,03/18/2024,2024-03-18,18:11:00
05/03/2024 09:25:00 AM,5.0,4,1,6,5,1,4,3,0,1,3,UNABLE TO DETERMINE,2,1,0.0,0.0,0.0,0.0,0.0,2.0,9,6,5,05/03/2024,2024-05-03,09:25:00
03/28/2024 05:40:00 PM,1.0,2,1,3,5,1,1,1,0,1,3,UNABLE TO DETERMINE,2,1,0.0,0.0,0.0,0.0,0.0,2.0,17,5,3,03/28/2024,2024-03-28,17:40:00
04/08/2024 06:52:00 AM,5.0,2,1,6,5,1,3,3,1,1,3,DRIVING SKILLS/KNOWLEDGE/EXPERIENCE,2,3,2.0,0.0,0.0,2.0,0.0,0.0,6,2,4,04/08/2024,2024-04-08,06:52:00
03/08/2024 10:20:00 AM,7.0,4,1,5,5,1,4,1,1,1,3,UNABLE TO DETERMINE,2,1,0.0,0.0,0.0,0.0,0.0,3.0,10,6,3,03/08/2024,2024-03-08,10:20:00
02/09/2024 08:30:00 AM,5.0,2,1,5,4,1,3,1,1,1,3,FAILING TO YIELD RIGHT-OF-WAY,2,2,1.0,0.0,0.0,0.0,1.0,1.0,8,6,2,02/09/2024,2024-02-09,08:30:00
05/04/2024 08:55:00 PM,5.0,2,5,3,5,1,3,3,1,1,3,IMPROPER TURNING/NO SIGNAL,2,3,1.0,0.0,0.0,1.0,0.0,2.0,20,7,5,05/04/2024,2024-05-04,20:55:00
05/25/2024 09:05:00 PM,5.0,2,4,5,5,1,3,3,0,1,3,DISREGARDING TRAFFIC SIGNALS,2,1,0.0,0.0,0.0,0.0,0.0,2.0,21,7,5,05/25/2024,2024-05-25,21:05:00
07/08/2024 08:30:00 AM,5.0,2,1,6,5,1,3,1,1,1,3,UNABLE TO DETERMINE,2,1,0.0,0.0,0.0,0.0,0.0,2.0,8,2,7,07/08/2024,2024-07-08,08:30:00
04/02/2024 08:00:00 AM,5.0,4,1,3,4,1,4,3,0,1,3,UNABLE TO DETERMINE,2,1,0.0,0.0,0.0,0.0,0.0,2.0,8,3,4,04/02/2024,2024-04-02,08:00:00
01/24/2024 07:25:00 PM,7.0,2,4,13,4,1,1,1,1,1,3,FAILING TO YIELD RIGHT-OF-WAY,2,3,1.0,0.0,0.0,1.0,0.0,1.0,19,4,1,01/24/2024,2024-01-24,19:25:00
01/11/2024 08:20:00 PM,1.0,3,5,5,5,1,2,3,1,1,3,DRIVING ON WRONG SIDE/WRONG WAY,2,2,1.0,0.0,0.0,0.0,1.0,1.0,20,5,1,01/11/2024,2024-01-11,20:20:00
05/10/2024 03:00:00 PM,5.0,2,1,13,5,1,1,1,0,1,1,UNABLE TO DETERMINE,2,1,0.0,0.0,0.0,0.0,0.0,2.0,15,6,5,05/10/2024,2024-05-10,15:00:00
06/01/2024 03:30:00 PM,5.0,4,1,4,3,1,4,3,0,1,3,FOLLOWING TOO CLOSELY,2,1,0.0,0.0,0.0,0.0,0.0,5.0,15,7,6,06/01/2024,2024-06-01,15:30:00
07/05/2024 03:30:00 PM,1.0,2,1,4,6,1,3,3,1,1,3,FAILING TO YIELD RIGHT-OF-WAY,2,2,1.0,0.0,0.0,0.0,1.0,1.0,15,6,7,07/05/2024,2024-07-05,15:30:00
01/01/2024 04:30:00 AM,5.0,4,4,4,7,1,4,3,1,1,3,FAILING TO REDUCE SPEED TO AVOID CRASH,2,1,0.0,0.0,0.0,0.0,0.0,2.0,4,2,1,01/01/2024,2024-01-01,04:30:00
05/12/2024 08:40:00 PM,7.0,2,4,4,7,1,3,1,0,1,3,UNABLE TO DETERMINE,2,1,0.0,0.0,0.0,0.0,0.0,2.0,20,1,5,05/12/2024,2024-05-12,20:40:00
05/15/2024 06:37:00 PM,5.0,2,1,14,5,1,3,1,1,1,3,UNABLE TO DETERMINE,2,3,1.0,0.0,0.0,1.0,0.0,1.0,18,4,5,05/15/2024,2024-05-15,18:37:00
05/11/2024 04:40:00 PM,5.0,2,1,4,5,1,3,3,0,0,3,UNABLE TO DETERMINE,2,1,0.0,0.0,0.0,0.0,0.0,2.0,16,7,5,05/11/2024,2024-05-11,16:40:00
02/08/2024 09:32:00 PM,3.0,4,4,6,6,1,4,3,1,1,3,IMPROPER TURNING/NO SIGNAL,2,2,2.0,0.0,0.0,0.0,2.0,2.0,21,5,2,02/08/2024,2024-02-08,21:32:00
01/09/2024 09:15:00 PM,7.0,5,5,4,5,1,5,6,1,1,3,FOLLOWING TOO CLOSELY,2,2,1.0,0.0,0.0,0.0,1.0,1.0,21,3,1,01/09/2024,2024-01-09,21:15:00
06/29/2024 12:28:00 PM,5.0,2,1,5,5,1,3,3,1,1,3,DISREGARDING TRAFFIC SIGNALS,2,3,2.0,0.0,0.0,2.0,0.0,1.0,12,7,6,06/29/2024,2024-06-29,12:28:00
01/30/2024 05:26:00 PM,5.0,2,3,4,4,1,3,3,0,1,3,FOLLOWING TOO CLOSELY,2,1,0.0,0.0,0.0,0.0,0.0,2.0,17,3,1,01/30/2024,2024-01-30,17:26:00
02/22/2024 05:18:00 PM,1.0,2,1,3,10,1,1,1,0,1,2,IMPROPER LANE USAGE,2,1,0.0,0.0,0.0,0.0,0.0,2.0,17,5,2,02/22/2024,2024-02-22,17:18:00
02/06/2024 08:50:00 PM,5.0,2,4,5,5,1,3,3,0,1,2,DISREGARDING OTHER TRAFFIC SIGNS,2,1,0.0,0.0,0.0,0.0,0.0,2.0,20,3,2,02/06/2024,2024-02-06,20:50:00
02/08/2024 04:25:00 PM,5.0,1,1,5,2,1,2,1,0,1,3,DRIVING SKILLS/KNOWLEDGE/EXPERIENCE,2,1,0.0,0.0,0.0,0.0,0.0,2.0,16,5,2,02/08/2024,2024-02-08,16:25:00
06/14/2024 11:30:00 AM,5.0,2,1,6,5,1,3,3,0,1,3,FAILING TO YIELD RIGHT-OF-WAY,2,1,0.0,0.0,0.0,0.0,0.0,2.0,11,6,6,06/14/2024,2024-06-14,11:30:00
06/17/2024 01:27:00 PM,5.0,2,1,4,4,1,3,1,1,1,3,DRIVING SKILLS/KNOWLEDGE/EXPERIENCE,2,1,0.0,0.0,0.0,0.0,0.0,4.0,13,2,6,06/17/2024,2024-06-17,13:27:00
08/01/2024 10:30:00 AM,5.0,3,1,14,5,1,3,3,0,1,1,UNABLE TO DETERMINE,2,1,0.0,0.0,0.0,0.0,0.0,3.0,10,5,8,08/01/2024,2024-08-01,10:30:00
08/25/2024 05:30:00 PM,7.0,2,1,14,10,1,3,3,1,1,2,DRIVING SKILLS/KNOWLEDGE/EXPERIENCE,2,3,1.0,0.0,0.0,1.0,0.0,1.0,17,1,8,08/25/2024,2024-08-25,17:30:00
05/03/2024 04:00:00 PM,3.0,2,1,6,6,1,3,3,0,1,3,IMPROPER TURNING/NO SIGNAL,2,1,0.0,0.0,0.0,0.0,0.0,2.0,16,6,5,05/03/2024,2024-05-03,16:00:00
01/20/2024 05:20:00 PM,5.0,2,3,3,6,1,4,3,0,1,3,FAILING TO YIELD RIGHT-OF-WAY,2,1,0.0,0.0,0.0,0.0,0.0,2.0,17,7,1,01/20/2024,2024-01-20,17:20:00
08/08/2024 07:48:00 AM,3.0,2,1,13,4,1,3,3,1,1,1,FAILING TO YIELD RIGHT-OF-WAY,2,3,1.0,0.0,0.0,1.0,0.0,1.0,7,5,8,08/08/2024,2024-08-08,07:48:00
05/31/2024 02:45:00 PM,5.0,2,1,14,5,1,3,3,1,1,1,DISREGARDING TRAFFIC SIGNALS,2,3,1.0,0.0,0.0,1.0,0.0,1.0,14,6,5,05/31/2024,2024-05-31,14:45:00
02/25/2024 07:59:00 AM,7.0,2,1,6,7,1,3,3,1,1,3,IMPROPER TURNING/NO SIGNAL,2,4,2.0,0.0,1.0,1.0,0.0,1.0,7,1,2,02/25/2024,2024-02-25,07:59:00
02/07/2024 04:29:00 PM,7.0,2,1,6,7,1,3,3,0,1,3,DRIVING SKILLS/KNOWLEDGE/EXPERIENCE,2,1,0.0,0.0,0.0,0.0,0.0,2.0,16,4,2,02/07/2024,2024-02-07,16:29:00
03/14/2024 03:49:00 PM,5.0,2,1,6,5,1,3,3,1,1,3,UNABLE TO DETERMINE,2,2,2.0,0.0,0.0,0.0,2.0,1.0,15,5,3,03/14/2024,2024-03-14,15:49:00
02/15/2024 07:50:00 PM,7.0,2,4,6,5,1,3,3,1,1,3,DISREGARDING STOP SIGN,2,1,0.0,0.0,0.0,0.0,0.0,2.0,19,5,2,02/15/2024,2024-02-15,19:50:00
05/30/2024 01:35:00 PM,7.0,2,1,6,5,1,3,3,1,1,3,FAILING TO YIELD RIGHT-OF-WAY,2,1,0.0,0.0,0.0,0.0,0.0,2.0,13,5,5,05/30/2024,2024-05-30,13:35:00
04/15/2024 10:50:00 AM,5.0,2,1,13,5,1,3,3,1,1,1,FAILING TO YIELD RIGHT-OF-WAY,2,3,1.0,0.0,0.0,1.0,0.0,1.0,10,2,4,04/15/2024,2024-04-15,10:50:00
03/09/2024 09:55:00 AM,7.0,2,1,5,4,1,3,3,1,0,3,UNABLE TO DETERMINE,2,1,0.0,0.0,0.0,0.0,0.0,2.0,9,7,3,03/09/2024,2024-03-09,09:55:00
01/18/2024 12:02:00 AM,5.0,2,4,5,6,1,3,3,1,1,3,DISREGARDING TRAFFIC SIGNALS,2,1,0.0,0.0,0.0,0.0,0.0,4.0,0,5,1,01/18/2024,2024-01-18,00:02:00
07/14/2024 05:06:00 PM,3.0,2,1,2,7,1,3,3,1,1,1,FAILING TO YIELD RIGHT-OF-WAY,2,3,1.0,0.0,0.0,1.0,0.0,1.0,17,1,7,07/14/2024,2024-07-14,17:06:00
07/24/2024 11:44:00 AM,5.0,2,1,6,5,1,3,3,0,1,3,IMPROPER OVERTAKING/PASSING,2,1,0.0,0.0,0.0,0.0,0.0,5.0,11,4,7,07/24/2024,2024-07-24,11:44:00
05/25/2024 01:20:00 PM,5.0,2,1,4,5,1,3,3,0,1,3,FOLLOWING TOO CLOSELY,2,1,0.0,0.0,0.0,0.0,0.0,3.0,13,7,5,05/25/2024,2024-05-25,13:20:00
02/23/2024 03:30:00 PM,5.0,3,1,4,3,1,3,3,0,1,2,FOLLOWING TOO CLOSELY,2,1,0.0,0.0,0.0,0.0,0.0,5.0,15,6,2,02/23/2024,2024-02-23,15:30:00
05/23/2024 09:25:00 AM,1.0,2,1,10,6,1,1,1,0,1,1,UNABLE TO DETERMINE,2,1,0.0,0.0,0.0,0.0,0.0,2.0,9,5,5,05/23/2024,2024-05-23,09:25:00
03/22/2024 02:48:00 PM,3.0,5,1,6,6,1,4,3,1,1,3,UNABLE TO DETERMINE,2,3,2.0,0.0,0.0,2.0,0.0,0.0,14,6,3,03/22/2024,2024-03-22,14:48:00
05/26/2024 03:15:00 PM,5.0,4,1,3,4,1,4,3,0,1,3,UNABLE TO DETERMINE,2,1,0.0,0.0,0.0,0.0,0.0,2.0,15,1,5,05/26/2024,2024-05-26,15:15:00
04/12/2024 11:30:00 PM,1.0,2,4,4,1,1,3,1,0,1,3,UNABLE TO DETERMINE,2,1,0.0,0.0,0.0,0.0,0.0,2.0,23,6,4,04/12/2024,2024-04-12,23:30:00
06/14/2024 10:30:00 PM,5.0,2,4,4,5,1,3,3,0,1,3,ROAD CONSTRUCTION/MAINTENANCE,2,1,0.0,0.0,0.0,0.0,0.0,2.0,22,6,6,06/14/2024,2024-06-14,22:30:00
02/25/2024 12:48:00 PM,5.0,2,1,13,5,1,3,3,1,1,1,DISREGARDING TRAFFIC SIGNALS,2,4,1.0,0.0,1.0,0.0,0.0,3.0,12,1,2,02/25/2024,2024-02-25,12:48:00
03/26/2024 01:35:00 AM,5.0,4,4,6,1,1,4,3,1,1,3,WEATHER,2,3,2.0,0.0,0.0,1.0,1.0,0.0,1,3,3,03/26/2024,2024-03-26,01:35:00
07/27/2024 01:34:00 AM,7.0,2,4,5,13,1,3,3,1,1,3,FAILING TO YIELD RIGHT-OF-WAY,2,1,0.0,0.0,0.0,0.0,0.0,2.0,1,7,7,07/27/2024,2024-07-27,01:34:00
04/25/2024 06:16:00 PM,5.0,2,1,6,5,1,3,3,1,1,3,FAILING TO YIELD RIGHT-OF-WAY,2,2,1.0,0.0,0.0,0.0,1.0,1.0,18,5,4,04/25/2024,2024-04-25,18:16:00
07/29/2024 04:00:00 PM,5.0,2,1,3,5,1,3,1,0,1,3,DISREGARDING TRAFFIC SIGNALS,2,1,0.0,0.0,0.0,0.0,0.0,3.0,16,2,7,07/29/2024,2024-07-29,16:00:00
01/31/2024 08:45:00 AM,3.0,2,1,5,6,1,3,3,0,1,3,UNABLE TO DETERMINE,2,1,0.0,0.0,0.0,0.0,0.0,2.0,8,4,1,01/31/2024,2024-01-31,08:45:00
05/14/2024 12:00:00 AM,7.0,4,4,5,5,2,4,1,1,1,3,DISTRACTION - FROM INSIDE VEHICLE,2,1,0.0,0.0,0.0,0.0,0.0,3.0,0,3,5,05/14/2024,2024-05-14,00:00:00
05/26/2024 09:15:00 AM,5.0,2,1,14,5,1,1,1,1,1,1,UNABLE TO DETERMINE,2,2,1.0,0.0,0.0,0.0,1.0,1.0,9,1,5,05/26/2024,2024-05-26,09:15:00
04/22/2024 07:41:00 AM,4.0,2,1,6,7,1,3,3,0,1,1,FAILING TO YIELD RIGHT-OF-WAY,2,1,0.0,0.0,0.0,0.0,0.0,5.0,7,2,4,04/22/2024,2024-04-22,07:41:00
06/16/2024 11:24:00 AM,5.0,2,4,4,4,1,3,3,1,0,3,DISREGARDING OTHER TRAFFIC SIGNS,2,1,0.0,0.0,0.0,0.0,0.0,4.0,11,1,6,06/16/2024,2024-06-16,11:24:00
06/01/2024 07:15:00 PM,5.0,4,4,5,10,1,4,1,1,1,3,DISREGARDING TRAFFIC SIGNALS,2,2,1.0,0.0,0.0,0.0,1.0,2.0,19,7,6,06/01/2024,2024-06-01,19:15:00
05/14/2024 09:40:00 AM,5.0,4,1,3,4,1,4,3,0,1,3,IMPROPER LANE USAGE,2,1,0.0,0.0,0.0,0.0,0.0,2.0,9,3,5,05/14/2024,2024-05-14,09:40:00
06/05/2024 04:34:00 PM,5.0,2,1,4,9,1,3,3,0,1,2,FAILING TO REDUCE SPEED TO AVOID CRASH,2,1,0.0,0.0,0.0,0.0,0.0,2.0,16,4,6,06/05/2024,2024-06-05,16:34:00
05/13/2024 06:00:00 AM,7.0,2,1,6,4,1,3,3,1,1,3,FAILING TO YIELD RIGHT-OF-WAY,2,3,1.0,0.0,0.0,1.0,0.0,1.0,6,2,5,05/13/2024,2024-05-13,06:00:00
05/05/2024 05:27:00 PM,5.0,2,1,4,6,1,3,6,1,1,1,UNABLE TO DETERMINE,2,1,0.0,0.0,0.0,0.0,0.0,2.0,17,1,5,05/05/2024,2024-05-05,17:27:00
03/30/2024 11:15:00 AM,5.0,2,1,6,5,1,3,3,0,1,2,IMPROPER TURNING/NO SIGNAL,2,1,0.0,0.0,0.0,0.0,0.0,2.0,11,7,3,03/30/2024,2024-03-30,11:15:00
07/11/2024 02:58:00 PM,5.0,2,1,6,7,1,3,3,1,1,3,DISREGARDING TRAFFIC SIGNALS,2,1,0.0,0.0,0.0,0.0,0.0,2.0,14,5,7,07/11/2024,2024-07-11,14:58:00
07/27/2024 12:30:00 AM,5.0,2,4,3,6,1,3,1,0,1,3,UNABLE TO DETERMINE,2,1,0.0,0.0,0.0,0.0,0.0,2.0,0,7,7,07/27/2024,2024-07-27,00:30:00
05/18/2024 06:30:00 PM,5.0,2,1,6,3,1,3,3,0,1,3,IMPROPER TURNING/NO SIGNAL,2,1,0.0,0.0,0.0,0.0,0.0,2.0,18,7,5,05/18/2024,2024-05-18,18:30:00
03/13/2024 02:25:00 PM,7.0,2,1,8,4,1,3,3,0,1,1,FOLLOWING TOO CLOSELY,2,1,0.0,0.0,0.0,0.0,0.0,2.0,14,4,3,03/13/2024,2024-03-13,14:25:00
04/29/2024 10:20:00 AM,7.0,2,1,6,7,1,4,1,1,1,3,UNABLE TO DETERMINE,2,1,0.0,0.0,0.0,0.0,0.0,2.0,10,2,4,04/29/2024,2024-04-29,10:20:00
01/15/2024 12:38:00 PM,5.0,2,1,5,5,1,3,1,1,1,3,DISREGARDING TRAFFIC SIGNALS,2,1,0.0,0.0,0.0,0.0,0.0,3.0,12,2,1,01/15/2024,2024-01-15,12:38:00
01/24/2024 06:00:00 PM,5.0,4,4,3,5,1,4,1,0,0,1,UNABLE TO DETERMINE,2,1,0.0,0.0,0.0,0.0,0.0,2.0,18,4,1,01/24/2024,2024-01-24,18:00:00
03/03/2024 12:45:00 AM,5.0,2,4,4,5,1,3,3,0,1,3,FAILING TO REDUCE SPEED TO AVOID CRASH,2,1,0.0,0.0,0.0,0.0,0.0,2.0,0,1,3,03/03/2024,2024-03-03,00:45:00
02/29/2024 10:50:00 AM,5.0,2,1,5,4,1,3,3,1,1,3,DISREGARDING TRAFFIC SIGNALS,2,2,1.0,0.0,0.0,0.0,1.0,1.0,10,5,2,02/29/2024,2024-02-29,10:50:00
07/05/2024 07:21:00 AM,5.0,2,1,14,5,1,1,1,1,1,3,TURNING RIGHT ON RED,2,3,1.0,0.0,0.0,1.0,0.0,1.0,7,6,7,07/05/2024,2024-07-05,07:21:00
02/25/2024 02:45:00 PM,5.0,2,1,10,5,1,3,3,0,1,2,FAILING TO YIELD RIGHT-OF-WAY,2,1,0.0,0.0,0.0,0.0,0.0,2.0,14,1,2,02/25/2024,2024-02-25,14:45:00
02/18/2024 08:52:00 PM,7.0,2,4,5,5,1,3,3,0,1,3,DISREGARDING TRAFFIC SIGNALS,2,1,0.0,0.0,0.0,0.0,0.0,4.0,20,1,2,02/18/2024,2024-02-18,20:52:00
04/18/2024 07:11:00 PM,7.0,4,1,5,5,1,4,3,1,1,3,FAILING TO YIELD RIGHT-OF-WAY,2,1,0.0,0.0,0.0,0.0,0.0,3.0,19,5,4,04/18/2024,2024-04-18,19:11:00
05/16/2024 07:58:00 AM,5.0,2,1,4,6,1,3,3,0,1,2,FOLLOWING TOO CLOSELY,2,1,0.0,0.0,0.0,0.0,0.0,3.0,7,5,5,05/16/2024,2024-05-16,07:58:00
07/30/2024 01:39:00 PM,5.0,2,1,5,5,1,3,3,0,1,3,FAILING TO YIELD RIGHT-OF-WAY,2,1,0.0,0.0,0.0,0.0,0.0,4.0,13,3,7,07/30/2024,2024-07-30,13:39:00
03/04/2024 04:45:00 PM,1.0,2,1,4,10,1,1,1,0,1,3,UNABLE TO DETERMINE,2,1,0.0,0.0,0.0,0.0,0.0,2.0,16,2,3,03/04/2024,2024-03-04,16:45:00
01/18/2024 09:06:00 PM,3.0,5,5,3,6,1,5,3,0,1,2,IMPROPER OVERTAKING/PASSING,2,1,0.0,0.0,0.0,0.0,0.0,2.0,21,5,1,01/18/2024,2024-01-18,21:06:00
04/19/2024 04:45:00 PM,7.0,2,1,6,5,1,3,3,1,1,3,FAILING TO YIELD RIGHT-OF-WAY,2,2,1.0,0.0,0.0,0.0,1.0,1.0,16,6,4,04/19/2024,2024-04-19,16:45:00
07/05/2024 12:05:00 AM,5.0,3,4,4,5,1,1,1,1,1,3,FOLLOWING TOO CLOSELY,2,1,0.0,0.0,0.0,0.0,0.0,2.0,0,6,7,07/05/2024,2024-07-05,00:05:00
01/22/2024 06:13:00 PM,7.0,7,4,5,5,1,4,1,0,1,3,UNABLE TO DETERMINE,2,1,0.0,0.0,0.0,0.0,0.0,2.0,18,2,1,01/22/2024,2024-01-22,18:13:00
06/07/2024 05:04:00 PM,5.0,2,1,5,4,1,3,3,0,1,3,FAILING TO YIELD RIGHT-OF-WAY,2,1,0.0,0.0,0.0,0.0,0.0,4.0,17,6,6,06/07/2024,2024-06-07,17:04:00
07/15/2024 11:45:00 AM,3.0,2,1,11,6,1,3,3,0,0,2,DRIVING SKILLS/KNOWLEDGE/EXPERIENCE,2,1,0.0,0.0,0.0,0.0,0.0,1.0,11,2,7,07/15/2024,2024-07-15,11:45:00
01/19/2024 02:00:00 AM,7.0,3,4,5,5,1,4,3,1,1,3,DISREGARDING STOP SIGN,2,3,1.0,0.0,0.0,1.0,0.0,1.0,2,6,1,01/19/2024,2024-01-19,02:00:00
01/12/2024 12:10:00 PM,5.0,5,1,6,3,1,5,3,0,1,3,FOLLOWING TOO CLOSELY,2,1,0.0,0.0,0.0,0.0,0.0,2.0,12,6,1,01/12/2024,2024-01-12,12:10:00
01/10/2024 11:41:00 PM,7.0,2,4,5,5,1,3,3,0,1,3,DISREGARDING STOP SIGN,2,1,0.0,0.0,0.0,0.0,0.0,2.0,23,4,1,01/10/2024,2024-01-10,23:41:00
06/10/2024 12:20:00 AM,5.0,2,4,6,5,1,3,3,1,1,3,DRIVING SKILLS/KNOWLEDGE/EXPERIENCE,2,3,2.0,0.0,0.0,2.0,0.0,1.0,0,2,6,06/10/2024,2024-06-10,00:20:00
06/09/2024 03:20:00 PM,5.0,2,1,3,5,1,3,3,0,1,3,IMPROPER LANE USAGE,2,1,0.0,0.0,0.0,0.0,0.0,2.0,15,1,6,06/09/2024,2024-06-09,15:20:00
01/04/2024 09:00:00 PM,5.0,2,4,4,6,1,3,1,0,1,3,UNABLE TO DETERMINE,2,1,0.0,0.0,0.0,0.0,0.0,2.0,21,5,1,01/04/2024,2024-01-04,21:00:00
05/07/2024 03:00:00 PM,7.0,2,1,4,7,1,3,3,1,1,3,FOLLOWING TOO CLOSELY,2,4,1.0,0.0,1.0,0.0,0.0,2.0,15,3,5,05/07/2024,2024-05-07,15:00:00
05/12/2024 05:53:00 AM,5.0,2,2,6,5,1,3,3,0,1,3,IMPROPER TURNING/NO SIGNAL,2,1,0.0,0.0,0.0,0.0,0.0,3.0,5,1,5,05/12/2024,2024-05-12,05:53:00
03/31/2024 10:30:00 AM,5.0,2,1,6,6,1,3,3,0,1,3,UNABLE TO DETERMINE,2,1,0.0,0.0,0.0,0.0,0.0,2.0,10,1,3,03/31/2024,2024-03-31,10:30:00
07/07/2024 05:10:00 AM,1.0,2,2,4,6,1,3,1,0,1,1,UNABLE TO DETERMINE,2,1,0.0,0.0,0.0,0.0,0.0,2.0,5,1,7,07/07/2024,2024-07-07,05:10:00
02/03/2024 02:30:00 PM,1.0,3,1,8,5,1,1,1,0,1,2,UNABLE TO DETERMINE,2,1,0.0,0.0,0.0,0.0,0.0,2.0,14,7,2,02/03/2024,2024-02-03,14:30:00
01/25/2024 09:25:00 AM,3.0,2,1,6,5,1,6,3,0,1,3,FAILING TO YIELD RIGHT-OF-WAY,2,1,0.0,0.0,0.0,0.0,0.0,2.0,9,5,1,01/25/2024,2024-01-25,09:25:00
05/03/2024 07:32:00 PM,5.0,2,3,6,6,1,2,2,1,1,3,FAILING TO YIELD RIGHT-OF-WAY,2,1,0.0,0.0,0.0,0.0,0.0,4.0,19,6,5,05/03/2024,2024-05-03,19:32:00
08/17/2024 06:43:00 PM,5.0,3,1,5,5,1,4,3,1,1,3,DISREGARDING TRAFFIC SIGNALS,2,2,1.0,0.0,0.0,0.0,1.0,1.0,18,7,8,08/17/2024,2024-08-17,18:43:00
04/08/2024 05:22:00 PM,7.0,2,1,5,5,1,3,3,0,1,3,FAILING TO YIELD RIGHT-OF-WAY,2,1,0.0,0.0,0.0,0.0,0.0,3.0,17,2,4,04/08/2024,2024-04-08,17:22:00
06/21/2024 04:11:00 PM,5.0,2,1,3,7,1,3,3,0,1,3,NOT APPLICABLE,2,1,0.0,0.0,0.0,0.0,0.0,2.0,16,6,6,06/21/2024,2024-06-21,16:11:00
01/26/2024 12:15:00 PM,5.0,4,1,4,5,1,4,3,0,1,3,FOLLOWING TOO CLOSELY,2,1,0.0,0.0,0.0,0.0,0.0,3.0,12,6,1,01/26/2024,2024-01-26,12:15:00
02/17/2024 04:45:00 PM,5.0,2,1,4,4,1,3,3,0,1,3,FOLLOWING TOO CLOSELY,2,1,0.0,0.0,0.0,0.0,0.0,2.0,16,7,2,02/17/2024,2024-02-17,16:45:00
03/27/2024 09:25:00 PM,5.0,2,4,5,5,1,3,3,0,1,2,DISREGARDING TRAFFIC SIGNALS,2,1,0.0,0.0,0.0,0.0,0.0,4.0,21,4,3,03/27/2024,2024-03-27,21:25:00
07/16/2024 08:01:00 AM,5.0,2,1,14,5,1,3,3,1,1,3,FAILING TO YIELD RIGHT-OF-WAY,2,3,1.0,0.0,0.0,1.0,0.0,2.0,8,3,7,07/16/2024,2024-07-16,08:01:00
07/22/2024 10:35:00 AM,5.0,2,1,4,5,1,3,3,0,1,3,UNABLE TO DETERMINE,2,1,0.0,0.0,0.0,0.0,0.0,2.0,10,2,7,07/22/2024,2024-07-22,10:35:00
06/29/2024 06:00:00 PM,5.0,2,2,6,5,1,3,3,0,1,2,IMPROPER TURNING/NO SIGNAL,2,1,0.0,0.0,0.0,0.0,0.0,2.0,18,7,6,06/29/2024,2024-06-29,18:00:00
04/27/2024 09:25:00 AM,5.0,2,1,3,7,1,3,3,1,1,3,IMPROPER OVERTAKING/PASSING,2,4,2.0,0.0,1.0,1.0,0.0,0.0,9,7,4,04/27/2024,2024-04-27,09:25:00
03/18/2024 10:45:00 AM,5.0,2,1,3,5,1,3,3,1,1,3,IMPROPER TURNING/NO SIGNAL,2,2,1.0,0.0,0.0,0.0,1.0,4.0,10,2,3,03/18/2024,2024-03-18,10:45:00
04/13/2024 02:54:00 AM,5.0,2,4,13,10,1,3,3,1,1,1,DISTRACTION - FROM OUTSIDE VEHICLE,2,4,1.0,0.0,1.0,0.0,0.0,1.0,2,7,4,04/13/2024,2024-04-13,02:54:00
06/13/2024 01:35:00 PM,5.0,2,1,5,5,1,3,3,1,1,3,FAILING TO YIELD RIGHT-OF-WAY,2,3,1.0,0.0,0.0,1.0,0.0,1.0,13,5,6,06/13/2024,2024-06-13,13:35:00
02/21/2024 02:09:00 PM,5.0,2,1,6,4,1,3,1,1,1,3,UNABLE TO DETERMINE,2,2,1.0,0.0,0.0,0.0,1.0,1.0,14,4,2,02/21/2024,2024-02-21,14:09:00
04/11/2024 07:30:00 PM,5.0,2,4,5,10,1,3,3,0,1,3,DISREGARDING TRAFFIC SIGNALS,2,1,0.0,0.0,0.0,0.0,0.0,3.0,19,5,4,04/11/2024,2024-04-11,19:30:00
04/26/2024 03:45:00 PM,5.0,4,1,9,4,1,4,3,0,1,3,DRIVING ON WRONG SIDE/WRONG WAY,2,1,0.0,0.0,0.0,0.0,0.0,3.0,15,6,4,04/26/2024,2024-04-26,15:45:00
02/17/2024 03:28:00 AM,5.0,2,4,4,14,1,3,3,0,1,3,UNABLE TO DETERMINE,2,1,0.0,0.0,0.0,0.0,0.0,2.0,3,7,2,02/17/2024,2024-02-17,03:28:00
02/02/2024 06:09:00 PM,5.0,2,4,3,6,1,3,3,0,1,3,DRIVING SKILLS/KNOWLEDGE/EXPERIENCE,2,1,0.0,0.0,0.0,0.0,0.0,3.0,18,6,2,02/02/2024,2024-02-02,18:09:00
02/23/2024 09:28:00 AM,5.0,2,1,5,4,1,3,7,0,1,3,DISREGARDING TRAFFIC SIGNALS,2,1,0.0,0.0,0.0,0.0,0.0,2.0,9,6,2,02/23/2024,2024-02-23,09:28:00
02/10/2024 04:45:00 PM,3.0,2,1,4,4,1,3,3,0,1,1,FOLLOWING TOO CLOSELY,2,1,0.0,0.0,0.0,0.0,0.0,2.0,16,7,2,02/10/2024,2024-02-10,16:45:00