crash_date,traffic_control_device,weather_condition,lighting_condition,first_crash_type,trafficway_type,alignment,roadway_surface_cond,road_defect,crash_type,intersection_related_i,damage,prim_contributory_cause,num_units,most_severe_injury,injuries_total,injuries_fatal,injuries_incapacitating,injuries_non_incapacitating,injuries_reported_not_evident,injuries_no_indication,crash_hour,crash_day_of_week,crash_month,parsed_datetime,date,time
03/16/2024 11:07:00 PM,5.0,2,4,6,5,1,3,3,0,1,3,IMPROPER TURNING/NO SIGNAL,2,1,0.0,0.0,0.0,0.0,0.0,5.0,23,7,3,03/16/2024,2024-03-16,23:07:00
01/30/2024 10:30:00 PM,5.0,2,4,3,6,1,3,3,0,1,3,IMPROPER LANE USAGE,2,1,0.0,0.0,0.0,0.0,0.0,2.0,22,3,1,01/30/2024,2024-01-30,22:30:00
02/24/2024 11:56:00 AM,5.0,2,1,5,5,1,3,3,1,1,3,DISREGARDING TRAFFIC SIGNALS,2,1,0.0,0.0,0.0,0.0,0.0,3.0,11,7,2,02/24/2024,2024-02-24,11:56:00
03/22/2024 09:45:00 PM,7.0,2,4,5,7,1,3,1,1,1,3,IMPROPER OVERTAKING/PASSING,2,1,0.0,0.0,0.0,0.0,0.0,2.0,21,6,3,03/22/2024,2024-03-22,21:45:00
04/28/2024 11:30:00 PM,5.0,4,4,5,5,3,4,3,1,1,3,UNABLE TO DETERMINE,2,1,0.0,0.0,0.0,0.0,0.0,2.0,23,1,4,04/28/2024,2024-04-28,23:30:00
04/01/2024 09:59:00 AM,5.0,2,1,5,5,1,3,3,1,1,3,DISREGARDING TRAFFIC SIGNALS,2,1,0.0,0.0,0.0,0.0,0.0,2.0,9,2,4,04/01/2024,2024-04-01,09:59:00
08/06/2024 03:00:00 PM,7.0,2,1,5,5,1,3,1,0,1,3,FAILING TO YIELD RIGHT-OF-WAY,2,1,0.0,0.0,0.0,0.0,0.0,2.0,15,3,8,08/06/2024,2024-08-06,15:00:00
06/12/2024 11:15:00 AM,5.0,2,1,2,7,1,3,3,0,1,1,DRIVING SKILLS/KNOWLEDGE/EXPERIENCE,2,1,0.0,0.0,0.0,0.0,0.0,2.0,11,4,6,06/12/2024,2024-06-12,11:15:00
06/25/2024 04:55:00 PM,7.0,2,1,5,4,1,3,1,0,1,2,NOT APPLICABLE,2,1,0.0,0.0,0.0,0.0,0.0,4.0,16,3,6,06/25/2024,2024-06-25,16:55:00
06/11/2024 05:26:00 AM,5.0,2,1,3,5,1,3,3,0,0,3,UNABLE TO DETERMINE,2,1,0.0,0.0,0.0,0.0,0.0,2.0,5,3,6,06/11/2024,2024-06-11,05:26:00
05/19/2024 01:49:00 AM,5.0,2,5,8,5,1,3,3,1,1,3,DISREGARDING TRAFFIC SIGNALS,2,1,0.0,0.0,0.0,0.0,0.0,2.0,1,1,5,05/19/2024,2024-05-19,01:49:00
05/12/2024 11:14:00 PM,5.0,2,4,5,1,1,3,3,1,1,3,FAILING TO YIELD RIGHT-OF-WAY,2,1,0.0,0.0,0.0,0.0,0.0,2.0,23,1,5,05/12/2024,2024-05-12,23:14:00
03/03/2024 03:03:00 PM,5.0,2,1,6,6,1,3,3,1,1,3,UNABLE TO DETERMINE,2,2,1.0,0.0,0.0,0.0,1.0,1.0,15,1,3,03/03/2024,2024-03-03,15:03:00
07/10/2024 08:30:00 AM,5.0,4,1,3,5,1,4,3,0,1,3,IMPROPER LANE USAGE,2,1,0.0,0.0,0.0,0.0,0.0,3.0,8,4,7,07/10/2024,2024-07-10,08:30:00
05/13/2024 09:44:00 AM,5.0,2,1,4,3,1,3,3,1,1,1,DISTRACTION - FROM INSIDE VEHICLE,2,2,1.0,0.0,0.0,0.0,1.0,1.0,9,2,5,05/13/2024,2024-05-13,09:44:00
04/02/2024 11:40:00 AM,5.0,4,4,5,1,1,3,1,1,1,3,UNABLE TO DETERMINE,2,3,1.0,0.0,0.0,1.0,0.0,1.0,11,3,4,04/02/2024,2024-04-02,11:40:00
03/06/2024 02:27:00 PM,3.0,2,1,3,6,1,3,3,0,1,2,FAILING TO YIELD RIGHT-OF-WAY,2,1,0.0,0.0,0.0,0.0,0.0,2.0,14,4,3,03/06/2024,2024-03-06,14:27:00
01/26/2024 03:58:00 PM,7.0,3,1,6,5,1,4,3,0,1,3,UNABLE TO DETERMINE,2,1,0.0,0.0,0.0,0.0,0.0,3.0,15,6,1,01/26/2024,2024-01-26,15:58:00
05/19/2024 02:45:00 PM,5.0,2,1,11,4,1,3,3,0,1,1,UNABLE TO DETERMINE,2,1,0.0,0.0,0.0,0.0,0.0,1.0,14,1,5,05/19/2024,2024-05-19,14:45:00
05/11/2024 12:00:00 PM,3.0,2,1,6,6,1,3,3,0,0,3,UNABLE TO DETERMINE,2,1,0.0,0.0,0.0,0.0,0.0,2.0,12,7,5,05/11/2024,2024-05-11,12:00:00
06/18/2024 04:47:00 PM,5.0,2,1,6,5,1,3,3,0,1,3,UNABLE TO DETERMINE,2,1,0.0,0.0,0.0,0.0,0.0,2.0,16,3,6,06/18/2024,2024-06-18,16:47:00
04/23/2024 03:17:00 PM,7.0,2,1,8,6,1,3,1,0,1,3,IMPROPER BACKING,2,1,0.0,0.0,0.0,0.0,0.0,2.0,15,3,4,04/23/2024,2024-04-23,15:17:00
01/18/2024 11:50:00 PM,5.0,5,4,9,5,1,5,1,0,1,3,UNABLE TO DETERMINE,2,1,0.0,0.0,0.0,0.0,0.0,2.0,23,5,1,01/18/2024,2024-01-18,23:50:00
05/23/2024 04:40:00 AM,5.0,2,4,6,2,1,3,3,1,1,3,IMPROPER TURNING/NO SIGNAL,2,1,0.0,0.0,0.0,0.0,0.0,2.0,4,5,5,05/23/2024,2024-05-23,04:40:00
05/14/2024 01:55:00 AM,3.0,2,4,5,10,1,4,3,1,1,3,UNABLE TO DETERMINE,2,1,0.0,0.0,0.0,0.0,0.0,6.0,1,3,5,05/14/2024,2024-05-14,01:55:00
02/04/2024 11:29:00 PM,7.0,2,4,5,5,1,3,3,1,1,3,DISREGARDING STOP SIGN,2,1,0.0,0.0,0.0,0.0,0.0,2.0,23,1,2,02/04/2024,2024-02-04,23:29:00
03/06/2024 02:00:00 PM,7.0,2,1,5,1,1,3,3,1,1,3,DISREGARDING STOP SIGN,2,1,0.0,0.0,0.0,0.0,0.0,2.0,14,4,3,03/06/2024,2024-03-06,14:00:00
03/20/2024 03:00:00 PM,5.0,2,1,13,7,1,3,1,1,1,3,UNABLE TO DETERMINE,2,3,1.0,0.0,0.0,1.0,0.0,2.0,15,4,3,03/20/2024,2024-03-20,15:00:00
07/26/2024 08:40:00 AM,5.0,2,1,6,5,1,3,3,0,1,3,IMPROPER BACKING,2,1,0.0,0.0,0.0,0.0,0.0,2.0,8,6,7,07/26/2024,2024-07-26,08:40:00
05/04/2024 12:20:00 PM,5.0,2,1,6,12,1,3,3,0,0,2,FAILING TO YIELD RIGHT-OF-WAY,2,1,0.0,0.0,0.0,0.0,0.0,2.0,12,7,5,05/04/2024,2024-05-04,12:20:00
02/26/2024 08:45:00 AM,5.0,2,1,13,5,1,3,3,1,1,1,DISREGARDING TRAFFIC SIGNALS,2,3,1.0,0.0,0.0,1.0,0.0,1.0,8,2,2,02/26/2024,2024-02-26,08:45:00
07/20/2024 05:40:00 PM,5.0,2,1,6,10,1,3,3,0,1,2,IMPROPER TURNING/NO SIGNAL,2,1,0.0,0.0,0.0,0.0,0.0,2.0,17,7,7,07/20/2024,2024-07-20,17:40:00
06/24/2024 04:39:00 PM,5.0,2,1,14,6,1,3,3,1,1,1,DISREGARDING TRAFFIC SIGNALS,2,4,1.0,0.0,1.0,0.0,0.0,1.0,16,2,6,06/24/2024,2024-06-24,16:39:00
08/13/2024 05:40:00 PM,5.0,2,1,6,5,1,3,3,0,1,2,FAILING TO REDUCE SPEED TO AVOID CRASH,2,1,0.0,0.0,0.0,0.0,0.0,2.0,17,3,8,08/13/2024,2024-08-13,17:40:00
03/16/2024 03:55:00 PM,5.0,2,1,3,13,1,3,3,1,0,3,IMPROPER LANE USAGE,2,2,1.0,0.0,0.0,0.0,1.0,1.0,15,7,3,03/16/2024,2024-03-16,15:55:00
02/12/2024 01:45:00 PM,5.0,2,1,4,5,1,3,3,0,1,2,HAD BEEN DRINKING (USE WHEN ARREST IS NOT MADE),2,1,0.0,0.0,0.0,0.0,0.0,5.0,13,2,2,02/12/2024,2024-02-12,13:45:00
01/08/2024 08:54:00 AM,5.0,2,1,5,6,1,3,1,1,1,3,DISREGARDING TRAFFIC SIGNALS,2,1,0.0,0.0,0.0,0.0,0.0,2.0,8,2,1,01/08/2024,2024-01-08,08:54:00
02/26/2024 04:20:00 PM,5.0,2,1,4,6,1,3,3,1,1,1,FAILING TO REDUCE SPEED TO AVOID CRASH,2,2,1.0,0.0,0.0,0.0,1.0,1.0,16,2,2,02/26/2024,2024-02-26,16:20:00
06/18/2024 10:00:00 AM,5.0,2,1,4,6,1,3,1,0,1,2,UNABLE TO DETERMINE,2,1,0.0,0.0,0.0,0.0,0.0,2.0,10,3,6,06/18/2024,2024-06-18,10:00:00
02/13/2024 10:44:00 AM,5.0,2,1,9,6,1,3,3,1,1,3,UNABLE TO DETERMINE,2,1,0.0,0.0,0.0,0.0,0.0,2.0,10,3,2,02/13/2024,2024-02-13,10:44:00
04/03/2024 03:50:00 PM,5.0,4,1,6,5,1,4,3,0,1,2,FOLLOWING TOO CLOSELY,2,1,0.0,0.0,0.0,0.0,0.0,2.0,15,4,4,04/03/2024,2024-04-03,15:50:00
01/24/2024 05:30:00 PM,5.0,4,4,5,12,1,4,1,0,1,3,UNABLE TO DETERMINE,2,1,0.0,0.0,0.0,0.0,0.0,2.0,17,4,1,01/24/2024,2024-01-24,17:30:00
02/02/2024 09:00:00 AM,5.0,2,1,6,9,1,3,3,0,1,3,FAILING TO REDUCE SPEED TO AVOID CRASH,2,1,0.0,0.0,0.0,0.0,0.0,3.0,9,6,2,02/02/2024,2024-02-02,09:00:00
07/26/2024 07:00:00 AM,5.0,2,1,6,10,1,3,3,0,1,3,IMPROPER TURNING/NO SIGNAL,2,1,0.0,0.0,0.0,0.0,0.0,2.0,7,6,7,07/26/2024,2024-07-26,07:00:00
05/27/2024 02:14:00 PM,3.0,2,1,6,7,1,3,3,1,1,2,DRIVING SKILLS/KNOWLEDGE/EXPERIENCE,2,3,1.0,0.0,0.0,1.0,0.0,1.0,14,2,5,05/27/2024,2024-05-27,14:14:00
08/01/2024 07:11:00 AM,5.0,2,1,6,5,1,3,3,1,1,3,FAILING TO YIELD RIGHT-OF-WAY,2,1,0.0,0.0,0.0,0.0,0.0,3.0,7,5,8,08/01/2024,2024-08-01,07:11:00
03/06/2024 06:14:00 PM,3.0,2,5,14,6,1,3,3,0,1,3,FAILING TO YIELD RIGHT-OF-WAY,2,1,0.0,0.0,0.0,0.0,0.0,2.0,18,4,3,03/06/2024,2024-03-06,18:14:00
03/31/2024 10:25:00 PM,5.0,2,4,6,4,1,4,3,0,1,3,DRIVING ON WRONG SIDE/WRONG WAY,2,1,0.0,0.0,0.0,0.0,0.0,4.0,22,1,3,03/31/2024,2024-03-31,22:25:00
06/11/2024 07:08:00 AM,7.0,2,1,14,5,1,3,3,1,1,1,"VISION OBSCURED (SIGNS, TREE LIMBS, BUILDINGS, ETC.)",2,3,1.0,0.0,0.0,1.0,0.0,1.0,7,3,6,06/11/2024,2024-06-11,07:08:00
02/25/2024 12:50:00 PM,7.0,2,1,6,5,1,3,3,1,1,3,FAILING TO YIELD RIGHT-OF-WAY,2,1,0.0,0.0,0.0,0.0,0.0,2.0,12,1,2,02/25/2024,2024-02-25,12:50:00
03/24/2024 10:48:00 AM,5.0,2,1,5,6,1,3,3,0,1,3,DISREGARDING TRAFFIC SIGNALS,2,1,0.0,0.0,0.0,0.0,0.0,2.0,10,1,3,03/24/2024,2024-03-24,10:48:00
07/06/2024 03:04:00 PM,5.0,2,1,13,4,1,3,3,1,1,1,FAILING TO REDUCE SPEED TO AVOID CRASH,2,2,1.0,0.0,0.0,0.0,1.0,1.0,15,7,7,07/06/2024,2024-07-06,15:04:00
07/31/2024 08:00:00 PM,5.0,2,2,4,5,1,3,3,0,1,1,UNABLE TO DETERMINE,2,1,0.0,0.0,0.0,0.0,0.0,4.0,20,4,7,07/31/2024,2024-07-31,20:00:00
04/25/2024 01:50:00 PM,5.0,2,3,3,10,1,3,3,0,1,2,IMPROPER OVERTAKING/PASSING,2,1,0.0,0.0,0.0,0.0,0.0,3.0,13,5,4,04/25/2024,2024-04-25,13:50:00
05/13/2024 11:50:00 AM,3.0,2,1,6,6,1,3,3,0,1,3,FAILING TO YIELD RIGHT-OF-WAY,2,1,0.0,0.0,0.0,0.0,0.0,2.0,11,2,5,05/13/2024,2024-05-13,11:50:00
03/30/2024 01:23:00 AM,5.0,4,4,6,6,1,4,3,1,1,3,FAILING TO YIELD RIGHT-OF-WAY,2,3,2.0,0.0,0.0,2.0,0.0,2.0,1,7,3,03/30/2024,2024-03-30,01:23:00
03/01/2024 02:15:00 PM,7.0,2,1,5,6,1,3,3,1,1,3,FAILING TO YIELD RIGHT-OF-WAY,2,2,1.0,0.0,0.0,0.0,1.0,1.0,14,6,3,03/01/2024,2024-03-01,14:15:00
07/20/2024 07:50:00 PM,7.0,2,3,5,6,1,3,3,0,1,3,UNABLE TO DETERMINE,2,1,0.0,0.0,0.0,0.0,0.0,2.0,19,7,7,07/20/2024,2024-07-20,19:50:00
03/10/2024 06:50:00 PM,7.0,2,1,4,4,1,3,1,0,1,3,UNABLE TO DETERMINE,2,1,0.0,0.0,0.0,0.0,0.0,3.0,18,1,3,03/10/2024,2024-03-10,18:50:00
07/15/2024 05:01:00 AM,5.0,2,1,6,5,1,4,3,0,1,3,UNABLE TO DETERMINE,2,1,0.0,0.0,0.0,0.0,0.0,2.0,5,2,7,07/15/2024,2024-07-15,05:01:00
05/07/2024 05:50:00 PM,5.0,2,1,4,12,1,1,1,0,1,3,UNABLE TO DETERMINE,2,1,0.0,0.0,0.0,0.0,0.0,2.0,17,3,5,05/07/2024,2024-05-07,17:50:00
01/15/2024 05:45:00 PM,7.0,2,4,4,4,1,3,1,1,1,3,UNABLE TO DETERMINE,2,2,1.0,0.0,0.0,0.0,1.0,1.0,17,2,1,01/15/2024,2024-01-15,17:45:00
08/02/2024 04:40:00 PM,5.0,2,1,5,5,1,3,3,1,1,3,DRIVING ON WRONG SIDE/WRONG WAY,2,2,1.0,0.0,0.0,0.0,1.0,1.0,16,6,8,08/02/2024,2024-08-02,16:40:00
04/01/2024 04:10:00 PM,3.0,4,1,14,5,1,4,1,1,1,3,UNABLE TO DETERMINE,2,3,1.0,0.0,0.0,1.0,0.0,1.0,16,2,4,04/01/2024,2024-04-01,16:10:00
01/15/2024 05:08:00 AM,7.0,2,4,6,9,1,2,1,0,1,2,FAILING TO YIELD RIGHT-OF-WAY,2,1,0.0,0.0,0.0,0.0,0.0,2.0,5,2,1,01/15/2024,2024-01-15,05:08:00
03/21/2024 08:30:00 AM,5.0,2,1,3,5,1,3,3,0,1,2,IMPROPER OVERTAKING/PASSING,2,1,0.0,0.0,0.0,0.0,0.0,2.0,8,5,3,03/21/2024,2024-03-21,08:30:00
06/06/2024 03:45:00 PM,5.0,2,1,5,6,1,3,3,0,1,2,UNABLE TO DETERMINE,2,1,0.0,0.0,0.0,0.0,0.0,2.0,15,5,6,06/06/2024,2024-06-06,15:45:00
05/16/2024 02:47:00 PM,7.0,4,1,6,5,1,4,3,1,1,3,FAILING TO YIELD RIGHT-OF-WAY,2,4,1.0,0.0,1.0,0.0,0.0,1.0,14,5,5,05/16/2024,2024-05-16,14:47:00
05/24/2024 05:07:00 PM,3.0,2,1,5,6,1,3,3,1,0,3,DRIVING SKILLS/KNOWLEDGE/EXPERIENCE,2,3,1.0,0.0,0.0,1.0,0.0,1.0,17,6,5,05/24/2024,2024-05-24,17:07:00
02/04/2024 04:25:00 PM,3.0,2,1,6,10,1,3,5,0,1,3,FAILING TO YIELD RIGHT-OF-WAY,2,1,0.0,0.0,0.0,0.0,0.0,2.0,16,1,2,02/04/2024,2024-02-04,16:25:00
02/17/2024 07:20:00 PM,3.0,2,5,13,6,1,3,3,1,1,1,UNABLE TO DETERMINE,2,3,1.0,0.0,0.0,1.0,0.0,1.0,19,7,2,02/17/2024,2024-02-17,19:20:00
07/16/2024 04:18:00 PM,5.0,2,1,3,4,1,3,3,0,1,2,FAILING TO YIELD RIGHT-OF-WAY,2,1,0.0,0.0,0.0,0.0,0.0,3.0,16,3,7,07/16/2024,2024-07-16,16:18:00
05/13/2024 07:55:00 AM,7.0,2,1,5,6,1,3,1,0,1,3,UNABLE TO DETERMINE,2,1,0.0,0.0,0.0,0.0,0.0,2.0,7,2,5,05/13/2024,2024-05-13,07:55:00
08/03/2024 03:41:00 PM,5.0,2,1,4,14,1,3,1,1,1,3,FAILING TO REDUCE SPEED TO AVOID CRASH,2,2,1.0,0.0,0.0,0.0,1.0,2.0,15,7,8,08/03/2024,2024-08-03,15:41:00
06/03/2024 10:30:00 PM,5.0,2,4,6,7,1,3,3,0,0,3,IMPROPER OVERTAKING/PASSING,2,1,0.0,0.0,0.0,0.0,0.0,2.0,22,2,6,06/03/2024,2024-06-03,22:30:00
04/23/2024 05:00:00 PM,5.0,2,1,4,10,1,3,3,0,1,3,DRIVING SKILLS/KNOWLEDGE/EXPERIENCE,2,1,0.0,0.0,0.0,0.0,0.0,3.0,17,3,4,04/23/2024,2024-04-23,17:00:00
04/17/2024 07:20:00 PM,5.0,2,3,14,5,1,3,3,1,1,3,IMPROPER LANE USAGE,2,3,1.0,0.0,0.0,1.0,0.0,1.0,19,4,4,04/17/2024,2024-04-17,19:20:00
07/14/2024 07:06:00 PM,7.0,2,1,6,5,1,3,3,0,1,3,FAILING TO YIELD RIGHT-OF-WAY,2,1,0.0,0.0,0.0,0.0,0.0,4.0,19,1,7,07/14/2024,2024-07-14,19:06:00
03/28/2024 01:30:00 PM,3.0,2,1,3,6,1,3,3,0,1,1,FAILING TO REDUCE SPEED TO AVOID CRASH,2,1,0.0,0.0,0.0,0.0,0.0,2.0,13,5,3,03/28/2024,2024-03-28,13:30:00
03/14/2024 07:03:00 AM,5.0,4,4,6,5,1,4,3,1,1,3,FAILING TO YIELD RIGHT-OF-WAY,2,2,2.0,0.0,0.0,0.0,2.0,1.0,7,5,3,03/14/2024,2024-03-14,07:03:00
03/25/2024 03:30:00 PM,3.0,2,1,11,6,1,1,1,0,0,2,UNABLE TO DETERMINE,2,1,0.0,0.0,0.0,0.0,0.0,1.0,15,2,3,03/25/2024,2024-03-25,15:30:00
03/08/2024 12:30:00 PM,5.0,4,1,4,5,1,4,3,0,1,3,FOLLOWING TOO CLOSELY,2,1,0.0,0.0,0.0,0.0,0.0,2.0,12,6,3,03/08/2024,2024-03-08,12:30:00
03/02/2024 08:50:00 PM,3.0,2,4,3,4,1,3,3,0,0,3,IMPROPER OVERTAKING/PASSING,2,1,0.0,0.0,0.0,0.0,0.0,2.0,20,7,3,03/02/2024,2024-03-02,20:50:00
03/29/2024 06:30:00 PM,7.0,2,3,4,4,1,3,3,0,1,2,FAILING TO REDUCE SPEED TO AVOID CRASH,2,1,0.0,0.0,0.0,0.0,0.0,2.0,18,6,3,03/29/2024,2024-03-29,18:30:00
05/16/2024 01:20:00 PM,5.0,2,1,6,5,1,3,1,0,1,1,IMPROPER TURNING/NO SIGNAL,2,1,0.0,0.0,0.0,0.0,0.0,2.0,13,5,5,05/16/2024,2024-05-16,13:20:00
05/29/2024 02:40:00 PM,5.0,2,1,6,18,1,3,3,0,1,2,FOLLOWING TOO CLOSELY,2,1,0.0,0.0,0.0,0.0,0.0,2.0,14,4,5,05/29/2024,2024-05-29,14:40:00
07/25/2024 01:35:00 PM,5.0,2,1,4,7,1,3,3,1,1,3,DISTRACTION - FROM INSIDE VEHICLE,2,3,2.0,0.0,0.0,2.0,0.0,0.0,13,5,7,07/25/2024,2024-07-25,13:35:00
08/09/2024 03:20:00 PM,7.0,2,1,6,5,1,3,3,0,1,2,IMPROPER TURNING/NO SIGNAL,2,1,0.0,0.0,0.0,0.0,0.0,3.0,15,6,8,08/09/2024,2024-08-09,15:20:00
08/09/2024 11:48:00 AM,5.0,2,1,6,6,1,3,3,0,1,3,IMPROPER TURNING/NO SIGNAL,2,1,0.0,0.0,0.0,0.0,0.0,2.0,11,6,8,08/09/2024,2024-08-09,11:48:00
01/11/2024 07:30:00 AM,5.0,3,1,5,3,1,5,4,0,1,3,IMPROPER LANE USAGE,2,1,0.0,0.0,0.0,0.0,0.0,2.0,7,5,1,01/11/2024,2024-01-11,07:30:00
02/09/2024 01:00:00 PM,5.0,2,1,4,6,1,3,1,0,1,3,UNABLE TO DETERMINE,2,1,0.0,0.0,0.0,0.0,0.0,2.0,13,6,2,02/09/2024,2024-02-09,13:00:00
03/18/2024 03:55:00 PM,5.0,2,1,4,6,1,3,3,0,1,2,UNABLE TO DETERMINE,2,1,0.0,0.0,0.0,0.0,0.0,3.0,15,2,3,03/18/2024,2024-03-18,15:55:00
01/25/2024 04:15:00 PM,5.0,3,3,4,4,1,4,3,0,1,2,FAILING TO REDUCE SPEED TO AVOID CRASH,2,1,0.0,0.0,0.0,0.0,0.0,2.0,16,5,1,01/25/2024,2024-01-25,16:15:00
07/06/2024 03:20:00 AM,7.0,2,4,6,5,1,3,3,0,1,3,UNABLE TO DETERMINE,2,1,0.0,0.0,0.0,0.0,0.0,2.0,3,7,7,07/06/2024,2024-07-06,03:20:00
05/30/2024 02:45:00 PM,5.0,2,1,6,5,1,1,1,0,1,2,UNABLE TO DETERMINE,2,1,0.0,0.0,0.0,0.0,0.0,3.0,14,5,5,05/30/2024,2024-05-30,14:45:00
04/11/2024 12:35:00 PM,5.0,2,1,6,5,1,3,3,1,1,2,IMPROPER TURNING/NO SIGNAL,2,1,0.0,0.0,0.0,0.0,0.0,3.0,12,5,4,04/11/2024,2024-04-11,12:35:00
01/20/2024 09:55:00 AM,5.0,2,1,5,1,1,4,3,0,1,3,FAILING TO YIELD RIGHT-OF-WAY,2,1,0.0,0.0,0.0,0.0,0.0,4.0,9,7,1,01/20/2024,2024-01-20,09:55:00
01/29/2024 07:25:00 PM,5.0,2,4,4,6,1,3,3,1,1,3,"OPERATING VEHICLE IN ERRATIC, RECKLESS, CARELESS, NEGLIGENT OR AGGRESSIVE MANNER",2,1,0.0,0.0,0.0,0.0,0.0,5.0,19,2,1,01/29/2024,2024-01-29,19:25:00
06/15/2024 11:08:00 PM,5.0,2,4,3,9,1,3,3,0,1,3,IMPROPER TURNING/NO SIGNAL,2,1,0.0,0.0,0.0,0.0,0.0,2.0,23,7,6,06/15/2024,2024-06-15,23:08:00
06/23/2024 01:55:00 PM,3.0,2,1,3,4,1,3,3,0,1,3,IMPROPER OVERTAKING/PASSING,2,1,0.0,0.0,0.0,0.0,0.0,2.0,13,1,6,06/23/2024,2024-06-23,13:55:00
05/29/2024 06:35:00 PM,5.0,2,1,6,6,1,3,1,0,1,3,IMPROPER TURNING/NO SIGNAL,2,1,0.0,0.0,0.0,0.0,0.0,2.0,18,4,5,05/29/2024,2024-05-29,18:35:00
01/24/2024 06:55:00 PM,5.0,4,4,6,5,1,4,1,1,1,3,UNABLE TO DETERMINE,2,3,1.0,0.0,0.0,1.0,0.0,1.0,18,4,1,01/24/2024,2024-01-24,18:55:00
01/05/2024 05:30:00 PM,5.0,2,4,5,5,1,3,3,1,1,3,NOT APPLICABLE,2,1,0.0,0.0,0.0,0.0,0.0,3.0,17,6,1,01/05/2024,2024-01-05,17:30:00
01/17/2024 08:45:00 AM,5.0,3,1,4,6,1,3,3,0,1,3,FOLLOWING TOO CLOSELY,2,1,0.0,0.0,0.0,0.0,0.0,2.0,8,4,1,01/17/2024,2024-01-17,08:45:00
04/11/2024 09:30:00 AM,5.0,4,1,4,4,1,4,3,1,1,3,EQUIPMENT - VEHICLE CONDITION,2,1,0.0,0.0,0.0,0.0,0.0,2.0,9,5,4,04/11/2024,2024-04-11,09:30:00
06/15/2024 03:35:00 PM,5.0,2,1,6,2,1,3,1,0,1,3,IMPROPER OVERTAKING/PASSING,2,1,0.0,0.0,0.0,0.0,0.0,2.0,15,7,6,06/15/2024,2024-06-15,15:35:00
06/13/2024 03:26:00 PM,5.0,2,1,6,6,1,3,3,1,1,3,UNABLE TO DETERMINE,2,1,0.0,0.0,0.0,0.0,0.0,4.0,15,5,6,06/13/2024,2024-06-13,15:26:00
04/26/2024 06:13:00 PM,5.0,2,1,13,5,1,1,1,1,1,3,DISREGARDING TRAFFIC SIGNALS,2,3,1.0,0.0,0.0,1.0,0.0,1.0,18,6,4,04/26/2024,2024-04-26,18:13:00
03/08/2024 09:43:00 PM,5.0,4,4,5,5,1,4,3,1,1,3,FAILING TO YIELD RIGHT-OF-WAY,2,2,1.0,0.0,0.0,0.0,1.0,5.0,21,6,3,03/08/2024,2024-03-08,21:43:00
07/17/2024 08:35:00 AM,5.0,2,1,5,5,1,3,1,0,1,3,FAILING TO YIELD RIGHT-OF-WAY,2,1,0.0,0.0,0.0,0.0,0.0,2.0,8,4,7,07/17/2024,2024-07-17,08:35:00
03/22/2024 08:23:00 PM,5.0,2,4,6,5,1,4,1,1,1,3,IMPROPER TURNING/NO SIGNAL,2,2,1.0,0.0,0.0,0.0,1.0,1.0,20,6,3,03/22/2024,2024-03-22,20:23:00
03/16/2024 10:10:00 AM,5.0,2,1,3,4,1,3,3,0,1,3,IMPROPER LANE USAGE,2,1,0.0,0.0,0.0,0.0,0.0,2.0,10,7,3,03/16/2024,2024-03-16,10:10:00
05/03/2024 08:26:00 AM,5.0,3,1,5,5,1,4,3,0,1,3,DISREGARDING TRAFFIC SIGNALS,2,1,0.0,0.0,0.0,0.0,0.0,2.0,8,6,5,05/03/2024,2024-05-03,08:26:00
04/01/2024 08:00:00 AM,7.0,2,1,5,5,1,1,1,1,1,3,UNABLE TO DETERMINE,2,2,1.0,0.0,0.0,0.0,1.0,1.0,8,2,4,04/01/2024,2024-04-01,08:00:00
07/06/2024 04:15:00 PM,5.0,2,1,14,5,1,3,1,0,1,3,UNABLE TO DETERMINE,2,1,0.0,0.0,0.0,0.0,0.0,2.0,16,7,7,07/06/2024,2024-07-06,16:15:00
02/08/2024 07:37:00 PM,5.0,4,4,6,5,1,4,3,0,1,1,FAILING TO YIELD RIGHT-OF-WAY,2,1,0.0,0.0,0.0,0.0,0.0,3.0,19,5,2,02/08/2024,2024-02-08,19:37:00
04/22/2024 09:30:00 AM,5.0,2,1,6,4,1,3,3,1,1,3,UNABLE TO DETERMINE,2,3,1.0,0.0,0.0,1.0,0.0,1.0,9,2,4,04/22/2024,2024-04-22,09:30:00
02/26/2024 12:00:00 PM,5.0,2,1,6,5,1,3,3,0,1,3,UNABLE TO DETERMINE,2,1,0.0,0.0,0.0,0.0,0.0,2.0,12,2,2,02/26/2024,2024-02-26,12:00:00
06/14/2024 02:59:00 PM,7.0,2,1,13,10,1,3,3,1,1,3,FAILING TO YIELD RIGHT-OF-WAY,2,3,1.0,0.0,0.0,1.0,0.0,1.0,14,6,6,06/14/2024,2024-06-14,14:59:00
01/17/2024 10:00:00 PM,5.0,2,5,4,6,1,1,3,0,1,3,UNABLE TO DETERMINE,2,1,0.0,0.0,0.0,0.0,0.0,2.0,22,4,1,01/17/2024,2024-01-17,22:00:00
06/04/2024 06:40:00 PM,3.0,2,1,6,5,1,3,3,0,1,2,IMPROPER TURNING/NO SIGNAL,2,1,0.0,0.0,0.0,0.0,0.0,2.0,18,3,6,06/04/2024,2024-06-04,18:40:00