crash_date,traffic_control_device,weather_condition,lighting_condition,first_crash_type,trafficway_type,alignment,roadway_surface_cond,road_defect,crash_type,intersection_related_i,damage,prim_contributory_cause,num_units,most_severe_injury,injuries_total,injuries_fatal,injuries_incapacitating,injuries_non_incapacitating,injuries_reported_not_evident,injuries_no_indication,crash_hour,crash_day_of_week,crash_month,parsed_datetime,date,time
03/29/2024 12:11:00 PM,3.0,2,1,3,3,1,3,3,0,0,2,UNABLE TO DETERMINE,2,1,0.0,0.0,0.0,0.0,0.0,2.0,12,6,3,03/29/2024,2024-03-29,12:11:00
02/14/2024 08:20:00 AM,7.0,2,1,5,5,1,3,1,0,1,3,FAILING TO REDUCE SPEED TO AVOID CRASH,2,1,0.0,0.0,0.0,0.0,0.0,2.0,8,4,2,02/14/2024,2024-02-14,08:20:00
03/08/2024 10:05:00 PM,5.0,4,4,6,5,1,4,1,1,1,3,DISREGARDING TRAFFIC SIGNALS,2,1,0.0,0.0,0.0,0.0,0.0,2.0,22,6,3,03/08/2024,2024-03-08,22:05:00
06/23/2024 02:15:00 AM,7.0,2,4,14,5,1,4,1,1,1,2,UNABLE TO DETERMINE,2,3,1.0,0.0,0.0,1.0,0.0,1.0,2,1,6,06/23/2024,2024-06-23,02:15:00
05/30/2024 02:56:00 PM,5.0,2,1,6,6,1,3,3,0,1,3,FAILING TO YIELD RIGHT-OF-WAY,2,1,0.0,0.0,0.0,0.0,0.0,2.0,14,5,5,05/30/2024,2024-05-30,14:56:00
02/14/2024 03:34:00 PM,7.0,2,1,5,7,1,3,3,0,1,3,UNABLE TO DETERMINE,2,1,0.0,0.0,0.0,0.0,0.0,2.0,15,4,2,02/14/2024,2024-02-14,15:34:00
03/30/2024 06:13:00 PM,5.0,2,1,13,7,1,3,3,1,1,2,UNABLE TO DETERMINE,2,3,1.0,0.0,0.0,1.0,0.0,3.0,18,7,3,03/30/2024,2024-03-30,18:13:00
02/28/2024 07:00:00 AM,7.0,3,1,6,10,1,4,3,0,1,2,DRIVING SKILLS/KNOWLEDGE/EXPERIENCE,2,1,0.0,0.0,0.0,0.0,0.0,2.0,7,4,2,02/28/2024,2024-02-28,07:00:00
04/26/2024 04:12:00 PM,5.0,4,1,6,6,1,4,3,0,1,2,IMPROPER OVERTAKING/PASSING,2,1,0.0,0.0,0.0,0.0,0.0,5.0,16,6,4,04/26/2024,2024-04-26,16:12:00
07/12/2024 01:30:00 PM,5.0,2,1,6,5,1,3,3,0,1,3,IMPROPER OVERTAKING/PASSING,2,1,0.0,0.0,0.0,0.0,0.0,3.0,13,6,7,07/12/2024,2024-07-12,13:30:00
05/07/2024 04:34:00 PM,5.0,3,1,4,3,1,4,3,1,1,3,FOLLOWING TOO CLOSELY,2,3,1.0,0.0,0.0,1.0,0.0,1.0,16,3,5,05/07/2024,2024-05-07,16:34:00
07/31/2024 02:00:00 PM,3.0,2,1,3,4,1,3,3,0,1,3,UNABLE TO DETERMINE,2,1,0.0,0.0,0.0,0.0,0.0,2.0,14,4,7,07/31/2024,2024-07-31,14:00:00
07/12/2024 11:00:00 PM,5.0,2,4,14,14,1,3,3,0,1,3,DISREGARDING TRAFFIC SIGNALS,2,1,0.0,0.0,0.0,0.0,0.0,3.0,23,6,7,07/12/2024,2024-07-12,23:00:00
03/12/2024 04:30:00 PM,7.0,2,1,6,5,1,3,3,0,1,3,UNABLE TO DETERMINE,2,1,0.0,0.0,0.0,0.0,0.0,2.0,16,3,3,03/12/2024,2024-03-12,16:30:00
06/01/2024 01:30:00 PM,3.0,4,1,6,7,1,4,1,0,1,3,FAILING TO YIELD RIGHT-OF-WAY,2,1,0.0,0.0,0.0,0.0,0.0,3.0,13,7,6,06/01/2024,2024-06-01,13:30:00
02/07/2024 10:48:00 AM,5.0,2,1,13,6,1,3,1,1,1,3,FAILING TO REDUCE SPEED TO AVOID CRASH,2,3,1.0,0.0,0.0,1.0,0.0,1.0,10,4,2,02/07/2024,2024-02-07,10:48:00
06/20/2024 09:10:00 AM,7.0,2,1,6,5,1,3,3,0,1,2,FAILING TO YIELD RIGHT-OF-WAY,2,1,0.0,0.0,0.0,0.0,0.0,2.0,9,5,6,06/20/2024,2024-06-20,09:10:00
02/28/2024 08:39:00 AM,3.0,2,1,3,6,1,2,3,0,0,3,FAILING TO YIELD RIGHT-OF-WAY,2,1,0.0,0.0,0.0,0.0,0.0,3.0,8,4,2,02/28/2024,2024-02-28,08:39:00
01/11/2024 01:15:00 PM,3.0,2,1,5,5,1,3,3,0,1,2,FAILING TO YIELD RIGHT-OF-WAY,2,1,0.0,0.0,0.0,0.0,0.0,2.0,13,5,1,01/11/2024,2024-01-11,13:15:00
07/02/2024 03:50:00 PM,7.0,2,1,5,14,1,3,1,0,1,1,FOLLOWING TOO CLOSELY,2,1,0.0,0.0,0.0,0.0,0.0,2.0,15,3,7,07/02/2024,2024-07-02,15:50:00
08/02/2024 06:00:00 PM,5.0,2,1,4,5,1,3,3,0,1,3,EQUIPMENT - VEHICLE CONDITION,2,1,0.0,0.0,0.0,0.0,0.0,2.0,18,6,8,08/02/2024,2024-08-02,18:00:00
03/25/2024 12:25:00 PM,5.0,2,1,3,6,1,3,3,0,1,3,NOT APPLICABLE,2,1,0.0,0.0,0.0,0.0,0.0,4.0,12,2,3,03/25/2024,2024-03-25,12:25:00
03/15/2024 02:09:00 PM,5.0,2,1,4,1,1,3,1,1,1,2,UNABLE TO DETERMINE,2,3,1.0,0.0,0.0,1.0,0.0,1.0,14,6,3,03/15/2024,2024-03-15,14:09:00
06/27/2024 07:30:00 PM,5.0,2,1,6,6,1,3,3,1,1,3,UNABLE TO DETERMINE,2,3,2.0,0.0,0.0,2.0,0.0,1.0,19,5,6,06/27/2024,2024-06-27,19:30:00
04/01/2024 09:20:00 AM,7.0,3,1,5,5,1,3,3,0,1,3,DISREGARDING STOP SIGN,2,1,0.0,0.0,0.0,0.0,0.0,2.0,9,2,4,04/01/2024,2024-04-01,09:20:00
03/25/2024 09:15:00 AM,7.0,2,1,6,7,2,3,3,0,1,3,IMPROPER TURNING/NO SIGNAL,2,1,0.0,0.0,0.0,0.0,0.0,2.0,9,2,3,03/25/2024,2024-03-25,09:15:00
04/15/2024 11:14:00 PM,5.0,2,4,6,5,4,3,3,1,1,3,IMPROPER TURNING/NO SIGNAL,2,1,0.0,0.0,0.0,0.0,0.0,2.0,23,2,4,04/15/2024,2024-04-15,23:14:00
05/16/2024 08:30:00 PM,5.0,2,4,4,5,1,3,3,0,1,2,IMPROPER BACKING,2,1,0.0,0.0,0.0,0.0,0.0,2.0,20,5,5,05/16/2024,2024-05-16,20:30:00
08/10/2024 11:00:00 PM,7.0,2,5,4,4,1,1,1,0,1,1,FOLLOWING TOO CLOSELY,2,1,0.0,0.0,0.0,0.0,0.0,4.0,23,7,8,08/10/2024,2024-08-10,23:00:00
07/29/2024 09:23:00 PM,5.0,2,4,4,3,2,3,3,0,1,3,UNABLE TO DETERMINE,2,1,0.0,0.0,0.0,0.0,0.0,4.0,21,2,7,07/29/2024,2024-07-29,21:23:00
07/17/2024 10:45:00 AM,7.0,2,1,8,10,1,3,3,0,1,2,UNABLE TO DETERMINE,2,1,0.0,0.0,0.0,0.0,0.0,2.0,10,4,7,07/17/2024,2024-07-17,10:45:00
01/06/2024 10:35:00 AM,7.0,5,1,11,10,1,4,3,0,1,3,DISTRACTION - FROM INSIDE VEHICLE,2,1,0.0,0.0,0.0,0.0,0.0,1.0,10,7,1,01/06/2024,2024-01-06,10:35:00
06/07/2024 03:15:00 PM,3.0,2,1,6,6,1,1,3,0,1,2,FAILING TO YIELD RIGHT-OF-WAY,2,1,0.0,0.0,0.0,0.0,0.0,2.0,15,6,6,06/07/2024,2024-06-07,15:15:00
03/25/2024 12:15:00 PM,5.0,2,1,4,3,1,3,3,1,1,3,FOLLOWING TOO CLOSELY,2,2,1.0,0.0,0.0,0.0,1.0,1.0,12,2,3,03/25/2024,2024-03-25,12:15:00
08/01/2024 12:18:00 PM,3.0,3,1,13,4,1,3,3,1,1,1,FAILING TO YIELD RIGHT-OF-WAY,2,3,1.0,0.0,0.0,1.0,0.0,4.0,12,5,8,08/01/2024,2024-08-01,12:18:00
07/26/2024 02:45:00 PM,7.0,2,1,5,5,1,3,3,0,1,3,UNABLE TO DETERMINE,2,1,0.0,0.0,0.0,0.0,0.0,2.0,14,6,7,07/26/2024,2024-07-26,14:45:00
04/30/2024 03:30:00 PM,7.0,2,1,5,10,1,3,3,0,1,3,FAILING TO YIELD RIGHT-OF-WAY,2,1,0.0,0.0,0.0,0.0,0.0,2.0,15,3,4,04/30/2024,2024-04-30,15:30:00
02/28/2024 06:58:00 PM,7.0,2,4,5,5,1,3,3,1,1,3,IMPROPER OVERTAKING/PASSING,2,1,0.0,0.0,0.0,0.0,0.0,2.0,18,4,2,02/28/2024,2024-02-28,18:58:00
05/18/2024 04:15:00 PM,5.0,2,1,6,6,1,3,3,1,1,3,IMPROPER OVERTAKING/PASSING,2,2,1.0,0.0,0.0,0.0,1.0,1.0,16,7,5,05/18/2024,2024-05-18,16:15:00
07/29/2024 02:57:00 PM,3.0,2,1,14,2,1,3,1,1,1,3,NOT APPLICABLE,2,3,1.0,0.0,0.0,1.0,0.0,1.0,14,2,7,07/29/2024,2024-07-29,14:57:00
07/11/2024 07:27:00 PM,7.0,2,1,5,6,1,3,1,1,1,3,UNABLE TO DETERMINE,2,1,0.0,0.0,0.0,0.0,0.0,3.0,19,5,7,07/11/2024,2024-07-11,19:27:00
06/10/2024 12:57:00 PM,3.0,2,1,6,4,1,3,3,0,0,2,FAILING TO YIELD RIGHT-OF-WAY,2,1,0.0,0.0,0.0,0.0,0.0,5.0,12,2,6,06/10/2024,2024-06-10,12:57:00
05/26/2024 12:14:00 AM,5.0,2,4,5,5,1,3,1,1,1,3,UNABLE TO DETERMINE,2,3,2.0,0.0,0.0,2.0,0.0,0.0,0,1,5,05/26/2024,2024-05-26,00:14:00
03/16/2024 12:20:00 PM,5.0,2,1,5,5,1,3,3,0,1,3,DISREGARDING TRAFFIC SIGNALS,2,1,0.0,0.0,0.0,0.0,0.0,2.0,12,7,3,03/16/2024,2024-03-16,12:20:00
01/11/2024 11:00:00 AM,5.0,2,1,4,5,1,3,3,0,1,3,UNABLE TO DETERMINE,2,1,0.0,0.0,0.0,0.0,0.0,2.0,11,5,1,01/11/2024,2024-01-11,11:00:00
05/01/2024 06:12:00 PM,5.0,2,1,6,5,1,3,3,0,1,3,IMPROPER TURNING/NO SIGNAL,2,1,0.0,0.0,0.0,0.0,0.0,2.0,18,4,5,05/01/2024,2024-05-01,18:12:00
07/30/2024 06:00:00 PM,5.0,2,1,6,10,1,3,3,1,1,3,DISREGARDING ROAD MARKINGS,2,1,0.0,0.0,0.0,0.0,0.0,3.0,18,3,7,07/30/2024,2024-07-30,18:00:00
02/14/2024 12:30:00 PM,7.0,2,1,6,1,1,3,3,1,1,3,FAILING TO YIELD RIGHT-OF-WAY,2,1,0.0,0.0,0.0,0.0,0.0,4.0,12,4,2,02/14/2024,2024-02-14,12:30:00
07/08/2024 11:01:00 AM,7.0,2,1,6,6,1,3,3,0,1,3,IMPROPER OVERTAKING/PASSING,2,1,0.0,0.0,0.0,0.0,0.0,3.0,11,2,7,07/08/2024,2024-07-08,11:01:00
07/10/2024 09:22:00 PM,5.0,2,4,4,7,1,3,3,1,1,1,DISTRACTION - FROM OUTSIDE VEHICLE,2,2,1.0,0.0,0.0,0.0,1.0,2.0,21,4,7,07/10/2024,2024-07-10,21:22:00
05/18/2024 09:22:00 AM,3.0,2,1,6,7,1,3,3,0,1,3,FAILING TO YIELD RIGHT-OF-WAY,2,1,0.0,0.0,0.0,0.0,0.0,2.0,9,7,5,05/18/2024,2024-05-18,09:22:00
02/14/2024 05:25:00 PM,5.0,2,3,6,5,1,3,3,0,1,3,IMPROPER TURNING/NO SIGNAL,2,1,0.0,0.0,0.0,0.0,0.0,3.0,17,4,2,02/14/2024,2024-02-14,17:25:00
01/11/2024 07:55:00 AM,7.0,2,1,6,7,1,3,1,0,1,2,IMPROPER TURNING/NO SIGNAL,2,1,0.0,0.0,0.0,0.0,0.0,4.0,7,5,1,01/11/2024,2024-01-11,07:55:00
03/18/2024 06:43:00 PM,3.0,2,3,6,7,1,3,3,1,1,2,FAILING TO YIELD RIGHT-OF-WAY,2,1,0.0,0.0,0.0,0.0,0.0,3.0,18,2,3,03/18/2024,2024-03-18,18:43:00
08/05/2024 08:20:00 PM,7.0,2,4,6,5,1,4,3,1,1,3,FAILING TO YIELD RIGHT-OF-WAY,2,1,0.0,0.0,0.0,0.0,0.0,3.0,20,2,8,08/05/2024,2024-08-05,20:20:00
03/06/2024 06:00:00 PM,5.0,2,4,3,7,1,3,3,0,1,3,"DISTRACTION - OTHER ELECTRONIC DEVICE (NAVIGATION DEVICE, DVD PLAYER, ETC.)",2,1,0.0,0.0,0.0,0.0,0.0,2.0,18,4,3,03/06/2024,2024-03-06,18:00:00
03/21/2024 06:43:00 PM,3.0,2,2,4,6,1,3,3,1,0,3,UNABLE TO DETERMINE,2,3,1.0,0.0,0.0,1.0,0.0,1.0,18,5,3,03/21/2024,2024-03-21,18:43:00
06/22/2024 06:00:00 PM,5.0,2,1,6,5,1,3,3,1,1,3,IMPROPER TURNING/NO SIGNAL,2,1,0.0,0.0,0.0,0.0,0.0,3.0,18,7,6,06/22/2024,2024-06-22,18:00:00
01/29/2024 08:20:00 PM,7.0,3,4,11,17,1,3,3,0,1,1,DISTRACTION - FROM OUTSIDE VEHICLE,2,1,0.0,0.0,0.0,0.0,0.0,1.0,20,2,1,01/29/2024,2024-01-29,20:20:00
07/17/2024 03:00:00 PM,7.0,2,1,6,7,1,3,3,0,1,2,FAILING TO YIELD RIGHT-OF-WAY,2,1,0.0,0.0,0.0,0.0,0.0,2.0,15,4,7,07/17/2024,2024-07-17,15:00:00
04/15/2024 09:11:00 AM,5.0,2,1,5,5,1,3,3,1,1,3,DISREGARDING TRAFFIC SIGNALS,2,2,1.0,0.0,0.0,0.0,1.0,1.0,9,2,4,04/15/2024,2024-04-15,09:11:00
06/16/2024 04:20:00 AM,7.0,2,1,14,10,1,3,3,0,1,1,DRIVING SKILLS/KNOWLEDGE/EXPERIENCE,2,1,0.0,0.0,0.0,0.0,0.0,2.0,4,1,6,06/16/2024,2024-06-16,04:20:00
06/03/2024 07:18:00 PM,7.0,2,4,4,7,1,3,3,1,1,3,DISREGARDING STOP SIGN,2,3,2.0,0.0,0.0,2.0,0.0,2.0,19,2,6,06/03/2024,2024-06-03,19:18:00
03/28/2024 10:52:00 AM,5.0,2,1,4,2,1,3,3,1,1,3,FAILING TO REDUCE SPEED TO AVOID CRASH,2,1,0.0,0.0,0.0,0.0,0.0,3.0,10,5,3,03/28/2024,2024-03-28,10:52:00
02/09/2024 03:00:00 PM,7.0,2,1,4,5,1,3,3,0,1,3,DISREGARDING STOP SIGN,2,1,0.0,0.0,0.0,0.0,0.0,4.0,15,6,2,02/09/2024,2024-02-09,15:00:00
01/02/2024 04:14:00 PM,3.0,2,5,3,6,1,3,3,1,1,3,UNABLE TO DETERMINE,2,1,0.0,0.0,0.0,0.0,0.0,2.0,16,3,1,01/02/2024,2024-01-02,16:14:00
07/28/2024 08:18:00 AM,7.0,2,1,5,12,1,4,3,0,1,2,DISREGARDING STOP SIGN,2,1,0.0,0.0,0.0,0.0,0.0,2.0,8,1,7,07/28/2024,2024-07-28,08:18:00
02/27/2024 09:38:00 AM,5.0,2,1,4,6,1,3,3,0,1,2,IMPROPER OVERTAKING/PASSING,2,1,0.0,0.0,0.0,0.0,0.0,2.0,9,3,2,02/27/2024,2024-02-27,09:38:00
02/28/2024 06:13:00 PM,5.0,2,4,6,5,1,3,1,0,1,3,DISREGARDING TRAFFIC SIGNALS,2,1,0.0,0.0,0.0,0.0,0.0,3.0,18,4,2,02/28/2024,2024-02-28,18:13:00
07/01/2024 09:00:00 AM,1.0,2,4,3,6,1,1,1,0,1,3,UNABLE TO DETERMINE,2,1,0.0,0.0,0.0,0.0,0.0,4.0,9,2,7,07/01/2024,2024-07-01,09:00:00
07/15/2024 03:50:00 PM,5.0,2,1,5,5,1,3,1,0,1,3,DISREGARDING TRAFFIC SIGNALS,2,1,0.0,0.0,0.0,0.0,0.0,2.0,15,2,7,07/15/2024,2024-07-15,15:50:00
07/25/2024 03:04:00 PM,5.0,2,1,6,4,1,3,3,1,1,3,UNABLE TO DETERMINE,2,3,2.0,0.0,0.0,1.0,1.0,1.0,15,5,7,07/25/2024,2024-07-25,15:04:00
06/11/2024 11:52:00 PM,5.0,2,4,4,5,1,3,3,0,1,3,FOLLOWING TOO CLOSELY,2,1,0.0,0.0,0.0,0.0,0.0,3.0,23,3,6,06/11/2024,2024-06-11,23:52:00
05/17/2024 01:00:00 PM,5.0,2,1,3,9,1,3,3,1,1,3,UNABLE TO DETERMINE,2,1,0.0,0.0,0.0,0.0,0.0,2.0,13,6,5,05/17/2024,2024-05-17,13:00:00
02/15/2024 05:50:00 AM,5.0,4,3,6,5,1,4,3,1,1,3,IMPROPER TURNING/NO SIGNAL,2,2,1.0,0.0,0.0,0.0,1.0,1.0,5,5,2,02/15/2024,2024-02-15,05:50:00
06/27/2024 11:30:00 AM,5.0,2,1,4,5,1,3,3,0,1,2,FAILING TO REDUCE SPEED TO AVOID CRASH,2,1,0.0,0.0,0.0,0.0,0.0,2.0,11,5,6,06/27/2024,2024-06-27,11:30:00
07/18/2024 02:00:00 PM,3.0,2,1,6,12,1,3,3,1,0,3,FAILING TO YIELD RIGHT-OF-WAY,2,1,0.0,0.0,0.0,0.0,0.0,3.0,14,5,7,07/18/2024,2024-07-18,14:00:00
04/02/2024 04:45:00 PM,7.0,2,1,4,10,1,4,3,1,1,3,NOT APPLICABLE,2,1,0.0,0.0,0.0,0.0,0.0,2.0,16,3,4,04/02/2024,2024-04-02,16:45:00
06/12/2024 09:20:00 AM,3.0,2,1,4,5,1,3,1,1,1,1,UNABLE TO DETERMINE,2,2,1.0,0.0,0.0,0.0,1.0,1.0,9,4,6,06/12/2024,2024-06-12,09:20:00
06/30/2024 04:12:00 PM,3.0,2,1,4,7,1,3,3,0,1,3,FOLLOWING TOO CLOSELY,2,1,0.0,0.0,0.0,0.0,0.0,2.0,16,1,6,06/30/2024,2024-06-30,16:12:00
02/25/2024 12:39:00 AM,5.0,2,4,13,5,1,3,3,1,1,2,FAILING TO YIELD RIGHT-OF-WAY,2,3,1.0,0.0,0.0,1.0,0.0,1.0,0,1,2,02/25/2024,2024-02-25,00:39:00
04/14/2024 02:50:00 PM,5.0,2,1,2,14,1,3,3,1,1,3,FAILING TO YIELD RIGHT-OF-WAY,2,2,1.0,0.0,0.0,0.0,1.0,1.0,14,1,4,04/14/2024,2024-04-14,14:50:00
06/20/2024 09:27:00 AM,5.0,2,1,3,3,1,3,1,0,1,3,IMPROPER LANE USAGE,2,1,0.0,0.0,0.0,0.0,0.0,2.0,9,5,6,06/20/2024,2024-06-20,09:27:00
03/03/2024 05:08:00 AM,5.0,2,4,8,6,1,3,3,0,1,3,UNABLE TO DETERMINE,2,1,0.0,0.0,0.0,0.0,0.0,2.0,5,1,3,03/03/2024,2024-03-03,05:08:00
07/18/2024 06:41:00 AM,5.0,2,1,6,5,1,3,3,1,1,3,DISREGARDING TRAFFIC SIGNALS,2,3,2.0,0.0,0.0,2.0,0.0,0.0,6,5,7,07/18/2024,2024-07-18,06:41:00
06/02/2024 02:30:00 PM,3.0,2,1,6,6,1,3,1,0,1,3,UNABLE TO DETERMINE,2,1,0.0,0.0,0.0,0.0,0.0,2.0,14,1,6,06/02/2024,2024-06-02,14:30:00
06/06/2024 09:05:00 AM,5.0,2,1,3,5,1,3,3,0,1,3,UNABLE TO DETERMINE,2,1,0.0,0.0,0.0,0.0,0.0,2.0,9,5,6,06/06/2024,2024-06-06,09:05:00
02/19/2024 03:30:00 PM,3.0,2,1,11,17,1,3,3,0,0,3,DISTRACTION - FROM OUTSIDE VEHICLE,2,1,0.0,0.0,0.0,0.0,0.0,1.0,15,2,2,02/19/2024,2024-02-19,15:30:00
08/07/2024 11:28:00 PM,5.0,2,4,13,13,1,3,3,1,1,3,FAILING TO YIELD RIGHT-OF-WAY,2,4,1.0,0.0,1.0,0.0,0.0,1.0,23,4,8,08/07/2024,2024-08-07,23:28:00
01/10/2024 08:38:00 AM,5.0,3,1,3,6,5,1,2,0,1,3,IMPROPER OVERTAKING/PASSING,2,1,0.0,0.0,0.0,0.0,0.0,2.0,8,4,1,01/10/2024,2024-01-10,08:38:00
06/21/2024 06:41:00 PM,7.0,2,1,5,5,1,3,3,1,1,3,DISREGARDING STOP SIGN,2,1,0.0,0.0,0.0,0.0,0.0,3.0,18,6,6,06/21/2024,2024-06-21,18:41:00
01/05/2024 03:10:00 PM,5.0,2,1,3,5,1,3,1,0,1,3,DRIVING SKILLS/KNOWLEDGE/EXPERIENCE,2,1,0.0,0.0,0.0,0.0,0.0,3.0,15,6,1,01/05/2024,2024-01-05,15:10:00
05/19/2024 10:00:00 AM,5.0,2,1,5,6,1,3,3,1,1,3,UNABLE TO DETERMINE,2,1,0.0,0.0,0.0,0.0,0.0,3.0,10,1,5,05/19/2024,2024-05-19,10:00:00
02/11/2024 02:30:00 AM,5.0,2,4,5,14,2,3,3,1,1,3,DISREGARDING TRAFFIC SIGNALS,2,3,2.0,0.0,0.0,1.0,1.0,3.0,2,1,2,02/11/2024,2024-02-11,02:30:00
01/04/2024 05:26:00 PM,5.0,2,4,3,5,1,3,3,0,1,1,UNABLE TO DETERMINE,2,1,0.0,0.0,0.0,0.0,0.0,3.0,17,5,1,01/04/2024,2024-01-04,17:26:00
08/02/2024 06:30:00 PM,3.0,2,1,5,5,1,3,3,1,1,3,FAILING TO YIELD RIGHT-OF-WAY,2,2,1.0,0.0,0.0,0.0,1.0,1.0,18,6,8,08/02/2024,2024-08-02,18:30:00
04/17/2024 07:01:00 AM,5.0,2,1,3,5,1,3,3,0,1,1,DRIVING SKILLS/KNOWLEDGE/EXPERIENCE,2,1,0.0,0.0,0.0,0.0,0.0,2.0,7,4,4,04/17/2024,2024-04-17,07:01:00
04/29/2024 08:08:00 AM,5.0,2,1,4,10,1,4,3,0,1,2,FOLLOWING TOO CLOSELY,2,1,0.0,0.0,0.0,0.0,0.0,3.0,8,2,4,04/29/2024,2024-04-29,08:08:00
01/16/2024 01:28:00 PM,5.0,2,1,5,5,1,3,3,1,1,3,DISREGARDING TRAFFIC SIGNALS,2,1,0.0,0.0,0.0,0.0,0.0,2.0,13,3,1,01/16/2024,2024-01-16,13:28:00
06/08/2024 06:30:00 PM,7.0,2,1,11,5,1,3,1,0,1,2,FAILING TO YIELD RIGHT-OF-WAY,2,1,0.0,0.0,0.0,0.0,0.0,1.0,18,7,6,06/08/2024,2024-06-08,18:30:00
05/22/2024 04:45:00 PM,7.0,2,1,3,7,1,1,1,0,1,3,UNABLE TO DETERMINE,2,1,0.0,0.0,0.0,0.0,0.0,2.0,16,4,5,05/22/2024,2024-05-22,16:45:00
04/25/2024 09:18:00 PM,5.0,2,4,5,5,1,3,3,1,1,3,"OPERATING VEHICLE IN ERRATIC, RECKLESS, CARELESS, NEGLIGENT OR AGGRESSIVE MANNER",2,4,1.0,0.0,1.0,0.0,0.0,1.0,21,5,4,04/25/2024,2024-04-25,21:18:00
03/29/2024 02:23:00 PM,3.0,2,1,13,6,1,3,3,1,1,1,UNABLE TO DETERMINE,2,3,1.0,0.0,0.0,1.0,0.0,1.0,14,6,3,03/29/2024,2024-03-29,14:23:00
06/13/2024 08:25:00 AM,7.0,4,1,6,6,1,4,3,1,1,3,FAILING TO YIELD RIGHT-OF-WAY,2,3,1.0,0.0,0.0,1.0,0.0,3.0,8,5,6,06/13/2024,2024-06-13,08:25:00
01/19/2024 09:30:00 AM,7.0,2,1,5,7,1,5,3,0,1,3,UNABLE TO DETERMINE,2,1,0.0,0.0,0.0,0.0,0.0,2.0,9,6,1,01/19/2024,2024-01-19,09:30:00
04/18/2024 12:15:00 AM,5.0,2,4,5,3,1,3,3,1,1,3,FAILING TO YIELD RIGHT-OF-WAY,2,1,0.0,0.0,0.0,0.0,0.0,2.0,0,5,4,04/18/2024,2024-04-18,00:15:00
07/11/2024 07:28:00 PM,5.0,2,1,6,10,1,3,3,0,1,3,IMPROPER TURNING/NO SIGNAL,2,1,0.0,0.0,0.0,0.0,0.0,2.0,19,5,7,07/11/2024,2024-07-11,19:28:00
04/30/2024 08:47:00 AM,7.0,2,1,5,4,1,3,3,1,1,3,UNABLE TO DETERMINE,2,3,1.0,0.0,0.0,1.0,0.0,2.0,8,3,4,04/30/2024,2024-04-30,08:47:00
04/07/2024 07:50:00 AM,5.0,4,1,5,10,1,4,7,1,1,3,DISREGARDING TRAFFIC SIGNALS,2,3,1.0,0.0,0.0,1.0,0.0,4.0,7,1,4,04/07/2024,2024-04-07,07:50:00
02/17/2024 05:00:00 AM,3.0,2,4,3,6,1,3,3,1,1,3,UNABLE TO DETERMINE,2,1,0.0,0.0,0.0,0.0,0.0,2.0,5,7,2,02/17/2024,2024-02-17,05:00:00
07/18/2024 11:15:00 AM,3.0,2,1,14,6,1,3,3,1,1,3,UNABLE TO DETERMINE,2,3,1.0,0.0,0.0,1.0,0.0,1.0,11,5,7,07/18/2024,2024-07-18,11:15:00
01/24/2024 12:20:00 PM,3.0,4,1,13,5,1,4,3,1,1,2,UNABLE TO DETERMINE,2,3,2.0,0.0,0.0,1.0,1.0,0.0,12,4,1,01/24/2024,2024-01-24,12:20:00
04/06/2024 01:45:00 PM,5.0,2,1,6,5,1,3,3,0,1,3,UNABLE TO DETERMINE,2,1,0.0,0.0,0.0,0.0,0.0,2.0,13,7,4,04/06/2024,2024-04-06,13:45:00
07/31/2024 08:54:00 AM,5.0,2,1,4,5,1,1,1,0,1,3,UNABLE TO DETERMINE,2,1,0.0,0.0,0.0,0.0,0.0,2.0,8,4,7,07/31/2024,2024-07-31,08:54:00
06/07/2024 11:45:00 PM,5.0,2,4,6,5,1,3,3,1,1,3,IMPROPER TURNING/NO SIGNAL,2,3,2.0,0.0,0.0,2.0,0.0,1.0,23,6,6,06/07/2024,2024-06-07,23:45:00
02/02/2024 07:04:00 PM,3.0,3,4,6,5,1,3,1,1,1,3,IMPROPER TURNING/NO SIGNAL,2,1,0.0,0.0,0.0,0.0,0.0,4.0,19,6,2,02/02/2024,2024-02-02,19:04:00
03/06/2024 06:09:00 PM,5.0,2,4,5,5,1,3,3,1,1,3,DISREGARDING TRAFFIC SIGNALS,2,1,0.0,0.0,0.0,0.0,0.0,2.0,18,4,3,03/06/2024,2024-03-06,18:09:00
05/06/2024 04:45:00 AM,5.0,2,4,6,5,1,3,3,0,1,3,UNABLE TO DETERMINE,2,1,0.0,0.0,0.0,0.0,0.0,2.0,4,2,5,05/06/2024,2024-05-06,04:45:00
02/21/2024 06:08:00 AM,7.0,2,2,5,5,1,3,3,0,1,3,UNABLE TO DETERMINE,2,1,0.0,0.0,0.0,0.0,0.0,2.0,6,4,2,02/21/2024,2024-02-21,06:08:00
08/13/2024 05:15:00 PM,5.0,2,1,5,3,1,3,1,1,1,3,FAILING TO YIELD RIGHT-OF-WAY,2,3,1.0,0.0,0.0,1.0,0.0,1.0,17,3,8,08/13/2024,2024-08-13,17:15:00
02/08/2024 06:45:00 PM,5.0,4,4,6,5,1,4,2,0,1,3,UNABLE TO DETERMINE,2,1,0.0,0.0,0.0,0.0,0.0,2.0,18,5,2,02/08/2024,2024-02-08,18:45:00
01/03/2024 09:35:00 AM,5.0,2,1,10,5,1,3,3,0,1,3,FAILING TO YIELD RIGHT-OF-WAY,2,1,0.0,0.0,0.0,0.0,0.0,2.0,9,4,1,01/03/2024,2024-01-03,09:35:00