crash_date,traffic_control_device,weather_condition,lighting_condition,first_crash_type,trafficway_type,alignment,roadway_surface_cond,road_defect,crash_type,intersection_related_i,damage,prim_contributory_cause,num_units,most_severe_injury,injuries_total,injuries_fatal,injuries_incapacitating,injuries_non_incapacitating,injuries_reported_not_evident,injuries_no_indication,crash_hour,crash_day_of_week,crash_month,parsed_datetime,date,time
03/25/2024 07:50:00 AM,5.0,2,1,14,5,1,1,1,1,1,1,FAILING TO YIELD RIGHT-OF-WAY,2,3,1.0,0.0,0.0,1.0,0.0,1.0,7,2,3,03/25/2024,2024-03-25,07:50:00
02/20/2024 06:30:00 AM,7.0,2,1,5,5,1,3,3,1,1,3,DISREGARDING STOP SIGN,2,2,1.0,0.0,0.0,0.0,1.0,1.0,6,3,2,02/20/2024,2024-02-20,06:30:00
03/15/2024 07:05:00 PM,7.0,2,3,4,5,1,1,1,0,1,3,FOLLOWING TOO CLOSELY,2,1,0.0,0.0,0.0,0.0,0.0,3.0,19,6,3,03/15/2024,2024-03-15,19:05:00
01/31/2024 03:49:00 PM,5.0,2,1,6,4,1,3,3,1,1,3,FAILING TO YIELD RIGHT-OF-WAY,2,1,0.0,0.0,0.0,0.0,0.0,4.0,15,4,1,01/31/2024,2024-01-31,15:49:00
01/18/2024 12:30:00 PM,5.0,3,1,4,5,1,4,3,0,1,3,UNABLE TO DETERMINE,2,1,0.0,0.0,0.0,0.0,0.0,2.0,12,5,1,01/18/2024,2024-01-18,12:30:00
03/29/2024 11:12:00 PM,3.0,2,4,11,6,1,1,1,0,0,2,UNABLE TO DETERMINE,2,1,0.0,0.0,0.0,0.0,0.0,1.0,23,6,3,03/29/2024,2024-03-29,23:12:00
05/21/2024 10:00:00 AM,3.0,2,1,14,7,1,3,3,1,1,3,UNABLE TO DETERMINE,2,3,1.0,0.0,0.0,1.0,0.0,1.0,10,3,5,05/21/2024,2024-05-21,10:00:00
06/16/2024 08:05:00 PM,3.0,2,5,6,6,1,3,3,0,1,3,NOT APPLICABLE,2,1,0.0,0.0,0.0,0.0,0.0,3.0,20,1,6,06/16/2024,2024-06-16,20:05:00
03/01/2024 05:52:00 PM,5.0,2,5,13,6,1,3,3,1,1,3,UNABLE TO DETERMINE,2,3,1.0,0.0,0.0,1.0,0.0,1.0,17,6,3,03/01/2024,2024-03-01,17:52:00
06/05/2024 04:41:00 PM,7.0,2,1,5,5,1,3,3,1,1,3,FAILING TO REDUCE SPEED TO AVOID CRASH,2,1,0.0,0.0,0.0,0.0,0.0,4.0,16,4,6,06/05/2024,2024-06-05,16:41:00
04/09/2024 04:51:00 PM,5.0,2,1,6,6,1,3,3,1,1,3,FAILING TO YIELD RIGHT-OF-WAY,2,3,1.0,0.0,0.0,1.0,0.0,2.0,16,3,4,04/09/2024,2024-04-09,16:51:00
05/24/2024 04:10:00 PM,5.0,2,1,3,5,1,3,3,1,1,3,FAILING TO YIELD RIGHT-OF-WAY,2,2,1.0,0.0,0.0,0.0,1.0,4.0,16,6,5,05/24/2024,2024-05-24,16:10:00
01/25/2024 05:33:00 PM,5.0,8,4,13,10,1,4,3,1,0,3,FAILING TO YIELD RIGHT-OF-WAY,2,3,1.0,0.0,0.0,1.0,0.0,1.0,17,5,1,01/25/2024,2024-01-25,17:33:00
07/24/2024 08:30:00 AM,5.0,2,1,6,6,1,3,3,0,1,1,UNABLE TO DETERMINE,2,1,0.0,0.0,0.0,0.0,0.0,2.0,8,4,7,07/24/2024,2024-07-24,08:30:00
07/16/2024 06:45:00 AM,5.0,2,1,6,4,1,3,3,1,1,3,IMPROPER LANE USAGE,2,1,0.0,0.0,0.0,0.0,0.0,2.0,6,3,7,07/16/2024,2024-07-16,06:45:00
01/27/2024 03:35:00 PM,5.0,2,1,6,6,1,4,3,0,1,3,FAILING TO REDUCE SPEED TO AVOID CRASH,2,1,0.0,0.0,0.0,0.0,0.0,2.0,15,7,1,01/27/2024,2024-01-27,15:35:00
03/20/2024 09:43:00 PM,1.0,2,2,4,4,1,3,3,0,1,1,FOLLOWING TOO CLOSELY,2,1,0.0,0.0,0.0,0.0,0.0,2.0,21,4,3,03/20/2024,2024-03-20,21:43:00
01/17/2024 06:40:00 PM,3.0,2,4,5,7,1,3,3,1,1,3,FAILING TO YIELD RIGHT-OF-WAY,2,3,1.0,0.0,0.0,1.0,0.0,1.0,18,4,1,01/17/2024,2024-01-17,18:40:00
08/04/2024 02:22:00 PM,5.0,2,1,6,5,1,3,3,1,1,3,DISREGARDING TRAFFIC SIGNALS,2,4,1.0,0.0,1.0,0.0,0.0,4.0,14,1,8,08/04/2024,2024-08-04,14:22:00
05/11/2024 02:30:00 PM,3.0,2,1,3,4,1,3,3,0,1,3,IMPROPER LANE USAGE,2,1,0.0,0.0,0.0,0.0,0.0,3.0,14,7,5,05/11/2024,2024-05-11,14:30:00
07/13/2024 05:20:00 PM,7.0,2,1,6,5,1,3,3,0,1,3,IMPROPER BACKING,2,1,0.0,0.0,0.0,0.0,0.0,3.0,17,7,7,07/13/2024,2024-07-13,17:20:00
02/18/2024 08:11:00 AM,5.0,2,1,6,4,1,3,3,0,1,2,FAILING TO YIELD RIGHT-OF-WAY,2,1,0.0,0.0,0.0,0.0,0.0,2.0,8,1,2,02/18/2024,2024-02-18,08:11:00
06/17/2024 11:30:00 AM,3.0,2,1,6,5,1,3,3,0,1,3,IMPROPER TURNING/NO SIGNAL,2,1,0.0,0.0,0.0,0.0,0.0,2.0,11,2,6,06/17/2024,2024-06-17,11:30:00
02/03/2024 09:22:00 AM,5.0,2,1,13,6,1,3,3,1,1,3,FAILING TO YIELD RIGHT-OF-WAY,2,3,1.0,0.0,0.0,1.0,0.0,1.0,9,7,2,02/03/2024,2024-02-03,09:22:00
08/10/2024 02:45:00 PM,5.0,2,1,6,13,1,3,3,0,1,3,IMPROPER OVERTAKING/PASSING,2,1,0.0,0.0,0.0,0.0,0.0,2.0,14,7,8,08/10/2024,2024-08-10,14:45:00
05/19/2024 10:55:00 AM,5.0,2,1,3,5,1,3,1,1,1,3,UNABLE TO DETERMINE,2,3,1.0,0.0,0.0,1.0,0.0,6.0,10,1,5,05/19/2024,2024-05-19,10:55:00
07/15/2024 05:55:00 PM,7.0,2,1,5,5,1,3,3,0,1,2,FAILING TO YIELD RIGHT-OF-WAY,2,1,0.0,0.0,0.0,0.0,0.0,4.0,17,2,7,07/15/2024,2024-07-15,17:55:00
01/07/2024 08:42:00 AM,1.0,2,1,5,5,1,3,1,1,1,3,UNABLE TO DETERMINE,2,3,2.0,0.0,0.0,2.0,0.0,0.0,8,1,1,01/07/2024,2024-01-07,08:42:00
01/20/2024 09:45:00 AM,5.0,2,1,9,5,1,4,3,0,1,3,DISREGARDING TRAFFIC SIGNALS,2,1,0.0,0.0,0.0,0.0,0.0,2.0,9,7,1,01/20/2024,2024-01-20,09:45:00
02/24/2024 09:55:00 PM,5.0,2,4,5,5,1,3,3,1,1,3,DISREGARDING TRAFFIC SIGNALS,2,1,0.0,0.0,0.0,0.0,0.0,3.0,21,7,2,02/24/2024,2024-02-24,21:55:00
01/30/2024 08:30:00 AM,5.0,3,1,6,4,1,4,5,1,1,3,UNABLE TO DETERMINE,2,1,0.0,0.0,0.0,0.0,0.0,2.0,8,3,1,01/30/2024,2024-01-30,08:30:00
01/14/2024 02:30:00 PM,5.0,2,1,4,6,1,6,3,0,1,3,ROAD ENGINEERING/SURFACE/MARKING DEFECTS,2,1,0.0,0.0,0.0,0.0,0.0,2.0,14,1,1,01/14/2024,2024-01-14,14:30:00
02/23/2024 10:30:00 PM,7.0,2,4,4,6,1,6,3,0,1,3,FOLLOWING TOO CLOSELY,2,1,0.0,0.0,0.0,0.0,0.0,2.0,22,6,2,02/23/2024,2024-02-23,22:30:00
06/19/2024 07:35:00 AM,3.0,2,1,6,7,1,3,3,1,1,3,UNABLE TO DETERMINE,2,1,0.0,0.0,0.0,0.0,0.0,2.0,7,4,6,06/19/2024,2024-06-19,07:35:00
01/02/2024 06:21:00 AM,5.0,2,2,6,6,1,3,3,1,1,3,FAILING TO YIELD RIGHT-OF-WAY,2,3,1.0,0.0,0.0,1.0,0.0,1.0,6,3,1,01/02/2024,2024-01-02,06:21:00
02/25/2024 04:40:00 PM,1.0,2,1,6,5,1,3,1,1,1,3,UNABLE TO DETERMINE,2,3,1.0,0.0,0.0,1.0,0.0,2.0,16,1,2,02/25/2024,2024-02-25,16:40:00
07/22/2024 02:55:00 PM,7.0,2,1,5,5,1,3,3,0,1,3,UNABLE TO DETERMINE,2,1,0.0,0.0,0.0,0.0,0.0,2.0,14,2,7,07/22/2024,2024-07-22,14:55:00
05/09/2024 04:23:00 PM,5.0,4,1,14,7,1,4,1,0,1,3,DISREGARDING TRAFFIC SIGNALS,2,1,0.0,0.0,0.0,0.0,0.0,3.0,16,5,5,05/09/2024,2024-05-09,16:23:00
02/24/2024 11:00:00 PM,3.0,2,4,11,6,1,3,3,0,1,3,UNABLE TO DETERMINE,2,1,0.0,0.0,0.0,0.0,0.0,1.0,23,7,2,02/24/2024,2024-02-24,23:00:00
07/24/2024 09:45:00 PM,5.0,2,4,14,5,1,3,3,1,1,3,UNABLE TO DETERMINE,2,3,1.0,0.0,0.0,1.0,0.0,1.0,21,4,7,07/24/2024,2024-07-24,21:45:00
06/06/2024 05:50:00 PM,7.0,2,1,4,10,1,3,1,0,1,3,FAILING TO REDUCE SPEED TO AVOID CRASH,2,1,0.0,0.0,0.0,0.0,0.0,2.0,17,5,6,06/06/2024,2024-06-06,17:50:00
01/02/2024 12:12:00 PM,5.0,2,1,6,6,1,3,3,0,1,3,FAILING TO YIELD RIGHT-OF-WAY,2,1,0.0,0.0,0.0,0.0,0.0,2.0,12,3,1,01/02/2024,2024-01-02,12:12:00
06/22/2024 12:15:00 PM,7.0,2,1,5,7,1,3,3,0,1,2,UNABLE TO DETERMINE,2,1,0.0,0.0,0.0,0.0,0.0,3.0,12,7,6,06/22/2024,2024-06-22,12:15:00
04/03/2024 06:22:00 PM,4.0,4,1,6,5,1,4,1,1,1,3,UNABLE TO DETERMINE,2,1,0.0,0.0,0.0,0.0,0.0,2.0,18,4,4,04/03/2024,2024-04-03,18:22:00
03/03/2024 08:40:00 AM,5.0,2,1,4,7,1,3,3,0,1,3,FOLLOWING TOO CLOSELY,2,1,0.0,0.0,0.0,0.0,0.0,2.0,8,1,3,03/03/2024,2024-03-03,08:40:00
06/04/2024 09:11:00 PM,5.0,4,4,6,6,1,4,3,0,1,3,FAILING TO REDUCE SPEED TO AVOID CRASH,2,1,0.0,0.0,0.0,0.0,0.0,7.0,21,3,6,06/04/2024,2024-06-04,21:11:00
02/20/2024 11:25:00 PM,5.0,2,4,16,5,1,3,3,1,1,3,UNABLE TO DETERMINE,2,2,1.0,0.0,0.0,0.0,1.0,1.0,23,3,2,02/20/2024,2024-02-20,23:25:00
02/23/2024 06:00:00 PM,5.0,5,4,6,5,1,4,3,0,1,1,UNABLE TO DETERMINE,2,1,0.0,0.0,0.0,0.0,0.0,2.0,18,6,2,02/23/2024,2024-02-23,18:00:00
05/25/2024 06:21:00 PM,7.0,2,1,14,5,1,3,1,1,1,3,FAILING TO YIELD RIGHT-OF-WAY,2,3,1.0,0.0,0.0,1.0,0.0,1.0,18,7,5,05/25/2024,2024-05-25,18:21:00
06/08/2024 12:04:00 PM,5.0,2,1,6,5,1,3,3,1,1,3,DISREGARDING TRAFFIC SIGNALS,2,2,1.0,0.0,0.0,0.0,1.0,1.0,12,7,6,06/08/2024,2024-06-08,12:04:00
02/29/2024 04:58:00 PM,5.0,2,1,6,1,1,1,1,1,1,3,DISREGARDING TRAFFIC SIGNALS,2,2,1.0,0.0,0.0,0.0,1.0,2.0,16,5,2,02/29/2024,2024-02-29,16:58:00
06/28/2024 04:30:00 PM,7.0,4,1,6,5,1,4,3,0,1,2,FAILING TO YIELD RIGHT-OF-WAY,2,1,0.0,0.0,0.0,0.0,0.0,2.0,16,6,6,06/28/2024,2024-06-28,16:30:00
07/21/2024 12:00:00 PM,7.0,2,1,6,7,1,1,1,0,1,3,FAILING TO YIELD RIGHT-OF-WAY,2,1,0.0,0.0,0.0,0.0,0.0,2.0,12,1,7,07/21/2024,2024-07-21,12:00:00
07/25/2024 01:40:00 PM,7.0,2,1,5,5,1,3,3,1,1,3,FAILING TO YIELD RIGHT-OF-WAY,2,2,1.0,0.0,0.0,0.0,1.0,1.0,13,5,7,07/25/2024,2024-07-25,13:40:00
03/16/2024 03:15:00 PM,1.0,2,1,5,6,1,3,1,0,1,3,UNABLE TO DETERMINE,2,1,0.0,0.0,0.0,0.0,0.0,4.0,15,7,3,03/16/2024,2024-03-16,15:15:00
01/26/2024 08:00:00 AM,5.0,2,1,6,5,1,4,3,0,1,3,UNABLE TO DETERMINE,2,1,0.0,0.0,0.0,0.0,0.0,2.0,8,6,1,01/26/2024,2024-01-26,08:00:00
01/04/2024 09:10:00 AM,5.0,2,1,6,5,1,3,3,0,1,1,FOLLOWING TOO CLOSELY,2,1,0.0,0.0,0.0,0.0,0.0,3.0,9,5,1,01/04/2024,2024-01-04,09:10:00
05/12/2024 02:00:00 PM,3.0,2,1,11,5,1,1,1,0,1,3,IMPROPER TURNING/NO SIGNAL,2,1,0.0,0.0,0.0,0.0,0.0,1.0,14,1,5,05/12/2024,2024-05-12,14:00:00
07/10/2024 07:40:00 AM,7.0,4,1,7,5,1,4,3,0,1,3,"VISION OBSCURED (SIGNS, TREE LIMBS, BUILDINGS, ETC.)",2,1,0.0,0.0,0.0,0.0,0.0,4.0,7,4,7,07/10/2024,2024-07-10,07:40:00
02/27/2024 01:18:00 PM,5.0,2,1,6,14,1,3,1,0,1,3,DISREGARDING ROAD MARKINGS,2,1,0.0,0.0,0.0,0.0,0.0,2.0,13,3,2,02/27/2024,2024-02-27,13:18:00
04/28/2024 06:40:00 PM,7.0,2,1,6,5,1,3,3,0,1,1,FAILING TO YIELD RIGHT-OF-WAY,2,1,0.0,0.0,0.0,0.0,0.0,2.0,18,1,4,04/28/2024,2024-04-28,18:40:00
03/25/2024 11:55:00 AM,5.0,3,1,6,5,1,3,3,0,1,3,IMPROPER TURNING/NO SIGNAL,2,1,0.0,0.0,0.0,0.0,0.0,5.0,11,2,3,03/25/2024,2024-03-25,11:55:00
02/24/2024 08:14:00 PM,5.0,2,4,4,14,1,3,3,0,1,2,FOLLOWING TOO CLOSELY,2,1,0.0,0.0,0.0,0.0,0.0,3.0,20,7,2,02/24/2024,2024-02-24,20:14:00
06/03/2024 10:00:00 AM,5.0,2,1,6,14,1,3,1,0,1,3,FAILING TO REDUCE SPEED TO AVOID CRASH,2,1,0.0,0.0,0.0,0.0,0.0,2.0,10,2,6,06/03/2024,2024-06-03,10:00:00
08/01/2024 06:20:00 PM,5.0,2,3,4,10,1,1,1,0,1,3,FOLLOWING TOO CLOSELY,2,1,0.0,0.0,0.0,0.0,0.0,2.0,18,5,8,08/01/2024,2024-08-01,18:20:00
08/04/2024 04:47:00 PM,7.0,2,1,5,5,1,3,3,1,1,3,FAILING TO YIELD RIGHT-OF-WAY,2,1,0.0,0.0,0.0,0.0,0.0,2.0,16,1,8,08/04/2024,2024-08-04,16:47:00
06/05/2024 05:00:00 PM,3.0,2,1,4,6,1,3,3,0,0,2,FOLLOWING TOO CLOSELY,2,1,0.0,0.0,0.0,0.0,0.0,3.0,17,4,6,06/05/2024,2024-06-05,17:00:00
05/16/2024 09:30:00 AM,5.0,2,1,5,5,1,3,3,0,1,3,DISREGARDING TRAFFIC SIGNALS,2,1,0.0,0.0,0.0,0.0,0.0,3.0,9,5,5,05/16/2024,2024-05-16,09:30:00
03/08/2024 06:56:00 AM,5.0,4,1,6,5,2,4,3,0,1,3,IMPROPER TURNING/NO SIGNAL,2,1,0.0,0.0,0.0,0.0,0.0,2.0,6,6,3,03/08/2024,2024-03-08,06:56:00
05/15/2024 08:45:00 AM,7.0,2,1,5,6,1,3,3,0,1,3,UNABLE TO DETERMINE,2,1,0.0,0.0,0.0,0.0,0.0,4.0,8,4,5,05/15/2024,2024-05-15,08:45:00
04/08/2024 12:59:00 AM,5.0,2,4,4,4,1,3,3,0,1,3,FOLLOWING TOO CLOSELY,2,1,0.0,0.0,0.0,0.0,0.0,2.0,0,2,4,04/08/2024,2024-04-08,00:59:00
02/25/2024 09:00:00 PM,3.0,2,4,11,6,1,1,1,0,0,3,UNABLE TO DETERMINE,2,1,0.0,0.0,0.0,0.0,0.0,1.0,21,1,2,02/25/2024,2024-02-25,21:00:00
06/01/2024 06:53:00 PM,7.0,4,1,4,4,1,4,3,0,1,3,WEATHER,2,1,0.0,0.0,0.0,0.0,0.0,2.0,18,7,6,06/01/2024,2024-06-01,18:53:00
07/14/2024 08:17:00 AM,5.0,4,1,4,5,1,4,3,1,1,3,IMPROPER LANE USAGE,2,3,1.0,0.0,0.0,1.0,0.0,1.0,8,1,7,07/14/2024,2024-07-14,08:17:00
04/26/2024 03:08:00 PM,5.0,4,1,6,6,1,4,3,0,1,1,IMPROPER TURNING/NO SIGNAL,2,1,0.0,0.0,0.0,0.0,0.0,2.0,15,6,4,04/26/2024,2024-04-26,15:08:00
07/02/2024 06:40:00 PM,7.0,2,1,5,5,1,3,3,0,1,3,DISREGARDING STOP SIGN,2,1,0.0,0.0,0.0,0.0,0.0,2.0,18,3,7,07/02/2024,2024-07-02,18:40:00
03/15/2024 11:15:00 PM,7.0,2,4,5,5,1,3,3,0,1,3,FAILING TO YIELD RIGHT-OF-WAY,2,1,0.0,0.0,0.0,0.0,0.0,2.0,23,6,3,03/15/2024,2024-03-15,23:15:00
03/18/2024 08:45:00 PM,7.0,3,4,13,5,1,1,1,1,1,3,UNABLE TO DETERMINE,2,4,1.0,0.0,1.0,0.0,0.0,1.0,20,2,3,03/18/2024,2024-03-18,20:45:00
02/29/2024 08:06:00 PM,3.0,2,4,11,3,1,3,3,1,0,3,DISTRACTION - FROM OUTSIDE VEHICLE,2,1,0.0,0.0,0.0,0.0,0.0,1.0,20,5,2,02/29/2024,2024-02-29,20:06:00
03/03/2024 06:49:00 AM,3.0,2,1,10,6,1,3,3,1,1,3,IMPROPER LANE USAGE,2,3,1.0,0.0,0.0,1.0,0.0,2.0,6,1,3,03/03/2024,2024-03-03,06:49:00
03/18/2024 08:55:00 AM,5.0,2,1,6,9,1,3,3,0,1,2,DISREGARDING TRAFFIC SIGNALS,2,1,0.0,0.0,0.0,0.0,0.0,2.0,8,2,3,03/18/2024,2024-03-18,08:55:00
01/07/2024 10:05:00 PM,7.0,2,5,5,5,1,3,3,0,1,2,DRIVING ON WRONG SIDE/WRONG WAY,2,1,0.0,0.0,0.0,0.0,0.0,2.0,22,1,1,01/07/2024,2024-01-07,22:05:00
05/31/2024 09:30:00 AM,7.0,2,1,5,5,1,3,3,0,1,3,UNABLE TO DETERMINE,2,1,0.0,0.0,0.0,0.0,0.0,2.0,9,6,5,05/31/2024,2024-05-31,09:30:00
02/02/2024 11:00:00 AM,5.0,2,1,6,5,1,3,3,0,1,3,UNABLE TO DETERMINE,2,1,0.0,0.0,0.0,0.0,0.0,3.0,11,6,2,02/02/2024,2024-02-02,11:00:00
02/09/2024 11:20:00 AM,5.0,2,1,6,5,1,3,3,1,1,3,UNABLE TO DETERMINE,2,1,0.0,0.0,0.0,0.0,0.0,2.0,11,6,2,02/09/2024,2024-02-09,11:20:00
01/27/2024 12:28:00 PM,1.0,3,1,6,6,1,1,1,0,1,3,UNABLE TO DETERMINE,2,1,0.0,0.0,0.0,0.0,0.0,2.0,12,7,1,01/27/2024,2024-01-27,12:28:00
05/30/2024 07:07:00 AM,1.0,2,1,3,6,1,1,1,0,1,1,UNABLE TO DETERMINE,2,1,0.0,0.0,0.0,0.0,0.0,2.0,7,5,5,05/30/2024,2024-05-30,07:07:00
03/04/2024 04:20:00 PM,7.0,2,1,6,7,1,3,3,0,1,3,UNABLE TO DETERMINE,2,1,0.0,0.0,0.0,0.0,0.0,2.0,16,2,3,03/04/2024,2024-03-04,16:20:00
07/09/2024 05:30:00 PM,5.0,4,1,4,5,2,4,1,1,1,3,UNABLE TO DETERMINE,2,1,0.0,0.0,0.0,0.0,0.0,2.0,17,3,7,07/09/2024,2024-07-09,17:30:00
03/23/2024 04:45:00 PM,5.0,2,1,6,3,1,3,1,1,1,3,FAILING TO YIELD RIGHT-OF-WAY,2,1,0.0,0.0,0.0,0.0,0.0,2.0,16,7,3,03/23/2024,2024-03-23,16:45:00
06/21/2024 11:18:00 PM,5.0,2,5,4,5,1,3,3,1,1,3,FOLLOWING TOO CLOSELY,2,1,0.0,0.0,0.0,0.0,0.0,5.0,23,6,6,06/21/2024,2024-06-21,23:18:00
07/05/2024 06:00:00 PM,7.0,2,1,4,5,1,3,3,0,1,3,FOLLOWING TOO CLOSELY,2,1,0.0,0.0,0.0,0.0,0.0,2.0,18,6,7,07/05/2024,2024-07-05,18:00:00
01/11/2024 12:40:00 PM,5.0,2,1,6,4,1,1,1,0,1,3,IMPROPER OVERTAKING/PASSING,2,1,0.0,0.0,0.0,0.0,0.0,2.0,12,5,1,01/11/2024,2024-01-11,12:40:00
06/11/2024 12:55:00 PM,7.0,2,1,11,5,1,3,3,0,1,3,IMPROPER TURNING/NO SIGNAL,2,1,0.0,0.0,0.0,0.0,0.0,1.0,12,3,6,06/11/2024,2024-06-11,12:55:00
07/29/2024 08:30:00 AM,5.0,2,1,3,3,1,3,3,0,1,3,DRIVING SKILLS/KNOWLEDGE/EXPERIENCE,2,1,0.0,0.0,0.0,0.0,0.0,2.0,8,2,7,07/29/2024,2024-07-29,08:30:00
01/05/2024 08:26:00 PM,5.0,2,4,6,6,1,3,3,0,1,3,FOLLOWING TOO CLOSELY,2,1,0.0,0.0,0.0,0.0,0.0,2.0,20,6,1,01/05/2024,2024-01-05,20:26:00
06/21/2024 10:00:00 AM,5.0,2,1,14,6,1,3,3,0,1,1,UNABLE TO DETERMINE,2,1,0.0,0.0,0.0,0.0,0.0,2.0,10,6,6,06/21/2024,2024-06-21,10:00:00
02/23/2024 03:34:00 PM,7.0,2,1,5,7,1,3,3,0,1,3,FAILING TO YIELD RIGHT-OF-WAY,2,1,0.0,0.0,0.0,0.0,0.0,2.0,15,6,2,02/23/2024,2024-02-23,15:34:00
01/28/2024 09:15:00 PM,7.0,1,1,6,1,1,1,1,0,1,3,UNABLE TO DETERMINE,2,1,0.0,0.0,0.0,0.0,0.0,2.0,21,1,1,01/28/2024,2024-01-28,21:15:00
01/11/2024 05:58:00 PM,7.0,2,1,6,1,1,1,1,0,1,3,UNABLE TO DETERMINE,2,1,0.0,0.0,0.0,0.0,0.0,2.0,17,5,1,01/11/2024,2024-01-11,17:58:00
01/30/2024 06:33:00 AM,5.0,2,4,6,3,1,4,3,1,1,3,FAILING TO YIELD RIGHT-OF-WAY,2,2,1.0,0.0,0.0,0.0,1.0,1.0,6,3,1,01/30/2024,2024-01-30,06:33:00
04/27/2024 05:23:00 PM,1.0,2,1,6,5,1,3,3,0,1,3,FAILING TO YIELD RIGHT-OF-WAY,2,1,0.0,0.0,0.0,0.0,0.0,2.0,17,7,4,04/27/2024,2024-04-27,17:23:00
07/12/2024 12:10:00 PM,3.0,2,1,6,6,1,3,3,1,1,3,IMPROPER TURNING/NO SIGNAL,2,2,1.0,0.0,0.0,0.0,1.0,1.0,12,6,7,07/12/2024,2024-07-12,12:10:00
04/29/2024 04:18:00 PM,5.0,2,1,6,5,1,3,1,0,1,3,FAILING TO YIELD RIGHT-OF-WAY,2,1,0.0,0.0,0.0,0.0,0.0,2.0,16,2,4,04/29/2024,2024-04-29,16:18:00
05/08/2024 07:10:00 PM,5.0,2,1,6,5,1,3,3,1,1,3,FAILING TO YIELD RIGHT-OF-WAY,2,1,0.0,0.0,0.0,0.0,0.0,2.0,19,4,5,05/08/2024,2024-05-08,19:10:00
01/27/2024 02:50:00 PM,3.0,8,1,6,10,1,4,3,0,1,3,NOT APPLICABLE,2,1,0.0,0.0,0.0,0.0,0.0,2.0,14,7,1,01/27/2024,2024-01-27,14:50:00
03/11/2024 04:40:00 PM,3.0,2,1,11,10,1,3,3,0,1,3,UNABLE TO DETERMINE,2,1,0.0,0.0,0.0,0.0,0.0,1.0,16,2,3,03/11/2024,2024-03-11,16:40:00
06/25/2024 05:52:00 PM,5.0,2,1,6,5,1,3,3,1,1,3,IMPROPER TURNING/NO SIGNAL,2,1,0.0,0.0,0.0,0.0,0.0,5.0,17,3,6,06/25/2024,2024-06-25,17:52:00
01/14/2024 03:25:00 PM,5.0,2,1,4,5,1,1,1,0,1,3,UNABLE TO DETERMINE,2,1,0.0,0.0,0.0,0.0,0.0,2.0,15,1,1,01/14/2024,2024-01-14,15:25:00
01/31/2024 06:40:00 AM,5.0,2,2,6,6,1,1,3,0,1,3,UNABLE TO DETERMINE,2,1,0.0,0.0,0.0,0.0,0.0,2.0,6,4,1,01/31/2024,2024-01-31,06:40:00
04/03/2024 11:22:00 AM,3.0,4,1,5,1,1,4,1,1,1,3,FAILING TO YIELD RIGHT-OF-WAY,2,1,0.0,0.0,0.0,0.0,0.0,2.0,11,4,4,04/03/2024,2024-04-03,11:22:00
05/26/2024 08:32:00 PM,5.0,4,5,5,6,1,4,3,1,1,3,UNABLE TO DETERMINE,2,3,1.0,0.0,0.0,1.0,0.0,2.0,20,1,5,05/26/2024,2024-05-26,20:32:00
01/14/2024 09:00:00 PM,3.0,2,4,3,5,1,3,3,0,1,2,UNABLE TO DETERMINE,2,1,0.0,0.0,0.0,0.0,0.0,2.0,21,1,1,01/14/2024,2024-01-14,21:00:00
01/05/2024 12:45:00 PM,7.0,2,1,5,5,1,3,3,0,1,3,FAILING TO YIELD RIGHT-OF-WAY,2,1,0.0,0.0,0.0,0.0,0.0,2.0,12,6,1,01/05/2024,2024-01-05,12:45:00
04/03/2024 09:20:00 AM,5.0,4,1,13,6,1,4,3,1,1,3,FAILING TO YIELD RIGHT-OF-WAY,2,3,1.0,0.0,0.0,1.0,0.0,1.0,9,4,4,04/03/2024,2024-04-03,09:20:00
07/29/2024 05:18:00 PM,7.0,2,1,5,5,1,3,3,1,1,3,FAILING TO YIELD RIGHT-OF-WAY,2,2,1.0,0.0,0.0,0.0,1.0,4.0,17,2,7,07/29/2024,2024-07-29,17:18:00
01/16/2024 03:05:00 PM,5.0,2,1,4,5,2,3,3,0,1,3,FOLLOWING TOO CLOSELY,2,1,0.0,0.0,0.0,0.0,0.0,2.0,15,3,1,01/16/2024,2024-01-16,15:05:00
03/09/2024 08:15:00 AM,5.0,2,1,4,6,1,1,1,0,1,1,UNABLE TO DETERMINE,2,1,0.0,0.0,0.0,0.0,0.0,2.0,8,7,3,03/09/2024,2024-03-09,08:15:00
08/08/2024 09:30:00 PM,7.0,2,4,6,4,1,3,3,1,0,2,FAILING TO YIELD RIGHT-OF-WAY,2,1,0.0,0.0,0.0,0.0,0.0,2.0,21,5,8,08/08/2024,2024-08-08,21:30:00
02/07/2024 08:50:00 AM,5.0,2,1,5,4,1,4,3,1,1,3,UNABLE TO DETERMINE,2,3,1.0,0.0,0.0,1.0,0.0,1.0,8,4,2,02/07/2024,2024-02-07,08:50:00
02/27/2024 09:55:00 PM,5.0,2,4,6,5,1,4,3,0,1,3,TURNING RIGHT ON RED,2,1,0.0,0.0,0.0,0.0,0.0,2.0,21,3,2,02/27/2024,2024-02-27,21:55:00
07/07/2024 04:13:00 AM,5.0,2,4,5,5,1,3,1,1,1,3,DISREGARDING TRAFFIC SIGNALS,2,1,0.0,0.0,0.0,0.0,0.0,2.0,4,1,7,07/07/2024,2024-07-07,04:13:00