crash_date,traffic_control_device,weather_condition,lighting_condition,first_crash_type,trafficway_type,alignment,roadway_surface_cond,road_defect,crash_type,intersection_related_i,damage,prim_contributory_cause,num_units,most_severe_injury,injuries_total,injuries_fatal,injuries_incapacitating,injuries_non_incapacitating,injuries_reported_not_evident,injuries_no_indication,crash_hour,crash_day_of_week,crash_month,parsed_datetime,date,time
07/06/2024 07:35:00 PM,3.0,2,2,6,5,1,3,3,1,1,2,IMPROPER TURNING/NO SIGNAL,2,3,1.0,0.0,0.0,1.0,0.0,1.0,19,7,7,07/06/2024,2024-07-06,19:35:00
05/01/2024 06:00:00 PM,5.0,2,1,4,5,1,3,3,0,1,3,FOLLOWING TOO CLOSELY,2,1,0.0,0.0,0.0,0.0,0.0,2.0,18,4,5,05/01/2024,2024-05-01,18:00:00
05/14/2024 08:48:00 AM,5.0,4,1,6,6,1,4,3,1,1,3,FOLLOWING TOO CLOSELY,2,1,0.0,0.0,0.0,0.0,0.0,3.0,8,3,5,05/14/2024,2024-05-14,08:48:00
08/26/2024 03:45:00 PM,5.0,2,1,5,5,1,1,1,0,1,3,UNABLE TO DETERMINE,2,1,0.0,0.0,0.0,0.0,0.0,2.0,15,2,8,08/26/2024,2024-08-26,15:45:00
04/25/2024 07:00:00 AM,5.0,2,1,5,5,1,3,1,1,1,3,"VISION OBSCURED (SIGNS, TREE LIMBS, BUILDINGS, ETC.)",2,1,0.0,0.0,0.0,0.0,0.0,2.0,7,5,4,04/25/2024,2024-04-25,07:00:00
01/14/2024 01:15:00 PM,5.0,2,1,5,6,1,3,3,1,1,1,FAILING TO YIELD RIGHT-OF-WAY,2,3,1.0,0.0,0.0,1.0,0.0,1.0,13,1,1,01/14/2024,2024-01-14,13:15:00
05/16/2024 04:40:00 PM,5.0,2,1,4,4,1,3,3,0,1,3,FOLLOWING TOO CLOSELY,2,1,0.0,0.0,0.0,0.0,0.0,2.0,16,5,5,05/16/2024,2024-05-16,16:40:00
03/31/2024 12:06:00 AM,5.0,2,1,4,5,1,1,1,0,1,3,UNABLE TO DETERMINE,2,1,0.0,0.0,0.0,0.0,0.0,3.0,0,1,3,03/31/2024,2024-03-31,00:06:00
06/10/2024 09:55:00 PM,5.0,2,4,6,5,1,3,3,0,1,2,UNABLE TO DETERMINE,2,1,0.0,0.0,0.0,0.0,0.0,2.0,21,2,6,06/10/2024,2024-06-10,21:55:00
01/28/2024 02:00:00 AM,5.0,4,4,4,2,1,4,1,1,1,3,UNABLE TO DETERMINE,2,2,2.0,0.0,0.0,0.0,2.0,0.0,2,1,1,01/28/2024,2024-01-28,02:00:00
05/02/2024 09:41:00 PM,5.0,2,4,14,6,1,3,3,1,1,3,FAILING TO REDUCE SPEED TO AVOID CRASH,2,3,1.0,0.0,0.0,1.0,0.0,1.0,21,5,5,05/02/2024,2024-05-02,21:41:00
06/30/2024 01:56:00 PM,5.0,2,1,14,10,1,3,3,0,1,3,DRIVING ON WRONG SIDE/WRONG WAY,2,1,0.0,0.0,0.0,0.0,0.0,2.0,13,1,6,06/30/2024,2024-06-30,13:56:00
04/26/2024 05:45:00 PM,7.0,2,1,5,7,1,3,3,1,1,3,FAILING TO YIELD RIGHT-OF-WAY,2,1,0.0,0.0,0.0,0.0,0.0,3.0,17,6,4,04/26/2024,2024-04-26,17:45:00
04/29/2024 10:18:00 AM,5.0,4,1,13,5,1,4,3,1,1,3,FAILING TO YIELD RIGHT-OF-WAY,2,3,1.0,0.0,0.0,1.0,0.0,1.0,10,2,4,04/29/2024,2024-04-29,10:18:00
06/20/2024 02:54:00 PM,7.0,2,1,6,5,1,3,3,1,1,3,UNABLE TO DETERMINE,2,2,2.0,0.0,0.0,0.0,2.0,0.0,14,5,6,06/20/2024,2024-06-20,14:54:00
05/24/2024 08:51:00 AM,5.0,2,1,14,6,1,3,3,1,1,1,DISREGARDING TRAFFIC SIGNALS,2,3,1.0,0.0,0.0,1.0,0.0,1.0,8,6,5,05/24/2024,2024-05-24,08:51:00
02/27/2024 11:30:00 AM,5.0,2,1,6,5,1,3,3,0,1,3,UNABLE TO DETERMINE,2,1,0.0,0.0,0.0,0.0,0.0,2.0,11,3,2,02/27/2024,2024-02-27,11:30:00
04/19/2024 12:30:00 PM,1.0,2,1,3,6,1,1,1,0,1,3,UNABLE TO DETERMINE,2,1,0.0,0.0,0.0,0.0,0.0,2.0,12,6,4,04/19/2024,2024-04-19,12:30:00
08/19/2024 02:20:00 PM,7.0,2,1,6,4,1,3,1,0,1,2,FAILING TO YIELD RIGHT-OF-WAY,2,1,0.0,0.0,0.0,0.0,0.0,2.0,14,2,8,08/19/2024,2024-08-19,14:20:00
05/01/2024 12:25:00 AM,5.0,3,4,5,5,1,3,3,1,1,3,DISREGARDING TRAFFIC SIGNALS,2,2,2.0,0.0,0.0,0.0,2.0,0.0,0,4,5,05/01/2024,2024-05-01,00:25:00
05/24/2024 10:15:00 AM,3.0,2,1,13,4,1,3,3,1,1,3,"OPERATING VEHICLE IN ERRATIC, RECKLESS, CARELESS, NEGLIGENT OR AGGRESSIVE MANNER",2,3,1.0,0.0,0.0,1.0,0.0,2.0,10,6,5,05/24/2024,2024-05-24,10:15:00
04/03/2024 11:30:00 AM,5.0,4,1,6,6,1,4,3,0,1,3,FAILING TO YIELD RIGHT-OF-WAY,2,1,0.0,0.0,0.0,0.0,0.0,2.0,11,4,4,04/03/2024,2024-04-03,11:30:00
04/04/2024 09:45:00 PM,7.0,2,4,5,5,1,3,3,1,1,3,DISREGARDING STOP SIGN,2,1,0.0,0.0,0.0,0.0,0.0,4.0,21,5,4,04/04/2024,2024-04-04,21:45:00
06/12/2024 04:45:00 PM,7.0,2,1,6,7,2,3,3,1,1,3,FAILING TO YIELD RIGHT-OF-WAY,2,3,1.0,0.0,0.0,1.0,0.0,2.0,16,4,6,06/12/2024,2024-06-12,16:45:00
06/15/2024 08:16:00 PM,5.0,2,1,6,4,1,3,3,0,1,3,DRIVING SKILLS/KNOWLEDGE/EXPERIENCE,2,1,0.0,0.0,0.0,0.0,0.0,2.0,20,7,6,06/15/2024,2024-06-15,20:16:00
05/02/2024 11:43:00 AM,5.0,2,1,3,5,1,3,3,0,1,1,IMPROPER OVERTAKING/PASSING,2,1,0.0,0.0,0.0,0.0,0.0,5.0,11,5,5,05/02/2024,2024-05-02,11:43:00
08/02/2024 06:04:00 PM,7.0,2,1,8,6,1,3,3,0,1,2,IMPROPER BACKING,2,1,0.0,0.0,0.0,0.0,0.0,2.0,18,6,8,08/02/2024,2024-08-02,18:04:00
06/07/2024 11:28:00 PM,5.0,2,4,7,1,1,3,3,0,1,2,UNABLE TO DETERMINE,2,1,0.0,0.0,0.0,0.0,0.0,2.0,23,6,6,06/07/2024,2024-06-07,23:28:00
05/07/2024 04:15:00 PM,5.0,2,1,4,4,1,4,3,0,1,2,EQUIPMENT - VEHICLE CONDITION,2,1,0.0,0.0,0.0,0.0,0.0,3.0,16,3,5,05/07/2024,2024-05-07,16:15:00
07/16/2024 09:21:00 AM,5.0,2,1,6,6,1,3,3,0,1,3,IMPROPER TURNING/NO SIGNAL,2,1,0.0,0.0,0.0,0.0,0.0,2.0,9,3,7,07/16/2024,2024-07-16,09:21:00
04/15/2024 01:25:00 PM,5.0,2,1,5,5,1,3,1,1,1,3,DISREGARDING TRAFFIC SIGNALS,2,1,0.0,0.0,0.0,0.0,0.0,4.0,13,2,4,04/15/2024,2024-04-15,13:25:00
06/11/2024 03:50:00 PM,3.0,2,1,6,4,1,3,3,0,1,3,IMPROPER LANE USAGE,2,1,0.0,0.0,0.0,0.0,0.0,2.0,15,3,6,06/11/2024,2024-06-11,15:50:00
01/28/2024 03:10:00 PM,7.0,2,3,8,5,1,3,3,0,1,1,DISREGARDING STOP SIGN,2,1,0.0,0.0,0.0,0.0,0.0,3.0,15,1,1,01/28/2024,2024-01-28,15:10:00
01/02/2024 05:21:00 PM,5.0,2,4,6,5,1,3,3,0,1,3,IMPROPER LANE USAGE,2,1,0.0,0.0,0.0,0.0,0.0,2.0,17,3,1,01/02/2024,2024-01-02,17:21:00
07/08/2024 04:50:00 PM,3.0,2,1,3,10,1,3,3,0,0,3,IMPROPER OVERTAKING/PASSING,2,1,0.0,0.0,0.0,0.0,0.0,3.0,16,2,7,07/08/2024,2024-07-08,16:50:00
07/01/2024 09:58:00 AM,5.0,2,1,6,5,1,3,3,0,1,3,IMPROPER TURNING/NO SIGNAL,2,1,0.0,0.0,0.0,0.0,0.0,3.0,9,2,7,07/01/2024,2024-07-01,09:58:00
01/23/2024 08:20:00 AM,7.0,7,1,11,6,1,6,1,1,1,3,WEATHER,2,1,0.0,0.0,0.0,0.0,0.0,1.0,8,3,1,01/23/2024,2024-01-23,08:20:00
01/26/2024 06:50:00 PM,5.0,4,4,6,4,1,4,3,0,1,3,IMPROPER TURNING/NO SIGNAL,2,1,0.0,0.0,0.0,0.0,0.0,2.0,18,6,1,01/26/2024,2024-01-26,18:50:00
06/07/2024 05:00:00 PM,7.0,2,1,6,4,1,1,1,0,1,3,IMPROPER TURNING/NO SIGNAL,2,1,0.0,0.0,0.0,0.0,0.0,2.0,17,6,6,06/07/2024,2024-06-07,17:00:00
02/12/2024 03:44:00 PM,5.0,2,1,6,6,1,3,1,0,1,3,UNABLE TO DETERMINE,2,1,0.0,0.0,0.0,0.0,0.0,2.0,15,2,2,02/12/2024,2024-02-12,15:44:00
03/28/2024 07:38:00 AM,5.0,2,1,4,6,1,3,3,0,1,3,UNABLE TO DETERMINE,2,1,0.0,0.0,0.0,0.0,0.0,2.0,7,5,3,03/28/2024,2024-03-28,07:38:00
04/05/2024 03:51:00 PM,3.0,2,1,4,6,1,3,3,0,1,2,UNABLE TO DETERMINE,2,1,0.0,0.0,0.0,0.0,0.0,4.0,15,6,4,04/05/2024,2024-04-05,15:51:00
06/16/2024 12:20:00 AM,7.0,2,4,6,5,1,3,3,0,1,3,UNABLE TO DETERMINE,2,1,0.0,0.0,0.0,0.0,0.0,5.0,0,1,6,06/16/2024,2024-06-16,00:20:00
06/25/2024 08:57:00 PM,5.0,2,3,13,5,1,3,3,1,1,2,TURNING RIGHT ON RED,2,3,1.0,0.0,0.0,1.0,0.0,1.0,20,3,6,06/25/2024,2024-06-25,20:57:00
05/04/2024 07:40:00 AM,7.0,2,1,14,7,1,3,3,1,1,3,FAILING TO YIELD RIGHT-OF-WAY,2,2,1.0,0.0,0.0,0.0,1.0,1.0,7,7,5,05/04/2024,2024-05-04,07:40:00
04/19/2024 01:00:00 PM,5.0,2,1,6,5,1,3,3,1,1,3,IMPROPER TURNING/NO SIGNAL,2,1,0.0,0.0,0.0,0.0,0.0,2.0,13,6,4,04/19/2024,2024-04-19,13:00:00
01/05/2024 10:17:00 AM,5.0,2,1,3,6,1,3,3,1,0,3,IMPROPER OVERTAKING/PASSING,2,2,2.0,0.0,0.0,0.0,2.0,1.0,10,6,1,01/05/2024,2024-01-05,10:17:00
05/16/2024 10:04:00 AM,5.0,2,1,5,5,1,3,3,1,1,3,DISREGARDING TRAFFIC SIGNALS,2,1,0.0,0.0,0.0,0.0,0.0,4.0,10,5,5,05/16/2024,2024-05-16,10:04:00
06/18/2024 11:00:00 AM,7.0,2,1,11,1,1,3,3,0,1,3,UNABLE TO DETERMINE,2,1,0.0,0.0,0.0,0.0,0.0,1.0,11,3,6,06/18/2024,2024-06-18,11:00:00
04/21/2024 07:24:00 PM,7.0,2,3,6,5,1,3,3,0,1,2,IMPROPER LANE USAGE,2,1,0.0,0.0,0.0,0.0,0.0,3.0,19,1,4,04/21/2024,2024-04-21,19:24:00
02/05/2024 01:58:00 AM,7.0,2,4,5,6,1,3,3,1,1,3,FAILING TO YIELD RIGHT-OF-WAY,2,1,0.0,0.0,0.0,0.0,0.0,4.0,1,2,2,02/05/2024,2024-02-05,01:58:00
04/12/2024 11:00:00 AM,5.0,2,1,4,5,1,3,3,0,1,3,UNABLE TO DETERMINE,2,1,0.0,0.0,0.0,0.0,0.0,2.0,11,6,4,04/12/2024,2024-04-12,11:00:00
05/02/2024 05:00:00 PM,7.0,2,1,6,6,1,4,3,0,1,2,IMPROPER BACKING,2,1,0.0,0.0,0.0,0.0,0.0,2.0,17,5,5,05/02/2024,2024-05-02,17:00:00
01/24/2024 08:15:00 AM,5.0,4,1,3,6,1,4,3,0,1,2,"VISION OBSCURED (SIGNS, TREE LIMBS, BUILDINGS, ETC.)",2,1,0.0,0.0,0.0,0.0,0.0,2.0,8,4,1,01/24/2024,2024-01-24,08:15:00
01/29/2024 01:45:00 PM,5.0,2,1,5,6,1,3,3,0,0,3,IMPROPER TURNING/NO SIGNAL,2,1,0.0,0.0,0.0,0.0,0.0,3.0,13,2,1,01/29/2024,2024-01-29,13:45:00
05/29/2024 05:21:00 PM,5.0,2,1,4,4,1,3,3,0,1,2,TEXTING,2,1,0.0,0.0,0.0,0.0,0.0,2.0,17,4,5,05/29/2024,2024-05-29,17:21:00
04/07/2024 05:30:00 PM,7.0,2,1,11,7,1,3,3,0,1,3,UNABLE TO DETERMINE,2,1,0.0,0.0,0.0,0.0,0.0,1.0,17,1,4,04/07/2024,2024-04-07,17:30:00
05/06/2024 05:38:00 PM,5.0,2,1,4,6,1,3,3,1,1,3,FOLLOWING TOO CLOSELY,2,3,1.0,0.0,0.0,1.0,0.0,1.0,17,2,5,05/06/2024,2024-05-06,17:38:00
04/07/2024 07:00:00 PM,5.0,2,3,5,6,1,1,1,0,1,3,DISREGARDING TRAFFIC SIGNALS,2,1,0.0,0.0,0.0,0.0,0.0,2.0,19,1,4,04/07/2024,2024-04-07,19:00:00
06/04/2024 01:20:00 PM,3.0,2,1,6,4,1,1,1,1,1,2,UNABLE TO DETERMINE,2,1,0.0,0.0,0.0,0.0,0.0,2.0,13,3,6,06/04/2024,2024-06-04,13:20:00
05/09/2024 08:20:00 AM,3.0,2,1,6,6,1,3,3,0,1,1,UNABLE TO DETERMINE,2,1,0.0,0.0,0.0,0.0,0.0,2.0,8,5,5,05/09/2024,2024-05-09,08:20:00
06/16/2024 09:03:00 AM,5.0,2,5,4,6,1,3,3,0,1,3,FOLLOWING TOO CLOSELY,2,1,0.0,0.0,0.0,0.0,0.0,3.0,9,1,6,06/16/2024,2024-06-16,09:03:00
05/21/2024 10:50:00 AM,5.0,2,1,4,6,1,3,3,0,1,2,FOLLOWING TOO CLOSELY,2,1,0.0,0.0,0.0,0.0,0.0,2.0,10,3,5,05/21/2024,2024-05-21,10:50:00
06/18/2024 01:40:00 AM,5.0,2,4,5,5,1,3,3,1,1,3,DRIVING SKILLS/KNOWLEDGE/EXPERIENCE,2,1,0.0,0.0,0.0,0.0,0.0,2.0,1,3,6,06/18/2024,2024-06-18,01:40:00
05/08/2024 02:05:00 AM,5.0,2,4,5,5,1,3,3,1,1,3,DISREGARDING TRAFFIC SIGNALS,2,1,0.0,0.0,0.0,0.0,0.0,2.0,2,4,5,05/08/2024,2024-05-08,02:05:00
03/08/2024 06:01:00 PM,3.0,4,2,13,6,1,4,3,1,1,3,UNABLE TO DETERMINE,2,3,1.0,0.0,0.0,1.0,0.0,1.0,18,6,3,03/08/2024,2024-03-08,18:01:00
06/13/2024 04:49:00 PM,5.0,2,1,4,4,1,3,3,0,1,2,IMPROPER BACKING,2,1,0.0,0.0,0.0,0.0,0.0,2.0,16,5,6,06/13/2024,2024-06-13,16:49:00
04/12/2024 05:12:00 AM,1.0,2,2,5,14,1,4,3,1,1,3,FAILING TO REDUCE SPEED TO AVOID CRASH,2,2,1.0,0.0,0.0,0.0,1.0,1.0,5,6,4,04/12/2024,2024-04-12,05:12:00
04/24/2024 08:00:00 AM,3.0,3,1,6,6,1,3,1,0,1,3,FAILING TO YIELD RIGHT-OF-WAY,2,1,0.0,0.0,0.0,0.0,0.0,2.0,8,4,4,04/24/2024,2024-04-24,08:00:00
05/02/2024 05:20:00 PM,3.0,2,1,6,3,1,4,1,0,1,3,FOLLOWING TOO CLOSELY,2,1,0.0,0.0,0.0,0.0,0.0,2.0,17,5,5,05/02/2024,2024-05-02,17:20:00
02/08/2024 08:53:00 PM,7.0,3,4,5,5,1,4,3,1,1,3,FAILING TO YIELD RIGHT-OF-WAY,2,1,0.0,0.0,0.0,0.0,0.0,2.0,20,5,2,02/08/2024,2024-02-08,20:53:00
03/21/2024 08:22:00 PM,7.0,2,4,13,5,1,3,3,1,1,1,UNABLE TO DETERMINE,2,3,1.0,0.0,0.0,1.0,0.0,1.0,20,5,3,03/21/2024,2024-03-21,20:22:00
03/29/2024 09:02:00 PM,7.0,4,4,6,4,1,4,1,1,1,3,UNABLE TO DETERMINE,2,1,0.0,0.0,0.0,0.0,0.0,5.0,21,6,3,03/29/2024,2024-03-29,21:02:00
01/26/2024 04:00:00 PM,5.0,4,3,5,6,1,4,1,0,1,3,WEATHER,2,1,0.0,0.0,0.0,0.0,0.0,2.0,16,6,1,01/26/2024,2024-01-26,16:00:00
05/03/2024 10:25:00 PM,5.0,2,4,4,1,1,3,1,1,1,3,UNABLE TO DETERMINE,2,3,1.0,0.0,0.0,1.0,0.0,1.0,22,6,5,05/03/2024,2024-05-03,22:25:00
04/17/2024 07:43:00 AM,5.0,2,1,6,5,1,4,3,1,1,3,UNABLE TO DETERMINE,2,3,1.0,0.0,0.0,1.0,0.0,1.0,7,4,4,04/17/2024,2024-04-17,07:43:00
05/21/2024 04:05:00 PM,7.0,2,1,13,4,1,3,1,1,1,1,"VISION OBSCURED (SIGNS, TREE LIMBS, BUILDINGS, ETC.)",2,4,1.0,0.0,1.0,0.0,0.0,1.0,16,3,5,05/21/2024,2024-05-21,16:05:00
01/08/2024 07:14:00 AM,7.0,2,1,5,5,1,3,3,1,1,3,FAILING TO YIELD RIGHT-OF-WAY,2,1,0.0,0.0,0.0,0.0,0.0,3.0,7,2,1,01/08/2024,2024-01-08,07:14:00
06/16/2024 10:19:00 PM,5.0,2,3,6,6,1,3,2,0,1,3,IMPROPER LANE USAGE,2,1,0.0,0.0,0.0,0.0,0.0,5.0,22,1,6,06/16/2024,2024-06-16,22:19:00
07/05/2024 02:30:00 PM,5.0,2,1,13,5,1,3,3,1,1,3,FAILING TO YIELD RIGHT-OF-WAY,2,3,1.0,0.0,0.0,1.0,0.0,1.0,14,6,7,07/05/2024,2024-07-05,14:30:00
03/27/2024 07:18:00 PM,5.0,2,1,6,5,1,1,1,0,1,3,UNABLE TO DETERMINE,2,1,0.0,0.0,0.0,0.0,0.0,2.0,19,4,3,03/27/2024,2024-03-27,19:18:00
02/20/2024 09:18:00 AM,7.0,2,1,6,5,1,3,3,1,1,3,UNABLE TO DETERMINE,2,1,0.0,0.0,0.0,0.0,0.0,3.0,9,3,2,02/20/2024,2024-02-20,09:18:00
04/04/2024 04:57:00 PM,5.0,3,1,3,2,1,3,3,0,1,3,IMPROPER OVERTAKING/PASSING,2,1,0.0,0.0,0.0,0.0,0.0,2.0,16,5,4,04/04/2024,2024-04-04,16:57:00
05/02/2024 11:39:00 PM,3.0,4,4,3,5,1,1,1,0,1,3,IMPROPER OVERTAKING/PASSING,2,1,0.0,0.0,0.0,0.0,0.0,2.0,23,5,5,05/02/2024,2024-05-02,23:39:00
03/25/2024 08:40:00 AM,5.0,2,1,5,5,1,3,3,1,1,3,DISREGARDING TRAFFIC SIGNALS,2,1,0.0,0.0,0.0,0.0,0.0,3.0,8,2,3,03/25/2024,2024-03-25,08:40:00
06/12/2024 01:30:00 PM,7.0,2,1,5,5,1,3,3,1,1,2,UNABLE TO DETERMINE,2,1,0.0,0.0,0.0,0.0,0.0,2.0,13,4,6,06/12/2024,2024-06-12,13:30:00
06/11/2024 03:05:00 PM,5.0,2,1,3,6,1,3,1,1,1,3,FAILING TO YIELD RIGHT-OF-WAY,2,2,1.0,0.0,0.0,0.0,1.0,2.0,15,3,6,06/11/2024,2024-06-11,15:05:00
05/23/2024 04:42:00 PM,5.0,2,1,5,5,1,3,3,1,1,3,DISREGARDING TRAFFIC SIGNALS,2,1,0.0,0.0,0.0,0.0,0.0,2.0,16,5,5,05/23/2024,2024-05-23,16:42:00
03/06/2024 07:50:00 AM,5.0,2,1,6,7,1,3,3,1,1,3,UNABLE TO DETERMINE,2,3,1.0,0.0,0.0,1.0,0.0,1.0,7,4,3,03/06/2024,2024-03-06,07:50:00
05/21/2024 11:45:00 PM,5.0,2,5,6,4,1,3,3,0,1,1,UNABLE TO DETERMINE,2,1,0.0,0.0,0.0,0.0,0.0,2.0,23,3,5,05/21/2024,2024-05-21,23:45:00
06/26/2024 04:21:00 PM,5.0,2,1,14,5,1,3,3,1,1,1,"VISION OBSCURED (SIGNS, TREE LIMBS, BUILDINGS, ETC.)",2,2,2.0,0.0,0.0,0.0,2.0,0.0,16,4,6,06/26/2024,2024-06-26,16:21:00
01/11/2024 01:50:00 PM,5.0,2,1,13,5,1,3,3,1,1,1,UNABLE TO DETERMINE,2,4,1.0,0.0,1.0,0.0,0.0,1.0,13,5,1,01/11/2024,2024-01-11,13:50:00
04/09/2024 03:23:00 PM,7.0,2,1,5,5,1,3,3,0,1,3,DISREGARDING STOP SIGN,2,1,0.0,0.0,0.0,0.0,0.0,3.0,15,3,4,04/09/2024,2024-04-09,15:23:00
03/25/2024 01:50:00 PM,5.0,2,1,4,4,1,3,3,1,1,2,FOLLOWING TOO CLOSELY,2,2,1.0,0.0,0.0,0.0,1.0,2.0,13,2,3,03/25/2024,2024-03-25,13:50:00
04/18/2024 08:14:00 AM,3.0,2,1,3,10,1,1,1,0,1,3,UNABLE TO DETERMINE,2,1,0.0,0.0,0.0,0.0,0.0,3.0,8,5,4,04/18/2024,2024-04-18,08:14:00
04/19/2024 01:18:00 PM,5.0,2,1,6,2,1,3,3,1,1,2,FOLLOWING TOO CLOSELY,2,3,1.0,0.0,0.0,1.0,0.0,1.0,13,6,4,04/19/2024,2024-04-19,13:18:00
03/10/2024 12:35:00 PM,7.0,2,1,5,5,1,3,3,1,1,3,UNABLE TO DETERMINE,2,1,0.0,0.0,0.0,0.0,0.0,3.0,12,1,3,03/10/2024,2024-03-10,12:35:00
05/13/2024 10:17:00 PM,7.0,4,3,5,4,1,4,3,1,1,3,DISREGARDING STOP SIGN,2,1,0.0,0.0,0.0,0.0,0.0,2.0,22,2,5,05/13/2024,2024-05-13,22:17:00
04/13/2024 04:00:00 PM,1.0,2,1,4,5,1,1,1,0,1,3,UNABLE TO DETERMINE,2,1,0.0,0.0,0.0,0.0,0.0,2.0,16,7,4,04/13/2024,2024-04-13,16:00:00
06/25/2024 01:30:00 PM,5.0,2,1,6,5,1,3,3,0,1,1,DRIVING SKILLS/KNOWLEDGE/EXPERIENCE,2,1,0.0,0.0,0.0,0.0,0.0,2.0,13,3,6,06/25/2024,2024-06-25,13:30:00
04/14/2024 03:49:00 PM,7.0,2,1,5,6,1,3,3,0,1,2,FAILING TO YIELD RIGHT-OF-WAY,2,1,0.0,0.0,0.0,0.0,0.0,2.0,15,1,4,04/14/2024,2024-04-14,15:49:00
02/23/2024 06:00:00 PM,7.0,2,4,4,6,1,3,3,1,1,1,UNABLE TO DETERMINE,2,2,1.0,0.0,0.0,0.0,1.0,2.0,18,6,2,02/23/2024,2024-02-23,18:00:00
08/11/2024 07:30:00 PM,1.0,2,1,11,6,1,1,2,0,1,3,UNABLE TO DETERMINE,2,1,0.0,0.0,0.0,0.0,0.0,2.0,19,1,8,08/11/2024,2024-08-11,19:30:00
01/17/2024 06:50:00 AM,5.0,2,4,4,5,1,5,3,1,1,3,WEATHER,2,1,0.0,0.0,0.0,0.0,0.0,2.0,6,4,1,01/17/2024,2024-01-17,06:50:00
01/26/2024 12:30:00 PM,5.0,2,1,3,6,1,3,3,0,1,2,DRIVING SKILLS/KNOWLEDGE/EXPERIENCE,2,1,0.0,0.0,0.0,0.0,0.0,4.0,12,6,1,01/26/2024,2024-01-26,12:30:00
03/23/2024 05:00:00 PM,5.0,2,4,3,10,1,3,3,0,1,3,IMPROPER TURNING/NO SIGNAL,2,1,0.0,0.0,0.0,0.0,0.0,2.0,17,7,3,03/23/2024,2024-03-23,17:00:00
03/18/2024 04:00:00 PM,5.0,2,1,14,6,1,3,3,0,1,2,FAILING TO YIELD RIGHT-OF-WAY,2,1,0.0,0.0,0.0,0.0,0.0,2.0,16,2,3,03/18/2024,2024-03-18,16:00:00
06/12/2024 10:13:00 AM,7.0,2,1,5,4,1,3,3,1,1,3,UNABLE TO DETERMINE,2,1,0.0,0.0,0.0,0.0,0.0,2.0,10,4,6,06/12/2024,2024-06-12,10:13:00
03/28/2024 05:30:00 PM,5.0,2,1,3,6,1,3,3,0,1,2,FAILING TO YIELD RIGHT-OF-WAY,2,1,0.0,0.0,0.0,0.0,0.0,2.0,17,5,3,03/28/2024,2024-03-28,17:30:00
02/05/2024 08:00:00 AM,5.0,2,1,4,6,1,3,3,0,1,3,UNABLE TO DETERMINE,2,1,0.0,0.0,0.0,0.0,0.0,2.0,8,2,2,02/05/2024,2024-02-05,08:00:00
04/03/2024 10:45:00 AM,3.0,4,1,6,4,1,4,1,1,1,3,FAILING TO YIELD RIGHT-OF-WAY,2,2,1.0,0.0,0.0,0.0,1.0,1.0,10,4,4,04/03/2024,2024-04-03,10:45:00
03/27/2024 01:13:00 PM,7.0,2,1,5,5,1,3,3,0,1,3,DISREGARDING STOP SIGN,2,1,0.0,0.0,0.0,0.0,0.0,2.0,13,4,3,03/27/2024,2024-03-27,13:13:00
05/15/2024 01:49:00 PM,7.0,2,1,14,7,1,3,1,1,1,3,FAILING TO YIELD RIGHT-OF-WAY,2,3,1.0,0.0,0.0,1.0,0.0,2.0,13,4,5,05/15/2024,2024-05-15,13:49:00
06/05/2024 08:18:00 PM,1.0,2,1,3,5,1,1,1,0,1,3,UNABLE TO DETERMINE,2,1,0.0,0.0,0.0,0.0,0.0,2.0,20,4,6,06/05/2024,2024-06-05,20:18:00
01/27/2024 05:45:00 PM,7.0,8,4,13,5,1,4,3,1,1,1,NOT APPLICABLE,2,2,1.0,0.0,0.0,0.0,1.0,1.0,17,7,1,01/27/2024,2024-01-27,17:45:00
04/09/2024 03:37:00 PM,5.0,2,1,5,5,1,3,3,1,1,3,UNABLE TO DETERMINE,2,2,2.0,0.0,0.0,0.0,2.0,0.0,15,3,4,04/09/2024,2024-04-09,15:37:00
07/20/2024 05:50:00 AM,5.0,2,1,4,12,1,3,1,0,0,3,FOLLOWING TOO CLOSELY,2,1,0.0,0.0,0.0,0.0,0.0,2.0,5,7,7,07/20/2024,2024-07-20,05:50:00
02/24/2024 10:30:00 AM,5.0,2,1,6,5,1,3,3,0,1,3,IMPROPER TURNING/NO SIGNAL,2,1,0.0,0.0,0.0,0.0,0.0,2.0,10,7,2,02/24/2024,2024-02-24,10:30:00
07/26/2024 07:47:00 PM,7.0,2,1,5,4,1,3,3,1,1,3,FAILING TO YIELD RIGHT-OF-WAY,2,1,0.0,0.0,0.0,0.0,0.0,3.0,19,6,7,07/26/2024,2024-07-26,19:47:00
03/19/2024 10:46:00 AM,7.0,2,1,5,5,1,3,3,0,1,1,FAILING TO YIELD RIGHT-OF-WAY,2,1,0.0,0.0,0.0,0.0,0.0,2.0,10,3,3,03/19/2024,2024-03-19,10:46:00
04/23/2024 04:30:00 PM,5.0,2,1,3,6,1,3,3,0,1,3,IMPROPER LANE USAGE,2,1,0.0,0.0,0.0,0.0,0.0,2.0,16,3,4,04/23/2024,2024-04-23,16:30:00
07/17/2024 03:00:00 PM,3.0,2,1,6,5,1,3,3,0,1,3,UNABLE TO DETERMINE,2,1,0.0,0.0,0.0,0.0,0.0,2.0,15,4,7,07/17/2024,2024-07-17,15:00:00
07/21/2024 04:17:00 PM,3.0,2,1,14,6,1,3,3,1,0,1,NOT APPLICABLE,2,3,1.0,0.0,0.0,1.0,0.0,0.0,16,1,7,07/21/2024,2024-07-21,16:17:00