crash_date,traffic_control_device,weather_condition,lighting_condition,first_crash_type,trafficway_type,alignment,roadway_surface_cond,road_defect,crash_type,intersection_related_i,damage,prim_contributory_cause,num_units,most_severe_injury,injuries_total,injuries_fatal,injuries_incapacitating,injuries_non_incapacitating,injuries_reported_not_evident,injuries_no_indication,crash_hour,crash_day_of_week,crash_month,parsed_datetime,date,time
05/08/2024 03:30:00 PM,1.0,2,1,3,5,1,1,1,0,1,3,UNABLE TO DETERMINE,2,1,0.0,0.0,0.0,0.0,0.0,2.0,15,4,5,05/08/2024,2024-05-08,15:30:00
06/03/2024 04:49:00 PM,7.0,2,1,5,5,1,3,3,0,1,3,FAILING TO YIELD RIGHT-OF-WAY,2,1,0.0,0.0,0.0,0.0,0.0,3.0,16,2,6,06/03/2024,2024-06-03,16:49:00
05/19/2024 06:25:00 AM,5.0,2,1,6,6,1,3,1,0,1,1,IMPROPER TURNING/NO SIGNAL,2,1,0.0,0.0,0.0,0.0,0.0,2.0,6,1,5,05/19/2024,2024-05-19,06:25:00
06/16/2024 12:55:00 PM,7.0,2,1,6,6,1,3,1,0,1,1,IMPROPER TURNING/NO SIGNAL,2,1,0.0,0.0,0.0,0.0,0.0,5.0,12,1,6,06/16/2024,2024-06-16,12:55:00
04/02/2024 08:45:00 AM,7.0,4,1,4,3,1,4,1,1,1,1,FAILING TO REDUCE SPEED TO AVOID CRASH,2,2,1.0,0.0,0.0,0.0,1.0,1.0,8,3,4,04/02/2024,2024-04-02,08:45:00
06/11/2024 01:25:00 PM,5.0,2,1,4,5,1,3,3,0,1,2,FOLLOWING TOO CLOSELY,2,1,0.0,0.0,0.0,0.0,0.0,2.0,13,3,6,06/11/2024,2024-06-11,13:25:00
05/22/2024 02:28:00 PM,3.0,2,1,6,6,1,3,3,1,1,3,FAILING TO YIELD RIGHT-OF-WAY,2,3,1.0,0.0,0.0,1.0,0.0,3.0,14,4,5,05/22/2024,2024-05-22,14:28:00
07/23/2024 12:10:00 PM,3.0,2,1,3,6,1,3,3,1,1,3,IMPROPER OVERTAKING/PASSING,2,4,1.0,0.0,1.0,0.0,0.0,1.0,12,3,7,07/23/2024,2024-07-23,12:10:00
03/21/2024 09:00:00 PM,7.0,2,5,9,6,1,3,3,1,1,3,IMPROPER LANE USAGE,2,1,0.0,0.0,0.0,0.0,0.0,4.0,21,5,3,03/21/2024,2024-03-21,21:00:00
04/01/2024 04:00:00 PM,5.0,4,1,6,6,1,4,3,1,1,3,WEATHER,2,3,1.0,0.0,0.0,1.0,0.0,2.0,16,2,4,04/01/2024,2024-04-01,16:00:00
05/25/2024 12:00:00 PM,7.0,2,1,5,4,1,3,3,1,1,3,FAILING TO YIELD RIGHT-OF-WAY,2,5,2.0,1.0,0.0,0.0,1.0,0.0,12,7,5,05/25/2024,2024-05-25,12:00:00
02/27/2024 06:40:00 PM,7.0,2,4,5,1,1,3,3,1,1,3,FAILING TO YIELD RIGHT-OF-WAY,2,3,1.0,0.0,0.0,1.0,0.0,2.0,18,3,2,02/27/2024,2024-02-27,18:40:00
08/22/2024 11:58:00 PM,3.0,2,4,3,12,1,3,3,0,0,3,UNDER THE INFLUENCE OF ALCOHOL/DRUGS (USE WHEN ARREST IS EFFECTED),2,1,0.0,0.0,0.0,0.0,0.0,3.0,23,5,8,08/22/2024,2024-08-22,23:58:00
06/04/2024 08:50:00 AM,5.0,3,1,14,5,1,3,3,1,1,1,IMPROPER TURNING/NO SIGNAL,2,3,1.0,0.0,0.0,1.0,0.0,1.0,8,3,6,06/04/2024,2024-06-04,08:50:00
04/19/2024 12:44:00 PM,5.0,2,1,6,6,1,3,3,0,1,3,FAILING TO YIELD RIGHT-OF-WAY,2,1,0.0,0.0,0.0,0.0,0.0,2.0,12,6,4,04/19/2024,2024-04-19,12:44:00
06/30/2024 07:55:00 PM,5.0,2,1,5,5,1,1,1,1,1,3,UNABLE TO DETERMINE,2,1,0.0,0.0,0.0,0.0,0.0,2.0,19,1,6,06/30/2024,2024-06-30,19:55:00
03/20/2024 05:30:00 PM,7.0,2,1,6,5,1,3,3,0,1,3,DISREGARDING STOP SIGN,2,1,0.0,0.0,0.0,0.0,0.0,3.0,17,4,3,03/20/2024,2024-03-20,17:30:00
07/30/2024 07:08:00 PM,5.0,2,3,4,4,1,3,3,1,1,3,FAILING TO REDUCE SPEED TO AVOID CRASH,2,2,1.0,0.0,0.0,0.0,1.0,1.0,19,3,7,07/30/2024,2024-07-30,19:08:00
05/04/2024 09:30:00 PM,7.0,2,4,13,5,1,4,3,1,1,3,UNABLE TO DETERMINE,2,3,1.0,0.0,0.0,1.0,0.0,1.0,21,7,5,05/04/2024,2024-05-04,21:30:00
05/07/2024 04:49:00 PM,6.0,2,1,14,3,1,3,3,1,1,2,UNABLE TO DETERMINE,2,3,1.0,0.0,0.0,1.0,0.0,5.0,16,3,5,05/07/2024,2024-05-07,16:49:00
02/06/2024 10:25:00 AM,5.0,3,1,13,5,1,3,3,1,1,1,"VISION OBSCURED (SIGNS, TREE LIMBS, BUILDINGS, ETC.)",2,4,1.0,0.0,1.0,0.0,0.0,1.0,10,3,2,02/06/2024,2024-02-06,10:25:00
05/01/2024 10:40:00 AM,5.0,2,1,4,3,1,3,3,0,1,2,UNABLE TO DETERMINE,2,1,0.0,0.0,0.0,0.0,0.0,4.0,10,4,5,05/01/2024,2024-05-01,10:40:00
03/03/2024 09:08:00 AM,5.0,2,1,3,3,1,3,1,0,1,3,FAILING TO REDUCE SPEED TO AVOID CRASH,2,1,0.0,0.0,0.0,0.0,0.0,4.0,9,1,3,03/03/2024,2024-03-03,09:08:00
02/07/2024 08:57:00 AM,7.0,2,1,5,3,1,3,3,1,1,3,DISREGARDING STOP SIGN,2,1,0.0,0.0,0.0,0.0,0.0,2.0,8,4,2,02/07/2024,2024-02-07,08:57:00
07/30/2024 03:00:00 PM,5.0,2,1,4,6,1,3,3,0,1,3,DRIVING SKILLS/KNOWLEDGE/EXPERIENCE,2,1,0.0,0.0,0.0,0.0,0.0,2.0,15,3,7,07/30/2024,2024-07-30,15:00:00
01/09/2024 04:00:00 PM,3.0,5,1,13,3,1,4,3,1,1,3,FAILING TO YIELD RIGHT-OF-WAY,2,3,1.0,0.0,0.0,1.0,0.0,1.0,16,3,1,01/09/2024,2024-01-09,16:00:00
07/09/2024 10:52:00 AM,5.0,2,1,4,6,1,3,3,0,1,3,FOLLOWING TOO CLOSELY,2,1,0.0,0.0,0.0,0.0,0.0,2.0,10,3,7,07/09/2024,2024-07-09,10:52:00
03/07/2024 09:30:00 AM,3.0,2,1,5,4,1,3,3,0,1,2,UNABLE TO DETERMINE,2,1,0.0,0.0,0.0,0.0,0.0,2.0,9,5,3,03/07/2024,2024-03-07,09:30:00
03/03/2024 08:40:00 PM,5.0,2,4,6,6,1,3,1,0,1,3,FAILING TO YIELD RIGHT-OF-WAY,2,1,0.0,0.0,0.0,0.0,0.0,3.0,20,1,3,03/03/2024,2024-03-03,20:40:00
02/11/2024 11:10:00 PM,5.0,2,4,4,5,1,3,3,0,1,3,UNABLE TO DETERMINE,2,1,0.0,0.0,0.0,0.0,0.0,2.0,23,1,2,02/11/2024,2024-02-11,23:10:00
05/01/2024 02:00:00 PM,5.0,2,1,18,5,1,3,3,0,1,1,UNABLE TO DETERMINE,2,1,0.0,0.0,0.0,0.0,0.0,2.0,14,4,5,05/01/2024,2024-05-01,14:00:00
01/10/2024 06:00:00 AM,5.0,3,4,5,4,1,3,3,0,1,3,UNABLE TO DETERMINE,2,1,0.0,0.0,0.0,0.0,0.0,2.0,6,4,1,01/10/2024,2024-01-10,06:00:00
05/01/2024 07:20:00 PM,7.0,2,1,13,10,1,3,3,1,1,3,DRIVING SKILLS/KNOWLEDGE/EXPERIENCE,2,3,1.0,0.0,0.0,1.0,0.0,1.0,19,4,5,05/01/2024,2024-05-01,19:20:00
04/22/2024 03:15:00 PM,7.0,2,1,5,5,1,3,3,0,1,2,DISREGARDING STOP SIGN,2,1,0.0,0.0,0.0,0.0,0.0,3.0,15,2,4,04/22/2024,2024-04-22,15:15:00
02/07/2024 03:50:00 PM,5.0,2,1,6,5,1,3,3,1,1,3,DRIVING SKILLS/KNOWLEDGE/EXPERIENCE,2,1,0.0,0.0,0.0,0.0,0.0,2.0,15,4,2,02/07/2024,2024-02-07,15:50:00
06/27/2024 11:29:00 PM,5.0,2,3,6,2,1,3,3,1,1,3,FAILING TO YIELD RIGHT-OF-WAY,2,1,0.0,0.0,0.0,0.0,0.0,2.0,23,5,6,06/27/2024,2024-06-27,23:29:00
03/29/2024 12:03:00 PM,7.0,2,1,5,5,1,3,3,1,1,3,FAILING TO YIELD RIGHT-OF-WAY,2,1,0.0,0.0,0.0,0.0,0.0,2.0,12,6,3,03/29/2024,2024-03-29,12:03:00
02/22/2024 05:30:00 PM,1.0,2,4,14,5,1,1,1,0,1,3,UNABLE TO DETERMINE,2,1,0.0,0.0,0.0,0.0,0.0,2.0,17,5,2,02/22/2024,2024-02-22,17:30:00
06/03/2024 07:34:00 AM,5.0,2,1,6,4,1,3,3,1,1,3,FAILING TO YIELD RIGHT-OF-WAY,2,1,0.0,0.0,0.0,0.0,0.0,2.0,7,2,6,06/03/2024,2024-06-03,07:34:00
05/29/2024 03:17:00 PM,7.0,2,1,3,4,1,3,3,0,1,2,IMPROPER OVERTAKING/PASSING,2,1,0.0,0.0,0.0,0.0,0.0,2.0,15,4,5,05/29/2024,2024-05-29,15:17:00
06/06/2024 11:03:00 AM,3.0,2,1,5,5,1,3,3,0,1,2,UNABLE TO DETERMINE,2,1,0.0,0.0,0.0,0.0,0.0,2.0,11,5,6,06/06/2024,2024-06-06,11:03:00
04/10/2024 10:49:00 AM,5.0,2,1,5,5,1,3,3,1,1,3,DISREGARDING TRAFFIC SIGNALS,2,2,1.0,0.0,0.0,0.0,1.0,1.0,10,4,4,04/10/2024,2024-04-10,10:49:00
03/16/2024 09:00:00 AM,5.0,2,1,4,1,1,3,3,1,1,3,FAILING TO REDUCE SPEED TO AVOID CRASH,2,3,2.0,0.0,0.0,1.0,1.0,1.0,9,7,3,03/16/2024,2024-03-16,09:00:00
02/09/2024 09:20:00 PM,3.0,2,4,6,4,1,3,3,1,1,3,FAILING TO YIELD RIGHT-OF-WAY,2,3,2.0,0.0,0.0,2.0,0.0,1.0,21,6,2,02/09/2024,2024-02-09,21:20:00
02/03/2024 06:11:00 PM,7.0,2,5,8,10,1,3,3,1,1,3,UNABLE TO DETERMINE,2,1,0.0,0.0,0.0,0.0,0.0,3.0,18,7,2,02/03/2024,2024-02-03,18:11:00
06/19/2024 07:55:00 PM,5.0,2,3,6,5,1,3,3,1,1,3,IMPROPER TURNING/NO SIGNAL,2,1,0.0,0.0,0.0,0.0,0.0,2.0,19,4,6,06/19/2024,2024-06-19,19:55:00
05/10/2024 04:07:00 PM,5.0,2,1,5,5,1,3,3,1,1,3,FAILING TO YIELD RIGHT-OF-WAY,2,3,2.0,0.0,0.0,1.0,1.0,1.0,16,6,5,05/10/2024,2024-05-10,16:07:00
02/13/2024 02:40:00 PM,5.0,2,1,6,4,1,3,7,0,1,2,FAILING TO YIELD RIGHT-OF-WAY,2,1,0.0,0.0,0.0,0.0,0.0,2.0,14,3,2,02/13/2024,2024-02-13,14:40:00
06/05/2024 07:15:00 AM,7.0,2,1,6,7,1,3,3,0,1,2,IMPROPER TURNING/NO SIGNAL,2,1,0.0,0.0,0.0,0.0,0.0,2.0,7,4,6,06/05/2024,2024-06-05,07:15:00
04/15/2024 05:26:00 PM,5.0,2,1,6,6,1,3,3,0,1,3,FAILING TO YIELD RIGHT-OF-WAY,2,1,0.0,0.0,0.0,0.0,0.0,2.0,17,2,4,04/15/2024,2024-04-15,17:26:00
06/05/2024 10:37:00 AM,7.0,2,1,14,6,1,3,3,0,1,3,NOT APPLICABLE,2,1,0.0,0.0,0.0,0.0,0.0,3.0,10,4,6,06/05/2024,2024-06-05,10:37:00
02/27/2024 10:25:00 PM,5.0,4,5,6,5,1,4,3,0,1,3,UNABLE TO DETERMINE,2,1,0.0,0.0,0.0,0.0,0.0,2.0,22,3,2,02/27/2024,2024-02-27,22:25:00
05/18/2024 04:50:00 PM,7.0,2,1,5,5,1,3,3,1,1,3,DISREGARDING STOP SIGN,2,3,2.0,0.0,0.0,2.0,0.0,1.0,16,7,5,05/18/2024,2024-05-18,16:50:00
05/04/2024 10:02:00 PM,5.0,3,4,4,6,1,4,3,0,1,3,FAILING TO REDUCE SPEED TO AVOID CRASH,2,1,0.0,0.0,0.0,0.0,0.0,7.0,22,7,5,05/04/2024,2024-05-04,22:02:00
05/03/2024 08:05:00 AM,5.0,4,1,3,5,1,4,3,0,1,3,IMPROPER LANE USAGE,2,1,0.0,0.0,0.0,0.0,0.0,3.0,8,6,5,05/03/2024,2024-05-03,08:05:00
02/17/2024 07:15:00 PM,5.0,2,4,6,4,1,3,3,0,1,2,UNABLE TO DETERMINE,2,1,0.0,0.0,0.0,0.0,0.0,2.0,19,7,2,02/17/2024,2024-02-17,19:15:00
07/12/2024 10:00:00 AM,3.0,2,1,5,7,1,3,3,1,1,3,DISREGARDING STOP SIGN,2,1,0.0,0.0,0.0,0.0,0.0,2.0,10,6,7,07/12/2024,2024-07-12,10:00:00
02/08/2024 10:30:00 PM,7.0,4,4,6,7,1,4,3,0,1,3,DISREGARDING STOP SIGN,2,1,0.0,0.0,0.0,0.0,0.0,2.0,22,5,2,02/08/2024,2024-02-08,22:30:00
05/11/2024 12:05:00 AM,5.0,4,4,8,7,1,4,3,0,1,3,IMPROPER BACKING,2,1,0.0,0.0,0.0,0.0,0.0,3.0,0,7,5,05/11/2024,2024-05-11,00:05:00
05/24/2024 08:45:00 AM,5.0,2,1,4,4,1,3,3,1,1,3,EQUIPMENT - VEHICLE CONDITION,2,2,1.0,0.0,0.0,0.0,1.0,2.0,8,6,5,05/24/2024,2024-05-24,08:45:00
04/17/2024 08:46:00 AM,5.0,2,1,5,6,1,3,3,1,1,3,DISREGARDING TRAFFIC SIGNALS,2,1,0.0,0.0,0.0,0.0,0.0,2.0,8,4,4,04/17/2024,2024-04-17,08:46:00
02/04/2024 02:47:00 PM,5.0,2,1,6,5,1,3,3,1,1,3,FAILING TO YIELD RIGHT-OF-WAY,2,1,0.0,0.0,0.0,0.0,0.0,3.0,14,1,2,02/04/2024,2024-02-04,14:47:00
05/13/2024 06:23:00 PM,5.0,2,1,4,6,1,4,3,0,1,3,FOLLOWING TOO CLOSELY,2,1,0.0,0.0,0.0,0.0,0.0,4.0,18,2,5,05/13/2024,2024-05-13,18:23:00
04/08/2024 01:10:00 PM,5.0,2,1,3,5,1,3,3,0,1,2,UNABLE TO DETERMINE,2,1,0.0,0.0,0.0,0.0,0.0,2.0,13,2,4,04/08/2024,2024-04-08,13:10:00
06/10/2024 03:00:00 PM,5.0,2,1,6,5,1,3,3,1,1,3,FAILING TO YIELD RIGHT-OF-WAY,2,3,1.0,0.0,0.0,1.0,0.0,2.0,15,2,6,06/10/2024,2024-06-10,15:00:00
02/28/2024 04:15:00 PM,3.0,2,1,5,6,1,3,1,0,1,3,FAILING TO YIELD RIGHT-OF-WAY,2,1,0.0,0.0,0.0,0.0,0.0,2.0,16,4,2,02/28/2024,2024-02-28,16:15:00
02/12/2024 07:45:00 AM,7.0,2,1,5,5,1,1,1,0,1,2,UNABLE TO DETERMINE,2,1,0.0,0.0,0.0,0.0,0.0,2.0,7,2,2,02/12/2024,2024-02-12,07:45:00
02/07/2024 06:18:00 AM,5.0,2,3,9,6,1,3,3,1,1,2,DRIVING ON WRONG SIDE/WRONG WAY,2,3,1.0,0.0,0.0,1.0,0.0,6.0,6,4,2,02/07/2024,2024-02-07,06:18:00
01/12/2024 09:35:00 PM,5.0,5,4,6,5,1,4,3,1,1,3,UNABLE TO DETERMINE,2,1,0.0,0.0,0.0,0.0,0.0,2.0,21,6,1,01/12/2024,2024-01-12,21:35:00
01/30/2024 08:00:00 AM,7.0,2,1,5,5,1,4,1,1,1,3,FAILING TO YIELD RIGHT-OF-WAY,2,1,0.0,0.0,0.0,0.0,0.0,2.0,8,3,1,01/30/2024,2024-01-30,08:00:00
03/08/2024 02:00:00 PM,7.0,4,1,4,10,1,4,3,0,1,3,IMPROPER BACKING,2,1,0.0,0.0,0.0,0.0,0.0,4.0,14,6,3,03/08/2024,2024-03-08,14:00:00
01/01/2024 11:30:00 AM,5.0,2,5,4,4,1,3,3,0,1,2,UNABLE TO DETERMINE,2,1,0.0,0.0,0.0,0.0,0.0,3.0,11,2,1,01/01/2024,2024-01-01,11:30:00
05/28/2024 08:07:00 AM,5.0,2,1,6,5,1,3,3,0,1,3,IMPROPER TURNING/NO SIGNAL,2,1,0.0,0.0,0.0,0.0,0.0,2.0,8,3,5,05/28/2024,2024-05-28,08:07:00
05/31/2024 11:00:00 PM,5.0,2,4,6,4,1,3,3,0,1,3,IMPROPER TURNING/NO SIGNAL,2,1,0.0,0.0,0.0,0.0,0.0,2.0,23,6,5,05/31/2024,2024-05-31,23:00:00
02/26/2024 04:27:00 PM,7.0,2,1,6,5,1,3,3,1,1,2,UNABLE TO DETERMINE,2,1,0.0,0.0,0.0,0.0,0.0,2.0,16,2,2,02/26/2024,2024-02-26,16:27:00
03/21/2024 09:45:00 AM,5.0,2,4,6,7,1,3,3,1,1,3,IMPROPER TURNING/NO SIGNAL,2,3,2.0,0.0,0.0,1.0,1.0,0.0,9,5,3,03/21/2024,2024-03-21,09:45:00
08/10/2024 03:25:00 PM,5.0,2,1,6,12,1,3,3,0,1,3,UNABLE TO DETERMINE,2,1,0.0,0.0,0.0,0.0,0.0,2.0,15,7,8,08/10/2024,2024-08-10,15:25:00
06/28/2024 12:15:00 PM,5.0,2,1,6,7,1,3,3,1,1,3,IMPROPER TURNING/NO SIGNAL,2,1,0.0,0.0,0.0,0.0,0.0,2.0,12,6,6,06/28/2024,2024-06-28,12:15:00
04/05/2024 03:30:00 PM,5.0,2,1,6,7,1,3,3,0,1,3,DISREGARDING TRAFFIC SIGNALS,2,1,0.0,0.0,0.0,0.0,0.0,3.0,15,6,4,04/05/2024,2024-04-05,15:30:00
05/28/2024 06:21:00 PM,3.0,4,1,5,13,1,4,3,1,1,3,FAILING TO YIELD RIGHT-OF-WAY,2,2,1.0,0.0,0.0,0.0,1.0,2.0,18,3,5,05/28/2024,2024-05-28,18:21:00
07/03/2024 05:25:00 AM,5.0,2,2,7,5,1,3,3,1,1,3,DISREGARDING TRAFFIC SIGNALS,2,3,1.0,0.0,0.0,1.0,0.0,2.0,5,4,7,07/03/2024,2024-07-03,05:25:00
02/14/2024 03:15:00 PM,5.0,2,1,3,4,1,3,3,0,1,3,IMPROPER OVERTAKING/PASSING,2,1,0.0,0.0,0.0,0.0,0.0,2.0,15,4,2,02/14/2024,2024-02-14,15:15:00
06/19/2024 11:37:00 AM,7.0,2,1,5,7,1,3,3,0,1,3,UNABLE TO DETERMINE,2,1,0.0,0.0,0.0,0.0,0.0,2.0,11,4,6,06/19/2024,2024-06-19,11:37:00
01/10/2024 10:20:00 PM,7.0,4,4,5,5,1,4,3,1,1,3,FAILING TO YIELD RIGHT-OF-WAY,2,3,1.0,0.0,0.0,1.0,0.0,1.0,22,4,1,01/10/2024,2024-01-10,22:20:00
03/28/2024 04:07:00 PM,5.0,2,1,6,5,1,3,3,1,1,3,FAILING TO REDUCE SPEED TO AVOID CRASH,2,2,1.0,0.0,0.0,0.0,1.0,1.0,16,5,3,03/28/2024,2024-03-28,16:07:00
04/16/2024 10:11:00 PM,3.0,3,4,6,4,1,4,3,1,1,3,IMPROPER TURNING/NO SIGNAL,2,3,2.0,0.0,0.0,2.0,0.0,3.0,22,3,4,04/16/2024,2024-04-16,22:11:00
06/09/2024 02:16:00 PM,3.0,2,1,6,6,1,3,3,1,1,3,NOT APPLICABLE,2,1,0.0,0.0,0.0,0.0,0.0,2.0,14,1,6,06/09/2024,2024-06-09,14:16:00
02/29/2024 07:45:00 AM,3.0,2,1,5,6,1,3,3,1,1,3,FAILING TO YIELD RIGHT-OF-WAY,2,1,0.0,0.0,0.0,0.0,0.0,5.0,7,5,2,02/29/2024,2024-02-29,07:45:00
05/24/2024 07:10:00 AM,5.0,2,1,3,6,1,3,3,0,1,3,FAILING TO YIELD RIGHT-OF-WAY,2,1,0.0,0.0,0.0,0.0,0.0,2.0,7,6,5,05/24/2024,2024-05-24,07:10:00
07/03/2024 09:00:00 AM,5.0,2,1,6,5,1,3,3,0,1,3,UNABLE TO DETERMINE,2,1,0.0,0.0,0.0,0.0,0.0,2.0,9,4,7,07/03/2024,2024-07-03,09:00:00
06/19/2024 12:00:00 PM,5.0,2,1,6,5,1,3,3,0,1,3,DRIVING SKILLS/KNOWLEDGE/EXPERIENCE,2,1,0.0,0.0,0.0,0.0,0.0,2.0,12,4,6,06/19/2024,2024-06-19,12:00:00
03/02/2024 03:15:00 PM,5.0,2,1,5,5,2,3,3,1,1,3,UNABLE TO DETERMINE,2,4,1.0,0.0,1.0,0.0,0.0,1.0,15,7,3,03/02/2024,2024-03-02,15:15:00
04/03/2024 07:55:00 AM,7.0,4,1,6,6,1,4,3,0,1,3,UNABLE TO DETERMINE,2,1,0.0,0.0,0.0,0.0,0.0,3.0,7,4,4,04/03/2024,2024-04-03,07:55:00
05/26/2024 05:30:00 PM,7.0,2,1,5,5,1,4,1,1,1,3,FAILING TO YIELD RIGHT-OF-WAY,2,1,0.0,0.0,0.0,0.0,0.0,2.0,17,1,5,05/26/2024,2024-05-26,17:30:00
06/06/2024 12:20:00 PM,5.0,2,1,4,5,1,3,1,1,1,3,FAILING TO YIELD RIGHT-OF-WAY,2,3,2.0,0.0,0.0,2.0,0.0,0.0,12,5,6,06/06/2024,2024-06-06,12:20:00
03/18/2024 04:51:00 PM,1.0,2,1,3,4,1,3,1,0,1,3,UNABLE TO DETERMINE,2,1,0.0,0.0,0.0,0.0,0.0,4.0,16,2,3,03/18/2024,2024-03-18,16:51:00
08/10/2024 07:50:00 PM,3.0,2,1,6,10,1,3,3,1,0,3,"VISION OBSCURED (SIGNS, TREE LIMBS, BUILDINGS, ETC.)",2,4,1.0,0.0,1.0,0.0,0.0,1.0,19,7,8,08/10/2024,2024-08-10,19:50:00
06/17/2024 04:19:00 PM,7.0,2,1,5,5,1,3,3,1,1,3,UNABLE TO DETERMINE,2,3,1.0,0.0,0.0,1.0,0.0,3.0,16,2,6,06/17/2024,2024-06-17,16:19:00
07/25/2024 12:00:00 PM,7.0,2,1,5,6,1,3,3,1,1,3,FAILING TO YIELD RIGHT-OF-WAY,2,1,0.0,0.0,0.0,0.0,0.0,2.0,12,5,7,07/25/2024,2024-07-25,12:00:00
03/06/2024 01:46:00 AM,5.0,2,4,6,7,1,3,3,1,1,3,UNABLE TO DETERMINE,2,2,1.0,0.0,0.0,0.0,1.0,1.0,1,4,3,03/06/2024,2024-03-06,01:46:00
03/30/2024 05:06:00 PM,5.0,2,1,6,6,1,3,1,0,1,2,UNABLE TO DETERMINE,2,1,0.0,0.0,0.0,0.0,0.0,4.0,17,7,3,03/30/2024,2024-03-30,17:06:00
03/14/2024 06:07:00 PM,5.0,2,1,4,6,1,3,3,1,1,3,FOLLOWING TOO CLOSELY,2,2,1.0,0.0,0.0,0.0,1.0,2.0,18,5,3,03/14/2024,2024-03-14,18:07:00
01/12/2024 11:57:00 PM,5.0,5,4,4,5,1,4,1,0,1,3,FAILING TO REDUCE SPEED TO AVOID CRASH,2,1,0.0,0.0,0.0,0.0,0.0,2.0,23,6,1,01/12/2024,2024-01-12,23:57:00
05/11/2024 05:31:00 PM,5.0,2,1,4,6,1,3,3,0,1,2,FOLLOWING TOO CLOSELY,2,1,0.0,0.0,0.0,0.0,0.0,3.0,17,7,5,05/11/2024,2024-05-11,17:31:00
03/18/2024 04:47:00 PM,5.0,2,1,6,4,1,3,3,0,1,3,FAILING TO YIELD RIGHT-OF-WAY,2,1,0.0,0.0,0.0,0.0,0.0,2.0,16,2,3,03/18/2024,2024-03-18,16:47:00
02/23/2024 04:20:00 PM,7.0,2,1,6,7,1,3,3,0,1,3,UNABLE TO DETERMINE,2,1,0.0,0.0,0.0,0.0,0.0,2.0,16,6,2,02/23/2024,2024-02-23,16:20:00
05/28/2024 12:10:00 PM,5.0,3,1,13,5,1,3,3,1,1,2,FAILING TO YIELD RIGHT-OF-WAY,2,3,1.0,0.0,0.0,1.0,0.0,1.0,12,3,5,05/28/2024,2024-05-28,12:10:00
06/14/2024 10:20:00 AM,5.0,2,1,5,5,1,3,3,0,1,3,FAILING TO REDUCE SPEED TO AVOID CRASH,2,1,0.0,0.0,0.0,0.0,0.0,3.0,10,6,6,06/14/2024,2024-06-14,10:20:00
06/27/2024 09:56:00 AM,5.0,2,1,13,1,1,3,3,1,1,1,FAILING TO YIELD RIGHT-OF-WAY,2,3,1.0,0.0,0.0,1.0,0.0,1.0,9,5,6,06/27/2024,2024-06-27,09:56:00
02/09/2024 10:50:00 PM,5.0,2,4,4,4,1,3,3,0,1,3,FOLLOWING TOO CLOSELY,2,1,0.0,0.0,0.0,0.0,0.0,2.0,22,6,2,02/09/2024,2024-02-09,22:50:00
02/23/2024 06:49:00 PM,8.0,5,4,6,5,1,5,1,0,1,3,IMPROPER TURNING/NO SIGNAL,2,1,0.0,0.0,0.0,0.0,0.0,2.0,18,6,2,02/23/2024,2024-02-23,18:49:00
07/21/2024 03:13:00 AM,5.0,2,4,3,6,1,3,3,0,1,3,FOLLOWING TOO CLOSELY,2,1,0.0,0.0,0.0,0.0,0.0,2.0,3,1,7,07/21/2024,2024-07-21,03:13:00
07/05/2024 10:15:00 PM,5.0,2,4,6,5,1,3,3,0,1,3,UNABLE TO DETERMINE,2,1,0.0,0.0,0.0,0.0,0.0,2.0,22,6,7,07/05/2024,2024-07-05,22:15:00
01/19/2024 09:30:00 PM,1.0,2,1,4,5,1,1,1,0,1,3,UNABLE TO DETERMINE,2,1,0.0,0.0,0.0,0.0,0.0,2.0,21,6,1,01/19/2024,2024-01-19,21:30:00
02/29/2024 08:39:00 AM,7.0,2,1,5,5,1,3,3,1,1,3,UNABLE TO DETERMINE,2,3,2.0,0.0,0.0,2.0,0.0,1.0,8,5,2,02/29/2024,2024-02-29,08:39:00
03/08/2024 06:00:00 PM,5.0,4,4,6,5,1,4,3,0,1,3,FAILING TO YIELD RIGHT-OF-WAY,2,1,0.0,0.0,0.0,0.0,0.0,2.0,18,6,3,03/08/2024,2024-03-08,18:00:00
01/17/2024 06:55:00 PM,5.0,2,4,4,6,1,3,1,1,1,3,FOLLOWING TOO CLOSELY,2,1,0.0,0.0,0.0,0.0,0.0,2.0,18,4,1,01/17/2024,2024-01-17,18:55:00
03/02/2024 10:55:00 AM,5.0,2,1,4,1,1,3,1,0,1,3,FOLLOWING TOO CLOSELY,2,1,0.0,0.0,0.0,0.0,0.0,2.0,10,7,3,03/02/2024,2024-03-02,10:55:00
04/13/2024 05:45:00 AM,5.0,2,2,4,6,1,3,3,0,1,3,FAILING TO REDUCE SPEED TO AVOID CRASH,2,1,0.0,0.0,0.0,0.0,0.0,2.0,5,7,4,04/13/2024,2024-04-13,05:45:00
02/01/2024 05:45:00 AM,5.0,2,4,4,7,1,3,3,0,1,3,FOLLOWING TOO CLOSELY,2,1,0.0,0.0,0.0,0.0,0.0,2.0,5,5,2,02/01/2024,2024-02-01,05:45:00
04/22/2024 05:10:00 PM,7.0,2,1,13,5,1,3,3,1,1,2,UNABLE TO DETERMINE,2,2,1.0,0.0,0.0,0.0,1.0,1.0,17,2,4,04/22/2024,2024-04-22,17:10:00
04/26/2024 01:00:00 PM,5.0,2,1,4,4,1,3,3,0,1,3,FOLLOWING TOO CLOSELY,2,1,0.0,0.0,0.0,0.0,0.0,2.0,13,6,4,04/26/2024,2024-04-26,13:00:00