crash_date,traffic_control_device,weather_condition,lighting_condition,first_crash_type,trafficway_type,alignment,roadway_surface_cond,road_defect,crash_type,intersection_related_i,damage,prim_contributory_cause,num_units,most_severe_injury,injuries_total,injuries_fatal,injuries_incapacitating,injuries_non_incapacitating,injuries_reported_not_evident,injuries_no_indication,crash_hour,crash_day_of_week,crash_month,parsed_datetime,date,time
06/06/2024 09:00:00 PM,7.0,2,4,5,5,1,1,3,0,1,3,FAILING TO YIELD RIGHT-OF-WAY,2,1,0.0,0.0,0.0,0.0,0.0,2.0,21,5,6,06/06/2024,2024-06-06,21:00:00
03/09/2024 07:47:00 PM,5.0,2,2,6,4,1,3,3,0,1,3,FAILING TO REDUCE SPEED TO AVOID CRASH,2,1,0.0,0.0,0.0,0.0,0.0,3.0,19,7,3,03/09/2024,2024-03-09,19:47:00
02/29/2024 09:40:00 AM,5.0,2,1,13,6,1,3,3,1,1,3,FAILING TO YIELD RIGHT-OF-WAY,2,3,1.0,0.0,0.0,1.0,0.0,1.0,9,5,2,02/29/2024,2024-02-29,09:40:00
07/30/2024 04:27:00 AM,3.0,2,4,6,6,1,1,1,1,1,3,FAILING TO YIELD RIGHT-OF-WAY,2,1,0.0,0.0,0.0,0.0,0.0,2.0,4,3,7,07/30/2024,2024-07-30,04:27:00
04/21/2024 07:05:00 PM,5.0,2,1,6,6,1,3,3,0,1,3,FAILING TO YIELD RIGHT-OF-WAY,2,1,0.0,0.0,0.0,0.0,0.0,2.0,19,1,4,04/21/2024,2024-04-21,19:05:00
03/29/2024 08:00:00 AM,5.0,2,1,4,6,1,3,3,0,1,3,FOLLOWING TOO CLOSELY,2,1,0.0,0.0,0.0,0.0,0.0,2.0,8,6,3,03/29/2024,2024-03-29,08:00:00
02/23/2024 03:05:00 PM,5.0,2,1,6,5,1,3,3,0,1,3,IMPROPER TURNING/NO SIGNAL,2,1,0.0,0.0,0.0,0.0,0.0,2.0,15,6,2,02/23/2024,2024-02-23,15:05:00
03/06/2024 09:10:00 PM,5.0,2,4,6,4,1,3,1,0,1,2,UNABLE TO DETERMINE,2,1,0.0,0.0,0.0,0.0,0.0,4.0,21,4,3,03/06/2024,2024-03-06,21:10:00
08/10/2024 06:50:00 AM,5.0,2,1,4,5,1,3,3,0,1,3,FOLLOWING TOO CLOSELY,2,1,0.0,0.0,0.0,0.0,0.0,2.0,6,7,8,08/10/2024,2024-08-10,06:50:00
04/07/2024 04:35:00 PM,5.0,4,1,13,7,1,4,3,1,1,3,DRIVING SKILLS/KNOWLEDGE/EXPERIENCE,2,2,1.0,0.0,0.0,0.0,1.0,1.0,16,1,4,04/07/2024,2024-04-07,16:35:00
07/23/2024 05:35:00 PM,5.0,2,1,6,5,1,3,1,1,1,3,FAILING TO YIELD RIGHT-OF-WAY,2,3,1.0,0.0,0.0,1.0,0.0,1.0,17,3,7,07/23/2024,2024-07-23,17:35:00
07/26/2024 03:30:00 PM,5.0,2,1,6,7,1,3,3,1,1,3,IMPROPER TURNING/NO SIGNAL,2,4,1.0,0.0,1.0,0.0,0.0,3.0,15,6,7,07/26/2024,2024-07-26,15:30:00
03/29/2024 04:30:00 PM,5.0,2,1,6,5,1,3,3,1,1,3,UNABLE TO DETERMINE,2,1,0.0,0.0,0.0,0.0,0.0,2.0,16,6,3,03/29/2024,2024-03-29,16:30:00
06/15/2024 12:00:00 PM,7.0,2,1,5,5,1,1,1,1,1,3,UNABLE TO DETERMINE,2,2,1.0,0.0,0.0,0.0,1.0,2.0,12,7,6,06/15/2024,2024-06-15,12:00:00
05/04/2024 08:13:00 AM,5.0,2,1,5,5,1,3,3,1,1,3,DISREGARDING TRAFFIC SIGNALS,2,2,2.0,0.0,0.0,0.0,2.0,2.0,8,7,5,05/04/2024,2024-05-04,08:13:00
05/02/2024 03:40:00 PM,7.0,3,1,4,4,1,3,3,0,1,3,FOLLOWING TOO CLOSELY,2,1,0.0,0.0,0.0,0.0,0.0,2.0,15,5,5,05/02/2024,2024-05-02,15:40:00
04/19/2024 08:38:00 PM,7.0,2,1,4,9,1,1,1,0,1,3,FAILING TO YIELD RIGHT-OF-WAY,2,1,0.0,0.0,0.0,0.0,0.0,2.0,20,6,4,04/19/2024,2024-04-19,20:38:00
04/20/2024 01:00:00 PM,5.0,2,1,5,5,2,3,3,0,1,3,DISREGARDING TRAFFIC SIGNALS,2,1,0.0,0.0,0.0,0.0,0.0,2.0,13,7,4,04/20/2024,2024-04-20,13:00:00
07/14/2024 04:15:00 AM,3.0,2,4,6,10,1,4,1,0,1,3,DRIVING SKILLS/KNOWLEDGE/EXPERIENCE,2,1,0.0,0.0,0.0,0.0,0.0,2.0,4,1,7,07/14/2024,2024-07-14,04:15:00
04/10/2024 02:25:00 PM,5.0,2,1,4,6,1,3,3,0,1,3,FOLLOWING TOO CLOSELY,2,1,0.0,0.0,0.0,0.0,0.0,2.0,14,4,4,04/10/2024,2024-04-10,14:25:00
07/12/2024 02:52:00 PM,5.0,2,1,5,5,1,3,3,0,1,3,FAILING TO YIELD RIGHT-OF-WAY,2,1,0.0,0.0,0.0,0.0,0.0,2.0,14,6,7,07/12/2024,2024-07-12,14:52:00
04/04/2024 10:14:00 AM,5.0,4,1,5,5,1,4,3,1,1,3,DISREGARDING TRAFFIC SIGNALS,2,1,0.0,0.0,0.0,0.0,0.0,3.0,10,5,4,04/04/2024,2024-04-04,10:14:00
04/22/2024 05:30:00 PM,5.0,3,1,4,6,1,3,1,0,1,1,UNABLE TO DETERMINE,2,1,0.0,0.0,0.0,0.0,0.0,4.0,17,2,4,04/22/2024,2024-04-22,17:30:00
03/04/2024 03:25:00 PM,3.0,2,1,11,5,1,3,3,0,0,2,UNABLE TO DETERMINE,2,1,0.0,0.0,0.0,0.0,0.0,1.0,15,2,3,03/04/2024,2024-03-04,15:25:00
07/18/2024 08:39:00 PM,5.0,2,3,13,6,1,3,3,1,1,3,UNABLE TO DETERMINE,2,4,1.0,0.0,1.0,0.0,0.0,1.0,20,5,7,07/18/2024,2024-07-18,20:39:00
07/25/2024 03:13:00 PM,5.0,2,1,3,5,1,3,3,1,1,3,IMPROPER OVERTAKING/PASSING,2,3,1.0,0.0,0.0,1.0,0.0,5.0,15,5,7,07/25/2024,2024-07-25,15:13:00
05/13/2024 11:33:00 AM,5.0,2,1,5,2,1,3,3,1,1,3,TURNING RIGHT ON RED,2,1,0.0,0.0,0.0,0.0,0.0,2.0,11,2,5,05/13/2024,2024-05-13,11:33:00
05/09/2024 05:19:00 PM,5.0,4,1,6,5,1,4,1,0,1,1,FAILING TO YIELD RIGHT-OF-WAY,2,1,0.0,0.0,0.0,0.0,0.0,2.0,17,5,5,05/09/2024,2024-05-09,17:19:00
05/14/2024 04:00:00 PM,5.0,2,1,6,5,1,3,3,0,1,1,IMPROPER TURNING/NO SIGNAL,2,1,0.0,0.0,0.0,0.0,0.0,2.0,16,3,5,05/14/2024,2024-05-14,16:00:00
02/16/2024 09:12:00 AM,7.0,2,1,6,2,1,3,3,0,1,3,NOT APPLICABLE,2,1,0.0,0.0,0.0,0.0,0.0,2.0,9,6,2,02/16/2024,2024-02-16,09:12:00
07/15/2024 04:17:00 PM,3.0,2,1,5,4,1,3,3,0,1,3,FAILING TO YIELD RIGHT-OF-WAY,2,1,0.0,0.0,0.0,0.0,0.0,3.0,16,2,7,07/15/2024,2024-07-15,16:17:00
03/25/2024 04:50:00 PM,5.0,2,1,5,4,1,3,3,0,1,3,DISREGARDING TRAFFIC SIGNALS,2,1,0.0,0.0,0.0,0.0,0.0,2.0,16,2,3,03/25/2024,2024-03-25,16:50:00
07/09/2024 02:50:00 PM,5.0,3,1,8,6,1,3,3,0,1,1,DRIVING SKILLS/KNOWLEDGE/EXPERIENCE,2,1,0.0,0.0,0.0,0.0,0.0,2.0,14,3,7,07/09/2024,2024-07-09,14:50:00
07/10/2024 02:30:00 PM,5.0,2,1,3,5,1,3,1,0,1,3,UNABLE TO DETERMINE,2,1,0.0,0.0,0.0,0.0,0.0,2.0,14,4,7,07/10/2024,2024-07-10,14:30:00
07/04/2024 10:15:00 PM,5.0,2,2,14,10,1,3,1,1,1,3,UNABLE TO DETERMINE,2,2,1.0,0.0,0.0,0.0,1.0,1.0,22,5,7,07/04/2024,2024-07-04,22:15:00
04/28/2024 01:44:00 AM,5.0,4,4,6,5,1,4,3,1,1,3,FAILING TO YIELD RIGHT-OF-WAY,2,2,1.0,0.0,0.0,0.0,1.0,2.0,1,1,4,04/28/2024,2024-04-28,01:44:00
03/13/2024 04:18:00 PM,3.0,2,1,4,5,1,3,3,0,1,3,UNABLE TO DETERMINE,2,1,0.0,0.0,0.0,0.0,0.0,2.0,16,4,3,03/13/2024,2024-03-13,16:18:00
07/10/2024 04:44:00 PM,7.0,2,1,5,6,1,3,3,1,1,3,UNABLE TO DETERMINE,2,3,1.0,0.0,0.0,1.0,0.0,1.0,16,4,7,07/10/2024,2024-07-10,16:44:00
05/14/2024 06:25:00 AM,5.0,2,1,10,4,1,3,3,0,1,3,UNABLE TO DETERMINE,2,1,0.0,0.0,0.0,0.0,0.0,2.0,6,3,5,05/14/2024,2024-05-14,06:25:00
04/01/2024 10:00:00 PM,5.0,4,4,10,5,1,4,1,0,1,3,PHYSICAL CONDITION OF DRIVER,2,1,0.0,0.0,0.0,0.0,0.0,5.0,22,2,4,04/01/2024,2024-04-01,22:00:00
07/14/2024 12:50:00 PM,5.0,2,1,6,5,1,3,3,0,1,2,FOLLOWING TOO CLOSELY,2,1,0.0,0.0,0.0,0.0,0.0,2.0,12,1,7,07/14/2024,2024-07-14,12:50:00
03/09/2024 03:20:00 PM,5.0,2,1,6,5,1,3,3,1,1,3,FAILING TO YIELD RIGHT-OF-WAY,2,2,2.0,0.0,0.0,0.0,2.0,3.0,15,7,3,03/09/2024,2024-03-09,15:20:00
03/10/2024 09:53:00 PM,5.0,2,4,5,6,1,3,3,1,1,3,DISREGARDING TRAFFIC SIGNALS,2,2,1.0,0.0,0.0,0.0,1.0,1.0,21,1,3,03/10/2024,2024-03-10,21:53:00
06/29/2024 04:08:00 PM,5.0,2,1,6,5,1,3,3,1,1,3,IMPROPER TURNING/NO SIGNAL,2,1,0.0,0.0,0.0,0.0,0.0,2.0,16,7,6,06/29/2024,2024-06-29,16:08:00
06/15/2024 04:23:00 PM,7.0,2,1,14,6,1,3,3,1,1,3,UNABLE TO DETERMINE,2,2,1.0,0.0,0.0,0.0,1.0,1.0,16,7,6,06/15/2024,2024-06-15,16:23:00
04/16/2024 03:00:00 PM,3.0,2,1,11,6,1,3,3,0,1,3,UNABLE TO DETERMINE,2,1,0.0,0.0,0.0,0.0,0.0,1.0,15,3,4,04/16/2024,2024-04-16,15:00:00
04/15/2024 07:16:00 AM,5.0,2,1,3,6,1,3,3,0,1,3,FAILING TO YIELD RIGHT-OF-WAY,2,1,0.0,0.0,0.0,0.0,0.0,2.0,7,2,4,04/15/2024,2024-04-15,07:16:00
01/07/2024 12:10:00 PM,5.0,3,1,5,5,1,3,3,0,1,3,UNABLE TO DETERMINE,2,1,0.0,0.0,0.0,0.0,0.0,4.0,12,1,1,01/07/2024,2024-01-07,12:10:00
02/09/2024 05:30:00 PM,5.0,2,3,5,5,1,3,3,0,1,3,FAILING TO YIELD RIGHT-OF-WAY,2,1,0.0,0.0,0.0,0.0,0.0,3.0,17,6,2,02/09/2024,2024-02-09,17:30:00
05/27/2024 11:20:00 AM,5.0,2,1,5,6,1,3,3,1,1,2,FAILING TO YIELD RIGHT-OF-WAY,2,1,0.0,0.0,0.0,0.0,0.0,2.0,11,2,5,05/27/2024,2024-05-27,11:20:00
04/13/2024 06:58:00 AM,5.0,2,1,6,5,1,3,3,0,1,3,IMPROPER TURNING/NO SIGNAL,2,1,0.0,0.0,0.0,0.0,0.0,3.0,6,7,4,04/13/2024,2024-04-13,06:58:00
03/14/2024 10:53:00 PM,5.0,2,4,5,4,1,3,3,0,1,1,UNABLE TO DETERMINE,2,1,0.0,0.0,0.0,0.0,0.0,3.0,22,5,3,03/14/2024,2024-03-14,22:53:00
04/05/2024 10:30:00 PM,3.0,2,4,6,7,1,3,3,1,1,3,FAILING TO YIELD RIGHT-OF-WAY,2,1,0.0,0.0,0.0,0.0,0.0,2.0,22,6,4,04/05/2024,2024-04-05,22:30:00
07/02/2024 07:48:00 PM,5.0,2,1,5,5,1,3,3,1,1,3,UNABLE TO DETERMINE,2,1,0.0,0.0,0.0,0.0,0.0,3.0,19,3,7,07/02/2024,2024-07-02,19:48:00
07/28/2024 01:00:00 PM,3.0,2,1,6,6,1,3,3,0,1,3,"VISION OBSCURED (SIGNS, TREE LIMBS, BUILDINGS, ETC.)",2,1,0.0,0.0,0.0,0.0,0.0,3.0,13,1,7,07/28/2024,2024-07-28,13:00:00
05/08/2024 07:00:00 PM,5.0,2,1,5,10,1,3,3,0,1,2,FAILING TO YIELD RIGHT-OF-WAY,2,1,0.0,0.0,0.0,0.0,0.0,2.0,19,4,5,05/08/2024,2024-05-08,19:00:00
07/12/2024 08:15:00 PM,7.0,2,3,13,6,1,3,3,1,1,1,FAILING TO YIELD RIGHT-OF-WAY,2,4,1.0,0.0,1.0,0.0,0.0,1.0,20,6,7,07/12/2024,2024-07-12,20:15:00
01/19/2024 10:02:00 PM,3.0,2,5,11,3,1,5,3,1,1,3,WEATHER,2,1,0.0,0.0,0.0,0.0,0.0,2.0,22,6,1,01/19/2024,2024-01-19,22:02:00
07/19/2024 03:09:00 PM,5.0,2,1,6,5,1,3,3,0,1,3,UNABLE TO DETERMINE,2,1,0.0,0.0,0.0,0.0,0.0,2.0,15,6,7,07/19/2024,2024-07-19,15:09:00
06/13/2024 09:28:00 AM,7.0,2,1,5,6,1,3,3,1,1,3,UNABLE TO DETERMINE,2,3,1.0,0.0,0.0,1.0,0.0,1.0,9,5,6,06/13/2024,2024-06-13,09:28:00
04/23/2024 06:38:00 AM,5.0,2,1,6,5,1,3,3,1,1,3,IMPROPER TURNING/NO SIGNAL,2,1,0.0,0.0,0.0,0.0,0.0,2.0,6,3,4,04/23/2024,2024-04-23,06:38:00
07/21/2024 04:27:00 PM,7.0,2,1,4,6,1,3,3,1,1,3,FOLLOWING TOO CLOSELY,2,1,0.0,0.0,0.0,0.0,0.0,2.0,16,1,7,07/21/2024,2024-07-21,16:27:00
06/01/2024 02:00:00 PM,5.0,4,1,4,5,1,4,3,0,1,3,FOLLOWING TOO CLOSELY,2,1,0.0,0.0,0.0,0.0,0.0,2.0,14,7,6,06/01/2024,2024-06-01,14:00:00
07/03/2024 12:27:00 PM,3.0,2,1,4,6,1,3,3,0,1,3,UNABLE TO DETERMINE,2,1,0.0,0.0,0.0,0.0,0.0,2.0,12,4,7,07/03/2024,2024-07-03,12:27:00
06/26/2024 12:15:00 PM,5.0,2,1,12,6,1,3,3,0,1,3,NOT APPLICABLE,2,1,0.0,0.0,0.0,0.0,0.0,1.0,12,4,6,06/26/2024,2024-06-26,12:15:00
07/03/2024 11:25:00 AM,5.0,2,1,3,5,1,3,3,0,1,1,UNABLE TO DETERMINE,2,1,0.0,0.0,0.0,0.0,0.0,2.0,11,4,7,07/03/2024,2024-07-03,11:25:00
03/19/2024 09:00:00 PM,5.0,2,4,4,4,1,3,3,0,0,2,FOLLOWING TOO CLOSELY,2,1,0.0,0.0,0.0,0.0,0.0,2.0,21,3,3,03/19/2024,2024-03-19,21:00:00
01/25/2024 05:40:00 PM,5.0,4,4,3,6,1,4,3,0,1,3,DRIVING SKILLS/KNOWLEDGE/EXPERIENCE,2,1,0.0,0.0,0.0,0.0,0.0,2.0,17,5,1,01/25/2024,2024-01-25,17:40:00
05/12/2024 10:42:00 PM,5.0,2,5,4,5,1,3,3,0,1,3,UNABLE TO DETERMINE,2,1,0.0,0.0,0.0,0.0,0.0,3.0,22,1,5,05/12/2024,2024-05-12,22:42:00
05/24/2024 09:45:00 PM,5.0,4,4,3,6,1,4,1,0,1,3,UNABLE TO DETERMINE,2,1,0.0,0.0,0.0,0.0,0.0,2.0,21,6,5,05/24/2024,2024-05-24,21:45:00
03/19/2024 02:59:00 PM,1.0,2,1,8,5,1,3,1,1,1,3,UNABLE TO DETERMINE,2,1,0.0,0.0,0.0,0.0,0.0,3.0,14,3,3,03/19/2024,2024-03-19,14:59:00
07/07/2024 03:48:00 PM,5.0,4,1,11,5,1,4,3,1,1,3,FAILING TO REDUCE SPEED TO AVOID CRASH,2,2,2.0,0.0,0.0,0.0,2.0,0.0,15,1,7,07/07/2024,2024-07-07,15:48:00
06/19/2024 02:52:00 PM,5.0,2,1,3,4,1,3,3,0,1,3,UNABLE TO DETERMINE,2,1,0.0,0.0,0.0,0.0,0.0,2.0,14,4,6,06/19/2024,2024-06-19,14:52:00
04/14/2024 01:45:00 PM,7.0,2,1,3,6,1,3,1,0,1,2,FAILING TO YIELD RIGHT-OF-WAY,2,1,0.0,0.0,0.0,0.0,0.0,3.0,13,1,4,04/14/2024,2024-04-14,13:45:00
05/11/2024 03:56:00 PM,3.0,2,1,3,5,1,1,1,0,1,2,UNABLE TO DETERMINE,2,1,0.0,0.0,0.0,0.0,0.0,2.0,15,7,5,05/11/2024,2024-05-11,15:56:00
05/14/2024 05:25:00 PM,1.0,2,1,3,5,1,1,1,0,1,3,UNABLE TO DETERMINE,2,1,0.0,0.0,0.0,0.0,0.0,2.0,17,3,5,05/14/2024,2024-05-14,17:25:00
07/27/2024 10:40:00 PM,7.0,2,4,5,6,1,3,3,1,1,2,UNABLE TO DETERMINE,2,2,1.0,0.0,0.0,0.0,1.0,1.0,22,7,7,07/27/2024,2024-07-27,22:40:00
06/29/2024 12:33:00 PM,5.0,2,1,6,5,1,3,3,1,1,3,FAILING TO YIELD RIGHT-OF-WAY,2,1,0.0,0.0,0.0,0.0,0.0,3.0,12,7,6,06/29/2024,2024-06-29,12:33:00
07/23/2024 10:52:00 PM,5.0,2,4,6,5,1,4,3,0,1,3,FAILING TO REDUCE SPEED TO AVOID CRASH,2,1,0.0,0.0,0.0,0.0,0.0,3.0,22,3,7,07/23/2024,2024-07-23,22:52:00
01/20/2024 09:33:00 AM,5.0,2,1,6,6,1,4,7,1,1,3,DRIVING SKILLS/KNOWLEDGE/EXPERIENCE,2,1,0.0,0.0,0.0,0.0,0.0,3.0,9,7,1,01/20/2024,2024-01-20,09:33:00
05/18/2024 11:20:00 AM,5.0,2,1,4,5,1,3,3,1,1,3,UNABLE TO DETERMINE,2,1,0.0,0.0,0.0,0.0,0.0,2.0,11,7,5,05/18/2024,2024-05-18,11:20:00
05/25/2024 11:15:00 PM,5.0,3,4,5,5,1,4,3,1,1,3,UNABLE TO DETERMINE,2,3,2.0,0.0,0.0,1.0,1.0,1.0,23,7,5,05/25/2024,2024-05-25,23:15:00
06/09/2024 07:33:00 PM,7.0,2,2,14,5,1,3,1,1,1,2,UNABLE TO DETERMINE,2,3,1.0,0.0,0.0,1.0,0.0,1.0,19,1,6,06/09/2024,2024-06-09,19:33:00
07/03/2024 04:00:00 PM,5.0,2,1,6,6,1,3,3,0,1,2,FAILING TO YIELD RIGHT-OF-WAY,2,1,0.0,0.0,0.0,0.0,0.0,4.0,16,4,7,07/03/2024,2024-07-03,16:00:00
02/03/2024 08:20:00 PM,7.0,2,4,5,6,1,3,3,1,1,3,UNABLE TO DETERMINE,2,1,0.0,0.0,0.0,0.0,0.0,4.0,20,7,2,02/03/2024,2024-02-03,20:20:00
05/28/2024 04:10:00 PM,5.0,2,1,5,5,1,3,3,0,1,3,DISREGARDING TRAFFIC SIGNALS,2,1,0.0,0.0,0.0,0.0,0.0,2.0,16,3,5,05/28/2024,2024-05-28,16:10:00
01/26/2024 11:50:00 AM,7.0,4,1,6,6,1,4,3,1,1,3,UNABLE TO DETERMINE,2,3,1.0,0.0,0.0,1.0,0.0,1.0,11,6,1,01/26/2024,2024-01-26,11:50:00
02/11/2024 03:55:00 PM,5.0,2,1,4,5,1,3,1,1,1,3,UNABLE TO DETERMINE,2,1,0.0,0.0,0.0,0.0,0.0,4.0,15,1,2,02/11/2024,2024-02-11,15:55:00
05/16/2024 07:00:00 AM,5.0,2,1,8,5,1,3,3,0,1,1,IMPROPER BACKING,2,1,0.0,0.0,0.0,0.0,0.0,3.0,7,5,5,05/16/2024,2024-05-16,07:00:00
06/13/2024 07:40:00 AM,7.0,2,1,6,5,1,3,3,0,1,3,FAILING TO YIELD RIGHT-OF-WAY,2,1,0.0,0.0,0.0,0.0,0.0,2.0,7,5,6,06/13/2024,2024-06-13,07:40:00
07/25/2024 09:54:00 PM,5.0,2,4,4,4,1,3,3,1,1,3,UNABLE TO DETERMINE,2,1,0.0,0.0,0.0,0.0,0.0,2.0,21,5,7,07/25/2024,2024-07-25,21:54:00
02/21/2024 02:50:00 PM,5.0,2,1,4,5,1,3,3,0,1,1,FOLLOWING TOO CLOSELY,2,1,0.0,0.0,0.0,0.0,0.0,3.0,14,4,2,02/21/2024,2024-02-21,14:50:00
05/21/2024 03:08:00 PM,3.0,2,1,6,5,1,3,3,1,1,3,FAILING TO YIELD RIGHT-OF-WAY,2,3,1.0,0.0,0.0,1.0,0.0,1.0,15,3,5,05/21/2024,2024-05-21,15:08:00
02/19/2024 08:18:00 PM,5.0,2,4,5,5,1,1,1,1,1,3,DISREGARDING TRAFFIC SIGNALS,2,1,0.0,0.0,0.0,0.0,0.0,4.0,20,2,2,02/19/2024,2024-02-19,20:18:00
06/25/2024 11:20:00 AM,3.0,2,1,6,6,1,3,3,1,1,3,DRIVING SKILLS/KNOWLEDGE/EXPERIENCE,2,3,2.0,0.0,0.0,2.0,0.0,0.0,11,3,6,06/25/2024,2024-06-25,11:20:00
04/05/2024 07:07:00 AM,5.0,2,1,6,5,1,3,1,0,1,3,IMPROPER TURNING/NO SIGNAL,2,1,0.0,0.0,0.0,0.0,0.0,2.0,7,6,4,04/05/2024,2024-04-05,07:07:00
05/31/2024 12:45:00 PM,5.0,2,1,5,5,1,3,3,0,1,3,DISREGARDING TRAFFIC SIGNALS,2,1,0.0,0.0,0.0,0.0,0.0,2.0,12,6,5,05/31/2024,2024-05-31,12:45:00
07/25/2024 04:12:00 PM,5.0,2,1,6,5,1,3,3,1,1,3,FAILING TO YIELD RIGHT-OF-WAY,2,1,0.0,0.0,0.0,0.0,0.0,4.0,16,5,7,07/25/2024,2024-07-25,16:12:00
03/08/2024 10:00:00 AM,5.0,4,1,3,3,1,4,3,0,1,1,IMPROPER OVERTAKING/PASSING,2,1,0.0,0.0,0.0,0.0,0.0,2.0,10,6,3,03/08/2024,2024-03-08,10:00:00
05/06/2024 07:25:00 AM,3.0,2,1,3,3,1,3,3,0,1,3,DISREGARDING ROAD MARKINGS,2,1,0.0,0.0,0.0,0.0,0.0,5.0,7,2,5,05/06/2024,2024-05-06,07:25:00
05/31/2024 12:25:00 PM,5.0,2,1,3,5,1,3,3,0,1,3,FAILING TO YIELD RIGHT-OF-WAY,2,1,0.0,0.0,0.0,0.0,0.0,2.0,12,6,5,05/31/2024,2024-05-31,12:25:00
06/26/2024 03:47:00 PM,7.0,2,1,5,5,1,3,3,0,1,3,DISREGARDING STOP SIGN,2,1,0.0,0.0,0.0,0.0,0.0,3.0,15,4,6,06/26/2024,2024-06-26,15:47:00
06/08/2024 04:40:00 AM,5.0,2,1,5,5,1,3,1,1,1,3,DISREGARDING TRAFFIC SIGNALS,2,1,0.0,0.0,0.0,0.0,0.0,2.0,4,7,6,06/08/2024,2024-06-08,04:40:00
03/02/2024 11:15:00 AM,7.0,2,1,5,1,1,3,3,0,1,2,FAILING TO YIELD RIGHT-OF-WAY,2,1,0.0,0.0,0.0,0.0,0.0,3.0,11,7,3,03/02/2024,2024-03-02,11:15:00
04/10/2024 10:56:00 AM,5.0,2,1,4,5,1,1,1,0,1,3,FOLLOWING TOO CLOSELY,2,1,0.0,0.0,0.0,0.0,0.0,2.0,10,4,4,04/10/2024,2024-04-10,10:56:00
02/15/2024 06:50:00 PM,7.0,2,4,5,5,1,3,3,0,1,3,UNABLE TO DETERMINE,2,1,0.0,0.0,0.0,0.0,0.0,2.0,18,5,2,02/15/2024,2024-02-15,18:50:00
04/06/2024 04:00:00 PM,5.0,2,1,4,4,1,3,3,0,1,3,NOT APPLICABLE,2,1,0.0,0.0,0.0,0.0,0.0,3.0,16,7,4,04/06/2024,2024-04-06,16:00:00
06/15/2024 04:00:00 PM,1.0,2,1,11,2,1,1,1,0,1,3,UNABLE TO DETERMINE,2,1,0.0,0.0,0.0,0.0,0.0,1.0,16,7,6,06/15/2024,2024-06-15,16:00:00
07/28/2024 02:30:00 AM,3.0,2,4,14,6,1,3,3,1,1,2,FAILING TO YIELD RIGHT-OF-WAY,2,3,1.0,0.0,0.0,1.0,0.0,1.0,2,1,7,07/28/2024,2024-07-28,02:30:00
08/02/2024 09:00:00 AM,3.0,2,1,14,6,1,3,3,0,1,2,UNABLE TO DETERMINE,2,1,0.0,0.0,0.0,0.0,0.0,3.0,9,6,8,08/02/2024,2024-08-02,09:00:00
02/06/2024 01:00:00 PM,5.0,2,2,6,6,1,3,3,0,0,3,UNABLE TO DETERMINE,2,1,0.0,0.0,0.0,0.0,0.0,3.0,13,3,2,02/06/2024,2024-02-06,13:00:00
04/17/2024 02:30:00 PM,3.0,3,1,4,4,1,3,3,1,1,3,FOLLOWING TOO CLOSELY,2,1,0.0,0.0,0.0,0.0,0.0,2.0,14,4,4,04/17/2024,2024-04-17,14:30:00
05/23/2024 10:53:00 AM,5.0,2,1,6,6,1,3,3,1,1,3,FAILING TO YIELD RIGHT-OF-WAY,2,1,0.0,0.0,0.0,0.0,0.0,2.0,10,5,5,05/23/2024,2024-05-23,10:53:00
08/03/2024 03:14:00 PM,3.0,2,1,6,5,1,3,1,0,1,3,FAILING TO YIELD RIGHT-OF-WAY,2,1,0.0,0.0,0.0,0.0,0.0,4.0,15,7,8,08/03/2024,2024-08-03,15:14:00
07/16/2024 04:27:00 PM,4.0,2,1,6,7,1,3,3,0,1,3,IMPROPER TURNING/NO SIGNAL,2,1,0.0,0.0,0.0,0.0,0.0,2.0,16,3,7,07/16/2024,2024-07-16,16:27:00
06/04/2024 02:30:00 PM,5.0,2,1,13,4,1,3,3,1,1,3,UNABLE TO DETERMINE,2,2,1.0,0.0,0.0,0.0,1.0,1.0,14,3,6,06/04/2024,2024-06-04,14:30:00
08/04/2024 06:02:00 AM,5.0,2,1,5,5,1,3,3,0,1,3,DISREGARDING TRAFFIC SIGNALS,2,1,0.0,0.0,0.0,0.0,0.0,2.0,6,1,8,08/04/2024,2024-08-04,06:02:00
06/10/2024 09:45:00 AM,5.0,2,1,4,5,1,3,3,0,1,2,FOLLOWING TOO CLOSELY,2,1,0.0,0.0,0.0,0.0,0.0,2.0,9,2,6,06/10/2024,2024-06-10,09:45:00
05/28/2024 09:30:00 AM,5.0,2,1,8,10,1,1,1,0,0,3,IMPROPER BACKING,2,1,0.0,0.0,0.0,0.0,0.0,2.0,9,3,5,05/28/2024,2024-05-28,09:30:00
02/27/2024 07:20:00 PM,5.0,2,4,6,4,1,3,3,0,1,2,UNABLE TO DETERMINE,2,1,0.0,0.0,0.0,0.0,0.0,2.0,19,3,2,02/27/2024,2024-02-27,19:20:00
03/08/2024 02:20:00 PM,7.0,2,1,4,6,1,4,3,1,1,3,UNABLE TO DETERMINE,2,2,1.0,0.0,0.0,0.0,1.0,1.0,14,6,3,03/08/2024,2024-03-08,14:20:00
02/28/2024 07:00:00 AM,5.0,3,1,4,5,1,4,1,0,1,3,WEATHER,2,1,0.0,0.0,0.0,0.0,0.0,2.0,7,4,2,02/28/2024,2024-02-28,07:00:00
03/13/2024 08:15:00 AM,5.0,2,1,3,12,1,3,3,0,1,3,IMPROPER LANE USAGE,2,1,0.0,0.0,0.0,0.0,0.0,3.0,8,4,3,03/13/2024,2024-03-13,08:15:00