crash_date,traffic_control_device,weather_condition,lighting_condition,first_crash_type,trafficway_type,alignment,roadway_surface_cond,road_defect,crash_type,intersection_related_i,damage,prim_contributory_cause,num_units,most_severe_injury,injuries_total,injuries_fatal,injuries_incapacitating,injuries_non_incapacitating,injuries_reported_not_evident,injuries_no_indication,crash_hour,crash_day_of_week,crash_month,parsed_datetime,date,time
01/04/2024 05:17:00 AM,5.0,2,2,6,6,1,3,3,1,1,3,FAILING TO YIELD RIGHT-OF-WAY,2,2,1.0,0.0,0.0,0.0,1.0,1.0,5,5,1,01/04/2024,2024-01-04,05:17:00
07/26/2024 03:30:00 PM,7.0,2,1,5,6,1,3,3,0,1,3,UNABLE TO DETERMINE,2,1,0.0,0.0,0.0,0.0,0.0,2.0,15,6,7,07/26/2024,2024-07-26,15:30:00
06/07/2024 03:40:00 PM,5.0,2,1,5,4,1,3,1,0,1,3,UNABLE TO DETERMINE,2,1,0.0,0.0,0.0,0.0,0.0,2.0,15,6,6,06/07/2024,2024-06-07,15:40:00
04/06/2024 08:35:00 PM,5.0,2,5,9,5,1,3,3,0,1,3,UNABLE TO DETERMINE,2,1,0.0,0.0,0.0,0.0,0.0,9.0,20,7,4,04/06/2024,2024-04-06,20:35:00
01/11/2024 11:55:00 AM,3.0,2,1,8,6,1,3,3,1,1,3,UNABLE TO DETERMINE,2,1,0.0,0.0,0.0,0.0,0.0,2.0,11,5,1,01/11/2024,2024-01-11,11:55:00
08/07/2024 06:21:00 PM,5.0,2,1,3,4,1,3,3,0,1,3,IMPROPER OVERTAKING/PASSING,2,1,0.0,0.0,0.0,0.0,0.0,3.0,18,4,8,08/07/2024,2024-08-07,18:21:00
01/18/2024 08:19:00 AM,5.0,5,1,5,6,1,4,3,0,1,2,FAILING TO YIELD RIGHT-OF-WAY,2,1,0.0,0.0,0.0,0.0,0.0,3.0,8,5,1,01/18/2024,2024-01-18,08:19:00
04/15/2024 09:00:00 AM,5.0,2,1,3,1,1,1,1,0,1,1,UNABLE TO DETERMINE,2,1,0.0,0.0,0.0,0.0,0.0,2.0,9,2,4,04/15/2024,2024-04-15,09:00:00
01/31/2024 03:37:00 PM,5.0,2,1,5,5,1,3,1,0,1,1,UNABLE TO DETERMINE,2,1,0.0,0.0,0.0,0.0,0.0,3.0,15,4,1,01/31/2024,2024-01-31,15:37:00
07/25/2024 12:27:00 PM,7.0,2,1,5,5,1,3,3,0,1,3,FAILING TO YIELD RIGHT-OF-WAY,2,1,0.0,0.0,0.0,0.0,0.0,2.0,12,5,7,07/25/2024,2024-07-25,12:27:00
04/12/2024 02:10:00 PM,5.0,2,1,6,6,1,1,1,0,1,2,UNABLE TO DETERMINE,2,1,0.0,0.0,0.0,0.0,0.0,2.0,14,6,4,04/12/2024,2024-04-12,14:10:00
01/02/2024 09:45:00 PM,5.0,2,4,4,7,1,1,1,0,1,3,FOLLOWING TOO CLOSELY,2,1,0.0,0.0,0.0,0.0,0.0,2.0,21,3,1,01/02/2024,2024-01-02,21:45:00
05/20/2024 12:13:00 PM,5.0,3,1,3,3,1,3,1,1,1,3,IMPROPER LANE USAGE,2,1,0.0,0.0,0.0,0.0,0.0,2.0,12,2,5,05/20/2024,2024-05-20,12:13:00
08/05/2024 03:13:00 PM,5.0,2,1,14,5,1,3,3,1,1,2,IMPROPER LANE USAGE,2,3,1.0,0.0,0.0,1.0,0.0,1.0,15,2,8,08/05/2024,2024-08-05,15:13:00
01/03/2024 09:15:00 AM,5.0,2,1,3,5,1,3,3,0,1,3,DRIVING SKILLS/KNOWLEDGE/EXPERIENCE,2,1,0.0,0.0,0.0,0.0,0.0,3.0,9,4,1,01/03/2024,2024-01-03,09:15:00
07/05/2024 11:55:00 AM,3.0,2,1,5,5,1,1,1,1,1,3,FAILING TO YIELD RIGHT-OF-WAY,2,3,2.0,0.0,0.0,2.0,0.0,1.0,11,6,7,07/05/2024,2024-07-05,11:55:00
05/15/2024 12:30:00 PM,3.0,2,1,13,5,1,1,1,1,1,3,UNABLE TO DETERMINE,2,3,1.0,0.0,0.0,1.0,0.0,1.0,12,4,5,05/15/2024,2024-05-15,12:30:00
01/12/2024 08:15:00 AM,5.0,5,1,5,4,1,5,3,1,1,3,UNABLE TO DETERMINE,2,1,0.0,0.0,0.0,0.0,0.0,3.0,8,6,1,01/12/2024,2024-01-12,08:15:00
07/17/2024 08:37:00 PM,5.0,2,4,4,6,1,3,3,0,1,3,DISREGARDING TRAFFIC SIGNALS,2,1,0.0,0.0,0.0,0.0,0.0,3.0,20,4,7,07/17/2024,2024-07-17,20:37:00
06/13/2024 09:55:00 AM,5.0,2,1,6,6,1,3,3,0,1,3,IMPROPER LANE USAGE,2,1,0.0,0.0,0.0,0.0,0.0,2.0,9,5,6,06/13/2024,2024-06-13,09:55:00
03/02/2024 03:30:00 PM,5.0,2,1,6,1,1,1,1,1,1,3,UNABLE TO DETERMINE,2,3,1.0,0.0,0.0,1.0,0.0,1.0,15,7,3,03/02/2024,2024-03-02,15:30:00
07/09/2024 02:03:00 PM,7.0,3,1,6,6,1,3,3,1,1,3,FAILING TO YIELD RIGHT-OF-WAY,2,1,0.0,0.0,0.0,0.0,0.0,2.0,14,3,7,07/09/2024,2024-07-09,14:03:00
03/05/2024 08:17:00 AM,5.0,4,1,3,4,1,4,3,0,1,3,UNABLE TO DETERMINE,2,1,0.0,0.0,0.0,0.0,0.0,2.0,8,3,3,03/05/2024,2024-03-05,08:17:00
08/10/2024 12:05:00 PM,7.0,2,1,14,5,1,3,3,1,1,1,DISREGARDING STOP SIGN,2,3,1.0,0.0,0.0,1.0,0.0,1.0,12,7,8,08/10/2024,2024-08-10,12:05:00
01/20/2024 02:20:00 PM,3.0,2,1,5,6,1,3,3,0,0,3,FAILING TO REDUCE SPEED TO AVOID CRASH,2,1,0.0,0.0,0.0,0.0,0.0,2.0,14,7,1,01/20/2024,2024-01-20,14:20:00
05/01/2024 02:15:00 PM,3.0,2,1,4,6,1,3,3,0,1,1,UNABLE TO DETERMINE,2,1,0.0,0.0,0.0,0.0,0.0,2.0,14,4,5,05/01/2024,2024-05-01,14:15:00
01/07/2024 10:20:00 AM,5.0,2,1,4,5,1,1,1,0,1,3,UNABLE TO DETERMINE,2,1,0.0,0.0,0.0,0.0,0.0,2.0,10,1,1,01/07/2024,2024-01-07,10:20:00
05/18/2024 09:25:00 PM,3.0,2,4,7,7,1,1,1,0,1,3,FAILING TO YIELD RIGHT-OF-WAY,2,1,0.0,0.0,0.0,0.0,0.0,3.0,21,7,5,05/18/2024,2024-05-18,21:25:00
04/21/2024 06:30:00 PM,5.0,2,1,14,14,1,1,1,1,1,1,IMPROPER OVERTAKING/PASSING,2,2,1.0,0.0,0.0,0.0,1.0,1.0,18,1,4,04/21/2024,2024-04-21,18:30:00
02/29/2024 07:45:00 PM,7.0,2,4,13,6,1,3,3,1,1,2,FAILING TO YIELD RIGHT-OF-WAY,2,3,1.0,0.0,0.0,1.0,0.0,1.0,19,5,2,02/29/2024,2024-02-29,19:45:00
03/11/2024 08:10:00 AM,5.0,2,1,4,5,1,3,3,0,1,2,FAILING TO YIELD RIGHT-OF-WAY,2,1,0.0,0.0,0.0,0.0,0.0,2.0,8,2,3,03/11/2024,2024-03-11,08:10:00
02/08/2024 08:27:00 AM,7.0,2,1,6,7,1,3,3,1,1,3,FAILING TO YIELD RIGHT-OF-WAY,2,3,1.0,0.0,0.0,1.0,0.0,1.0,8,5,2,02/08/2024,2024-02-08,08:27:00
01/11/2024 05:33:00 PM,7.0,2,1,3,5,1,1,1,0,1,3,IMPROPER BACKING,2,1,0.0,0.0,0.0,0.0,0.0,2.0,17,5,1,01/11/2024,2024-01-11,17:33:00
04/09/2024 05:00:00 PM,5.0,2,1,6,6,1,3,3,0,1,3,FAILING TO REDUCE SPEED TO AVOID CRASH,2,1,0.0,0.0,0.0,0.0,0.0,3.0,17,3,4,04/09/2024,2024-04-09,17:00:00
04/22/2024 07:45:00 AM,3.0,2,1,6,16,1,3,3,0,1,3,FAILING TO YIELD RIGHT-OF-WAY,2,1,0.0,0.0,0.0,0.0,0.0,2.0,7,2,4,04/22/2024,2024-04-22,07:45:00
02/20/2024 04:35:00 PM,5.0,2,1,6,5,1,3,3,1,1,3,FAILING TO YIELD RIGHT-OF-WAY,2,3,2.0,0.0,0.0,2.0,0.0,0.0,16,3,2,02/20/2024,2024-02-20,16:35:00
07/17/2024 12:45:00 PM,7.0,2,1,5,4,1,3,3,1,1,3,FAILING TO YIELD RIGHT-OF-WAY,2,1,0.0,0.0,0.0,0.0,0.0,2.0,12,4,7,07/17/2024,2024-07-17,12:45:00
04/05/2024 08:58:00 AM,7.0,2,1,6,6,1,3,3,0,1,3,UNABLE TO DETERMINE,2,1,0.0,0.0,0.0,0.0,0.0,3.0,8,6,4,04/05/2024,2024-04-05,08:58:00
03/31/2024 06:24:00 PM,5.0,4,3,6,5,1,4,3,0,1,2,UNABLE TO DETERMINE,2,1,0.0,0.0,0.0,0.0,0.0,2.0,18,1,3,03/31/2024,2024-03-31,18:24:00
06/14/2024 02:30:00 PM,5.0,2,1,6,4,1,3,3,0,0,2,UNABLE TO DETERMINE,2,1,0.0,0.0,0.0,0.0,0.0,2.0,14,6,6,06/14/2024,2024-06-14,14:30:00
01/29/2024 03:15:00 PM,1.0,2,1,6,6,1,1,1,1,1,3,UNABLE TO DETERMINE,2,1,0.0,0.0,0.0,0.0,0.0,2.0,15,2,1,01/29/2024,2024-01-29,15:15:00
05/25/2024 05:37:00 AM,5.0,2,2,4,5,1,3,3,1,1,3,PHYSICAL CONDITION OF DRIVER,2,1,0.0,0.0,0.0,0.0,0.0,2.0,5,7,5,05/25/2024,2024-05-25,05:37:00
02/20/2024 09:35:00 AM,3.0,2,1,5,2,1,3,3,0,0,3,UNABLE TO DETERMINE,2,1,0.0,0.0,0.0,0.0,0.0,2.0,9,3,2,02/20/2024,2024-02-20,09:35:00
01/11/2024 01:30:00 PM,7.0,2,1,5,6,1,3,1,0,1,2,NOT APPLICABLE,2,1,0.0,0.0,0.0,0.0,0.0,2.0,13,5,1,01/11/2024,2024-01-11,13:30:00
04/21/2024 03:48:00 PM,5.0,2,1,5,5,1,3,1,1,1,3,DISREGARDING TRAFFIC SIGNALS,2,4,1.0,0.0,1.0,0.0,0.0,2.0,15,1,4,04/21/2024,2024-04-21,15:48:00
06/16/2024 03:41:00 AM,5.0,2,4,4,7,1,3,3,1,1,3,UNABLE TO DETERMINE,2,1,0.0,0.0,0.0,0.0,0.0,3.0,3,1,6,06/16/2024,2024-06-16,03:41:00
07/29/2024 07:40:00 PM,5.0,2,4,6,5,1,3,3,0,1,2,UNABLE TO DETERMINE,2,1,0.0,0.0,0.0,0.0,0.0,4.0,19,2,7,07/29/2024,2024-07-29,19:40:00
07/29/2024 10:10:00 PM,3.0,2,4,6,6,1,1,3,0,1,3,IMPROPER TURNING/NO SIGNAL,2,1,0.0,0.0,0.0,0.0,0.0,2.0,22,2,7,07/29/2024,2024-07-29,22:10:00
04/29/2024 03:27:00 PM,7.0,2,1,4,5,1,3,3,0,1,3,"OPERATING VEHICLE IN ERRATIC, RECKLESS, CARELESS, NEGLIGENT OR AGGRESSIVE MANNER",2,1,0.0,0.0,0.0,0.0,0.0,5.0,15,2,4,04/29/2024,2024-04-29,15:27:00
07/06/2024 06:00:00 PM,1.0,2,1,3,1,1,3,3,0,1,3,IMPROPER OVERTAKING/PASSING,2,1,0.0,0.0,0.0,0.0,0.0,3.0,18,7,7,07/06/2024,2024-07-06,18:00:00
04/08/2024 03:30:00 PM,7.0,2,1,5,5,1,3,3,0,1,2,UNABLE TO DETERMINE,2,1,0.0,0.0,0.0,0.0,0.0,2.0,15,2,4,04/08/2024,2024-04-08,15:30:00
05/13/2024 05:45:00 PM,5.0,4,3,4,6,1,4,1,0,0,3,DISTRACTION - FROM INSIDE VEHICLE,2,1,0.0,0.0,0.0,0.0,0.0,4.0,17,2,5,05/13/2024,2024-05-13,17:45:00
04/30/2024 03:40:00 PM,3.0,2,1,3,4,1,3,3,1,1,3,UNABLE TO DETERMINE,2,1,0.0,0.0,0.0,0.0,0.0,2.0,15,3,4,04/30/2024,2024-04-30,15:40:00
08/05/2024 07:56:00 AM,5.0,4,1,6,5,1,4,3,1,1,3,WEATHER,2,3,1.0,0.0,0.0,1.0,0.0,2.0,7,2,8,08/05/2024,2024-08-05,07:56:00
01/16/2024 02:50:00 PM,5.0,2,1,13,5,1,3,3,1,1,1,FAILING TO YIELD RIGHT-OF-WAY,2,4,1.0,0.0,1.0,0.0,0.0,1.0,14,3,1,01/16/2024,2024-01-16,14:50:00
04/27/2024 12:35:00 AM,3.0,4,4,6,6,1,4,3,1,1,3,FAILING TO YIELD RIGHT-OF-WAY,2,1,0.0,0.0,0.0,0.0,0.0,4.0,0,7,4,04/27/2024,2024-04-27,00:35:00
04/27/2024 05:39:00 PM,5.0,2,1,6,5,2,3,3,1,1,3,DISREGARDING OTHER TRAFFIC SIGNS,2,1,0.0,0.0,0.0,0.0,0.0,2.0,17,7,4,04/27/2024,2024-04-27,17:39:00
07/10/2024 04:30:00 PM,5.0,2,1,4,4,1,3,3,0,1,3,FOLLOWING TOO CLOSELY,2,1,0.0,0.0,0.0,0.0,0.0,5.0,16,4,7,07/10/2024,2024-07-10,16:30:00
08/13/2024 04:43:00 PM,5.0,2,1,6,7,1,3,3,0,1,3,IMPROPER TURNING/NO SIGNAL,2,1,0.0,0.0,0.0,0.0,0.0,2.0,16,3,8,08/13/2024,2024-08-13,16:43:00
04/03/2024 06:14:00 PM,5.0,4,3,6,5,1,4,3,1,1,3,IMPROPER OVERTAKING/PASSING,2,1,0.0,0.0,0.0,0.0,0.0,2.0,18,4,4,04/03/2024,2024-04-03,18:14:00
04/04/2024 02:00:00 PM,3.0,3,1,6,7,1,1,1,1,1,3,IMPROPER OVERTAKING/PASSING,2,2,1.0,0.0,0.0,0.0,1.0,2.0,14,5,4,04/04/2024,2024-04-04,14:00:00
06/21/2024 09:45:00 PM,5.0,2,4,5,5,1,1,1,0,1,3,DISREGARDING TRAFFIC SIGNALS,2,1,0.0,0.0,0.0,0.0,0.0,2.0,21,6,6,06/21/2024,2024-06-21,21:45:00
07/20/2024 11:10:00 PM,5.0,2,4,4,6,1,3,3,1,1,3,UNABLE TO DETERMINE,2,4,1.0,0.0,1.0,0.0,0.0,1.0,23,7,7,07/20/2024,2024-07-20,23:10:00
01/18/2024 08:10:00 AM,5.0,2,1,3,6,1,5,3,0,1,1,IMPROPER OVERTAKING/PASSING,2,1,0.0,0.0,0.0,0.0,0.0,2.0,8,5,1,01/18/2024,2024-01-18,08:10:00
07/24/2024 05:00:00 PM,7.0,2,1,3,5,1,3,1,0,1,3,UNABLE TO DETERMINE,2,1,0.0,0.0,0.0,0.0,0.0,2.0,17,4,7,07/24/2024,2024-07-24,17:00:00
07/29/2024 04:50:00 PM,7.0,2,1,9,10,1,3,3,1,1,3,FAILING TO YIELD RIGHT-OF-WAY,2,3,2.0,0.0,0.0,1.0,1.0,3.0,16,2,7,07/29/2024,2024-07-29,16:50:00
07/27/2024 06:37:00 PM,3.0,2,1,6,6,1,3,3,1,1,3,FAILING TO YIELD RIGHT-OF-WAY,2,4,1.0,0.0,1.0,0.0,0.0,1.0,18,7,7,07/27/2024,2024-07-27,18:37:00
06/16/2024 10:45:00 PM,5.0,2,5,4,6,1,3,3,0,1,3,FOLLOWING TOO CLOSELY,2,1,0.0,0.0,0.0,0.0,0.0,2.0,22,1,6,06/16/2024,2024-06-16,22:45:00
03/22/2024 01:00:00 PM,7.0,2,1,5,6,1,3,3,1,1,3,FAILING TO YIELD RIGHT-OF-WAY,2,3,1.0,0.0,0.0,1.0,0.0,2.0,13,6,3,03/22/2024,2024-03-22,13:00:00
01/22/2024 11:04:00 PM,7.0,7,5,11,10,4,5,3,0,1,3,FAILING TO REDUCE SPEED TO AVOID CRASH,2,1,0.0,0.0,0.0,0.0,0.0,1.0,23,2,1,01/22/2024,2024-01-22,23:04:00
03/29/2024 02:00:00 PM,5.0,2,1,6,6,1,1,1,1,1,3,FAILING TO YIELD RIGHT-OF-WAY,2,1,0.0,0.0,0.0,0.0,0.0,2.0,14,6,3,03/29/2024,2024-03-29,14:00:00
02/02/2024 03:00:00 PM,7.0,2,1,3,6,1,3,1,0,1,3,NOT APPLICABLE,2,1,0.0,0.0,0.0,0.0,0.0,5.0,15,6,2,02/02/2024,2024-02-02,15:00:00
07/17/2024 09:05:00 AM,5.0,2,1,3,5,1,3,3,0,1,3,UNABLE TO DETERMINE,2,1,0.0,0.0,0.0,0.0,0.0,2.0,9,4,7,07/17/2024,2024-07-17,09:05:00
07/27/2024 12:25:00 AM,7.0,2,4,6,1,1,3,3,1,1,3,FAILING TO REDUCE SPEED TO AVOID CRASH,2,1,0.0,0.0,0.0,0.0,0.0,6.0,0,7,7,07/27/2024,2024-07-27,00:25:00
02/11/2024 07:45:00 PM,5.0,2,4,4,4,1,3,3,0,1,2,DRIVING SKILLS/KNOWLEDGE/EXPERIENCE,2,1,0.0,0.0,0.0,0.0,0.0,2.0,19,1,2,02/11/2024,2024-02-11,19:45:00
03/05/2024 01:28:00 AM,3.0,4,4,2,6,1,4,3,1,0,3,UNABLE TO DETERMINE,2,2,1.0,0.0,0.0,0.0,1.0,0.0,1,3,3,03/05/2024,2024-03-05,01:28:00
05/24/2024 05:43:00 PM,5.0,2,1,3,6,1,3,1,0,0,2,UNABLE TO DETERMINE,2,1,0.0,0.0,0.0,0.0,0.0,2.0,17,6,5,05/24/2024,2024-05-24,17:43:00
03/11/2024 04:30:00 PM,1.0,2,1,13,5,1,3,1,1,0,2,UNABLE TO DETERMINE,2,2,1.0,0.0,0.0,0.0,1.0,1.0,16,2,3,03/11/2024,2024-03-11,16:30:00
03/01/2024 02:40:00 PM,5.0,2,1,6,5,1,3,3,1,1,3,FAILING TO REDUCE SPEED TO AVOID CRASH,2,3,1.0,0.0,0.0,1.0,0.0,1.0,14,6,3,03/01/2024,2024-03-01,14:40:00
05/02/2024 11:00:00 PM,5.0,2,4,4,6,3,1,1,1,1,3,DISTRACTION - FROM INSIDE VEHICLE,2,3,1.0,0.0,0.0,1.0,0.0,2.0,23,5,5,05/02/2024,2024-05-02,23:00:00
01/03/2024 02:34:00 PM,3.0,2,1,13,4,1,3,1,1,1,1,UNABLE TO DETERMINE,2,3,1.0,0.0,0.0,1.0,0.0,1.0,14,4,1,01/03/2024,2024-01-03,14:34:00
02/10/2024 11:35:00 PM,3.0,2,4,5,6,1,3,3,1,1,3,UNABLE TO DETERMINE,2,1,0.0,0.0,0.0,0.0,0.0,2.0,23,7,2,02/10/2024,2024-02-10,23:35:00
06/10/2024 08:36:00 PM,5.0,2,4,4,4,1,3,3,0,1,2,FOLLOWING TOO CLOSELY,2,1,0.0,0.0,0.0,0.0,0.0,2.0,20,2,6,06/10/2024,2024-06-10,20:36:00
02/21/2024 05:09:00 PM,3.0,2,1,4,3,1,3,3,1,1,3,FOLLOWING TOO CLOSELY,2,1,0.0,0.0,0.0,0.0,0.0,2.0,17,4,2,02/21/2024,2024-02-21,17:09:00
01/19/2024 03:13:00 PM,5.0,5,1,5,6,1,5,3,0,1,3,FAILING TO YIELD RIGHT-OF-WAY,2,1,0.0,0.0,0.0,0.0,0.0,3.0,15,6,1,01/19/2024,2024-01-19,15:13:00
07/05/2024 02:03:00 PM,5.0,2,1,6,2,1,3,3,1,1,3,FAILING TO YIELD RIGHT-OF-WAY,2,1,0.0,0.0,0.0,0.0,0.0,2.0,14,6,7,07/05/2024,2024-07-05,14:03:00
03/31/2024 01:00:00 PM,3.0,2,1,5,7,1,1,1,0,1,3,FAILING TO YIELD RIGHT-OF-WAY,2,1,0.0,0.0,0.0,0.0,0.0,2.0,13,1,3,03/31/2024,2024-03-31,13:00:00
08/06/2024 09:40:00 AM,5.0,3,1,6,2,1,3,3,0,1,3,UNABLE TO DETERMINE,2,1,0.0,0.0,0.0,0.0,0.0,2.0,9,3,8,08/06/2024,2024-08-06,09:40:00
07/16/2024 06:45:00 PM,5.0,2,3,13,5,1,3,3,1,1,3,FAILING TO YIELD RIGHT-OF-WAY,2,4,1.0,0.0,1.0,0.0,0.0,1.0,18,3,7,07/16/2024,2024-07-16,18:45:00
07/09/2024 05:54:00 PM,5.0,4,1,14,5,1,4,3,0,1,3,DRIVING SKILLS/KNOWLEDGE/EXPERIENCE,2,1,0.0,0.0,0.0,0.0,0.0,3.0,17,3,7,07/09/2024,2024-07-09,17:54:00
03/29/2024 10:20:00 PM,5.0,2,4,10,5,1,3,3,0,1,3,FAILING TO YIELD RIGHT-OF-WAY,2,1,0.0,0.0,0.0,0.0,0.0,2.0,22,6,3,03/29/2024,2024-03-29,22:20:00
03/27/2024 01:45:00 PM,7.0,2,1,5,6,1,3,3,1,1,3,UNABLE TO DETERMINE,2,3,2.0,0.0,0.0,2.0,0.0,1.0,13,4,3,03/27/2024,2024-03-27,13:45:00
06/13/2024 11:38:00 AM,5.0,2,1,13,10,1,3,1,1,1,3,FAILING TO YIELD RIGHT-OF-WAY,2,3,1.0,0.0,0.0,1.0,0.0,1.0,11,5,6,06/13/2024,2024-06-13,11:38:00
04/04/2024 05:45:00 PM,1.0,2,1,6,3,1,1,1,0,1,3,DRIVING SKILLS/KNOWLEDGE/EXPERIENCE,2,1,0.0,0.0,0.0,0.0,0.0,2.0,17,5,4,04/04/2024,2024-04-04,17:45:00
03/29/2024 05:57:00 PM,7.0,2,1,5,1,1,1,1,1,1,3,FAILING TO YIELD RIGHT-OF-WAY,2,1,0.0,0.0,0.0,0.0,0.0,2.0,17,6,3,03/29/2024,2024-03-29,17:57:00
01/28/2024 06:47:00 PM,5.0,2,4,11,5,1,3,3,1,1,3,UNABLE TO DETERMINE,2,3,1.0,0.0,0.0,1.0,0.0,0.0,18,1,1,01/28/2024,2024-01-28,18:47:00
06/26/2024 01:50:00 PM,7.0,2,1,14,6,1,3,3,1,1,1,UNABLE TO DETERMINE,2,3,1.0,0.0,0.0,1.0,0.0,1.0,13,4,6,06/26/2024,2024-06-26,13:50:00
03/22/2024 05:15:00 PM,3.0,7,1,5,7,1,5,3,0,1,2,WEATHER,2,1,0.0,0.0,0.0,0.0,0.0,3.0,17,6,3,03/22/2024,2024-03-22,17:15:00
01/11/2024 02:45:00 PM,7.0,2,1,11,7,1,3,3,0,1,3,IMPROPER BACKING,2,1,0.0,0.0,0.0,0.0,0.0,1.0,14,5,1,01/11/2024,2024-01-11,14:45:00
06/01/2024 10:22:00 AM,1.0,4,1,6,5,1,4,3,1,1,3,IMPROPER TURNING/NO SIGNAL,2,3,1.0,0.0,0.0,1.0,0.0,1.0,10,7,6,06/01/2024,2024-06-01,10:22:00
06/22/2024 06:30:00 PM,5.0,2,1,13,5,1,3,1,1,1,3,DISREGARDING TRAFFIC SIGNALS,2,3,1.0,0.0,0.0,1.0,0.0,1.0,18,7,6,06/22/2024,2024-06-22,18:30:00
02/26/2024 11:00:00 AM,5.0,2,1,4,5,1,1,1,0,1,3,FOLLOWING TOO CLOSELY,2,1,0.0,0.0,0.0,0.0,0.0,2.0,11,2,2,02/26/2024,2024-02-26,11:00:00
07/13/2024 11:40:00 AM,5.0,2,1,4,5,1,3,2,0,1,3,UNABLE TO DETERMINE,2,1,0.0,0.0,0.0,0.0,0.0,2.0,11,7,7,07/13/2024,2024-07-13,11:40:00
02/11/2024 07:28:00 PM,3.0,2,2,6,5,1,3,3,1,1,3,IMPROPER TURNING/NO SIGNAL,2,2,2.0,0.0,0.0,0.0,2.0,0.0,19,1,2,02/11/2024,2024-02-11,19:28:00
04/19/2024 09:17:00 PM,5.0,2,4,11,6,1,3,3,1,1,3,UNABLE TO DETERMINE,2,1,0.0,0.0,0.0,0.0,0.0,1.0,21,6,4,04/19/2024,2024-04-19,21:17:00
05/16/2024 04:38:00 PM,5.0,2,1,13,3,1,3,3,0,1,1,FAILING TO YIELD RIGHT-OF-WAY,2,1,0.0,0.0,0.0,0.0,0.0,2.0,16,5,5,05/16/2024,2024-05-16,16:38:00
03/06/2024 01:20:00 AM,3.0,4,4,6,12,1,4,3,0,1,3,UNABLE TO DETERMINE,2,1,0.0,0.0,0.0,0.0,0.0,3.0,1,4,3,03/06/2024,2024-03-06,01:20:00
08/06/2024 07:20:00 AM,5.0,3,1,5,5,1,3,3,1,1,3,DISREGARDING TRAFFIC SIGNALS,2,1,0.0,0.0,0.0,0.0,0.0,4.0,7,3,8,08/06/2024,2024-08-06,07:20:00
03/15/2024 08:00:00 PM,7.0,2,1,9,5,1,1,1,1,1,3,UNABLE TO DETERMINE,2,1,0.0,0.0,0.0,0.0,0.0,5.0,20,6,3,03/15/2024,2024-03-15,20:00:00
04/11/2024 02:50:00 PM,3.0,2,1,6,16,1,3,3,0,1,3,UNABLE TO DETERMINE,2,1,0.0,0.0,0.0,0.0,0.0,2.0,14,5,4,04/11/2024,2024-04-11,14:50:00
05/15/2024 07:30:00 AM,5.0,2,1,4,4,1,3,3,0,1,3,DISTRACTION - FROM INSIDE VEHICLE,2,1,0.0,0.0,0.0,0.0,0.0,2.0,7,4,5,05/15/2024,2024-05-15,07:30:00
05/08/2024 02:00:00 PM,7.0,2,1,5,6,1,3,3,0,1,3,FAILING TO REDUCE SPEED TO AVOID CRASH,2,1,0.0,0.0,0.0,0.0,0.0,4.0,14,4,5,05/08/2024,2024-05-08,14:00:00
04/14/2024 05:50:00 PM,7.0,2,1,6,4,1,3,3,0,1,3,UNABLE TO DETERMINE,2,1,0.0,0.0,0.0,0.0,0.0,2.0,17,1,4,04/14/2024,2024-04-14,17:50:00
05/10/2024 01:05:00 PM,5.0,2,1,3,10,1,3,1,0,1,2,IMPROPER LANE USAGE,2,1,0.0,0.0,0.0,0.0,0.0,2.0,13,6,5,05/10/2024,2024-05-10,13:05:00
05/03/2024 09:43:00 PM,5.0,2,4,3,4,1,3,3,1,1,3,UNABLE TO DETERMINE,2,1,0.0,0.0,0.0,0.0,0.0,4.0,21,6,5,05/03/2024,2024-05-03,21:43:00
04/06/2024 02:10:00 PM,5.0,2,1,5,2,1,3,3,1,1,3,FAILING TO YIELD RIGHT-OF-WAY,2,1,0.0,0.0,0.0,0.0,0.0,4.0,14,7,4,04/06/2024,2024-04-06,14:10:00
01/30/2024 08:20:00 PM,3.0,2,5,5,6,1,3,3,0,1,3,UNABLE TO DETERMINE,2,1,0.0,0.0,0.0,0.0,0.0,2.0,20,3,1,01/30/2024,2024-01-30,20:20:00
03/23/2024 10:50:00 PM,7.0,2,3,6,6,1,3,3,1,1,3,DISREGARDING STOP SIGN,2,1,0.0,0.0,0.0,0.0,0.0,2.0,22,7,3,03/23/2024,2024-03-23,22:50:00
06/16/2024 05:50:00 PM,3.0,2,1,13,6,1,3,3,1,1,1,FAILING TO YIELD RIGHT-OF-WAY,2,3,1.0,0.0,0.0,1.0,0.0,1.0,17,1,6,06/16/2024,2024-06-16,17:50:00
04/02/2024 03:39:00 PM,7.0,3,1,5,5,1,4,3,0,1,3,DISREGARDING STOP SIGN,2,1,0.0,0.0,0.0,0.0,0.0,4.0,15,3,4,04/02/2024,2024-04-02,15:39:00
07/04/2024 10:32:00 PM,7.0,2,4,4,5,1,3,3,0,1,2,FOLLOWING TOO CLOSELY,2,1,0.0,0.0,0.0,0.0,0.0,2.0,22,5,7,07/04/2024,2024-07-04,22:32:00
03/09/2024 12:00:00 PM,5.0,2,4,6,3,1,3,3,0,0,3,UNABLE TO DETERMINE,2,1,0.0,0.0,0.0,0.0,0.0,2.0,12,7,3,03/09/2024,2024-03-09,12:00:00