crash_date,traffic_control_device,weather_condition,lighting_condition,first_crash_type,trafficway_type,alignment,roadway_surface_cond,road_defect,crash_type,intersection_related_i,damage,prim_contributory_cause,num_units,most_severe_injury,injuries_total,injuries_fatal,injuries_incapacitating,injuries_non_incapacitating,injuries_reported_not_evident,injuries_no_indication,crash_hour,crash_day_of_week,crash_month,parsed_datetime,date,time
05/16/2024 03:25:00 PM,7.0,4,1,5,6,1,4,3,1,1,3,NOT APPLICABLE,2,2,1.0,0.0,0.0,0.0,1.0,2.0,15,5,5,05/16/2024,2024-05-16,15:25:00
04/25/2024 04:24:00 PM,7.0,2,1,5,5,1,3,3,1,1,3,UNABLE TO DETERMINE,2,1,0.0,0.0,0.0,0.0,0.0,2.0,16,5,4,04/25/2024,2024-04-25,16:24:00
04/17/2024 07:50:00 AM,5.0,2,1,6,5,1,1,1,0,1,3,UNABLE TO DETERMINE,2,1,0.0,0.0,0.0,0.0,0.0,4.0,7,4,4,04/17/2024,2024-04-17,07:50:00
02/18/2024 01:51:00 PM,5.0,2,1,13,5,1,3,1,1,1,3,FAILING TO YIELD RIGHT-OF-WAY,2,4,1.0,0.0,1.0,0.0,0.0,1.0,13,1,2,02/18/2024,2024-02-18,13:51:00
03/21/2024 11:31:00 PM,5.0,2,4,4,5,1,3,3,0,1,3,FAILING TO REDUCE SPEED TO AVOID CRASH,2,1,0.0,0.0,0.0,0.0,0.0,3.0,23,5,3,03/21/2024,2024-03-21,23:31:00
04/25/2024 05:19:00 PM,7.0,2,2,5,5,1,3,3,0,1,3,"VISION OBSCURED (SIGNS, TREE LIMBS, BUILDINGS, ETC.)",2,1,0.0,0.0,0.0,0.0,0.0,3.0,17,5,4,04/25/2024,2024-04-25,17:19:00
07/18/2024 03:25:00 PM,1.0,2,1,3,12,1,3,3,0,1,2,IMPROPER OVERTAKING/PASSING,2,1,0.0,0.0,0.0,0.0,0.0,3.0,15,5,7,07/18/2024,2024-07-18,15:25:00
08/07/2024 09:20:00 AM,3.0,2,1,6,6,1,3,1,1,1,3,UNABLE TO DETERMINE,2,1,0.0,0.0,0.0,0.0,0.0,2.0,9,4,8,08/07/2024,2024-08-07,09:20:00
06/22/2024 03:31:00 PM,5.0,2,1,5,7,1,1,1,0,1,3,UNABLE TO DETERMINE,2,1,0.0,0.0,0.0,0.0,0.0,2.0,15,7,6,06/22/2024,2024-06-22,15:31:00
07/12/2024 01:41:00 PM,5.0,2,1,6,4,1,3,3,1,1,3,UNABLE TO DETERMINE,2,3,2.0,0.0,0.0,1.0,1.0,1.0,13,6,7,07/12/2024,2024-07-12,13:41:00
04/21/2024 04:50:00 AM,5.0,2,4,6,14,4,3,3,1,1,3,IMPROPER TURNING/NO SIGNAL,2,1,0.0,0.0,0.0,0.0,0.0,5.0,4,1,4,04/21/2024,2024-04-21,04:50:00
01/21/2024 09:25:00 AM,5.0,5,1,5,5,1,4,3,1,1,3,UNABLE TO DETERMINE,2,3,1.0,0.0,0.0,1.0,0.0,1.0,9,1,1,01/21/2024,2024-01-21,09:25:00
05/17/2024 08:55:00 AM,3.0,2,1,3,6,1,3,3,0,1,3,IMPROPER OVERTAKING/PASSING,2,1,0.0,0.0,0.0,0.0,0.0,2.0,8,6,5,05/17/2024,2024-05-17,08:55:00
07/05/2024 05:53:00 PM,5.0,2,1,6,5,1,3,3,0,1,3,IMPROPER OVERTAKING/PASSING,2,1,0.0,0.0,0.0,0.0,0.0,2.0,17,6,7,07/05/2024,2024-07-05,17:53:00
03/21/2024 11:40:00 AM,1.0,2,1,4,1,1,1,1,0,1,3,UNABLE TO DETERMINE,2,1,0.0,0.0,0.0,0.0,0.0,3.0,11,5,3,03/21/2024,2024-03-21,11:40:00
08/24/2024 10:00:00 AM,5.0,2,1,6,6,1,3,3,0,1,3,IMPROPER TURNING/NO SIGNAL,2,1,0.0,0.0,0.0,0.0,0.0,3.0,10,7,8,08/24/2024,2024-08-24,10:00:00
05/19/2024 07:01:00 PM,5.0,2,1,14,6,1,3,1,1,1,3,FAILING TO YIELD RIGHT-OF-WAY,2,3,1.0,0.0,0.0,1.0,0.0,1.0,19,1,5,05/19/2024,2024-05-19,19:01:00
05/18/2024 12:29:00 AM,5.0,2,4,6,5,1,3,3,1,1,3,FAILING TO REDUCE SPEED TO AVOID CRASH,2,3,1.0,0.0,0.0,1.0,0.0,1.0,0,7,5,05/18/2024,2024-05-18,00:29:00
02/12/2024 03:15:00 PM,7.0,2,1,6,6,1,3,3,0,1,2,FAILING TO YIELD RIGHT-OF-WAY,2,1,0.0,0.0,0.0,0.0,0.0,2.0,15,2,2,02/12/2024,2024-02-12,15:15:00
03/07/2024 04:17:00 PM,5.0,2,1,4,6,1,3,3,1,1,3,UNABLE TO DETERMINE,2,2,2.0,0.0,0.0,0.0,2.0,1.0,16,5,3,03/07/2024,2024-03-07,16:17:00
07/21/2024 02:33:00 PM,5.0,2,1,6,5,1,3,3,1,1,3,IMPROPER TURNING/NO SIGNAL,2,3,1.0,0.0,0.0,1.0,0.0,2.0,14,1,7,07/21/2024,2024-07-21,14:33:00
02/19/2024 01:40:00 PM,7.0,2,1,5,5,1,3,3,0,1,1,UNABLE TO DETERMINE,2,1,0.0,0.0,0.0,0.0,0.0,2.0,13,2,2,02/19/2024,2024-02-19,13:40:00
06/17/2024 07:40:00 PM,7.0,2,3,5,5,1,3,3,1,1,3,UNABLE TO DETERMINE,2,2,1.0,0.0,0.0,0.0,1.0,2.0,19,2,6,06/17/2024,2024-06-17,19:40:00
05/21/2024 09:00:00 PM,5.0,2,4,6,5,1,3,1,0,1,3,IMPROPER OVERTAKING/PASSING,2,1,0.0,0.0,0.0,0.0,0.0,2.0,21,3,5,05/21/2024,2024-05-21,21:00:00
01/12/2024 09:30:00 PM,5.0,7,4,14,5,1,5,3,0,1,1,IMPROPER TURNING/NO SIGNAL,2,1,0.0,0.0,0.0,0.0,0.0,2.0,21,6,1,01/12/2024,2024-01-12,21:30:00
08/11/2024 01:30:00 AM,5.0,2,4,5,6,1,3,1,1,1,3,DISREGARDING TRAFFIC SIGNALS,2,5,2.0,1.0,0.0,0.0,1.0,0.0,1,1,8,08/11/2024,2024-08-11,01:30:00
06/11/2024 01:30:00 PM,5.0,2,1,6,5,1,3,1,0,1,2,FAILING TO YIELD RIGHT-OF-WAY,2,1,0.0,0.0,0.0,0.0,0.0,2.0,13,3,6,06/11/2024,2024-06-11,13:30:00
06/16/2024 01:25:00 PM,5.0,2,1,14,6,1,3,3,1,1,3,IMPROPER TURNING/NO SIGNAL,2,2,1.0,0.0,0.0,0.0,1.0,1.0,13,1,6,06/16/2024,2024-06-16,13:25:00
06/06/2024 08:30:00 PM,9.0,3,1,5,5,1,3,3,0,1,3,FAILING TO YIELD RIGHT-OF-WAY,2,1,0.0,0.0,0.0,0.0,0.0,2.0,20,5,6,06/06/2024,2024-06-06,20:30:00
01/09/2024 06:00:00 PM,5.0,4,3,13,5,1,4,3,1,1,1,FAILING TO YIELD RIGHT-OF-WAY,2,3,1.0,0.0,0.0,1.0,0.0,1.0,18,3,1,01/09/2024,2024-01-09,18:00:00
02/08/2024 06:13:00 PM,5.0,2,4,6,5,1,3,3,0,0,3,IMPROPER LANE USAGE,2,1,0.0,0.0,0.0,0.0,0.0,6.0,18,5,2,02/08/2024,2024-02-08,18:13:00
02/09/2024 04:00:00 PM,7.0,2,1,6,4,1,3,3,1,1,3,FAILING TO YIELD RIGHT-OF-WAY,2,1,0.0,0.0,0.0,0.0,0.0,2.0,16,6,2,02/09/2024,2024-02-09,16:00:00
03/04/2024 03:44:00 PM,5.0,2,1,4,4,1,3,3,0,1,3,FOLLOWING TOO CLOSELY,2,1,0.0,0.0,0.0,0.0,0.0,2.0,15,2,3,03/04/2024,2024-03-04,15:44:00
06/20/2024 03:34:00 AM,5.0,2,4,13,10,1,3,3,1,0,3,UNABLE TO DETERMINE,2,2,1.0,0.0,0.0,0.0,1.0,1.0,3,5,6,06/20/2024,2024-06-20,03:34:00
06/02/2024 05:55:00 AM,5.0,2,1,5,5,1,3,3,1,1,3,DISREGARDING TRAFFIC SIGNALS,2,2,1.0,0.0,0.0,0.0,1.0,1.0,5,1,6,06/02/2024,2024-06-02,05:55:00
07/13/2024 08:48:00 AM,5.0,2,1,5,4,1,3,1,1,1,3,FAILING TO YIELD RIGHT-OF-WAY,2,1,0.0,0.0,0.0,0.0,0.0,2.0,8,7,7,07/13/2024,2024-07-13,08:48:00
01/08/2024 11:00:00 PM,1.0,5,4,3,6,1,5,3,1,1,3,FOLLOWING TOO CLOSELY,2,3,1.0,0.0,0.0,1.0,0.0,4.0,23,2,1,01/08/2024,2024-01-08,23:00:00
01/19/2024 09:00:00 PM,5.0,2,4,6,5,1,4,3,1,1,3,IMPROPER TURNING/NO SIGNAL,2,1,0.0,0.0,0.0,0.0,0.0,2.0,21,6,1,01/19/2024,2024-01-19,21:00:00
04/29/2024 10:15:00 PM,5.0,2,5,6,6,1,1,1,1,1,3,IMPROPER TURNING/NO SIGNAL,2,1,0.0,0.0,0.0,0.0,0.0,3.0,22,2,4,04/29/2024,2024-04-29,22:15:00
05/24/2024 08:35:00 AM,5.0,2,1,6,6,1,3,3,1,1,3,FAILING TO REDUCE SPEED TO AVOID CRASH,2,3,2.0,0.0,0.0,2.0,0.0,1.0,8,6,5,05/24/2024,2024-05-24,08:35:00
04/24/2024 06:17:00 PM,7.0,2,1,5,1,1,1,1,0,1,1,UNABLE TO DETERMINE,2,1,0.0,0.0,0.0,0.0,0.0,2.0,18,4,4,04/24/2024,2024-04-24,18:17:00
02/18/2024 09:30:00 AM,5.0,2,1,5,6,1,3,3,1,1,3,DISREGARDING TRAFFIC SIGNALS,2,2,1.0,0.0,0.0,0.0,1.0,1.0,9,1,2,02/18/2024,2024-02-18,09:30:00
08/09/2024 07:30:00 PM,5.0,2,1,6,6,1,3,3,0,1,3,IMPROPER TURNING/NO SIGNAL,2,1,0.0,0.0,0.0,0.0,0.0,7.0,19,6,8,08/09/2024,2024-08-09,19:30:00
07/27/2024 10:24:00 AM,5.0,2,1,5,5,1,1,1,1,1,3,FAILING TO YIELD RIGHT-OF-WAY,2,2,1.0,0.0,0.0,0.0,1.0,1.0,10,7,7,07/27/2024,2024-07-27,10:24:00
02/26/2024 12:05:00 PM,5.0,2,1,6,3,1,3,3,0,1,2,IMPROPER TURNING/NO SIGNAL,2,1,0.0,0.0,0.0,0.0,0.0,3.0,12,2,2,02/26/2024,2024-02-26,12:05:00
08/02/2024 05:40:00 PM,5.0,2,1,3,4,1,3,3,0,1,2,FAILING TO YIELD RIGHT-OF-WAY,2,1,0.0,0.0,0.0,0.0,0.0,2.0,17,6,8,08/02/2024,2024-08-02,17:40:00
02/24/2024 11:17:00 PM,3.0,2,4,6,5,1,3,1,0,1,3,IMPROPER TURNING/NO SIGNAL,2,1,0.0,0.0,0.0,0.0,0.0,2.0,23,7,2,02/24/2024,2024-02-24,23:17:00
06/20/2024 12:21:00 AM,1.0,2,4,5,5,1,3,3,0,1,1,IMPROPER TURNING/NO SIGNAL,2,1,0.0,0.0,0.0,0.0,0.0,3.0,0,5,6,06/20/2024,2024-06-20,00:21:00
05/23/2024 12:54:00 PM,5.0,2,1,6,5,1,3,3,1,1,3,FAILING TO YIELD RIGHT-OF-WAY,2,2,1.0,0.0,0.0,0.0,1.0,2.0,12,5,5,05/23/2024,2024-05-23,12:54:00
04/03/2024 12:40:00 PM,5.0,4,1,5,5,1,4,3,0,1,3,DISREGARDING OTHER TRAFFIC SIGNS,2,1,0.0,0.0,0.0,0.0,0.0,2.0,12,4,4,04/03/2024,2024-04-03,12:40:00
07/29/2024 09:07:00 PM,5.0,2,4,4,4,1,3,3,1,1,3,FAILING TO REDUCE SPEED TO AVOID CRASH,2,3,1.0,0.0,0.0,1.0,0.0,3.0,21,2,7,07/29/2024,2024-07-29,21:07:00
07/16/2024 10:12:00 AM,3.0,2,1,6,5,1,3,3,0,1,3,IMPROPER OVERTAKING/PASSING,2,1,0.0,0.0,0.0,0.0,0.0,2.0,10,3,7,07/16/2024,2024-07-16,10:12:00
07/19/2024 11:00:00 PM,7.0,2,5,5,6,1,3,3,0,1,3,DISREGARDING STOP SIGN,2,1,0.0,0.0,0.0,0.0,0.0,2.0,23,6,7,07/19/2024,2024-07-19,23:00:00
05/15/2024 11:30:00 AM,5.0,2,1,3,10,1,3,3,0,1,3,UNABLE TO DETERMINE,2,1,0.0,0.0,0.0,0.0,0.0,2.0,11,4,5,05/15/2024,2024-05-15,11:30:00
05/26/2024 06:03:00 AM,5.0,2,2,5,4,1,3,3,1,1,3,UNABLE TO DETERMINE,2,3,2.0,0.0,0.0,2.0,0.0,1.0,6,1,5,05/26/2024,2024-05-26,06:03:00
07/16/2024 10:20:00 AM,5.0,2,1,6,6,1,3,3,1,1,3,FAILING TO YIELD RIGHT-OF-WAY,2,1,0.0,0.0,0.0,0.0,0.0,2.0,10,3,7,07/16/2024,2024-07-16,10:20:00
03/09/2024 11:15:00 AM,7.0,2,1,5,4,1,3,3,0,1,3,FAILING TO YIELD RIGHT-OF-WAY,2,1,0.0,0.0,0.0,0.0,0.0,2.0,11,7,3,03/09/2024,2024-03-09,11:15:00
04/29/2024 08:10:00 PM,7.0,2,4,6,5,1,1,3,0,1,3,UNABLE TO DETERMINE,2,1,0.0,0.0,0.0,0.0,0.0,2.0,20,2,4,04/29/2024,2024-04-29,20:10:00
07/31/2024 06:23:00 PM,7.0,2,1,6,3,1,3,3,0,1,3,FOLLOWING TOO CLOSELY,2,1,0.0,0.0,0.0,0.0,0.0,2.0,18,4,7,07/31/2024,2024-07-31,18:23:00
07/21/2024 12:10:00 PM,5.0,2,1,6,4,1,3,3,0,1,3,IMPROPER OVERTAKING/PASSING,2,1,0.0,0.0,0.0,0.0,0.0,3.0,12,1,7,07/21/2024,2024-07-21,12:10:00
02/16/2024 11:46:00 AM,5.0,2,4,6,5,1,3,3,1,1,3,DISREGARDING TRAFFIC SIGNALS,2,1,0.0,0.0,0.0,0.0,0.0,2.0,11,6,2,02/16/2024,2024-02-16,11:46:00
01/09/2024 04:30:00 PM,7.0,5,3,4,9,1,5,3,0,1,3,FOLLOWING TOO CLOSELY,2,1,0.0,0.0,0.0,0.0,0.0,3.0,16,3,1,01/09/2024,2024-01-09,16:30:00
02/02/2024 02:55:00 PM,5.0,2,1,4,5,1,1,1,0,1,3,UNABLE TO DETERMINE,2,1,0.0,0.0,0.0,0.0,0.0,2.0,14,6,2,02/02/2024,2024-02-02,14:55:00
08/03/2024 12:10:00 AM,7.0,2,4,11,6,1,1,3,0,1,2,UNABLE TO DETERMINE,2,1,0.0,0.0,0.0,0.0,0.0,1.0,0,7,8,08/03/2024,2024-08-03,00:10:00
03/25/2024 01:30:00 PM,3.0,2,1,3,5,1,3,3,0,1,3,ROAD CONSTRUCTION/MAINTENANCE,2,1,0.0,0.0,0.0,0.0,0.0,2.0,13,2,3,03/25/2024,2024-03-25,13:30:00
05/11/2024 04:28:00 PM,7.0,2,1,5,5,1,3,3,1,1,3,DISREGARDING STOP SIGN,2,1,0.0,0.0,0.0,0.0,0.0,3.0,16,7,5,05/11/2024,2024-05-11,16:28:00
07/25/2024 03:40:00 PM,5.0,2,1,6,7,1,3,3,1,1,3,DISREGARDING TRAFFIC SIGNALS,2,3,1.0,0.0,0.0,1.0,0.0,2.0,15,5,7,07/25/2024,2024-07-25,15:40:00
05/05/2024 07:40:00 PM,5.0,2,2,6,5,1,3,3,0,1,3,FAILING TO YIELD RIGHT-OF-WAY,2,1,0.0,0.0,0.0,0.0,0.0,3.0,19,1,5,05/05/2024,2024-05-05,19:40:00
05/08/2024 12:39:00 PM,7.0,2,1,6,5,1,3,1,1,1,3,UNABLE TO DETERMINE,2,2,1.0,0.0,0.0,0.0,1.0,3.0,12,4,5,05/08/2024,2024-05-08,12:39:00
01/12/2024 02:00:00 PM,5.0,5,1,6,1,1,4,3,0,1,2,UNABLE TO DETERMINE,2,1,0.0,0.0,0.0,0.0,0.0,2.0,14,6,1,01/12/2024,2024-01-12,14:00:00
01/01/2024 05:10:00 AM,7.0,1,4,6,5,1,4,1,1,1,3,FAILING TO REDUCE SPEED TO AVOID CRASH,2,1,0.0,0.0,0.0,0.0,0.0,3.0,5,2,1,01/01/2024,2024-01-01,05:10:00
06/14/2024 10:00:00 PM,5.0,2,4,11,4,1,3,3,0,1,3,DRIVING SKILLS/KNOWLEDGE/EXPERIENCE,2,1,0.0,0.0,0.0,0.0,0.0,1.0,22,6,6,06/14/2024,2024-06-14,22:00:00
04/14/2024 09:24:00 PM,5.0,2,4,6,6,1,3,3,0,1,3,FAILING TO YIELD RIGHT-OF-WAY,2,1,0.0,0.0,0.0,0.0,0.0,3.0,21,1,4,04/14/2024,2024-04-14,21:24:00
07/11/2024 07:55:00 AM,5.0,2,1,6,5,1,1,1,0,1,2,FOLLOWING TOO CLOSELY,2,1,0.0,0.0,0.0,0.0,0.0,2.0,7,5,7,07/11/2024,2024-07-11,07:55:00
04/29/2024 07:25:00 AM,7.0,4,1,6,5,1,4,3,1,1,3,FAILING TO YIELD RIGHT-OF-WAY,2,3,1.0,0.0,0.0,1.0,0.0,2.0,7,2,4,04/29/2024,2024-04-29,07:25:00
07/08/2024 04:47:00 PM,5.0,2,1,5,6,1,3,3,1,1,3,DISREGARDING TRAFFIC SIGNALS,2,3,2.0,0.0,0.0,2.0,0.0,0.0,16,2,7,07/08/2024,2024-07-08,16:47:00
01/06/2024 06:20:00 PM,9.0,5,4,6,4,1,5,3,0,1,3,FAILING TO YIELD RIGHT-OF-WAY,2,1,0.0,0.0,0.0,0.0,0.0,2.0,18,7,1,01/06/2024,2024-01-06,18:20:00
01/24/2024 09:10:00 AM,5.0,4,1,11,7,1,4,3,0,1,3,FAILING TO YIELD RIGHT-OF-WAY,2,1,0.0,0.0,0.0,0.0,0.0,1.0,9,4,1,01/24/2024,2024-01-24,09:10:00
07/05/2024 03:30:00 PM,1.0,2,1,4,6,1,3,1,0,1,3,NOT APPLICABLE,2,1,0.0,0.0,0.0,0.0,0.0,2.0,15,6,7,07/05/2024,2024-07-05,15:30:00
05/30/2024 08:02:00 AM,7.0,2,1,6,4,1,3,3,0,1,3,UNABLE TO DETERMINE,2,1,0.0,0.0,0.0,0.0,0.0,3.0,8,5,5,05/30/2024,2024-05-30,08:02:00
07/10/2024 06:50:00 AM,5.0,4,3,4,10,1,4,3,0,1,3,DRIVING SKILLS/KNOWLEDGE/EXPERIENCE,2,1,0.0,0.0,0.0,0.0,0.0,4.0,6,4,7,07/10/2024,2024-07-10,06:50:00
02/26/2024 06:01:00 PM,3.0,2,5,13,3,1,3,3,1,1,1,UNABLE TO DETERMINE,2,3,1.0,0.0,0.0,1.0,0.0,1.0,18,2,2,02/26/2024,2024-02-26,18:01:00
04/11/2024 01:50:00 PM,3.0,3,1,11,7,1,3,3,0,1,1,IMPROPER BACKING,2,1,0.0,0.0,0.0,0.0,0.0,1.0,13,5,4,04/11/2024,2024-04-11,13:50:00
01/19/2024 02:00:00 PM,3.0,5,1,4,4,1,5,3,1,1,3,WEATHER,2,3,1.0,0.0,0.0,1.0,0.0,1.0,14,6,1,01/19/2024,2024-01-19,14:00:00
06/24/2024 05:00:00 PM,7.0,2,1,5,5,1,3,3,1,1,3,FAILING TO YIELD RIGHT-OF-WAY,2,1,0.0,0.0,0.0,0.0,0.0,4.0,17,2,6,06/24/2024,2024-06-24,17:00:00
04/09/2024 01:00:00 PM,5.0,2,1,5,14,1,3,1,1,1,3,UNABLE TO DETERMINE,2,3,2.0,0.0,0.0,1.0,1.0,0.0,13,3,4,04/09/2024,2024-04-09,13:00:00
01/29/2024 04:55:00 PM,5.0,2,1,13,5,1,3,3,1,1,1,UNABLE TO DETERMINE,2,4,1.0,0.0,1.0,0.0,0.0,1.0,16,2,1,01/29/2024,2024-01-29,16:55:00
02/26/2024 05:55:00 PM,5.0,2,1,4,5,1,3,3,0,1,3,FAILING TO REDUCE SPEED TO AVOID CRASH,2,1,0.0,0.0,0.0,0.0,0.0,3.0,17,2,2,02/26/2024,2024-02-26,17:55:00
04/13/2024 09:45:00 PM,7.0,2,5,5,10,1,3,3,0,1,3,UNABLE TO DETERMINE,2,1,0.0,0.0,0.0,0.0,0.0,2.0,21,7,4,04/13/2024,2024-04-13,21:45:00
08/13/2024 12:08:00 PM,5.0,2,1,14,5,1,3,3,1,1,3,FAILING TO YIELD RIGHT-OF-WAY,2,3,1.0,0.0,0.0,1.0,0.0,1.0,12,3,8,08/13/2024,2024-08-13,12:08:00
02/15/2024 09:00:00 AM,7.0,3,1,6,4,1,3,3,0,1,2,IMPROPER TURNING/NO SIGNAL,2,1,0.0,0.0,0.0,0.0,0.0,2.0,9,5,2,02/15/2024,2024-02-15,09:00:00
06/29/2024 04:45:00 PM,7.0,2,1,5,5,1,3,3,0,1,3,DISREGARDING OTHER TRAFFIC SIGNS,2,1,0.0,0.0,0.0,0.0,0.0,2.0,16,7,6,06/29/2024,2024-06-29,16:45:00
06/28/2024 07:42:00 PM,5.0,4,1,6,5,1,4,3,1,1,3,FAILING TO YIELD RIGHT-OF-WAY,2,3,1.0,0.0,0.0,1.0,0.0,4.0,19,6,6,06/28/2024,2024-06-28,19:42:00
05/16/2024 11:00:00 PM,5.0,2,4,6,5,1,1,1,1,1,3,UNABLE TO DETERMINE,2,1,0.0,0.0,0.0,0.0,0.0,2.0,23,5,5,05/16/2024,2024-05-16,23:00:00
03/12/2024 11:23:00 AM,5.0,2,1,6,7,1,3,2,1,1,3,IMPROPER TURNING/NO SIGNAL,2,2,2.0,0.0,0.0,0.0,2.0,0.0,11,3,3,03/12/2024,2024-03-12,11:23:00
04/05/2024 12:00:00 PM,5.0,2,1,3,6,1,3,3,0,0,3,UNABLE TO DETERMINE,2,1,0.0,0.0,0.0,0.0,0.0,2.0,12,6,4,04/05/2024,2024-04-05,12:00:00
02/22/2024 10:59:00 PM,5.0,2,4,6,5,1,3,3,1,1,3,DISREGARDING TRAFFIC SIGNALS,2,1,0.0,0.0,0.0,0.0,0.0,2.0,22,5,2,02/22/2024,2024-02-22,22:59:00
01/17/2024 07:50:00 PM,5.0,2,4,5,5,1,3,3,1,1,2,IMPROPER TURNING/NO SIGNAL,2,1,0.0,0.0,0.0,0.0,0.0,2.0,19,4,1,01/17/2024,2024-01-17,19:50:00
04/14/2024 02:25:00 AM,3.0,2,4,6,5,1,3,3,1,1,3,NOT APPLICABLE,2,1,0.0,0.0,0.0,0.0,0.0,2.0,2,1,4,04/14/2024,2024-04-14,02:25:00
05/15/2024 02:45:00 PM,7.0,2,1,5,5,1,3,3,0,1,3,FAILING TO YIELD RIGHT-OF-WAY,2,1,0.0,0.0,0.0,0.0,0.0,2.0,14,4,5,05/15/2024,2024-05-15,14:45:00
01/30/2024 03:39:00 PM,1.0,2,1,5,5,1,1,1,0,1,3,UNABLE TO DETERMINE,2,1,0.0,0.0,0.0,0.0,0.0,2.0,15,3,1,01/30/2024,2024-01-30,15:39:00
03/15/2024 03:30:00 PM,3.0,2,1,11,17,1,3,3,0,1,3,UNABLE TO DETERMINE,2,1,0.0,0.0,0.0,0.0,0.0,1.0,15,6,3,03/15/2024,2024-03-15,15:30:00
08/05/2024 04:00:00 PM,3.0,2,1,6,6,1,3,3,0,1,3,UNABLE TO DETERMINE,2,1,0.0,0.0,0.0,0.0,0.0,2.0,16,2,8,08/05/2024,2024-08-05,16:00:00
08/12/2024 06:14:00 AM,5.0,2,1,4,4,1,1,1,1,1,3,NOT APPLICABLE,2,1,0.0,0.0,0.0,0.0,0.0,2.0,6,2,8,08/12/2024,2024-08-12,06:14:00
05/23/2024 09:15:00 PM,5.0,2,3,3,6,1,3,3,0,1,2,IMPROPER LANE USAGE,2,1,0.0,0.0,0.0,0.0,0.0,2.0,21,5,5,05/23/2024,2024-05-23,21:15:00
03/15/2024 04:00:00 PM,5.0,2,1,6,6,1,3,3,1,1,3,FAILING TO REDUCE SPEED TO AVOID CRASH,2,1,0.0,0.0,0.0,0.0,0.0,2.0,16,6,3,03/15/2024,2024-03-15,16:00:00
01/28/2024 09:05:00 PM,5.0,2,4,3,5,1,3,3,0,1,3,IMPROPER OVERTAKING/PASSING,2,1,0.0,0.0,0.0,0.0,0.0,5.0,21,1,1,01/28/2024,2024-01-28,21:05:00
07/05/2024 05:28:00 AM,5.0,2,2,3,6,1,1,1,0,1,2,UNABLE TO DETERMINE,2,1,0.0,0.0,0.0,0.0,0.0,2.0,5,6,7,07/05/2024,2024-07-05,05:28:00
07/08/2024 03:51:00 AM,5.0,4,3,3,6,1,4,3,1,1,3,FAILING TO YIELD RIGHT-OF-WAY,2,1,0.0,0.0,0.0,0.0,0.0,2.0,3,2,7,07/08/2024,2024-07-08,03:51:00
03/06/2024 05:15:00 PM,5.0,2,1,6,5,1,1,1,0,1,3,FAILING TO YIELD RIGHT-OF-WAY,2,1,0.0,0.0,0.0,0.0,0.0,2.0,17,4,3,03/06/2024,2024-03-06,17:15:00
08/03/2024 12:30:00 PM,5.0,2,1,5,14,1,3,3,1,1,3,UNABLE TO DETERMINE,2,1,0.0,0.0,0.0,0.0,0.0,3.0,12,7,8,08/03/2024,2024-08-03,12:30:00
06/16/2024 01:45:00 PM,3.0,2,1,5,5,1,3,1,1,1,3,FAILING TO YIELD RIGHT-OF-WAY,2,1,0.0,0.0,0.0,0.0,0.0,2.0,13,1,6,06/16/2024,2024-06-16,13:45:00
07/28/2024 08:50:00 PM,5.0,2,4,5,6,1,3,3,0,1,3,FAILING TO YIELD RIGHT-OF-WAY,2,1,0.0,0.0,0.0,0.0,0.0,3.0,20,1,7,07/28/2024,2024-07-28,20:50:00
06/17/2024 03:11:00 PM,5.0,2,1,3,5,1,3,1,0,1,3,IMPROPER OVERTAKING/PASSING,2,1,0.0,0.0,0.0,0.0,0.0,2.0,15,2,6,06/17/2024,2024-06-17,15:11:00
03/21/2024 08:20:00 PM,7.0,2,4,5,6,1,3,3,0,1,3,FAILING TO YIELD RIGHT-OF-WAY,2,1,0.0,0.0,0.0,0.0,0.0,2.0,20,5,3,03/21/2024,2024-03-21,20:20:00
07/13/2024 02:00:00 AM,5.0,2,4,5,10,1,3,3,0,1,3,DISREGARDING OTHER TRAFFIC SIGNS,2,1,0.0,0.0,0.0,0.0,0.0,2.0,2,7,7,07/13/2024,2024-07-13,02:00:00
07/10/2024 11:18:00 AM,3.0,2,1,11,16,1,3,1,0,1,3,UNABLE TO DETERMINE,2,1,0.0,0.0,0.0,0.0,0.0,2.0,11,4,7,07/10/2024,2024-07-10,11:18:00
05/07/2024 09:00:00 AM,3.0,4,1,8,6,1,4,3,0,1,3,UNABLE TO DETERMINE,2,1,0.0,0.0,0.0,0.0,0.0,3.0,9,3,5,05/07/2024,2024-05-07,09:00:00
02/22/2024 07:08:00 PM,5.0,2,4,5,5,1,3,3,1,1,3,DISREGARDING TRAFFIC SIGNALS,2,1,0.0,0.0,0.0,0.0,0.0,2.0,19,5,2,02/22/2024,2024-02-22,19:08:00
01/17/2024 07:50:00 AM,3.0,3,1,6,6,1,2,3,0,1,3,UNABLE TO DETERMINE,2,1,0.0,0.0,0.0,0.0,0.0,2.0,7,4,1,01/17/2024,2024-01-17,07:50:00
05/05/2024 01:00:00 PM,5.0,2,1,4,4,1,3,3,0,1,3,FOLLOWING TOO CLOSELY,2,1,0.0,0.0,0.0,0.0,0.0,3.0,13,1,5,05/05/2024,2024-05-05,13:00:00
01/03/2024 11:10:00 PM,5.0,2,4,5,6,1,3,3,1,1,2,DISREGARDING TRAFFIC SIGNALS,2,3,2.0,0.0,0.0,2.0,0.0,0.0,23,4,1,01/03/2024,2024-01-03,23:10:00