crash_date,traffic_control_device,weather_condition,lighting_condition,first_crash_type,trafficway_type,alignment,roadway_surface_cond,road_defect,crash_type,intersection_related_i,damage,prim_contributory_cause,num_units,most_severe_injury,injuries_total,injuries_fatal,injuries_incapacitating,injuries_non_incapacitating,injuries_reported_not_evident,injuries_no_indication,crash_hour,crash_day_of_week,crash_month,parsed_datetime,date,time
08/06/2024 11:47:00 AM,7.0,2,1,6,3,1,3,3,0,1,3,FAILING TO YIELD RIGHT-OF-WAY,2,1,0.0,0.0,0.0,0.0,0.0,4.0,11,3,8,08/06/2024,2024-08-06,11:47:00
01/01/2024 04:00:00 PM,5.0,2,4,4,5,1,3,3,0,1,1,IMPROPER BACKING,2,1,0.0,0.0,0.0,0.0,0.0,3.0,16,2,1,01/01/2024,2024-01-01,16:00:00
01/15/2024 05:00:00 PM,5.0,3,1,5,6,1,3,3,0,1,3,DISREGARDING TRAFFIC SIGNALS,2,1,0.0,0.0,0.0,0.0,0.0,2.0,17,2,1,01/15/2024,2024-01-15,17:00:00
02/09/2024 12:15:00 AM,5.0,2,4,3,12,1,4,3,1,1,3,FAILING TO YIELD RIGHT-OF-WAY,2,1,0.0,0.0,0.0,0.0,0.0,3.0,0,6,2,02/09/2024,2024-02-09,00:15:00
07/03/2024 08:05:00 AM,5.0,2,1,7,5,1,3,3,0,1,2,UNABLE TO DETERMINE,2,1,0.0,0.0,0.0,0.0,0.0,2.0,8,4,7,07/03/2024,2024-07-03,08:05:00
07/03/2024 09:40:00 PM,3.0,2,5,7,6,1,3,3,0,1,3,NOT APPLICABLE,2,1,0.0,0.0,0.0,0.0,0.0,3.0,21,4,7,07/03/2024,2024-07-03,21:40:00
07/18/2024 06:00:00 PM,5.0,2,1,4,5,1,3,3,0,1,2,DRIVING SKILLS/KNOWLEDGE/EXPERIENCE,2,1,0.0,0.0,0.0,0.0,0.0,2.0,18,5,7,07/18/2024,2024-07-18,18:00:00
03/05/2024 12:30:00 PM,5.0,2,1,6,5,3,3,3,1,1,3,NOT APPLICABLE,2,3,1.0,0.0,0.0,1.0,0.0,1.0,12,3,3,03/05/2024,2024-03-05,12:30:00
01/18/2024 07:42:00 AM,5.0,2,1,5,5,1,4,3,1,1,3,DISREGARDING TRAFFIC SIGNALS,2,1,0.0,0.0,0.0,0.0,0.0,2.0,7,5,1,01/18/2024,2024-01-18,07:42:00
01/30/2024 02:03:00 PM,5.0,2,1,6,5,1,3,3,0,1,3,IMPROPER LANE USAGE,2,1,0.0,0.0,0.0,0.0,0.0,2.0,14,3,1,01/30/2024,2024-01-30,14:03:00
03/12/2024 03:15:00 PM,5.0,2,1,4,6,1,3,3,1,1,2,PHYSICAL CONDITION OF DRIVER,2,2,1.0,0.0,0.0,0.0,1.0,1.0,15,3,3,03/12/2024,2024-03-12,15:15:00
08/13/2024 03:24:00 PM,7.0,2,1,5,4,1,3,3,0,1,3,UNABLE TO DETERMINE,2,1,0.0,0.0,0.0,0.0,0.0,2.0,15,3,8,08/13/2024,2024-08-13,15:24:00
08/05/2024 09:10:00 AM,7.0,2,1,4,7,1,4,3,0,1,3,FOLLOWING TOO CLOSELY,2,1,0.0,0.0,0.0,0.0,0.0,3.0,9,2,8,08/05/2024,2024-08-05,09:10:00
02/06/2024 03:32:00 PM,5.0,2,1,3,6,1,3,3,0,1,2,IMPROPER OVERTAKING/PASSING,2,1,0.0,0.0,0.0,0.0,0.0,3.0,15,3,2,02/06/2024,2024-02-06,15:32:00
02/16/2024 03:58:00 PM,3.0,2,1,4,6,1,3,3,0,0,2,FOLLOWING TOO CLOSELY,2,1,0.0,0.0,0.0,0.0,0.0,2.0,15,6,2,02/16/2024,2024-02-16,15:58:00
03/03/2024 06:48:00 PM,5.0,2,1,4,5,1,3,1,0,1,2,UNABLE TO DETERMINE,2,1,0.0,0.0,0.0,0.0,0.0,2.0,18,1,3,03/03/2024,2024-03-03,18:48:00
02/09/2024 03:59:00 PM,2.0,2,1,13,2,1,3,3,1,1,3,DISREGARDING ROAD MARKINGS,2,3,1.0,0.0,0.0,1.0,0.0,1.0,15,6,2,02/09/2024,2024-02-09,15:59:00
07/30/2024 08:17:00 AM,5.0,2,1,13,3,1,3,3,1,1,3,FAILING TO YIELD RIGHT-OF-WAY,2,3,1.0,0.0,0.0,1.0,0.0,1.0,8,3,7,07/30/2024,2024-07-30,08:17:00
01/27/2024 07:47:00 PM,5.0,2,4,6,5,1,3,3,0,1,3,FOLLOWING TOO CLOSELY,2,1,0.0,0.0,0.0,0.0,0.0,4.0,19,7,1,01/27/2024,2024-01-27,19:47:00
05/11/2024 08:45:00 AM,5.0,2,1,4,6,1,3,3,0,1,3,IMPROPER OVERTAKING/PASSING,2,1,0.0,0.0,0.0,0.0,0.0,2.0,8,7,5,05/11/2024,2024-05-11,08:45:00
08/05/2024 01:55:00 PM,7.0,2,1,12,4,1,3,3,1,1,3,FAILING TO REDUCE SPEED TO AVOID CRASH,2,4,2.0,0.0,1.0,1.0,0.0,1.0,13,2,8,08/05/2024,2024-08-05,13:55:00
05/31/2024 04:10:00 PM,3.0,2,1,14,5,1,3,3,1,1,1,FAILING TO YIELD RIGHT-OF-WAY,2,3,1.0,0.0,0.0,1.0,0.0,1.0,16,6,5,05/31/2024,2024-05-31,16:10:00
04/12/2024 07:25:00 AM,7.0,2,1,5,4,1,3,3,0,1,3,FAILING TO YIELD RIGHT-OF-WAY,2,1,0.0,0.0,0.0,0.0,0.0,2.0,7,6,4,04/12/2024,2024-04-12,07:25:00
01/26/2024 10:03:00 PM,5.0,4,4,6,7,1,4,3,0,1,3,FOLLOWING TOO CLOSELY,2,1,0.0,0.0,0.0,0.0,0.0,3.0,22,6,1,01/26/2024,2024-01-26,22:03:00
01/20/2024 01:25:00 AM,5.0,9,4,13,5,1,4,3,0,1,1,NOT APPLICABLE,2,1,0.0,0.0,0.0,0.0,0.0,2.0,1,7,1,01/20/2024,2024-01-20,01:25:00
07/02/2024 08:57:00 AM,7.0,2,1,5,5,1,3,3,1,1,3,UNABLE TO DETERMINE,2,2,2.0,0.0,0.0,0.0,2.0,2.0,8,3,7,07/02/2024,2024-07-02,08:57:00
04/30/2024 06:15:00 PM,1.0,2,1,5,1,1,3,1,0,0,3,UNABLE TO DETERMINE,2,1,0.0,0.0,0.0,0.0,0.0,2.0,18,3,4,04/30/2024,2024-04-30,18:15:00
01/17/2024 05:49:00 AM,5.0,2,4,6,5,1,1,1,1,1,3,FAILING TO YIELD RIGHT-OF-WAY,2,3,2.0,0.0,0.0,2.0,0.0,0.0,5,4,1,01/17/2024,2024-01-17,05:49:00
06/05/2024 07:54:00 AM,5.0,2,1,6,5,1,3,2,0,1,3,DRIVING SKILLS/KNOWLEDGE/EXPERIENCE,2,1,0.0,0.0,0.0,0.0,0.0,2.0,7,4,6,06/05/2024,2024-06-05,07:54:00
02/09/2024 08:00:00 AM,7.0,2,1,5,5,1,3,5,0,1,3,UNABLE TO DETERMINE,2,1,0.0,0.0,0.0,0.0,0.0,2.0,8,6,2,02/09/2024,2024-02-09,08:00:00
08/02/2024 03:46:00 PM,5.0,2,1,4,3,2,3,3,1,1,3,FAILING TO REDUCE SPEED TO AVOID CRASH,2,2,1.0,0.0,0.0,0.0,1.0,1.0,15,6,8,08/02/2024,2024-08-02,15:46:00
04/16/2024 03:28:00 AM,5.0,2,4,7,5,1,3,3,1,1,3,DISREGARDING TRAFFIC SIGNALS,2,1,0.0,0.0,0.0,0.0,0.0,2.0,3,3,4,04/16/2024,2024-04-16,03:28:00
03/05/2024 09:15:00 PM,5.0,2,4,6,6,1,3,3,0,1,3,IMPROPER TURNING/NO SIGNAL,2,1,0.0,0.0,0.0,0.0,0.0,3.0,21,3,3,03/05/2024,2024-03-05,21:15:00
03/11/2024 08:11:00 AM,5.0,2,1,5,5,1,3,3,1,1,3,DISREGARDING TRAFFIC SIGNALS,2,1,0.0,0.0,0.0,0.0,0.0,2.0,8,2,3,03/11/2024,2024-03-11,08:11:00
06/05/2024 09:43:00 AM,5.0,2,1,6,4,1,3,3,1,1,3,FAILING TO REDUCE SPEED TO AVOID CRASH,2,2,1.0,0.0,0.0,0.0,1.0,1.0,9,4,6,06/05/2024,2024-06-05,09:43:00
06/15/2024 11:30:00 AM,5.0,2,1,6,5,1,3,1,1,1,3,UNABLE TO DETERMINE,2,2,2.0,0.0,0.0,0.0,2.0,2.0,11,7,6,06/15/2024,2024-06-15,11:30:00
04/08/2024 06:49:00 PM,5.0,2,4,13,6,1,3,3,1,1,2,FAILING TO YIELD RIGHT-OF-WAY,2,3,1.0,0.0,0.0,1.0,0.0,1.0,18,2,4,04/08/2024,2024-04-08,18:49:00
02/21/2024 03:52:00 PM,3.0,2,1,5,7,1,3,3,1,1,3,FAILING TO YIELD RIGHT-OF-WAY,2,3,1.0,0.0,0.0,1.0,0.0,2.0,15,4,2,02/21/2024,2024-02-21,15:52:00
07/14/2024 06:45:00 PM,5.0,2,1,6,5,1,1,1,0,1,3,DRIVING SKILLS/KNOWLEDGE/EXPERIENCE,2,1,0.0,0.0,0.0,0.0,0.0,2.0,18,1,7,07/14/2024,2024-07-14,18:45:00
02/21/2024 09:45:00 AM,7.0,2,1,14,5,1,3,3,1,1,1,UNABLE TO DETERMINE,2,3,1.0,0.0,0.0,1.0,0.0,1.0,9,4,2,02/21/2024,2024-02-21,09:45:00
07/07/2024 12:39:00 PM,5.0,2,1,3,5,1,3,3,0,1,2,IMPROPER TURNING/NO SIGNAL,2,1,0.0,0.0,0.0,0.0,0.0,2.0,12,1,7,07/07/2024,2024-07-07,12:39:00
06/28/2024 07:54:00 AM,5.0,4,1,5,5,1,4,3,1,1,3,DISREGARDING TRAFFIC SIGNALS,2,3,1.0,0.0,0.0,1.0,0.0,1.0,7,6,6,06/28/2024,2024-06-28,07:54:00
05/23/2024 11:45:00 AM,7.0,2,1,5,1,1,3,3,1,1,3,FAILING TO YIELD RIGHT-OF-WAY,2,2,2.0,0.0,0.0,0.0,2.0,1.0,11,5,5,05/23/2024,2024-05-23,11:45:00
06/29/2024 02:32:00 PM,7.0,2,1,6,3,1,3,3,1,1,3,NOT APPLICABLE,2,4,1.0,0.0,1.0,0.0,0.0,1.0,14,7,6,06/29/2024,2024-06-29,14:32:00
01/14/2024 04:45:00 PM,5.0,2,3,6,5,1,4,3,1,1,3,FAILING TO YIELD RIGHT-OF-WAY,2,1,0.0,0.0,0.0,0.0,0.0,4.0,16,1,1,01/14/2024,2024-01-14,16:45:00
03/03/2024 09:37:00 PM,5.0,2,4,5,10,1,3,3,0,1,3,UNABLE TO DETERMINE,2,1,0.0,0.0,0.0,0.0,0.0,2.0,21,1,3,03/03/2024,2024-03-03,21:37:00
08/09/2024 05:00:00 PM,5.0,2,1,3,10,1,3,1,0,1,1,UNABLE TO DETERMINE,2,1,0.0,0.0,0.0,0.0,0.0,2.0,17,6,8,08/09/2024,2024-08-09,17:00:00
06/09/2024 07:54:00 AM,5.0,2,1,6,7,1,3,3,0,1,2,IMPROPER OVERTAKING/PASSING,2,1,0.0,0.0,0.0,0.0,0.0,3.0,7,1,6,06/09/2024,2024-06-09,07:54:00
01/22/2024 06:30:00 PM,5.0,2,4,6,4,1,1,1,0,1,3,UNABLE TO DETERMINE,2,1,0.0,0.0,0.0,0.0,0.0,2.0,18,2,1,01/22/2024,2024-01-22,18:30:00
03/09/2024 09:30:00 AM,7.0,2,1,5,5,1,3,3,1,1,3,FAILING TO YIELD RIGHT-OF-WAY,2,3,1.0,0.0,0.0,1.0,0.0,1.0,9,7,3,03/09/2024,2024-03-09,09:30:00
05/08/2024 07:22:00 AM,5.0,2,1,6,6,1,3,3,1,1,3,UNABLE TO DETERMINE,2,1,0.0,0.0,0.0,0.0,0.0,2.0,7,4,5,05/08/2024,2024-05-08,07:22:00
01/18/2024 07:28:00 PM,7.0,2,3,5,5,1,5,3,1,1,3,FAILING TO YIELD RIGHT-OF-WAY,2,3,1.0,0.0,0.0,1.0,0.0,1.0,19,5,1,01/18/2024,2024-01-18,19:28:00
06/15/2024 05:35:00 PM,3.0,2,1,3,6,1,3,3,0,1,3,IMPROPER OVERTAKING/PASSING,2,1,0.0,0.0,0.0,0.0,0.0,2.0,17,7,6,06/15/2024,2024-06-15,17:35:00
05/08/2024 02:50:00 PM,7.0,2,1,5,5,1,3,3,1,1,3,FAILING TO YIELD RIGHT-OF-WAY,2,1,0.0,0.0,0.0,0.0,0.0,2.0,14,4,5,05/08/2024,2024-05-08,14:50:00
02/09/2024 01:00:00 AM,5.0,2,4,6,5,1,3,3,0,1,3,IMPROPER TURNING/NO SIGNAL,2,1,0.0,0.0,0.0,0.0,0.0,2.0,1,6,2,02/09/2024,2024-02-09,01:00:00
03/23/2024 04:30:00 PM,5.0,2,1,6,5,1,3,3,0,1,2,FAILING TO YIELD RIGHT-OF-WAY,2,1,0.0,0.0,0.0,0.0,0.0,2.0,16,7,3,03/23/2024,2024-03-23,16:30:00
08/12/2024 01:30:00 AM,5.0,2,4,9,5,1,3,3,0,1,3,UNABLE TO DETERMINE,2,1,0.0,0.0,0.0,0.0,0.0,2.0,1,2,8,08/12/2024,2024-08-12,01:30:00
05/08/2024 06:23:00 PM,5.0,2,1,5,12,1,3,3,1,1,3,"OPERATING VEHICLE IN ERRATIC, RECKLESS, CARELESS, NEGLIGENT OR AGGRESSIVE MANNER",2,3,1.0,0.0,0.0,1.0,0.0,2.0,18,4,5,05/08/2024,2024-05-08,18:23:00
04/10/2024 05:31:00 PM,3.0,2,1,13,6,1,3,1,1,1,3,UNABLE TO DETERMINE,2,3,1.0,0.0,0.0,1.0,0.0,1.0,17,4,4,04/10/2024,2024-04-10,17:31:00
02/08/2024 06:25:00 PM,5.0,4,4,6,4,1,4,3,0,1,2,FAILING TO YIELD RIGHT-OF-WAY,2,1,0.0,0.0,0.0,0.0,0.0,2.0,18,5,2,02/08/2024,2024-02-08,18:25:00
06/27/2024 12:45:00 PM,5.0,2,1,14,5,1,3,3,1,0,1,UNABLE TO DETERMINE,2,2,1.0,0.0,0.0,0.0,1.0,2.0,12,5,6,06/27/2024,2024-06-27,12:45:00
04/02/2024 07:12:00 AM,5.0,4,1,6,6,1,4,3,0,1,3,FAILING TO REDUCE SPEED TO AVOID CRASH,2,1,0.0,0.0,0.0,0.0,0.0,3.0,7,3,4,04/02/2024,2024-04-02,07:12:00
04/09/2024 08:50:00 AM,5.0,2,1,6,4,1,3,3,0,1,2,DISREGARDING OTHER TRAFFIC SIGNS,2,1,0.0,0.0,0.0,0.0,0.0,3.0,8,3,4,04/09/2024,2024-04-09,08:50:00
05/02/2024 08:10:00 AM,5.0,2,1,3,5,1,3,3,0,1,3,UNABLE TO DETERMINE,2,1,0.0,0.0,0.0,0.0,0.0,2.0,8,5,5,05/02/2024,2024-05-02,08:10:00
01/26/2024 05:57:00 PM,5.0,4,4,14,9,1,4,1,1,1,3,UNABLE TO DETERMINE,2,3,1.0,0.0,0.0,1.0,0.0,1.0,17,6,1,01/26/2024,2024-01-26,17:57:00
08/05/2024 02:08:00 AM,7.0,2,4,5,6,1,3,3,1,1,3,FAILING TO YIELD RIGHT-OF-WAY,2,3,1.0,0.0,0.0,1.0,0.0,1.0,2,2,8,08/05/2024,2024-08-05,02:08:00
04/23/2024 02:40:00 PM,5.0,2,1,4,5,1,3,3,0,1,2,FOLLOWING TOO CLOSELY,2,1,0.0,0.0,0.0,0.0,0.0,3.0,14,3,4,04/23/2024,2024-04-23,14:40:00
01/30/2024 06:02:00 PM,7.0,2,4,4,5,1,3,3,0,1,3,NOT APPLICABLE,2,1,0.0,0.0,0.0,0.0,0.0,2.0,18,3,1,01/30/2024,2024-01-30,18:02:00
07/14/2024 03:43:00 PM,7.0,3,1,6,5,1,3,3,0,1,1,UNABLE TO DETERMINE,2,1,0.0,0.0,0.0,0.0,0.0,4.0,15,1,7,07/14/2024,2024-07-14,15:43:00
04/26/2024 03:30:00 PM,7.0,2,1,5,5,1,3,3,0,1,3,UNABLE TO DETERMINE,2,1,0.0,0.0,0.0,0.0,0.0,2.0,15,6,4,04/26/2024,2024-04-26,15:30:00
04/25/2024 07:45:00 AM,5.0,2,1,13,6,1,3,1,1,1,1,UNABLE TO DETERMINE,2,3,1.0,0.0,0.0,1.0,0.0,1.0,7,5,4,04/25/2024,2024-04-25,07:45:00
02/14/2024 03:24:00 PM,7.0,2,1,5,5,1,3,1,0,1,2,FAILING TO YIELD RIGHT-OF-WAY,2,1,0.0,0.0,0.0,0.0,0.0,2.0,15,4,2,02/14/2024,2024-02-14,15:24:00
01/24/2024 08:44:00 AM,5.0,4,1,6,6,1,4,3,1,1,3,FAILING TO YIELD RIGHT-OF-WAY,2,2,1.0,0.0,0.0,0.0,1.0,1.0,8,4,1,01/24/2024,2024-01-24,08:44:00
03/15/2024 03:46:00 PM,5.0,2,1,6,5,1,3,3,1,1,3,DISREGARDING TRAFFIC SIGNALS,2,1,0.0,0.0,0.0,0.0,0.0,6.0,15,6,3,03/15/2024,2024-03-15,15:46:00
04/09/2024 05:52:00 AM,5.0,2,4,6,5,1,3,3,0,1,3,DISREGARDING ROAD MARKINGS,2,1,0.0,0.0,0.0,0.0,0.0,3.0,5,3,4,04/09/2024,2024-04-09,05:52:00
04/22/2024 01:09:00 AM,3.0,2,5,6,12,1,3,3,1,1,3,IMPROPER TURNING/NO SIGNAL,2,1,0.0,0.0,0.0,0.0,0.0,2.0,1,2,4,04/22/2024,2024-04-22,01:09:00
01/30/2024 06:37:00 PM,7.0,2,4,6,7,1,3,3,0,1,3,FAILING TO YIELD RIGHT-OF-WAY,2,1,0.0,0.0,0.0,0.0,0.0,2.0,18,3,1,01/30/2024,2024-01-30,18:37:00
07/16/2024 05:50:00 AM,5.0,2,1,6,6,1,3,3,0,1,3,DRIVING ON WRONG SIDE/WRONG WAY,2,1,0.0,0.0,0.0,0.0,0.0,2.0,5,3,7,07/16/2024,2024-07-16,05:50:00
01/19/2024 04:00:00 AM,3.0,5,4,5,6,1,5,1,0,1,2,UNABLE TO DETERMINE,2,1,0.0,0.0,0.0,0.0,0.0,2.0,4,6,1,01/19/2024,2024-01-19,04:00:00
07/12/2024 11:09:00 PM,3.0,2,4,5,3,1,3,3,0,1,3,UNABLE TO DETERMINE,2,1,0.0,0.0,0.0,0.0,0.0,2.0,23,6,7,07/12/2024,2024-07-12,23:09:00
05/30/2024 04:50:00 PM,5.0,2,1,11,5,1,1,1,1,1,3,UNABLE TO DETERMINE,2,2,1.0,0.0,0.0,0.0,1.0,0.0,16,5,5,05/30/2024,2024-05-30,16:50:00
06/14/2024 02:42:00 AM,5.0,2,4,5,4,1,3,3,1,1,3,DISREGARDING TRAFFIC SIGNALS,2,3,1.0,0.0,0.0,1.0,0.0,3.0,2,6,6,06/14/2024,2024-06-14,02:42:00
01/23/2024 02:30:00 PM,7.0,3,1,5,6,1,6,3,0,1,3,DISREGARDING STOP SIGN,2,1,0.0,0.0,0.0,0.0,0.0,2.0,14,3,1,01/23/2024,2024-01-23,14:30:00
05/31/2024 05:00:00 PM,5.0,2,1,4,5,1,3,3,0,1,3,UNABLE TO DETERMINE,2,1,0.0,0.0,0.0,0.0,0.0,6.0,17,6,5,05/31/2024,2024-05-31,17:00:00
08/03/2024 09:17:00 AM,5.0,2,1,6,6,1,3,3,1,1,3,UNABLE TO DETERMINE,2,3,2.0,0.0,0.0,2.0,0.0,0.0,9,7,8,08/03/2024,2024-08-03,09:17:00
06/05/2024 04:05:00 PM,7.0,2,1,5,5,1,3,1,0,1,3,UNABLE TO DETERMINE,2,1,0.0,0.0,0.0,0.0,0.0,8.0,16,4,6,06/05/2024,2024-06-05,16:05:00
04/25/2024 07:30:00 AM,5.0,2,1,4,4,1,3,1,0,1,3,FOLLOWING TOO CLOSELY,2,1,0.0,0.0,0.0,0.0,0.0,2.0,7,5,4,04/25/2024,2024-04-25,07:30:00
01/12/2024 02:35:00 PM,5.0,5,1,8,6,1,5,3,0,1,3,UNABLE TO DETERMINE,2,1,0.0,0.0,0.0,0.0,0.0,2.0,14,6,1,01/12/2024,2024-01-12,14:35:00
07/02/2024 10:35:00 AM,7.0,4,1,6,7,1,4,3,1,1,3,UNABLE TO DETERMINE,2,1,0.0,0.0,0.0,0.0,0.0,2.0,10,3,7,07/02/2024,2024-07-02,10:35:00
06/04/2024 08:45:00 PM,5.0,2,4,6,6,1,3,3,0,1,1,FOLLOWING TOO CLOSELY,2,1,0.0,0.0,0.0,0.0,0.0,5.0,20,3,6,06/04/2024,2024-06-04,20:45:00
01/18/2024 04:58:00 PM,3.0,2,4,5,6,1,4,1,0,1,3,FAILING TO YIELD RIGHT-OF-WAY,2,1,0.0,0.0,0.0,0.0,0.0,3.0,16,5,1,01/18/2024,2024-01-18,16:58:00
02/17/2024 01:40:00 PM,5.0,2,1,3,10,1,3,3,0,1,2,UNABLE TO DETERMINE,2,1,0.0,0.0,0.0,0.0,0.0,2.0,13,7,2,02/17/2024,2024-02-17,13:40:00
08/09/2024 01:50:00 PM,5.0,2,1,4,10,1,3,3,0,1,3,UNABLE TO DETERMINE,2,1,0.0,0.0,0.0,0.0,0.0,2.0,13,6,8,08/09/2024,2024-08-09,13:50:00
04/08/2024 07:55:00 PM,5.0,2,1,4,9,1,1,1,0,1,1,UNABLE TO DETERMINE,2,1,0.0,0.0,0.0,0.0,0.0,2.0,19,2,4,04/08/2024,2024-04-08,19:55:00
08/08/2024 04:40:00 PM,7.0,2,1,5,5,1,3,1,0,1,3,FAILING TO REDUCE SPEED TO AVOID CRASH,2,1,0.0,0.0,0.0,0.0,0.0,3.0,16,5,8,08/08/2024,2024-08-08,16:40:00
04/14/2024 05:00:00 PM,5.0,2,1,6,6,1,3,3,0,1,2,FAILING TO YIELD RIGHT-OF-WAY,2,1,0.0,0.0,0.0,0.0,0.0,4.0,17,1,4,04/14/2024,2024-04-14,17:00:00
01/11/2024 01:15:00 PM,5.0,2,1,6,10,1,3,3,0,1,2,IMPROPER OVERTAKING/PASSING,2,1,0.0,0.0,0.0,0.0,0.0,3.0,13,5,1,01/11/2024,2024-01-11,13:15:00
01/30/2024 02:00:00 AM,7.0,4,5,5,6,1,4,3,0,1,3,FAILING TO YIELD RIGHT-OF-WAY,2,1,0.0,0.0,0.0,0.0,0.0,2.0,2,3,1,01/30/2024,2024-01-30,02:00:00
07/17/2024 06:22:00 AM,7.0,2,1,6,5,1,3,3,1,1,3,FAILING TO YIELD RIGHT-OF-WAY,2,1,0.0,0.0,0.0,0.0,0.0,3.0,6,4,7,07/17/2024,2024-07-17,06:22:00
05/04/2024 02:00:00 PM,5.0,2,1,3,6,1,1,1,0,0,3,IMPROPER OVERTAKING/PASSING,2,1,0.0,0.0,0.0,0.0,0.0,3.0,14,7,5,05/04/2024,2024-05-04,14:00:00
01/12/2024 10:54:00 PM,5.0,5,4,6,5,1,5,3,1,1,3,IMPROPER TURNING/NO SIGNAL,2,4,2.0,0.0,1.0,1.0,0.0,0.0,22,6,1,01/12/2024,2024-01-12,22:54:00
04/06/2024 09:45:00 PM,7.0,2,4,5,1,1,1,1,0,1,3,UNABLE TO DETERMINE,2,1,0.0,0.0,0.0,0.0,0.0,2.0,21,7,4,04/06/2024,2024-04-06,21:45:00
02/15/2024 03:45:00 PM,5.0,2,1,4,6,1,3,1,0,1,3,FOLLOWING TOO CLOSELY,2,1,0.0,0.0,0.0,0.0,0.0,3.0,15,5,2,02/15/2024,2024-02-15,15:45:00
07/21/2024 05:13:00 PM,3.0,2,1,6,16,1,3,3,1,1,3,FAILING TO REDUCE SPEED TO AVOID CRASH,2,1,0.0,0.0,0.0,0.0,0.0,2.0,17,1,7,07/21/2024,2024-07-21,17:13:00
06/06/2024 07:37:00 PM,3.0,2,1,5,5,1,1,1,0,1,2,FAILING TO YIELD RIGHT-OF-WAY,2,1,0.0,0.0,0.0,0.0,0.0,6.0,19,5,6,06/06/2024,2024-06-06,19:37:00
07/17/2024 01:54:00 PM,3.0,2,1,11,6,1,3,3,0,1,3,NOT APPLICABLE,2,1,0.0,0.0,0.0,0.0,0.0,1.0,13,4,7,07/17/2024,2024-07-17,13:54:00
05/19/2024 04:29:00 PM,5.0,2,1,6,7,1,3,1,0,1,3,UNABLE TO DETERMINE,2,1,0.0,0.0,0.0,0.0,0.0,4.0,16,1,5,05/19/2024,2024-05-19,16:29:00
05/02/2024 07:45:00 AM,9.0,2,1,5,16,1,3,3,0,1,3,FAILING TO YIELD RIGHT-OF-WAY,2,1,0.0,0.0,0.0,0.0,0.0,2.0,7,5,5,05/02/2024,2024-05-02,07:45:00
02/06/2024 04:45:00 PM,7.0,2,1,5,6,1,3,3,0,1,2,UNABLE TO DETERMINE,2,1,0.0,0.0,0.0,0.0,0.0,4.0,16,3,2,02/06/2024,2024-02-06,16:45:00
01/31/2024 12:35:00 PM,3.0,3,1,18,6,1,3,3,0,1,2,DRIVING SKILLS/KNOWLEDGE/EXPERIENCE,2,1,0.0,0.0,0.0,0.0,0.0,2.0,12,4,1,01/31/2024,2024-01-31,12:35:00
06/19/2024 01:00:00 PM,5.0,2,1,6,5,1,3,3,0,1,3,IMPROPER TURNING/NO SIGNAL,2,1,0.0,0.0,0.0,0.0,0.0,2.0,13,4,6,06/19/2024,2024-06-19,13:00:00
01/27/2024 07:20:00 PM,5.0,4,4,13,6,1,4,3,1,1,1,FAILING TO YIELD RIGHT-OF-WAY,2,3,1.0,0.0,0.0,1.0,0.0,2.0,19,7,1,01/27/2024,2024-01-27,19:20:00
03/12/2024 07:40:00 AM,7.0,2,1,6,6,1,3,3,1,1,3,IMPROPER TURNING/NO SIGNAL,2,1,0.0,0.0,0.0,0.0,0.0,2.0,7,3,3,03/12/2024,2024-03-12,07:40:00
02/25/2024 11:01:00 AM,7.0,2,1,5,4,1,3,3,1,1,3,FAILING TO YIELD RIGHT-OF-WAY,2,2,2.0,0.0,0.0,0.0,2.0,1.0,11,1,2,02/25/2024,2024-02-25,11:01:00
01/12/2024 06:27:00 PM,5.0,5,1,3,5,1,5,3,0,1,1,IMPROPER OVERTAKING/PASSING,2,1,0.0,0.0,0.0,0.0,0.0,2.0,18,6,1,01/12/2024,2024-01-12,18:27:00
03/18/2024 07:02:00 AM,3.0,2,1,4,6,1,3,3,0,1,3,UNABLE TO DETERMINE,2,1,0.0,0.0,0.0,0.0,0.0,2.0,7,2,3,03/18/2024,2024-03-18,07:02:00
07/23/2024 12:20:00 AM,5.0,2,4,6,5,1,3,3,0,1,3,DISREGARDING TRAFFIC SIGNALS,2,1,0.0,0.0,0.0,0.0,0.0,4.0,0,3,7,07/23/2024,2024-07-23,00:20:00
07/18/2024 06:20:00 PM,5.0,2,1,3,6,1,3,3,0,1,3,FAILING TO YIELD RIGHT-OF-WAY,2,1,0.0,0.0,0.0,0.0,0.0,2.0,18,5,7,07/18/2024,2024-07-18,18:20:00
06/15/2024 06:30:00 PM,5.0,2,3,3,6,1,3,3,0,1,2,IMPROPER LANE USAGE,2,1,0.0,0.0,0.0,0.0,0.0,2.0,18,7,6,06/15/2024,2024-06-15,18:30:00
05/27/2024 03:40:00 PM,5.0,2,1,6,6,1,3,3,1,1,3,UNABLE TO DETERMINE,2,2,1.0,0.0,0.0,0.0,1.0,1.0,15,2,5,05/27/2024,2024-05-27,15:40:00
07/26/2024 02:30:00 PM,3.0,2,1,4,6,1,3,3,1,1,3,FAILING TO REDUCE SPEED TO AVOID CRASH,2,2,1.0,0.0,0.0,0.0,1.0,1.0,14,6,7,07/26/2024,2024-07-26,14:30:00
02/10/2024 04:05:00 AM,5.0,2,4,5,6,1,3,3,1,1,3,UNABLE TO DETERMINE,2,3,1.0,0.0,0.0,1.0,0.0,1.0,4,7,2,02/10/2024,2024-02-10,04:05:00