crash_date,traffic_control_device,weather_condition,lighting_condition,first_crash_type,trafficway_type,alignment,roadway_surface_cond,road_defect,crash_type,intersection_related_i,damage,prim_contributory_cause,num_units,most_severe_injury,injuries_total,injuries_fatal,injuries_incapacitating,injuries_non_incapacitating,injuries_reported_not_evident,injuries_no_indication,crash_hour,crash_day_of_week,crash_month,parsed_datetime,date,time
05/24/2024 05:30:00 PM,5.0,2,1,4,6,1,3,3,0,1,3,IMPROPER OVERTAKING/PASSING,2,1,0.0,0.0,0.0,0.0,0.0,2.0,17,6,5,05/24/2024,2024-05-24,17:30:00
01/24/2024 03:36:00 PM,5.0,4,1,13,5,1,4,3,1,1,3,FAILING TO YIELD RIGHT-OF-WAY,2,2,1.0,0.0,0.0,0.0,1.0,1.0,15,4,1,01/24/2024,2024-01-24,15:36:00
05/21/2024 05:00:00 PM,5.0,2,1,3,3,1,1,1,0,1,3,FAILING TO YIELD RIGHT-OF-WAY,2,1,0.0,0.0,0.0,0.0,0.0,2.0,17,3,5,05/21/2024,2024-05-21,17:00:00
08/04/2024 06:02:00 PM,7.0,2,1,14,7,1,3,3,0,1,1,EQUIPMENT - VEHICLE CONDITION,2,1,0.0,0.0,0.0,0.0,0.0,2.0,18,1,8,08/04/2024,2024-08-04,18:02:00
07/11/2024 01:40:00 AM,3.0,2,4,4,6,1,3,3,0,1,2,NOT APPLICABLE,2,1,0.0,0.0,0.0,0.0,0.0,2.0,1,5,7,07/11/2024,2024-07-11,01:40:00
05/31/2024 06:30:00 PM,7.0,2,1,5,5,1,3,3,0,1,3,DISREGARDING STOP SIGN,2,1,0.0,0.0,0.0,0.0,0.0,2.0,18,6,5,05/31/2024,2024-05-31,18:30:00
06/15/2024 12:59:00 PM,3.0,2,1,3,3,1,3,1,1,1,3,FAILING TO YIELD RIGHT-OF-WAY,2,2,2.0,0.0,0.0,0.0,2.0,1.0,12,7,6,06/15/2024,2024-06-15,12:59:00
01/10/2024 06:30:00 PM,3.0,2,4,6,10,1,3,3,0,1,3,IMPROPER TURNING/NO SIGNAL,2,1,0.0,0.0,0.0,0.0,0.0,4.0,18,4,1,01/10/2024,2024-01-10,18:30:00
05/27/2024 06:36:00 PM,5.0,2,1,14,4,1,3,1,1,1,1,FAILING TO YIELD RIGHT-OF-WAY,2,3,1.0,0.0,0.0,1.0,0.0,1.0,18,2,5,05/27/2024,2024-05-27,18:36:00
02/09/2024 04:00:00 PM,5.0,2,1,11,5,1,3,1,0,0,3,UNABLE TO DETERMINE,2,1,0.0,0.0,0.0,0.0,0.0,2.0,16,6,2,02/09/2024,2024-02-09,16:00:00
04/15/2024 04:42:00 PM,5.0,2,1,4,4,1,3,1,0,1,2,FOLLOWING TOO CLOSELY,2,1,0.0,0.0,0.0,0.0,0.0,2.0,16,2,4,04/15/2024,2024-04-15,16:42:00
02/09/2024 12:22:00 AM,7.0,2,4,5,5,1,3,3,1,1,3,FAILING TO YIELD RIGHT-OF-WAY,2,2,2.0,0.0,0.0,0.0,2.0,1.0,0,6,2,02/09/2024,2024-02-09,00:22:00
01/16/2024 08:00:00 AM,7.0,2,1,6,4,1,3,1,0,1,2,UNABLE TO DETERMINE,2,1,0.0,0.0,0.0,0.0,0.0,2.0,8,3,1,01/16/2024,2024-01-16,08:00:00
07/25/2024 01:37:00 PM,5.0,2,1,4,4,1,3,3,0,1,3,UNABLE TO DETERMINE,2,1,0.0,0.0,0.0,0.0,0.0,2.0,13,5,7,07/25/2024,2024-07-25,13:37:00
03/12/2024 09:20:00 AM,3.0,2,1,4,6,1,3,3,0,1,3,FAILING TO YIELD RIGHT-OF-WAY,2,1,0.0,0.0,0.0,0.0,0.0,2.0,9,3,3,03/12/2024,2024-03-12,09:20:00
03/25/2024 03:37:00 PM,3.0,2,1,5,16,1,4,3,0,1,3,FAILING TO YIELD RIGHT-OF-WAY,2,1,0.0,0.0,0.0,0.0,0.0,2.0,15,2,3,03/25/2024,2024-03-25,15:37:00
06/05/2024 09:08:00 PM,5.0,2,4,6,6,1,3,3,1,1,3,IMPROPER OVERTAKING/PASSING,2,3,1.0,0.0,0.0,1.0,0.0,1.0,21,4,6,06/05/2024,2024-06-05,21:08:00
03/20/2024 05:10:00 PM,3.0,2,1,6,6,1,3,3,0,0,3,FAILING TO YIELD RIGHT-OF-WAY,2,1,0.0,0.0,0.0,0.0,0.0,2.0,17,4,3,03/20/2024,2024-03-20,17:10:00
02/26/2024 06:25:00 AM,3.0,2,2,4,6,1,3,3,0,1,2,FOLLOWING TOO CLOSELY,2,1,0.0,0.0,0.0,0.0,0.0,6.0,6,2,2,02/26/2024,2024-02-26,06:25:00
07/30/2024 01:55:00 PM,3.0,2,1,6,4,1,3,3,0,1,3,IMPROPER TURNING/NO SIGNAL,2,1,0.0,0.0,0.0,0.0,0.0,2.0,13,3,7,07/30/2024,2024-07-30,13:55:00
01/26/2024 04:47:00 PM,7.0,4,3,5,5,1,4,3,0,1,3,FAILING TO YIELD RIGHT-OF-WAY,2,1,0.0,0.0,0.0,0.0,0.0,3.0,16,6,1,01/26/2024,2024-01-26,16:47:00
07/11/2024 03:50:00 PM,3.0,2,1,6,4,1,3,3,1,1,3,UNABLE TO DETERMINE,2,1,0.0,0.0,0.0,0.0,0.0,3.0,15,5,7,07/11/2024,2024-07-11,15:50:00
02/29/2024 10:17:00 AM,3.0,2,1,6,12,1,3,3,1,1,3,FAILING TO YIELD RIGHT-OF-WAY,2,2,1.0,0.0,0.0,0.0,1.0,1.0,10,5,2,02/29/2024,2024-02-29,10:17:00
07/06/2024 04:05:00 PM,5.0,2,1,5,4,1,3,3,0,1,3,FAILING TO YIELD RIGHT-OF-WAY,2,1,0.0,0.0,0.0,0.0,0.0,2.0,16,7,7,07/06/2024,2024-07-06,16:05:00
01/25/2024 10:41:00 PM,5.0,4,4,13,4,1,4,3,1,1,2,FAILING TO REDUCE SPEED TO AVOID CRASH,2,3,2.0,0.0,0.0,2.0,0.0,0.0,22,5,1,01/25/2024,2024-01-25,22:41:00
03/03/2024 03:25:00 PM,5.0,2,1,4,7,1,3,3,1,1,3,UNABLE TO DETERMINE,2,3,2.0,0.0,0.0,2.0,0.0,1.0,15,1,3,03/03/2024,2024-03-03,15:25:00
06/09/2024 02:39:00 PM,5.0,2,1,3,10,2,1,1,0,1,3,IMPROPER OVERTAKING/PASSING,2,1,0.0,0.0,0.0,0.0,0.0,4.0,14,1,6,06/09/2024,2024-06-09,14:39:00
04/13/2024 05:30:00 PM,5.0,2,1,6,4,1,3,3,0,1,3,UNABLE TO DETERMINE,2,1,0.0,0.0,0.0,0.0,0.0,2.0,17,7,4,04/13/2024,2024-04-13,17:30:00
05/04/2024 10:51:00 PM,6.0,3,4,13,6,1,1,1,1,1,3,UNABLE TO DETERMINE,2,4,1.0,0.0,1.0,0.0,0.0,1.0,22,7,5,05/04/2024,2024-05-04,22:51:00
04/23/2024 03:30:00 PM,5.0,2,1,6,5,1,3,3,1,1,3,UNABLE TO DETERMINE,2,3,1.0,0.0,0.0,1.0,0.0,1.0,15,3,4,04/23/2024,2024-04-23,15:30:00
01/12/2024 12:34:00 PM,5.0,3,1,5,4,1,4,7,0,1,3,FAILING TO YIELD RIGHT-OF-WAY,2,1,0.0,0.0,0.0,0.0,0.0,2.0,12,6,1,01/12/2024,2024-01-12,12:34:00
06/03/2024 01:15:00 PM,7.0,2,1,6,6,1,3,3,0,1,2,DRIVING SKILLS/KNOWLEDGE/EXPERIENCE,2,1,0.0,0.0,0.0,0.0,0.0,2.0,13,2,6,06/03/2024,2024-06-03,13:15:00
06/01/2024 11:14:00 PM,3.0,4,4,6,7,1,4,3,1,1,3,FAILING TO YIELD RIGHT-OF-WAY,2,1,0.0,0.0,0.0,0.0,0.0,5.0,23,7,6,06/01/2024,2024-06-01,23:14:00
06/06/2024 09:15:00 AM,5.0,2,1,3,6,1,3,1,0,1,3,UNABLE TO DETERMINE,2,1,0.0,0.0,0.0,0.0,0.0,2.0,9,5,6,06/06/2024,2024-06-06,09:15:00
06/14/2024 03:50:00 PM,5.0,2,1,3,6,1,3,3,0,1,3,IMPROPER OVERTAKING/PASSING,2,1,0.0,0.0,0.0,0.0,0.0,2.0,15,6,6,06/14/2024,2024-06-14,15:50:00
02/07/2024 02:38:00 PM,7.0,2,1,4,7,1,3,1,0,1,1,FOLLOWING TOO CLOSELY,2,1,0.0,0.0,0.0,0.0,0.0,2.0,14,4,2,02/07/2024,2024-02-07,14:38:00
03/17/2024 12:10:00 AM,7.0,2,4,5,5,1,3,3,0,1,2,UNABLE TO DETERMINE,2,1,0.0,0.0,0.0,0.0,0.0,2.0,0,1,3,03/17/2024,2024-03-17,00:10:00
01/30/2024 04:55:00 PM,5.0,3,3,6,6,1,4,1,0,1,2,FOLLOWING TOO CLOSELY,2,1,0.0,0.0,0.0,0.0,0.0,2.0,16,3,1,01/30/2024,2024-01-30,16:55:00
05/31/2024 05:30:00 PM,5.0,2,1,3,6,1,3,1,0,1,3,FAILING TO YIELD RIGHT-OF-WAY,2,1,0.0,0.0,0.0,0.0,0.0,2.0,17,6,5,05/31/2024,2024-05-31,17:30:00
08/08/2024 03:12:00 PM,7.0,2,1,5,5,1,1,1,1,1,3,DISREGARDING STOP SIGN,2,1,0.0,0.0,0.0,0.0,0.0,2.0,15,5,8,08/08/2024,2024-08-08,15:12:00
04/13/2024 07:42:00 AM,5.0,2,1,6,5,1,3,3,0,1,1,UNABLE TO DETERMINE,2,1,0.0,0.0,0.0,0.0,0.0,2.0,7,7,4,04/13/2024,2024-04-13,07:42:00
06/07/2024 04:00:00 PM,5.0,2,1,4,6,2,3,3,0,1,2,DISTRACTION - FROM OUTSIDE VEHICLE,2,1,0.0,0.0,0.0,0.0,0.0,2.0,16,6,6,06/07/2024,2024-06-07,16:00:00
04/06/2024 04:43:00 PM,3.0,2,1,6,5,1,3,3,1,1,3,FAILING TO YIELD RIGHT-OF-WAY,2,3,1.0,0.0,0.0,1.0,0.0,2.0,16,7,4,04/06/2024,2024-04-06,16:43:00
05/20/2024 04:00:00 PM,3.0,2,1,6,7,1,4,3,0,1,3,IMPROPER TURNING/NO SIGNAL,2,1,0.0,0.0,0.0,0.0,0.0,2.0,16,2,5,05/20/2024,2024-05-20,16:00:00
03/26/2024 08:30:00 PM,5.0,2,4,3,4,1,3,3,0,1,3,UNABLE TO DETERMINE,2,1,0.0,0.0,0.0,0.0,0.0,2.0,20,3,3,03/26/2024,2024-03-26,20:30:00
05/07/2024 04:15:00 PM,5.0,2,1,6,5,1,4,1,1,1,3,IMPROPER TURNING/NO SIGNAL,2,3,2.0,0.0,0.0,2.0,0.0,3.0,16,3,5,05/07/2024,2024-05-07,16:15:00
05/10/2024 12:15:00 PM,5.0,2,1,5,6,1,3,3,1,1,3,DISREGARDING TRAFFIC SIGNALS,2,1,0.0,0.0,0.0,0.0,0.0,2.0,12,6,5,05/10/2024,2024-05-10,12:15:00
01/06/2024 08:38:00 PM,5.0,5,4,5,5,1,5,3,1,1,3,DISREGARDING TRAFFIC SIGNALS,2,3,1.0,0.0,0.0,1.0,0.0,1.0,20,7,1,01/06/2024,2024-01-06,20:38:00
07/24/2024 07:12:00 AM,5.0,2,1,6,5,1,3,3,0,1,3,DRIVING SKILLS/KNOWLEDGE/EXPERIENCE,2,1,0.0,0.0,0.0,0.0,0.0,2.0,7,4,7,07/24/2024,2024-07-24,07:12:00
06/10/2024 09:50:00 AM,3.0,2,1,4,6,1,3,3,1,1,3,FOLLOWING TOO CLOSELY,2,2,2.0,0.0,0.0,0.0,2.0,1.0,9,2,6,06/10/2024,2024-06-10,09:50:00
02/04/2024 01:30:00 PM,5.0,2,1,3,5,1,1,1,0,1,3,IMPROPER LANE USAGE,2,1,0.0,0.0,0.0,0.0,0.0,3.0,13,1,2,02/04/2024,2024-02-04,13:30:00
06/05/2024 03:30:00 PM,5.0,2,1,4,6,1,3,3,0,1,3,FOLLOWING TOO CLOSELY,2,1,0.0,0.0,0.0,0.0,0.0,4.0,15,4,6,06/05/2024,2024-06-05,15:30:00
05/08/2024 04:15:00 PM,7.0,2,1,3,5,1,3,3,0,1,3,FOLLOWING TOO CLOSELY,2,1,0.0,0.0,0.0,0.0,0.0,2.0,16,4,5,05/08/2024,2024-05-08,16:15:00
02/02/2024 07:34:00 PM,7.0,2,3,6,5,1,3,3,1,1,3,FAILING TO YIELD RIGHT-OF-WAY,2,4,1.0,0.0,1.0,0.0,0.0,2.0,19,6,2,02/02/2024,2024-02-02,19:34:00
07/29/2024 01:27:00 PM,5.0,2,1,6,14,1,3,3,0,1,3,IMPROPER LANE USAGE,2,1,0.0,0.0,0.0,0.0,0.0,3.0,13,2,7,07/29/2024,2024-07-29,13:27:00
03/23/2024 10:20:00 PM,5.0,2,4,4,6,1,3,3,1,1,3,FAILING TO REDUCE SPEED TO AVOID CRASH,2,3,1.0,0.0,0.0,1.0,0.0,1.0,22,7,3,03/23/2024,2024-03-23,22:20:00
01/08/2024 06:13:00 PM,5.0,2,4,13,5,1,3,1,1,1,3,FAILING TO YIELD RIGHT-OF-WAY,2,3,1.0,0.0,0.0,1.0,0.0,2.0,18,2,1,01/08/2024,2024-01-08,18:13:00
02/27/2024 07:47:00 PM,7.0,3,4,5,5,1,3,3,1,1,3,DISREGARDING STOP SIGN,2,1,0.0,0.0,0.0,0.0,0.0,2.0,19,3,2,02/27/2024,2024-02-27,19:47:00
05/04/2024 12:54:00 PM,5.0,2,1,5,6,1,3,3,1,1,3,DISREGARDING TRAFFIC SIGNALS,2,3,2.0,0.0,0.0,2.0,0.0,1.0,12,7,5,05/04/2024,2024-05-04,12:54:00
07/22/2024 06:45:00 AM,5.0,2,1,5,5,1,3,3,1,1,3,DISREGARDING TRAFFIC SIGNALS,2,2,1.0,0.0,0.0,0.0,1.0,3.0,6,2,7,07/22/2024,2024-07-22,06:45:00
02/28/2024 10:30:00 PM,7.0,2,4,5,5,1,3,3,1,1,3,FAILING TO YIELD RIGHT-OF-WAY,2,3,2.0,0.0,0.0,2.0,0.0,1.0,22,4,2,02/28/2024,2024-02-28,22:30:00
04/07/2024 12:42:00 PM,7.0,2,1,6,5,1,4,3,1,1,3,UNABLE TO DETERMINE,2,1,0.0,0.0,0.0,0.0,0.0,3.0,12,1,4,04/07/2024,2024-04-07,12:42:00
04/23/2024 08:08:00 AM,5.0,2,1,6,4,1,3,1,0,1,3,UNABLE TO DETERMINE,2,1,0.0,0.0,0.0,0.0,0.0,2.0,8,3,4,04/23/2024,2024-04-23,08:08:00
02/10/2024 01:48:00 AM,5.0,2,4,5,5,1,3,3,1,1,3,DISREGARDING TRAFFIC SIGNALS,2,4,2.0,0.0,2.0,0.0,0.0,0.0,1,7,2,02/10/2024,2024-02-10,01:48:00
06/08/2024 01:30:00 PM,5.0,2,1,5,13,1,3,3,1,1,3,EQUIPMENT - VEHICLE CONDITION,2,1,0.0,0.0,0.0,0.0,0.0,2.0,13,7,6,06/08/2024,2024-06-08,13:30:00
08/07/2024 03:20:00 PM,3.0,2,1,2,16,1,3,3,1,1,3,FAILING TO REDUCE SPEED TO AVOID CRASH,2,1,0.0,0.0,0.0,0.0,0.0,4.0,15,4,8,08/07/2024,2024-08-07,15:20:00
07/25/2024 11:37:00 AM,7.0,2,1,5,5,1,3,3,1,1,3,FAILING TO YIELD RIGHT-OF-WAY,2,1,0.0,0.0,0.0,0.0,0.0,2.0,11,5,7,07/25/2024,2024-07-25,11:37:00
02/19/2024 06:30:00 PM,5.0,2,4,6,3,1,3,3,0,1,3,UNABLE TO DETERMINE,2,1,0.0,0.0,0.0,0.0,0.0,2.0,18,2,2,02/19/2024,2024-02-19,18:30:00
05/20/2024 12:30:00 PM,5.0,2,1,5,4,1,3,3,0,1,3,UNABLE TO DETERMINE,2,1,0.0,0.0,0.0,0.0,0.0,2.0,12,2,5,05/20/2024,2024-05-20,12:30:00
05/17/2024 06:00:00 PM,3.0,2,1,11,17,1,3,1,1,1,3,FAILING TO YIELD RIGHT-OF-WAY,2,1,0.0,0.0,0.0,0.0,0.0,1.0,18,6,5,05/17/2024,2024-05-17,18:00:00
05/09/2024 03:36:00 PM,5.0,4,3,6,5,1,4,3,1,1,3,"VISION OBSCURED (SIGNS, TREE LIMBS, BUILDINGS, ETC.)",2,1,0.0,0.0,0.0,0.0,0.0,4.0,15,5,5,05/09/2024,2024-05-09,15:36:00
03/26/2024 12:50:00 PM,5.0,4,1,4,4,1,4,3,0,1,3,FOLLOWING TOO CLOSELY,2,1,0.0,0.0,0.0,0.0,0.0,2.0,12,3,3,03/26/2024,2024-03-26,12:50:00
06/10/2024 02:41:00 PM,5.0,2,1,3,4,1,3,3,0,1,3,IMPROPER OVERTAKING/PASSING,2,1,0.0,0.0,0.0,0.0,0.0,2.0,14,2,6,06/10/2024,2024-06-10,14:41:00
06/27/2024 07:57:00 AM,3.0,2,1,2,7,1,3,3,1,1,1,FAILING TO REDUCE SPEED TO AVOID CRASH,2,4,1.0,0.0,1.0,0.0,0.0,1.0,7,5,6,06/27/2024,2024-06-27,07:57:00
06/22/2024 10:00:00 PM,5.0,2,4,6,6,1,3,1,0,1,3,UNABLE TO DETERMINE,2,1,0.0,0.0,0.0,0.0,0.0,2.0,22,7,6,06/22/2024,2024-06-22,22:00:00
01/14/2024 08:54:00 PM,3.0,5,4,11,7,1,6,1,1,1,3,UNABLE TO DETERMINE,2,3,1.0,0.0,0.0,1.0,0.0,0.0,20,1,1,01/14/2024,2024-01-14,20:54:00
01/10/2024 02:30:00 PM,5.0,2,1,5,5,1,3,3,1,1,3,FAILING TO YIELD RIGHT-OF-WAY,2,2,1.0,0.0,0.0,0.0,1.0,1.0,14,4,1,01/10/2024,2024-01-10,14:30:00
08/07/2024 08:00:00 AM,5.0,2,1,6,6,1,3,3,0,1,3,IMPROPER TURNING/NO SIGNAL,2,1,0.0,0.0,0.0,0.0,0.0,2.0,8,4,8,08/07/2024,2024-08-07,08:00:00
02/10/2024 10:48:00 AM,7.0,2,1,6,10,1,3,3,0,1,3,FAILING TO YIELD RIGHT-OF-WAY,2,1,0.0,0.0,0.0,0.0,0.0,2.0,10,7,2,02/10/2024,2024-02-10,10:48:00
01/17/2024 09:45:00 AM,5.0,2,1,4,6,1,3,3,0,1,3,DRIVING SKILLS/KNOWLEDGE/EXPERIENCE,2,1,0.0,0.0,0.0,0.0,0.0,2.0,9,4,1,01/17/2024,2024-01-17,09:45:00
06/22/2024 02:40:00 PM,5.0,2,1,6,5,1,3,1,1,1,3,FAILING TO YIELD RIGHT-OF-WAY,2,1,0.0,0.0,0.0,0.0,0.0,5.0,14,7,6,06/22/2024,2024-06-22,14:40:00
05/13/2024 06:55:00 PM,5.0,4,1,5,4,1,4,3,1,1,3,FAILING TO YIELD RIGHT-OF-WAY,2,3,1.0,0.0,0.0,1.0,0.0,1.0,18,2,5,05/13/2024,2024-05-13,18:55:00
06/05/2024 12:13:00 PM,5.0,2,1,6,5,1,3,3,0,1,3,DISREGARDING TRAFFIC SIGNALS,2,1,0.0,0.0,0.0,0.0,0.0,2.0,12,4,6,06/05/2024,2024-06-05,12:13:00
07/16/2024 07:30:00 PM,7.0,2,1,5,4,1,3,3,0,1,3,FAILING TO YIELD RIGHT-OF-WAY,2,1,0.0,0.0,0.0,0.0,0.0,2.0,19,3,7,07/16/2024,2024-07-16,19:30:00
05/11/2024 08:24:00 AM,5.0,2,1,9,6,1,3,1,1,1,3,FAILING TO YIELD RIGHT-OF-WAY,2,1,0.0,0.0,0.0,0.0,0.0,2.0,8,7,5,05/11/2024,2024-05-11,08:24:00
04/25/2024 07:27:00 AM,3.0,2,1,6,6,1,3,3,0,1,2,UNABLE TO DETERMINE,2,1,0.0,0.0,0.0,0.0,0.0,2.0,7,5,4,04/25/2024,2024-04-25,07:27:00
01/13/2024 06:35:00 PM,5.0,5,4,6,5,1,4,1,0,1,2,IMPROPER TURNING/NO SIGNAL,2,1,0.0,0.0,0.0,0.0,0.0,3.0,18,7,1,01/13/2024,2024-01-13,18:35:00
08/02/2024 05:18:00 PM,5.0,2,1,4,5,1,3,1,1,1,3,DRIVING SKILLS/KNOWLEDGE/EXPERIENCE,2,1,0.0,0.0,0.0,0.0,0.0,2.0,17,6,8,08/02/2024,2024-08-02,17:18:00
03/08/2024 06:40:00 PM,5.0,2,1,6,5,1,1,1,0,1,2,UNABLE TO DETERMINE,2,1,0.0,0.0,0.0,0.0,0.0,2.0,18,6,3,03/08/2024,2024-03-08,18:40:00
06/28/2024 02:45:00 PM,5.0,2,1,3,6,1,3,3,0,1,3,FAILING TO YIELD RIGHT-OF-WAY,2,1,0.0,0.0,0.0,0.0,0.0,2.0,14,6,6,06/28/2024,2024-06-28,14:45:00
05/29/2024 11:40:00 AM,5.0,2,1,6,5,1,3,3,1,1,3,DRIVING ON WRONG SIDE/WRONG WAY,2,1,0.0,0.0,0.0,0.0,0.0,2.0,11,4,5,05/29/2024,2024-05-29,11:40:00
08/02/2024 05:30:00 PM,5.0,2,1,5,6,1,3,3,1,1,3,UNABLE TO DETERMINE,2,1,0.0,0.0,0.0,0.0,0.0,4.0,17,6,8,08/02/2024,2024-08-02,17:30:00
06/26/2024 12:41:00 PM,7.0,2,1,2,5,1,3,3,0,1,3,UNABLE TO DETERMINE,2,1,0.0,0.0,0.0,0.0,0.0,2.0,12,4,6,06/26/2024,2024-06-26,12:41:00
03/08/2024 05:20:00 PM,1.0,2,1,4,6,1,1,1,0,0,1,UNABLE TO DETERMINE,2,1,0.0,0.0,0.0,0.0,0.0,2.0,17,6,3,03/08/2024,2024-03-08,17:20:00
04/25/2024 02:20:00 AM,5.0,2,4,5,5,1,3,3,1,1,3,DISREGARDING TRAFFIC SIGNALS,2,2,1.0,0.0,0.0,0.0,1.0,2.0,2,5,4,04/25/2024,2024-04-25,02:20:00
01/05/2024 07:45:00 AM,5.0,2,1,4,6,1,3,1,0,1,2,UNABLE TO DETERMINE,2,1,0.0,0.0,0.0,0.0,0.0,2.0,7,6,1,01/05/2024,2024-01-05,07:45:00
02/23/2024 10:48:00 PM,5.0,5,4,6,6,1,4,3,1,1,3,FAILING TO YIELD RIGHT-OF-WAY,2,1,0.0,0.0,0.0,0.0,0.0,2.0,22,6,2,02/23/2024,2024-02-23,22:48:00
08/09/2024 06:00:00 PM,5.0,2,1,6,5,1,3,1,0,1,2,DRIVING SKILLS/KNOWLEDGE/EXPERIENCE,2,1,0.0,0.0,0.0,0.0,0.0,2.0,18,6,8,08/09/2024,2024-08-09,18:00:00
04/29/2024 07:55:00 AM,7.0,4,1,5,5,1,4,3,1,1,3,FAILING TO YIELD RIGHT-OF-WAY,2,4,1.0,0.0,1.0,0.0,0.0,3.0,7,2,4,04/29/2024,2024-04-29,07:55:00
01/19/2024 08:45:00 AM,5.0,5,1,6,18,1,5,1,0,1,3,UNABLE TO DETERMINE,2,1,0.0,0.0,0.0,0.0,0.0,2.0,8,6,1,01/19/2024,2024-01-19,08:45:00
03/26/2024 06:40:00 PM,5.0,4,3,13,13,1,4,1,1,1,3,FAILING TO REDUCE SPEED TO AVOID CRASH,2,3,1.0,0.0,0.0,1.0,0.0,1.0,18,3,3,03/26/2024,2024-03-26,18:40:00
01/14/2024 03:54:00 AM,3.0,3,4,11,10,1,5,3,0,1,3,WEATHER,2,1,0.0,0.0,0.0,0.0,0.0,4.0,3,1,1,01/14/2024,2024-01-14,03:54:00
07/08/2024 09:35:00 AM,5.0,2,1,6,3,1,3,3,0,1,2,IMPROPER TURNING/NO SIGNAL,2,1,0.0,0.0,0.0,0.0,0.0,3.0,9,2,7,07/08/2024,2024-07-08,09:35:00
01/22/2024 02:30:00 PM,5.0,2,1,6,5,1,1,1,0,1,3,UNABLE TO DETERMINE,2,1,0.0,0.0,0.0,0.0,0.0,2.0,14,2,1,01/22/2024,2024-01-22,14:30:00
05/07/2024 02:50:00 PM,7.0,4,1,5,5,1,4,3,1,1,3,UNABLE TO DETERMINE,2,1,0.0,0.0,0.0,0.0,0.0,2.0,14,3,5,05/07/2024,2024-05-07,14:50:00
02/21/2024 06:37:00 PM,3.0,2,1,5,6,1,3,3,0,1,3,FAILING TO YIELD RIGHT-OF-WAY,2,1,0.0,0.0,0.0,0.0,0.0,2.0,18,4,2,02/21/2024,2024-02-21,18:37:00
04/18/2024 06:00:00 AM,5.0,2,4,6,5,1,3,3,0,1,3,FAILING TO YIELD RIGHT-OF-WAY,2,1,0.0,0.0,0.0,0.0,0.0,3.0,6,5,4,04/18/2024,2024-04-18,06:00:00
04/01/2024 03:21:00 AM,5.0,4,4,6,7,1,4,3,0,1,3,WEATHER,2,1,0.0,0.0,0.0,0.0,0.0,2.0,3,2,4,04/01/2024,2024-04-01,03:21:00
06/29/2024 11:29:00 PM,5.0,2,3,6,5,1,1,1,1,1,3,FAILING TO YIELD RIGHT-OF-WAY,2,1,0.0,0.0,0.0,0.0,0.0,2.0,23,7,6,06/29/2024,2024-06-29,23:29:00
07/27/2024 10:00:00 AM,5.0,2,1,3,2,2,3,1,0,1,3,DRIVING SKILLS/KNOWLEDGE/EXPERIENCE,2,1,0.0,0.0,0.0,0.0,0.0,3.0,10,7,7,07/27/2024,2024-07-27,10:00:00
02/05/2024 07:03:00 PM,5.0,2,4,3,6,1,1,1,0,1,3,FAILING TO YIELD RIGHT-OF-WAY,2,1,0.0,0.0,0.0,0.0,0.0,2.0,19,2,2,02/05/2024,2024-02-05,19:03:00
08/05/2024 07:40:00 PM,7.0,2,4,4,5,1,3,3,1,1,3,FOLLOWING TOO CLOSELY,2,3,1.0,0.0,0.0,1.0,0.0,1.0,19,2,8,08/05/2024,2024-08-05,19:40:00
06/03/2024 12:27:00 AM,3.0,2,4,11,10,1,3,3,1,0,3,IMPROPER LANE USAGE,2,3,1.0,0.0,0.0,1.0,0.0,1.0,0,2,6,06/03/2024,2024-06-03,00:27:00
04/29/2024 05:00:00 PM,7.0,2,1,6,5,1,3,3,1,1,3,FAILING TO YIELD RIGHT-OF-WAY,2,3,1.0,0.0,0.0,1.0,0.0,5.0,17,2,4,04/29/2024,2024-04-29,17:00:00
07/06/2024 04:42:00 PM,3.0,2,1,6,5,1,3,3,1,1,3,FAILING TO YIELD RIGHT-OF-WAY,2,1,0.0,0.0,0.0,0.0,0.0,3.0,16,7,7,07/06/2024,2024-07-06,16:42:00
01/25/2024 08:10:00 PM,5.0,4,4,13,5,1,4,3,1,1,1,FAILING TO YIELD RIGHT-OF-WAY,2,3,1.0,0.0,0.0,1.0,0.0,1.0,20,5,1,01/25/2024,2024-01-25,20:10:00
03/04/2024 06:20:00 AM,8.0,2,1,6,5,1,3,3,0,0,2,DRIVING SKILLS/KNOWLEDGE/EXPERIENCE,2,1,0.0,0.0,0.0,0.0,0.0,2.0,6,2,3,03/04/2024,2024-03-04,06:20:00
01/24/2024 06:35:00 PM,5.0,4,5,6,6,1,4,1,0,1,2,UNABLE TO DETERMINE,2,1,0.0,0.0,0.0,0.0,0.0,2.0,18,4,1,01/24/2024,2024-01-24,18:35:00
05/12/2024 12:30:00 AM,5.0,2,4,4,1,1,3,3,0,1,3,FOLLOWING TOO CLOSELY,2,1,0.0,0.0,0.0,0.0,0.0,2.0,0,1,5,05/12/2024,2024-05-12,00:30:00
06/04/2024 09:25:00 AM,3.0,2,1,4,6,1,3,3,0,1,2,UNABLE TO DETERMINE,2,1,0.0,0.0,0.0,0.0,0.0,3.0,9,3,6,06/04/2024,2024-06-04,09:25:00
04/09/2024 04:55:00 PM,7.0,2,1,5,5,1,3,3,1,1,3,FAILING TO REDUCE SPEED TO AVOID CRASH,2,4,2.0,0.0,1.0,1.0,0.0,0.0,16,3,4,04/09/2024,2024-04-09,16:55:00