crash_date,traffic_control_device,weather_condition,lighting_condition,first_crash_type,trafficway_type,alignment,roadway_surface_cond,road_defect,crash_type,intersection_related_i,damage,prim_contributory_cause,num_units,most_severe_injury,injuries_total,injuries_fatal,injuries_incapacitating,injuries_non_incapacitating,injuries_reported_not_evident,injuries_no_indication,crash_hour,crash_day_of_week,crash_month,parsed_datetime,date,time
08/12/2024 07:55:00 AM,5.0,2,1,6,3,1,3,3,0,1,3,FOLLOWING TOO CLOSELY,2,1,0.0,0.0,0.0,0.0,0.0,2.0,7,2,8,08/12/2024,2024-08-12,07:55:00
03/09/2024 06:38:00 PM,7.0,2,4,5,6,1,3,3,1,1,3,UNABLE TO DETERMINE,2,4,1.0,0.0,1.0,0.0,0.0,1.0,18,7,3,03/09/2024,2024-03-09,18:38:00
06/02/2024 01:00:00 AM,5.0,2,3,4,6,1,3,3,0,1,2,FOLLOWING TOO CLOSELY,2,1,0.0,0.0,0.0,0.0,0.0,2.0,1,1,6,06/02/2024,2024-06-02,01:00:00
07/21/2024 12:30:00 PM,5.0,2,1,5,6,1,3,3,1,1,3,DISREGARDING TRAFFIC SIGNALS,2,1,0.0,0.0,0.0,0.0,0.0,3.0,12,1,7,07/21/2024,2024-07-21,12:30:00
07/02/2024 09:24:00 PM,5.0,2,4,4,5,1,3,3,0,1,3,FOLLOWING TOO CLOSELY,2,1,0.0,0.0,0.0,0.0,0.0,4.0,21,3,7,07/02/2024,2024-07-02,21:24:00
07/26/2024 01:15:00 PM,5.0,2,1,3,6,1,3,3,0,1,3,IMPROPER LANE USAGE,2,1,0.0,0.0,0.0,0.0,0.0,4.0,13,6,7,07/26/2024,2024-07-26,13:15:00
05/31/2024 10:42:00 AM,1.0,2,1,3,1,1,1,1,1,0,3,UNABLE TO DETERMINE,2,1,0.0,0.0,0.0,0.0,0.0,3.0,10,6,5,05/31/2024,2024-05-31,10:42:00
01/02/2024 01:05:00 PM,7.0,2,1,5,7,1,3,3,1,1,3,UNABLE TO DETERMINE,2,3,2.0,0.0,0.0,2.0,0.0,0.0,13,3,1,01/02/2024,2024-01-02,13:05:00
05/24/2024 07:45:00 PM,5.0,2,4,8,4,1,3,3,0,1,2,DRIVING SKILLS/KNOWLEDGE/EXPERIENCE,2,1,0.0,0.0,0.0,0.0,0.0,2.0,19,6,5,05/24/2024,2024-05-24,19:45:00
01/21/2024 03:04:00 PM,7.0,2,1,2,10,1,5,3,0,1,3,UNABLE TO DETERMINE,2,1,0.0,0.0,0.0,0.0,0.0,2.0,15,1,1,01/21/2024,2024-01-21,15:04:00
04/12/2024 06:10:00 PM,5.0,2,1,5,1,1,3,3,1,1,3,DISREGARDING TRAFFIC SIGNALS,2,1,0.0,0.0,0.0,0.0,0.0,2.0,18,6,4,04/12/2024,2024-04-12,18:10:00
06/29/2024 11:41:00 PM,5.0,2,4,14,5,1,3,3,1,1,1,UNABLE TO DETERMINE,2,3,1.0,0.0,0.0,1.0,0.0,2.0,23,7,6,06/29/2024,2024-06-29,23:41:00
07/28/2024 02:00:00 PM,5.0,2,1,14,5,1,3,3,0,1,3,UNABLE TO DETERMINE,2,1,0.0,0.0,0.0,0.0,0.0,2.0,14,1,7,07/28/2024,2024-07-28,14:00:00
02/08/2024 05:41:00 PM,3.0,2,4,5,5,1,3,3,1,1,3,DRIVING ON WRONG SIDE/WRONG WAY,2,1,0.0,0.0,0.0,0.0,0.0,2.0,17,5,2,02/08/2024,2024-02-08,17:41:00
07/27/2024 08:21:00 PM,3.0,2,3,4,4,1,3,3,0,0,1,FAILING TO REDUCE SPEED TO AVOID CRASH,2,1,0.0,0.0,0.0,0.0,0.0,2.0,20,7,7,07/27/2024,2024-07-27,20:21:00
01/09/2024 06:44:00 AM,5.0,5,1,13,4,1,5,3,1,0,3,UNABLE TO DETERMINE,2,3,1.0,0.0,0.0,1.0,0.0,1.0,6,3,1,01/09/2024,2024-01-09,06:44:00
05/16/2024 12:03:00 AM,5.0,2,4,6,5,1,3,3,1,1,3,DISREGARDING TRAFFIC SIGNALS,2,3,2.0,0.0,0.0,1.0,1.0,3.0,0,5,5,05/16/2024,2024-05-16,00:03:00
02/17/2024 11:23:00 AM,5.0,2,1,4,5,1,3,1,0,1,3,UNABLE TO DETERMINE,2,1,0.0,0.0,0.0,0.0,0.0,3.0,11,7,2,02/17/2024,2024-02-17,11:23:00
03/11/2024 06:00:00 PM,5.0,2,1,5,5,1,3,3,0,1,1,FAILING TO YIELD RIGHT-OF-WAY,2,1,0.0,0.0,0.0,0.0,0.0,2.0,18,2,3,03/11/2024,2024-03-11,18:00:00
07/20/2024 03:40:00 PM,7.0,2,1,6,4,1,3,3,0,1,3,NOT APPLICABLE,2,1,0.0,0.0,0.0,0.0,0.0,2.0,15,7,7,07/20/2024,2024-07-20,15:40:00
08/01/2024 10:37:00 PM,7.0,4,4,5,6,1,4,3,1,1,3,DISREGARDING STOP SIGN,2,2,1.0,0.0,0.0,0.0,1.0,1.0,22,5,8,08/01/2024,2024-08-01,22:37:00
02/28/2024 11:28:00 AM,7.0,2,1,5,9,1,3,3,1,1,3,"VISION OBSCURED (SIGNS, TREE LIMBS, BUILDINGS, ETC.)",2,3,1.0,0.0,0.0,1.0,0.0,2.0,11,4,2,02/28/2024,2024-02-28,11:28:00
01/28/2024 03:38:00 PM,5.0,3,1,6,5,1,3,3,1,1,3,FAILING TO YIELD RIGHT-OF-WAY,2,3,1.0,0.0,0.0,1.0,0.0,1.0,15,1,1,01/28/2024,2024-01-28,15:38:00
01/10/2024 10:11:00 AM,5.0,7,4,6,10,1,4,3,0,1,3,IMPROPER OVERTAKING/PASSING,2,1,0.0,0.0,0.0,0.0,0.0,3.0,10,4,1,01/10/2024,2024-01-10,10:11:00
01/04/2024 03:29:00 PM,5.0,2,1,6,5,1,3,3,0,1,3,DRIVING SKILLS/KNOWLEDGE/EXPERIENCE,2,1,0.0,0.0,0.0,0.0,0.0,2.0,15,5,1,01/04/2024,2024-01-04,15:29:00
01/31/2024 05:10:00 AM,5.0,2,4,6,6,1,3,3,1,1,3,IMPROPER TURNING/NO SIGNAL,2,1,0.0,0.0,0.0,0.0,0.0,2.0,5,4,1,01/31/2024,2024-01-31,05:10:00
02/20/2024 06:06:00 PM,7.0,2,4,5,7,1,3,3,1,1,3,FAILING TO YIELD RIGHT-OF-WAY,2,1,0.0,0.0,0.0,0.0,0.0,3.0,18,3,2,02/20/2024,2024-02-20,18:06:00
08/10/2024 05:15:00 AM,3.0,2,2,6,7,1,3,3,0,1,3,UNABLE TO DETERMINE,2,1,0.0,0.0,0.0,0.0,0.0,2.0,5,7,8,08/10/2024,2024-08-10,05:15:00
08/09/2024 11:40:00 AM,3.0,2,1,6,6,1,3,3,0,1,3,FOLLOWING TOO CLOSELY,2,1,0.0,0.0,0.0,0.0,0.0,2.0,11,6,8,08/09/2024,2024-08-09,11:40:00
07/14/2024 02:27:00 AM,5.0,4,4,6,5,1,4,3,0,1,3,UNABLE TO DETERMINE,2,1,0.0,0.0,0.0,0.0,0.0,2.0,2,1,7,07/14/2024,2024-07-14,02:27:00
06/04/2024 06:40:00 PM,5.0,2,1,5,5,1,3,3,0,1,2,FOLLOWING TOO CLOSELY,2,1,0.0,0.0,0.0,0.0,0.0,2.0,18,3,6,06/04/2024,2024-06-04,18:40:00
08/04/2024 08:10:00 PM,5.0,2,4,13,3,1,3,3,1,1,3,DISREGARDING TRAFFIC SIGNALS,2,3,1.0,0.0,0.0,1.0,0.0,1.0,20,1,8,08/04/2024,2024-08-04,20:10:00
06/05/2024 02:15:00 PM,7.0,2,1,5,5,1,1,1,1,1,3,DRIVING SKILLS/KNOWLEDGE/EXPERIENCE,2,3,1.0,0.0,0.0,1.0,0.0,1.0,14,4,6,06/05/2024,2024-06-05,14:15:00
05/01/2024 08:05:00 AM,7.0,2,1,5,5,1,3,3,0,1,3,DISREGARDING STOP SIGN,2,1,0.0,0.0,0.0,0.0,0.0,2.0,8,4,5,05/01/2024,2024-05-01,08:05:00
08/04/2024 06:15:00 AM,5.0,2,1,4,6,1,3,3,0,1,3,FOLLOWING TOO CLOSELY,2,1,0.0,0.0,0.0,0.0,0.0,2.0,6,1,8,08/04/2024,2024-08-04,06:15:00
07/13/2024 08:00:00 PM,5.0,2,1,6,5,1,3,3,0,1,3,FAILING TO YIELD RIGHT-OF-WAY,2,1,0.0,0.0,0.0,0.0,0.0,7.0,20,7,7,07/13/2024,2024-07-13,20:00:00
03/19/2024 08:51:00 AM,5.0,2,1,13,4,1,3,3,0,1,1,FAILING TO YIELD RIGHT-OF-WAY,2,1,0.0,0.0,0.0,0.0,0.0,2.0,8,3,3,03/19/2024,2024-03-19,08:51:00
05/08/2024 02:00:00 PM,7.0,2,1,6,7,1,3,1,1,1,3,UNABLE TO DETERMINE,2,2,1.0,0.0,0.0,0.0,1.0,1.0,14,4,5,05/08/2024,2024-05-08,14:00:00
02/21/2024 08:38:00 PM,5.0,2,4,6,6,1,3,3,0,1,3,UNABLE TO DETERMINE,2,1,0.0,0.0,0.0,0.0,0.0,3.0,20,4,2,02/21/2024,2024-02-21,20:38:00
06/28/2024 02:50:00 AM,5.0,2,4,5,5,1,3,3,1,1,3,DISREGARDING OTHER TRAFFIC SIGNS,2,3,1.0,0.0,0.0,1.0,0.0,1.0,2,6,6,06/28/2024,2024-06-28,02:50:00
06/29/2024 06:00:00 PM,5.0,2,1,14,5,1,3,1,0,1,1,NOT APPLICABLE,2,1,0.0,0.0,0.0,0.0,0.0,2.0,18,7,6,06/29/2024,2024-06-29,18:00:00
07/31/2024 11:13:00 AM,5.0,3,1,4,3,1,3,1,1,1,1,FOLLOWING TOO CLOSELY,2,2,1.0,0.0,0.0,0.0,1.0,1.0,11,4,7,07/31/2024,2024-07-31,11:13:00
01/13/2024 01:00:00 AM,5.0,5,4,4,5,1,5,3,0,1,3,UNABLE TO DETERMINE,2,1,0.0,0.0,0.0,0.0,0.0,2.0,1,7,1,01/13/2024,2024-01-13,01:00:00
02/20/2024 10:25:00 AM,5.0,2,1,6,5,1,3,3,0,1,3,IMPROPER TURNING/NO SIGNAL,2,1,0.0,0.0,0.0,0.0,0.0,2.0,10,3,2,02/20/2024,2024-02-20,10:25:00
06/20/2024 07:48:00 AM,5.0,2,1,6,5,1,3,3,1,1,3,IMPROPER TURNING/NO SIGNAL,2,1,0.0,0.0,0.0,0.0,0.0,3.0,7,5,6,06/20/2024,2024-06-20,07:48:00
05/31/2024 01:46:00 PM,5.0,2,1,6,4,1,3,3,1,1,3,FAILING TO YIELD RIGHT-OF-WAY,2,3,1.0,0.0,0.0,1.0,0.0,4.0,13,6,5,05/31/2024,2024-05-31,13:46:00
03/16/2024 04:15:00 PM,7.0,2,1,6,5,1,3,3,0,1,3,UNABLE TO DETERMINE,2,1,0.0,0.0,0.0,0.0,0.0,2.0,16,7,3,03/16/2024,2024-03-16,16:15:00
06/13/2024 04:00:00 PM,5.0,2,1,6,5,1,3,3,0,1,2,FAILING TO YIELD RIGHT-OF-WAY,2,1,0.0,0.0,0.0,0.0,0.0,2.0,16,5,6,06/13/2024,2024-06-13,16:00:00
03/16/2024 03:45:00 AM,5.0,2,4,4,3,1,3,1,0,1,3,UNABLE TO DETERMINE,2,1,0.0,0.0,0.0,0.0,0.0,2.0,3,7,3,03/16/2024,2024-03-16,03:45:00
02/15/2024 01:30:00 PM,5.0,2,1,6,2,1,3,3,0,1,3,IMPROPER LANE USAGE,2,1,0.0,0.0,0.0,0.0,0.0,2.0,13,5,2,02/15/2024,2024-02-15,13:30:00
06/12/2024 12:00:00 AM,5.0,2,4,5,5,1,3,3,1,1,3,DRIVING SKILLS/KNOWLEDGE/EXPERIENCE,2,3,1.0,0.0,0.0,1.0,0.0,1.0,0,4,6,06/12/2024,2024-06-12,00:00:00
07/27/2024 04:50:00 PM,7.0,2,1,5,5,1,3,3,1,1,3,DISREGARDING STOP SIGN,2,1,0.0,0.0,0.0,0.0,0.0,3.0,16,7,7,07/27/2024,2024-07-27,16:50:00
03/11/2024 11:08:00 AM,3.0,2,1,6,1,1,3,1,0,0,3,DRIVING SKILLS/KNOWLEDGE/EXPERIENCE,2,1,0.0,0.0,0.0,0.0,0.0,3.0,11,2,3,03/11/2024,2024-03-11,11:08:00
07/27/2024 01:38:00 PM,5.0,2,1,6,4,1,3,3,0,1,3,FAILING TO YIELD RIGHT-OF-WAY,2,1,0.0,0.0,0.0,0.0,0.0,2.0,13,7,7,07/27/2024,2024-07-27,13:38:00
07/16/2024 08:35:00 AM,5.0,2,1,6,5,1,3,3,1,1,3,FAILING TO YIELD RIGHT-OF-WAY,2,2,1.0,0.0,0.0,0.0,1.0,1.0,8,3,7,07/16/2024,2024-07-16,08:35:00
02/01/2024 04:18:00 AM,7.0,2,4,5,5,1,3,3,1,1,3,FAILING TO YIELD RIGHT-OF-WAY,2,1,0.0,0.0,0.0,0.0,0.0,3.0,4,5,2,02/01/2024,2024-02-01,04:18:00
04/25/2024 04:00:00 PM,3.0,2,1,4,4,1,3,3,0,0,3,FOLLOWING TOO CLOSELY,2,1,0.0,0.0,0.0,0.0,0.0,2.0,16,5,4,04/25/2024,2024-04-25,16:00:00
05/08/2024 06:15:00 PM,5.0,2,1,4,4,1,3,3,0,1,3,FOLLOWING TOO CLOSELY,2,1,0.0,0.0,0.0,0.0,0.0,2.0,18,4,5,05/08/2024,2024-05-08,18:15:00
02/15/2024 04:44:00 PM,7.0,2,1,13,6,1,3,3,1,1,3,FAILING TO YIELD RIGHT-OF-WAY,2,3,1.0,0.0,0.0,1.0,0.0,1.0,16,5,2,02/15/2024,2024-02-15,16:44:00
07/25/2024 08:30:00 PM,3.0,2,3,5,6,1,3,3,0,1,3,"VISION OBSCURED (SIGNS, TREE LIMBS, BUILDINGS, ETC.)",2,1,0.0,0.0,0.0,0.0,0.0,2.0,20,5,7,07/25/2024,2024-07-25,20:30:00
05/26/2024 03:30:00 PM,7.0,2,1,5,6,1,3,3,1,1,3,FAILING TO YIELD RIGHT-OF-WAY,2,2,1.0,0.0,0.0,0.0,1.0,1.0,15,1,5,05/26/2024,2024-05-26,15:30:00
04/10/2024 03:35:00 PM,3.0,2,1,4,1,1,3,3,1,1,3,DISTRACTION - FROM INSIDE VEHICLE,2,3,1.0,0.0,0.0,1.0,0.0,4.0,15,4,4,04/10/2024,2024-04-10,15:35:00
08/04/2024 02:18:00 PM,7.0,2,1,6,6,1,3,3,1,1,3,FAILING TO YIELD RIGHT-OF-WAY,2,1,0.0,0.0,0.0,0.0,0.0,2.0,14,1,8,08/04/2024,2024-08-04,14:18:00
07/07/2024 05:05:00 PM,7.0,4,1,5,5,1,4,1,1,1,3,FAILING TO YIELD RIGHT-OF-WAY,2,3,2.0,0.0,0.0,1.0,1.0,0.0,17,1,7,07/07/2024,2024-07-07,17:05:00
02/26/2024 06:30:00 PM,3.0,2,4,4,4,1,3,3,1,1,3,"OPERATING VEHICLE IN ERRATIC, RECKLESS, CARELESS, NEGLIGENT OR AGGRESSIVE MANNER",2,1,0.0,0.0,0.0,0.0,0.0,3.0,18,2,2,02/26/2024,2024-02-26,18:30:00
01/03/2024 05:31:00 AM,5.0,4,4,6,5,1,4,3,0,1,3,WEATHER,2,1,0.0,0.0,0.0,0.0,0.0,2.0,5,4,1,01/03/2024,2024-01-03,05:31:00
07/01/2024 08:09:00 AM,3.0,2,1,6,5,1,3,3,1,1,3,IMPROPER TURNING/NO SIGNAL,2,1,0.0,0.0,0.0,0.0,0.0,2.0,8,2,7,07/01/2024,2024-07-01,08:09:00
01/22/2024 09:50:00 AM,5.0,2,1,4,10,1,4,3,0,1,2,FOLLOWING TOO CLOSELY,2,1,0.0,0.0,0.0,0.0,0.0,2.0,9,2,1,01/22/2024,2024-01-22,09:50:00
07/30/2024 01:00:00 PM,5.0,2,1,6,6,1,3,3,0,1,2,NOT APPLICABLE,2,1,0.0,0.0,0.0,0.0,0.0,2.0,13,3,7,07/30/2024,2024-07-30,13:00:00
06/13/2024 04:29:00 PM,3.0,2,1,6,6,1,3,1,0,1,2,IMPROPER TURNING/NO SIGNAL,2,1,0.0,0.0,0.0,0.0,0.0,2.0,16,5,6,06/13/2024,2024-06-13,16:29:00
06/03/2024 11:58:00 AM,5.0,2,1,6,9,1,3,3,1,1,3,UNABLE TO DETERMINE,2,3,1.0,0.0,0.0,1.0,0.0,3.0,11,2,6,06/03/2024,2024-06-03,11:58:00
05/20/2024 08:12:00 PM,5.0,2,4,5,4,1,1,1,1,1,3,DISREGARDING TRAFFIC SIGNALS,2,1,0.0,0.0,0.0,0.0,0.0,2.0,20,2,5,05/20/2024,2024-05-20,20:12:00
08/12/2024 09:32:00 PM,5.0,2,4,14,3,1,3,3,1,1,3,DISREGARDING TRAFFIC SIGNALS,2,3,1.0,0.0,0.0,1.0,0.0,1.0,21,2,8,08/12/2024,2024-08-12,21:32:00
04/22/2024 01:54:00 PM,5.0,2,1,5,5,1,3,3,1,1,3,DISREGARDING TRAFFIC SIGNALS,2,3,1.0,0.0,0.0,1.0,0.0,1.0,13,2,4,04/22/2024,2024-04-22,13:54:00
05/16/2024 06:15:00 AM,3.0,2,1,6,6,1,3,3,0,1,3,UNABLE TO DETERMINE,2,1,0.0,0.0,0.0,0.0,0.0,2.0,6,5,5,05/16/2024,2024-05-16,06:15:00
03/11/2024 04:04:00 PM,5.0,2,1,4,14,1,3,3,0,1,1,FOLLOWING TOO CLOSELY,2,1,0.0,0.0,0.0,0.0,0.0,2.0,16,2,3,03/11/2024,2024-03-11,16:04:00
08/09/2024 06:45:00 AM,5.0,2,1,6,6,1,3,3,0,1,2,IMPROPER BACKING,2,1,0.0,0.0,0.0,0.0,0.0,2.0,6,6,8,08/09/2024,2024-08-09,06:45:00
01/26/2024 03:10:00 AM,7.0,4,4,6,6,1,4,3,0,1,3,DISREGARDING STOP SIGN,2,1,0.0,0.0,0.0,0.0,0.0,2.0,3,6,1,01/26/2024,2024-01-26,03:10:00
04/30/2024 12:45:00 PM,3.0,2,1,6,5,1,3,3,0,1,3,FAILING TO YIELD RIGHT-OF-WAY,2,1,0.0,0.0,0.0,0.0,0.0,2.0,12,3,4,04/30/2024,2024-04-30,12:45:00
08/12/2024 04:06:00 AM,5.0,2,4,5,5,1,3,3,1,1,3,DISREGARDING TRAFFIC SIGNALS,2,1,0.0,0.0,0.0,0.0,0.0,5.0,4,2,8,08/12/2024,2024-08-12,04:06:00
04/28/2024 07:00:00 PM,5.0,2,1,6,5,1,3,3,0,1,3,"VISION OBSCURED (SIGNS, TREE LIMBS, BUILDINGS, ETC.)",2,1,0.0,0.0,0.0,0.0,0.0,2.0,19,1,4,04/28/2024,2024-04-28,19:00:00
03/08/2024 04:36:00 PM,7.0,4,1,5,5,1,4,3,1,1,3,FAILING TO YIELD RIGHT-OF-WAY,2,1,0.0,0.0,0.0,0.0,0.0,2.0,16,6,3,03/08/2024,2024-03-08,16:36:00
03/23/2024 09:00:00 PM,7.0,2,4,5,6,1,3,3,0,1,3,FAILING TO YIELD RIGHT-OF-WAY,2,1,0.0,0.0,0.0,0.0,0.0,2.0,21,7,3,03/23/2024,2024-03-23,21:00:00
04/13/2024 03:10:00 PM,5.0,2,1,5,1,1,1,1,1,1,3,DISREGARDING TRAFFIC SIGNALS,2,1,0.0,0.0,0.0,0.0,0.0,2.0,15,7,4,04/13/2024,2024-04-13,15:10:00
08/08/2024 11:40:00 AM,5.0,2,1,5,5,1,3,3,1,1,3,FAILING TO YIELD RIGHT-OF-WAY,2,1,0.0,0.0,0.0,0.0,0.0,3.0,11,5,8,08/08/2024,2024-08-08,11:40:00
06/03/2024 05:25:00 PM,5.0,2,1,6,5,1,3,3,0,1,3,IMPROPER TURNING/NO SIGNAL,2,1,0.0,0.0,0.0,0.0,0.0,2.0,17,2,6,06/03/2024,2024-06-03,17:25:00
05/07/2024 10:13:00 AM,5.0,4,1,5,4,1,4,3,1,1,3,DISREGARDING TRAFFIC SIGNALS,2,3,1.0,0.0,0.0,1.0,0.0,1.0,10,3,5,05/07/2024,2024-05-07,10:13:00
01/24/2024 04:00:00 PM,5.0,2,1,6,6,1,3,3,0,1,3,IMPROPER OVERTAKING/PASSING,2,1,0.0,0.0,0.0,0.0,0.0,2.0,16,4,1,01/24/2024,2024-01-24,16:00:00
06/14/2024 11:14:00 PM,5.0,2,4,5,5,1,3,3,1,1,3,UNABLE TO DETERMINE,2,3,2.0,0.0,0.0,2.0,0.0,3.0,23,6,6,06/14/2024,2024-06-14,23:14:00
05/26/2024 02:08:00 PM,5.0,4,1,4,6,1,4,3,0,1,2,FOLLOWING TOO CLOSELY,2,1,0.0,0.0,0.0,0.0,0.0,2.0,14,1,5,05/26/2024,2024-05-26,14:08:00
08/05/2024 09:25:00 PM,5.0,2,5,5,5,1,3,3,1,1,3,UNABLE TO DETERMINE,2,2,1.0,0.0,0.0,0.0,1.0,2.0,21,2,8,08/05/2024,2024-08-05,21:25:00
01/17/2024 09:18:00 AM,5.0,2,1,5,5,1,3,3,1,1,3,DISREGARDING TRAFFIC SIGNALS,2,3,1.0,0.0,0.0,1.0,0.0,2.0,9,4,1,01/17/2024,2024-01-17,09:18:00
07/20/2024 02:30:00 AM,5.0,2,4,6,5,1,3,3,0,1,3,FOLLOWING TOO CLOSELY,2,1,0.0,0.0,0.0,0.0,0.0,2.0,2,7,7,07/20/2024,2024-07-20,02:30:00
03/22/2024 10:50:00 PM,7.0,2,4,10,5,1,3,3,0,1,2,DISREGARDING STOP SIGN,2,1,0.0,0.0,0.0,0.0,0.0,2.0,22,6,3,03/22/2024,2024-03-22,22:50:00
01/01/2024 03:58:00 AM,5.0,5,4,5,5,1,4,3,0,1,3,DISREGARDING TRAFFIC SIGNALS,2,1,0.0,0.0,0.0,0.0,0.0,3.0,3,2,1,01/01/2024,2024-01-01,03:58:00
04/30/2024 06:31:00 PM,5.0,2,1,5,5,1,3,3,1,1,3,UNABLE TO DETERMINE,2,1,0.0,0.0,0.0,0.0,0.0,2.0,18,3,4,04/30/2024,2024-04-30,18:31:00
01/06/2024 02:29:00 PM,5.0,5,1,4,6,1,4,3,0,1,3,UNABLE TO DETERMINE,2,1,0.0,0.0,0.0,0.0,0.0,2.0,14,7,1,01/06/2024,2024-01-06,14:29:00
05/18/2024 08:44:00 PM,7.0,2,5,4,4,1,3,1,0,1,1,FOLLOWING TOO CLOSELY,2,1,0.0,0.0,0.0,0.0,0.0,4.0,20,7,5,05/18/2024,2024-05-18,20:44:00
02/20/2024 09:15:00 PM,5.0,2,4,3,5,1,1,1,0,1,3,UNABLE TO DETERMINE,2,1,0.0,0.0,0.0,0.0,0.0,2.0,21,3,2,02/20/2024,2024-02-20,21:15:00
01/25/2024 04:40:00 AM,5.0,4,5,4,5,1,4,1,0,1,3,FOLLOWING TOO CLOSELY,2,1,0.0,0.0,0.0,0.0,0.0,2.0,4,5,1,01/25/2024,2024-01-25,04:40:00
05/15/2024 11:50:00 AM,5.0,2,1,6,5,1,3,3,1,1,3,FAILING TO YIELD RIGHT-OF-WAY,2,3,2.0,0.0,0.0,2.0,0.0,1.0,11,4,5,05/15/2024,2024-05-15,11:50:00
01/08/2024 02:30:00 PM,5.0,3,1,5,5,1,1,1,1,1,3,DRIVING SKILLS/KNOWLEDGE/EXPERIENCE,2,1,0.0,0.0,0.0,0.0,0.0,3.0,14,2,1,01/08/2024,2024-01-08,14:30:00
04/01/2024 03:40:00 PM,3.0,2,1,4,7,1,3,3,0,1,2,UNABLE TO DETERMINE,2,1,0.0,0.0,0.0,0.0,0.0,2.0,15,2,4,04/01/2024,2024-04-01,15:40:00
04/30/2024 04:30:00 PM,3.0,2,1,3,10,1,3,3,0,1,3,IMPROPER OVERTAKING/PASSING,2,1,0.0,0.0,0.0,0.0,0.0,2.0,16,3,4,04/30/2024,2024-04-30,16:30:00
01/14/2024 06:50:00 PM,7.0,2,4,5,6,1,1,1,0,1,3,UNABLE TO DETERMINE,2,1,0.0,0.0,0.0,0.0,0.0,2.0,18,1,1,01/14/2024,2024-01-14,18:50:00
06/23/2024 07:14:00 PM,5.0,2,1,6,5,1,3,3,1,1,3,UNABLE TO DETERMINE,2,2,1.0,0.0,0.0,0.0,1.0,4.0,19,1,6,06/23/2024,2024-06-23,19:14:00
03/25/2024 02:20:00 PM,5.0,1,1,6,6,1,3,1,0,1,3,NOT APPLICABLE,2,1,0.0,0.0,0.0,0.0,0.0,2.0,14,2,3,03/25/2024,2024-03-25,14:20:00
07/04/2024 10:59:00 PM,5.0,2,4,6,4,1,3,3,0,1,3,FOLLOWING TOO CLOSELY,2,1,0.0,0.0,0.0,0.0,0.0,2.0,22,5,7,07/04/2024,2024-07-04,22:59:00
04/09/2024 04:45:00 PM,5.0,2,1,3,6,1,3,3,0,1,3,IMPROPER LANE USAGE,2,1,0.0,0.0,0.0,0.0,0.0,2.0,16,3,4,04/09/2024,2024-04-09,16:45:00
07/04/2024 04:56:00 PM,3.0,2,1,9,2,1,3,3,1,1,3,DRIVING ON WRONG SIDE/WRONG WAY,2,1,0.0,0.0,0.0,0.0,0.0,6.0,16,5,7,07/04/2024,2024-07-04,16:56:00
01/18/2024 06:29:00 PM,6.0,2,5,4,5,1,3,3,1,1,3,FOLLOWING TOO CLOSELY,2,2,2.0,0.0,0.0,0.0,2.0,1.0,18,5,1,01/18/2024,2024-01-18,18:29:00
06/10/2024 05:11:00 PM,7.0,2,1,5,5,1,3,3,0,1,3,FAILING TO YIELD RIGHT-OF-WAY,2,1,0.0,0.0,0.0,0.0,0.0,7.0,17,2,6,06/10/2024,2024-06-10,17:11:00
05/12/2024 04:51:00 AM,5.0,2,2,6,6,1,3,3,1,0,3,IMPROPER TURNING/NO SIGNAL,2,2,1.0,0.0,0.0,0.0,1.0,1.0,4,1,5,05/12/2024,2024-05-12,04:51:00
03/02/2024 12:00:00 PM,1.0,2,1,6,5,1,1,1,0,1,3,UNABLE TO DETERMINE,2,1,0.0,0.0,0.0,0.0,0.0,2.0,12,7,3,03/02/2024,2024-03-02,12:00:00
03/19/2024 06:20:00 AM,5.0,2,2,4,7,1,3,3,0,1,3,DISTRACTION - FROM INSIDE VEHICLE,2,1,0.0,0.0,0.0,0.0,0.0,2.0,6,3,3,03/19/2024,2024-03-19,06:20:00
02/29/2024 03:50:00 PM,5.0,2,1,6,5,1,3,3,0,1,3,IMPROPER TURNING/NO SIGNAL,2,1,0.0,0.0,0.0,0.0,0.0,2.0,15,5,2,02/29/2024,2024-02-29,15:50:00
07/25/2024 07:15:00 AM,7.0,2,1,13,7,1,3,3,1,1,1,FAILING TO YIELD RIGHT-OF-WAY,2,3,1.0,0.0,0.0,1.0,0.0,1.0,7,5,7,07/25/2024,2024-07-25,07:15:00
03/09/2024 02:30:00 AM,5.0,2,4,4,10,1,3,3,1,1,3,FAILING TO REDUCE SPEED TO AVOID CRASH,2,2,2.0,0.0,0.0,0.0,2.0,1.0,2,7,3,03/09/2024,2024-03-09,02:30:00
05/01/2024 12:40:00 PM,5.0,2,1,6,5,1,3,3,0,1,3,IMPROPER OVERTAKING/PASSING,2,1,0.0,0.0,0.0,0.0,0.0,2.0,12,4,5,05/01/2024,2024-05-01,12:40:00
05/25/2024 12:00:00 PM,5.0,2,1,6,4,1,1,1,0,1,3,UNABLE TO DETERMINE,2,1,0.0,0.0,0.0,0.0,0.0,2.0,12,7,5,05/25/2024,2024-05-25,12:00:00
05/20/2024 01:00:00 PM,5.0,3,1,6,6,1,3,3,1,1,3,UNABLE TO DETERMINE,2,2,1.0,0.0,0.0,0.0,1.0,5.0,13,2,5,05/20/2024,2024-05-20,13:00:00
07/12/2024 05:08:00 PM,1.0,2,1,6,7,1,1,1,0,1,3,UNABLE TO DETERMINE,2,1,0.0,0.0,0.0,0.0,0.0,2.0,17,6,7,07/12/2024,2024-07-12,17:08:00