crash_date,traffic_control_device,weather_condition,lighting_condition,first_crash_type,trafficway_type,alignment,roadway_surface_cond,road_defect,crash_type,intersection_related_i,damage,prim_contributory_cause,num_units,most_severe_injury,injuries_total,injuries_fatal,injuries_incapacitating,injuries_non_incapacitating,injuries_reported_not_evident,injuries_no_indication,crash_hour,crash_day_of_week,crash_month,parsed_datetime,date,time
06/16/2024 02:00:00 PM,5.0,2,1,4,4,1,3,3,0,1,3,UNABLE TO DETERMINE,2,1,0.0,0.0,0.0,0.0,0.0,3.0,14,1,6,06/16/2024,2024-06-16,14:00:00
04/04/2024 12:30:00 AM,5.0,2,4,5,5,1,4,3,0,1,3,DISREGARDING TRAFFIC SIGNALS,2,1,0.0,0.0,0.0,0.0,0.0,2.0,0,5,4,04/04/2024,2024-04-04,00:30:00
01/22/2024 04:15:00 PM,5.0,4,1,3,4,1,4,3,0,1,3,UNABLE TO DETERMINE,2,1,0.0,0.0,0.0,0.0,0.0,2.0,16,2,1,01/22/2024,2024-01-22,16:15:00
02/29/2024 04:09:00 PM,5.0,2,1,4,4,1,3,3,0,1,3,IMPROPER LANE USAGE,2,1,0.0,0.0,0.0,0.0,0.0,4.0,16,5,2,02/29/2024,2024-02-29,16:09:00
02/27/2024 07:55:00 AM,5.0,4,1,6,5,1,4,3,1,1,3,UNABLE TO DETERMINE,2,2,2.0,0.0,0.0,0.0,2.0,3.0,7,3,2,02/27/2024,2024-02-27,07:55:00
05/30/2024 04:43:00 PM,7.0,2,1,6,6,1,3,3,0,1,2,FAILING TO YIELD RIGHT-OF-WAY,2,1,0.0,0.0,0.0,0.0,0.0,2.0,16,5,5,05/30/2024,2024-05-30,16:43:00
05/27/2024 12:00:00 PM,7.0,2,1,5,5,1,3,3,1,1,3,UNABLE TO DETERMINE,2,4,1.0,0.0,1.0,0.0,0.0,4.0,12,2,5,05/27/2024,2024-05-27,12:00:00
03/04/2024 06:34:00 PM,5.0,2,5,6,6,1,3,1,1,1,3,FAILING TO YIELD RIGHT-OF-WAY,2,4,1.0,0.0,1.0,0.0,0.0,1.0,18,2,3,03/04/2024,2024-03-04,18:34:00
07/31/2024 02:57:00 PM,5.0,2,1,6,5,1,3,3,1,1,3,UNABLE TO DETERMINE,2,1,0.0,0.0,0.0,0.0,0.0,2.0,14,4,7,07/31/2024,2024-07-31,14:57:00
01/24/2024 07:30:00 AM,5.0,4,1,4,5,1,6,3,1,1,3,UNABLE TO DETERMINE,2,1,0.0,0.0,0.0,0.0,0.0,5.0,7,4,1,01/24/2024,2024-01-24,07:30:00
04/26/2024 06:16:00 PM,5.0,4,1,6,5,1,4,3,0,1,3,FAILING TO YIELD RIGHT-OF-WAY,2,1,0.0,0.0,0.0,0.0,0.0,2.0,18,6,4,04/26/2024,2024-04-26,18:16:00
05/14/2024 09:40:00 PM,5.0,2,4,6,5,1,3,3,0,0,3,IMPROPER LANE USAGE,2,1,0.0,0.0,0.0,0.0,0.0,2.0,21,3,5,05/14/2024,2024-05-14,21:40:00
07/26/2024 05:03:00 PM,5.0,2,1,6,6,1,3,3,1,1,3,FAILING TO YIELD RIGHT-OF-WAY,2,1,0.0,0.0,0.0,0.0,0.0,2.0,17,6,7,07/26/2024,2024-07-26,17:03:00
03/31/2024 02:39:00 PM,7.0,2,1,5,5,1,3,1,1,1,2,UNABLE TO DETERMINE,2,2,1.0,0.0,0.0,0.0,1.0,4.0,14,1,3,03/31/2024,2024-03-31,14:39:00
06/19/2024 05:59:00 PM,7.0,2,1,11,5,1,3,3,0,1,3,UNABLE TO DETERMINE,2,1,0.0,0.0,0.0,0.0,0.0,1.0,17,4,6,06/19/2024,2024-06-19,17:59:00
08/12/2024 05:09:00 PM,5.0,2,1,5,5,1,3,1,1,1,3,UNABLE TO DETERMINE,2,2,1.0,0.0,0.0,0.0,1.0,2.0,17,2,8,08/12/2024,2024-08-12,17:09:00
02/07/2024 05:00:00 PM,5.0,2,1,4,1,1,1,1,0,1,3,UNABLE TO DETERMINE,2,1,0.0,0.0,0.0,0.0,0.0,2.0,17,4,2,02/07/2024,2024-02-07,17:00:00
07/16/2024 04:45:00 PM,1.0,2,1,4,1,1,3,1,0,1,3,UNABLE TO DETERMINE,2,1,0.0,0.0,0.0,0.0,0.0,2.0,16,3,7,07/16/2024,2024-07-16,16:45:00
05/29/2024 01:30:00 PM,5.0,2,1,6,5,1,1,1,0,1,2,UNABLE TO DETERMINE,2,1,0.0,0.0,0.0,0.0,0.0,2.0,13,4,5,05/29/2024,2024-05-29,13:30:00
03/04/2024 11:21:00 PM,5.0,4,4,10,5,1,4,3,1,1,3,DISREGARDING TRAFFIC SIGNALS,2,3,1.0,0.0,0.0,1.0,0.0,1.0,23,2,3,03/04/2024,2024-03-04,23:21:00
03/13/2024 08:00:00 AM,3.0,2,1,4,3,1,3,3,0,1,1,FOLLOWING TOO CLOSELY,2,1,0.0,0.0,0.0,0.0,0.0,2.0,8,4,3,03/13/2024,2024-03-13,08:00:00
04/15/2024 12:15:00 PM,5.0,2,1,4,6,1,3,3,0,1,2,FOLLOWING TOO CLOSELY,2,1,0.0,0.0,0.0,0.0,0.0,2.0,12,2,4,04/15/2024,2024-04-15,12:15:00
05/03/2024 01:45:00 PM,5.0,2,1,3,6,1,3,3,0,1,1,IMPROPER OVERTAKING/PASSING,2,1,0.0,0.0,0.0,0.0,0.0,2.0,13,6,5,05/03/2024,2024-05-03,13:45:00
05/29/2024 10:20:00 PM,7.0,2,4,5,3,1,3,3,1,1,3,FAILING TO REDUCE SPEED TO AVOID CRASH,2,2,1.0,0.0,0.0,0.0,1.0,1.0,22,4,5,05/29/2024,2024-05-29,22:20:00
06/30/2024 02:00:00 PM,7.0,2,1,5,5,1,3,1,1,1,3,FAILING TO YIELD RIGHT-OF-WAY,2,1,0.0,0.0,0.0,0.0,0.0,3.0,14,1,6,06/30/2024,2024-06-30,14:00:00
07/20/2024 01:10:00 PM,5.0,2,1,3,10,1,3,1,0,1,3,IMPROPER OVERTAKING/PASSING,2,1,0.0,0.0,0.0,0.0,0.0,2.0,13,7,7,07/20/2024,2024-07-20,13:10:00
08/12/2024 02:27:00 AM,5.0,2,4,6,7,1,3,3,1,1,3,DISREGARDING TRAFFIC SIGNALS,2,3,1.0,0.0,0.0,1.0,0.0,5.0,2,2,8,08/12/2024,2024-08-12,02:27:00
03/05/2024 12:00:00 AM,3.0,4,4,3,5,1,4,3,0,1,3,UNABLE TO DETERMINE,2,1,0.0,0.0,0.0,0.0,0.0,2.0,0,3,3,03/05/2024,2024-03-05,00:00:00
05/04/2024 07:45:00 PM,5.0,4,4,6,5,1,4,3,0,1,3,UNABLE TO DETERMINE,2,1,0.0,0.0,0.0,0.0,0.0,3.0,19,7,5,05/04/2024,2024-05-04,19:45:00
05/06/2024 11:51:00 AM,5.0,2,1,6,5,1,3,3,0,1,3,IMPROPER OVERTAKING/PASSING,2,1,0.0,0.0,0.0,0.0,0.0,2.0,11,2,5,05/06/2024,2024-05-06,11:51:00
05/19/2024 10:54:00 PM,5.0,2,4,7,5,1,3,3,1,1,3,EQUIPMENT - VEHICLE CONDITION,2,1,0.0,0.0,0.0,0.0,0.0,2.0,22,1,5,05/19/2024,2024-05-19,22:54:00
07/20/2024 12:00:00 AM,5.0,2,4,3,5,1,3,3,0,1,3,IMPROPER OVERTAKING/PASSING,2,1,0.0,0.0,0.0,0.0,0.0,2.0,0,7,7,07/20/2024,2024-07-20,00:00:00
01/26/2024 06:30:00 PM,5.0,2,1,3,6,1,1,1,0,1,3,UNABLE TO DETERMINE,2,1,0.0,0.0,0.0,0.0,0.0,2.0,18,6,1,01/26/2024,2024-01-26,18:30:00
04/14/2024 04:30:00 PM,7.0,2,1,5,5,1,3,3,1,1,3,FAILING TO YIELD RIGHT-OF-WAY,2,1,0.0,0.0,0.0,0.0,0.0,4.0,16,1,4,04/14/2024,2024-04-14,16:30:00
07/07/2024 02:00:00 PM,5.0,2,1,6,6,1,3,3,0,1,3,UNABLE TO DETERMINE,2,1,0.0,0.0,0.0,0.0,0.0,3.0,14,1,7,07/07/2024,2024-07-07,14:00:00
07/31/2024 04:00:00 PM,3.0,2,1,10,6,1,3,3,0,1,3,UNABLE TO DETERMINE,2,1,0.0,0.0,0.0,0.0,0.0,2.0,16,4,7,07/31/2024,2024-07-31,16:00:00
02/12/2024 05:30:00 PM,7.0,2,5,11,6,1,3,3,0,1,3,NOT APPLICABLE,2,1,0.0,0.0,0.0,0.0,0.0,1.0,17,2,2,02/12/2024,2024-02-12,17:30:00
01/29/2024 04:45:00 PM,5.0,2,2,5,5,1,1,1,0,1,3,DISREGARDING TRAFFIC SIGNALS,2,1,0.0,0.0,0.0,0.0,0.0,4.0,16,2,1,01/29/2024,2024-01-29,16:45:00
05/15/2024 08:19:00 PM,5.0,2,4,4,5,1,3,3,0,1,3,UNABLE TO DETERMINE,2,1,0.0,0.0,0.0,0.0,0.0,5.0,20,4,5,05/15/2024,2024-05-15,20:19:00
08/16/2024 03:50:00 PM,1.0,2,1,6,5,1,3,1,0,1,3,UNABLE TO DETERMINE,2,1,0.0,0.0,0.0,0.0,0.0,4.0,15,6,8,08/16/2024,2024-08-16,15:50:00
01/17/2024 07:15:00 PM,5.0,2,4,4,5,1,1,1,0,1,2,UNABLE TO DETERMINE,2,1,0.0,0.0,0.0,0.0,0.0,2.0,19,4,1,01/17/2024,2024-01-17,19:15:00
05/29/2024 07:34:00 PM,5.0,2,4,3,5,1,3,3,0,1,3,UNABLE TO DETERMINE,2,1,0.0,0.0,0.0,0.0,0.0,2.0,19,4,5,05/29/2024,2024-05-29,19:34:00
06/08/2024 05:41:00 PM,5.0,4,1,6,4,1,4,3,1,1,3,UNABLE TO DETERMINE,2,1,0.0,0.0,0.0,0.0,0.0,2.0,17,7,6,06/08/2024,2024-06-08,17:41:00
04/12/2024 04:00:00 PM,7.0,2,1,5,5,1,4,1,1,1,3,UNABLE TO DETERMINE,2,1,0.0,0.0,0.0,0.0,0.0,2.0,16,6,4,04/12/2024,2024-04-12,16:00:00
07/11/2024 03:57:00 PM,7.0,2,1,5,6,1,3,3,1,1,3,FAILING TO YIELD RIGHT-OF-WAY,2,3,1.0,0.0,0.0,1.0,0.0,1.0,15,5,7,07/11/2024,2024-07-11,15:57:00
01/16/2024 11:30:00 AM,5.0,2,1,4,6,1,3,3,0,1,3,FOLLOWING TOO CLOSELY,2,1,0.0,0.0,0.0,0.0,0.0,3.0,11,3,1,01/16/2024,2024-01-16,11:30:00
04/01/2024 07:48:00 PM,5.0,4,4,3,4,1,4,3,0,1,3,IMPROPER OVERTAKING/PASSING,2,1,0.0,0.0,0.0,0.0,0.0,2.0,19,2,4,04/01/2024,2024-04-01,19:48:00
04/11/2024 11:30:00 PM,3.0,4,5,6,5,1,4,1,1,1,3,IMPROPER OVERTAKING/PASSING,2,1,0.0,0.0,0.0,0.0,0.0,3.0,23,5,4,04/11/2024,2024-04-11,23:30:00
01/10/2024 03:04:00 PM,1.0,2,1,6,5,1,1,1,1,1,3,UNABLE TO DETERMINE,2,1,0.0,0.0,0.0,0.0,0.0,2.0,15,4,1,01/10/2024,2024-01-10,15:04:00
07/05/2024 11:00:00 AM,7.0,2,1,5,5,1,3,3,0,1,2,FAILING TO YIELD RIGHT-OF-WAY,2,1,0.0,0.0,0.0,0.0,0.0,2.0,11,6,7,07/05/2024,2024-07-05,11:00:00
02/13/2024 01:10:00 PM,5.0,2,1,6,6,1,3,3,1,1,3,FAILING TO YIELD RIGHT-OF-WAY,2,1,0.0,0.0,0.0,0.0,0.0,4.0,13,3,2,02/13/2024,2024-02-13,13:10:00
03/02/2024 05:50:00 PM,5.0,2,1,3,6,1,1,1,0,1,3,IMPROPER TURNING/NO SIGNAL,2,1,0.0,0.0,0.0,0.0,0.0,2.0,17,7,3,03/02/2024,2024-03-02,17:50:00
01/06/2024 09:50:00 AM,5.0,5,1,6,5,1,4,3,0,1,2,FAILING TO YIELD RIGHT-OF-WAY,2,1,0.0,0.0,0.0,0.0,0.0,8.0,9,7,1,01/06/2024,2024-01-06,09:50:00
07/23/2024 08:42:00 AM,7.0,2,1,6,7,1,3,3,0,1,3,FAILING TO YIELD RIGHT-OF-WAY,2,1,0.0,0.0,0.0,0.0,0.0,2.0,8,3,7,07/23/2024,2024-07-23,08:42:00
08/13/2024 08:50:00 AM,5.0,2,1,5,4,1,1,1,1,1,3,"OPERATING VEHICLE IN ERRATIC, RECKLESS, CARELESS, NEGLIGENT OR AGGRESSIVE MANNER",2,3,2.0,0.0,0.0,2.0,0.0,1.0,8,3,8,08/13/2024,2024-08-13,08:50:00
08/17/2024 10:55:00 PM,5.0,2,4,5,6,1,3,3,0,1,3,IMPROPER BACKING,2,1,0.0,0.0,0.0,0.0,0.0,2.0,22,7,8,08/17/2024,2024-08-17,22:55:00
05/24/2024 08:54:00 AM,1.0,2,1,4,5,1,3,3,1,1,3,FOLLOWING TOO CLOSELY,2,3,1.0,0.0,0.0,1.0,0.0,1.0,8,6,5,05/24/2024,2024-05-24,08:54:00
04/26/2024 03:00:00 PM,7.0,4,1,13,5,1,4,1,1,0,3,UNABLE TO DETERMINE,2,3,1.0,0.0,0.0,1.0,0.0,1.0,15,6,4,04/26/2024,2024-04-26,15:00:00
03/26/2024 07:40:00 PM,5.0,3,4,3,9,1,4,1,0,1,3,IMPROPER OVERTAKING/PASSING,2,1,0.0,0.0,0.0,0.0,0.0,2.0,19,3,3,03/26/2024,2024-03-26,19:40:00
06/15/2024 09:47:00 AM,5.0,2,4,3,7,1,3,3,0,1,2,IMPROPER OVERTAKING/PASSING,2,1,0.0,0.0,0.0,0.0,0.0,2.0,9,7,6,06/15/2024,2024-06-15,09:47:00
05/08/2024 07:15:00 AM,7.0,2,1,6,4,1,3,3,0,1,3,UNABLE TO DETERMINE,2,1,0.0,0.0,0.0,0.0,0.0,2.0,7,4,5,05/08/2024,2024-05-08,07:15:00
07/16/2024 10:00:00 AM,5.0,2,1,13,5,1,3,3,1,1,3,DISTRACTION - FROM OUTSIDE VEHICLE,2,4,1.0,0.0,1.0,0.0,0.0,1.0,10,3,7,07/16/2024,2024-07-16,10:00:00
01/27/2024 06:20:00 PM,5.0,8,4,6,5,1,1,1,0,1,3,IMPROPER OVERTAKING/PASSING,2,1,0.0,0.0,0.0,0.0,0.0,3.0,18,7,1,01/27/2024,2024-01-27,18:20:00
01/02/2024 04:24:00 PM,5.0,2,1,4,5,1,3,3,0,1,3,FAILING TO REDUCE SPEED TO AVOID CRASH,2,1,0.0,0.0,0.0,0.0,0.0,2.0,16,3,1,01/02/2024,2024-01-02,16:24:00
06/03/2024 03:40:00 PM,5.0,2,1,4,3,1,3,3,0,1,3,FOLLOWING TOO CLOSELY,2,1,0.0,0.0,0.0,0.0,0.0,2.0,15,2,6,06/03/2024,2024-06-03,15:40:00
03/05/2024 02:00:00 PM,5.0,2,1,6,6,1,3,3,0,1,3,IMPROPER OVERTAKING/PASSING,2,1,0.0,0.0,0.0,0.0,0.0,2.0,14,3,3,03/05/2024,2024-03-05,14:00:00
06/07/2024 07:03:00 AM,7.0,2,1,6,6,1,3,3,1,0,3,UNABLE TO DETERMINE,2,1,0.0,0.0,0.0,0.0,0.0,2.0,7,6,6,06/07/2024,2024-06-07,07:03:00
06/18/2024 12:20:00 AM,5.0,2,5,5,6,1,3,3,1,1,3,DISREGARDING TRAFFIC SIGNALS,2,3,1.0,0.0,0.0,1.0,0.0,2.0,0,3,6,06/18/2024,2024-06-18,00:20:00
01/30/2024 04:45:00 PM,5.0,2,1,4,7,1,1,1,0,1,1,UNABLE TO DETERMINE,2,1,0.0,0.0,0.0,0.0,0.0,2.0,16,3,1,01/30/2024,2024-01-30,16:45:00
01/23/2024 08:07:00 AM,3.0,4,1,6,5,1,4,3,1,1,3,DRIVING SKILLS/KNOWLEDGE/EXPERIENCE,2,3,2.0,0.0,0.0,2.0,0.0,1.0,8,3,1,01/23/2024,2024-01-23,08:07:00
06/30/2024 05:40:00 PM,5.0,2,1,11,6,1,3,3,0,1,2,FOLLOWING TOO CLOSELY,2,1,0.0,0.0,0.0,0.0,0.0,1.0,17,1,6,06/30/2024,2024-06-30,17:40:00
07/30/2024 10:30:00 PM,5.0,2,4,4,13,1,3,1,0,1,3,FOLLOWING TOO CLOSELY,2,1,0.0,0.0,0.0,0.0,0.0,3.0,22,3,7,07/30/2024,2024-07-30,22:30:00
08/02/2024 11:50:00 AM,7.0,2,1,4,6,1,3,3,0,1,3,FOLLOWING TOO CLOSELY,2,1,0.0,0.0,0.0,0.0,0.0,6.0,11,6,8,08/02/2024,2024-08-02,11:50:00
03/20/2024 06:42:00 AM,5.0,2,1,4,5,1,3,3,0,1,3,IMPROPER OVERTAKING/PASSING,2,1,0.0,0.0,0.0,0.0,0.0,2.0,6,4,3,03/20/2024,2024-03-20,06:42:00
03/17/2024 09:30:00 PM,1.0,2,1,5,2,1,1,1,0,1,3,UNABLE TO DETERMINE,2,1,0.0,0.0,0.0,0.0,0.0,2.0,21,1,3,03/17/2024,2024-03-17,21:30:00
08/09/2024 12:05:00 PM,5.0,2,1,6,4,1,3,3,0,1,3,UNABLE TO DETERMINE,2,1,0.0,0.0,0.0,0.0,0.0,5.0,12,6,8,08/09/2024,2024-08-09,12:05:00
03/15/2024 04:10:00 PM,5.0,2,1,6,5,1,3,3,0,1,3,DISREGARDING TRAFFIC SIGNALS,2,1,0.0,0.0,0.0,0.0,0.0,3.0,16,6,3,03/15/2024,2024-03-15,16:10:00
05/31/2024 04:00:00 PM,5.0,2,1,13,7,1,1,1,1,1,1,UNABLE TO DETERMINE,2,3,1.0,0.0,0.0,1.0,0.0,1.0,16,6,5,05/31/2024,2024-05-31,16:00:00
08/02/2024 03:53:00 PM,5.0,2,1,6,5,1,3,1,0,1,3,IMPROPER OVERTAKING/PASSING,2,1,0.0,0.0,0.0,0.0,0.0,2.0,15,6,8,08/02/2024,2024-08-02,15:53:00
07/21/2024 12:27:00 PM,5.0,2,1,4,3,1,3,3,0,1,3,NOT APPLICABLE,2,1,0.0,0.0,0.0,0.0,0.0,2.0,12,1,7,07/21/2024,2024-07-21,12:27:00
01/30/2024 07:00:00 AM,3.0,2,1,6,5,1,3,3,0,1,3,IMPROPER TURNING/NO SIGNAL,2,1,0.0,0.0,0.0,0.0,0.0,2.0,7,3,1,01/30/2024,2024-01-30,07:00:00
07/13/2024 03:22:00 PM,3.0,2,1,5,5,1,1,1,0,1,2,IMPROPER LANE USAGE,2,1,0.0,0.0,0.0,0.0,0.0,3.0,15,7,7,07/13/2024,2024-07-13,15:22:00
04/19/2024 06:29:00 PM,5.0,2,1,3,6,1,3,3,0,1,3,IMPROPER LANE USAGE,2,1,0.0,0.0,0.0,0.0,0.0,2.0,18,6,4,04/19/2024,2024-04-19,18:29:00
07/01/2024 01:45:00 PM,5.0,2,1,4,4,1,3,3,1,1,3,FOLLOWING TOO CLOSELY,2,3,2.0,0.0,0.0,2.0,0.0,0.0,13,2,7,07/01/2024,2024-07-01,13:45:00
01/14/2024 12:05:00 AM,5.0,2,4,4,5,1,4,3,0,1,3,FAILING TO REDUCE SPEED TO AVOID CRASH,2,1,0.0,0.0,0.0,0.0,0.0,2.0,0,1,1,01/14/2024,2024-01-14,00:05:00
04/03/2024 09:05:00 AM,5.0,4,1,5,7,1,4,7,1,1,3,FAILING TO YIELD RIGHT-OF-WAY,2,1,0.0,0.0,0.0,0.0,0.0,2.0,9,4,4,04/03/2024,2024-04-03,09:05:00
06/24/2024 08:40:00 AM,5.0,2,1,3,3,1,3,3,0,1,3,IMPROPER LANE USAGE,2,1,0.0,0.0,0.0,0.0,0.0,2.0,8,2,6,06/24/2024,2024-06-24,08:40:00
06/21/2024 01:25:00 PM,3.0,2,1,3,5,1,3,1,1,1,3,IMPROPER OVERTAKING/PASSING,2,1,0.0,0.0,0.0,0.0,0.0,2.0,13,6,6,06/21/2024,2024-06-21,13:25:00
03/18/2024 09:05:00 AM,5.0,2,1,6,5,1,3,3,1,1,3,FAILING TO YIELD RIGHT-OF-WAY,2,1,0.0,0.0,0.0,0.0,0.0,2.0,9,2,3,03/18/2024,2024-03-18,09:05:00
04/12/2024 05:14:00 PM,7.0,2,1,5,6,1,1,3,1,1,3,FAILING TO YIELD RIGHT-OF-WAY,2,3,2.0,0.0,0.0,2.0,0.0,1.0,17,6,4,04/12/2024,2024-04-12,17:14:00
04/27/2024 01:36:00 AM,7.0,2,4,4,6,1,3,3,1,1,3,FOLLOWING TOO CLOSELY,2,1,0.0,0.0,0.0,0.0,0.0,2.0,1,7,4,04/27/2024,2024-04-27,01:36:00
02/08/2024 08:30:00 PM,7.0,4,4,5,5,1,4,1,0,1,3,FAILING TO YIELD RIGHT-OF-WAY,2,1,0.0,0.0,0.0,0.0,0.0,4.0,20,5,2,02/08/2024,2024-02-08,20:30:00
08/01/2024 09:32:00 AM,5.0,4,1,6,6,1,4,1,1,1,3,DISREGARDING TRAFFIC SIGNALS,2,3,1.0,0.0,0.0,1.0,0.0,1.0,9,5,8,08/01/2024,2024-08-01,09:32:00
06/19/2024 07:00:00 PM,3.0,2,4,3,10,1,3,3,0,1,3,UNABLE TO DETERMINE,2,1,0.0,0.0,0.0,0.0,0.0,2.0,19,4,6,06/19/2024,2024-06-19,19:00:00
01/24/2024 06:00:00 PM,1.0,4,2,11,6,1,4,3,0,1,3,IMPROPER LANE USAGE,2,1,0.0,0.0,0.0,0.0,0.0,1.0,18,4,1,01/24/2024,2024-01-24,18:00:00
04/22/2024 08:15:00 AM,3.0,2,1,6,1,1,3,3,0,1,3,FAILING TO YIELD RIGHT-OF-WAY,2,1,0.0,0.0,0.0,0.0,0.0,3.0,8,2,4,04/22/2024,2024-04-22,08:15:00
02/23/2024 07:23:00 PM,5.0,5,4,4,5,1,4,3,1,1,3,WEATHER,2,1,0.0,0.0,0.0,0.0,0.0,2.0,19,6,2,02/23/2024,2024-02-23,19:23:00
04/22/2024 12:30:00 PM,5.0,2,1,4,6,1,3,3,1,1,1,FOLLOWING TOO CLOSELY,2,2,1.0,0.0,0.0,0.0,1.0,1.0,12,2,4,04/22/2024,2024-04-22,12:30:00
06/16/2024 03:30:00 PM,5.0,2,1,4,4,1,3,3,0,1,3,FOLLOWING TOO CLOSELY,2,1,0.0,0.0,0.0,0.0,0.0,3.0,15,1,6,06/16/2024,2024-06-16,15:30:00
06/01/2024 08:17:00 PM,5.0,4,4,13,6,1,4,3,1,1,1,WEATHER,2,4,1.0,0.0,1.0,0.0,0.0,1.0,20,7,6,06/01/2024,2024-06-01,20:17:00
06/09/2024 11:45:00 PM,7.0,2,4,6,4,1,3,3,0,1,3,IMPROPER OVERTAKING/PASSING,2,1,0.0,0.0,0.0,0.0,0.0,2.0,23,1,6,06/09/2024,2024-06-09,23:45:00
07/18/2024 12:25:00 PM,5.0,2,1,6,5,1,3,3,0,1,1,UNABLE TO DETERMINE,2,1,0.0,0.0,0.0,0.0,0.0,2.0,12,5,7,07/18/2024,2024-07-18,12:25:00
05/04/2024 07:01:00 AM,5.0,2,1,5,6,1,3,3,1,1,3,UNABLE TO DETERMINE,2,1,0.0,0.0,0.0,0.0,0.0,3.0,7,7,5,05/04/2024,2024-05-04,07:01:00
04/03/2024 07:04:00 PM,5.0,4,3,13,4,1,4,1,1,1,1,FAILING TO YIELD RIGHT-OF-WAY,2,3,1.0,0.0,0.0,1.0,0.0,1.0,19,4,4,04/03/2024,2024-04-03,19:04:00
05/08/2024 08:46:00 AM,5.0,2,1,14,7,1,3,1,0,1,2,UNABLE TO DETERMINE,2,1,0.0,0.0,0.0,0.0,0.0,2.0,8,4,5,05/08/2024,2024-05-08,08:46:00
04/03/2024 08:26:00 AM,5.0,2,1,5,5,1,3,3,0,1,3,DISREGARDING TRAFFIC SIGNALS,2,1,0.0,0.0,0.0,0.0,0.0,2.0,8,4,4,04/03/2024,2024-04-03,08:26:00
01/25/2024 05:18:00 PM,7.0,8,4,5,5,1,4,3,1,1,3,UNABLE TO DETERMINE,2,2,1.0,0.0,0.0,0.0,1.0,1.0,17,5,1,01/25/2024,2024-01-25,17:18:00
05/29/2024 05:30:00 PM,7.0,2,1,5,5,1,3,1,0,1,3,UNABLE TO DETERMINE,2,1,0.0,0.0,0.0,0.0,0.0,2.0,17,4,5,05/29/2024,2024-05-29,17:30:00
07/05/2024 04:25:00 PM,7.0,2,1,5,6,1,3,2,0,1,2,ROAD CONSTRUCTION/MAINTENANCE,2,1,0.0,0.0,0.0,0.0,0.0,2.0,16,6,7,07/05/2024,2024-07-05,16:25:00
02/24/2024 08:45:00 PM,7.0,2,4,5,1,1,6,3,1,1,3,FAILING TO YIELD RIGHT-OF-WAY,2,1,0.0,0.0,0.0,0.0,0.0,2.0,20,7,2,02/24/2024,2024-02-24,20:45:00
06/01/2024 11:25:00 AM,7.0,4,1,6,6,1,4,3,0,1,3,FAILING TO YIELD RIGHT-OF-WAY,2,1,0.0,0.0,0.0,0.0,0.0,2.0,11,7,6,06/01/2024,2024-06-01,11:25:00
05/16/2024 02:45:00 PM,3.0,4,1,5,16,4,4,5,1,1,3,UNABLE TO DETERMINE,2,2,1.0,0.0,0.0,0.0,1.0,1.0,14,5,5,05/16/2024,2024-05-16,14:45:00
01/23/2024 07:30:00 AM,3.0,2,1,4,5,1,3,3,0,1,1,UNABLE TO DETERMINE,2,1,0.0,0.0,0.0,0.0,0.0,2.0,7,3,1,01/23/2024,2024-01-23,07:30:00
02/14/2024 05:27:00 PM,5.0,2,5,6,3,1,3,3,0,1,3,DISTRACTION - FROM OUTSIDE VEHICLE,2,1,0.0,0.0,0.0,0.0,0.0,4.0,17,4,2,02/14/2024,2024-02-14,17:27:00
02/24/2024 12:30:00 PM,5.0,2,1,14,6,1,3,3,0,1,2,DISREGARDING TRAFFIC SIGNALS,2,1,0.0,0.0,0.0,0.0,0.0,2.0,12,7,2,02/24/2024,2024-02-24,12:30:00
04/10/2024 09:40:00 AM,5.0,2,1,5,5,1,3,3,0,1,3,UNABLE TO DETERMINE,2,1,0.0,0.0,0.0,0.0,0.0,2.0,9,4,4,04/10/2024,2024-04-10,09:40:00
06/29/2024 02:00:00 AM,7.0,2,4,3,5,1,1,1,0,1,3,FAILING TO YIELD RIGHT-OF-WAY,2,1,0.0,0.0,0.0,0.0,0.0,2.0,2,7,6,06/29/2024,2024-06-29,02:00:00
04/05/2024 09:05:00 PM,5.0,2,4,6,5,1,3,1,0,1,2,FAILING TO YIELD RIGHT-OF-WAY,2,1,0.0,0.0,0.0,0.0,0.0,2.0,21,6,4,04/05/2024,2024-04-05,21:05:00
03/22/2024 09:50:00 PM,3.0,2,4,11,2,1,3,1,1,1,3,"EVASIVE ACTION DUE TO ANIMAL, OBJECT, NONMOTORIST",2,1,0.0,0.0,0.0,0.0,0.0,1.0,21,6,3,03/22/2024,2024-03-22,21:50:00
02/17/2024 09:30:00 PM,1.0,2,5,11,4,1,1,1,1,1,3,UNABLE TO DETERMINE,2,2,1.0,0.0,0.0,0.0,1.0,0.0,21,7,2,02/17/2024,2024-02-17,21:30:00
05/16/2024 04:30:00 PM,5.0,2,1,6,5,1,3,3,0,1,3,IMPROPER TURNING/NO SIGNAL,2,1,0.0,0.0,0.0,0.0,0.0,4.0,16,5,5,05/16/2024,2024-05-16,16:30:00
05/16/2024 11:40:00 PM,1.0,2,4,3,6,1,3,1,0,0,2,IMPROPER OVERTAKING/PASSING,2,1,0.0,0.0,0.0,0.0,0.0,2.0,23,5,5,05/16/2024,2024-05-16,23:40:00
06/24/2024 01:40:00 PM,7.0,2,1,5,6,1,3,3,1,1,3,FAILING TO YIELD RIGHT-OF-WAY,2,1,0.0,0.0,0.0,0.0,0.0,2.0,13,2,6,06/24/2024,2024-06-24,13:40:00