crash_date,traffic_control_device,weather_condition,lighting_condition,first_crash_type,trafficway_type,alignment,roadway_surface_cond,road_defect,crash_type,intersection_related_i,damage,prim_contributory_cause,num_units,most_severe_injury,injuries_total,injuries_fatal,injuries_incapacitating,injuries_non_incapacitating,injuries_reported_not_evident,injuries_no_indication,crash_hour,crash_day_of_week,crash_month,parsed_datetime,date,time
04/19/2024 01:30:00 PM,5.0,2,1,6,5,1,3,3,1,1,3,"VISION OBSCURED (SIGNS, TREE LIMBS, BUILDINGS, ETC.)",2,1,0.0,0.0,0.0,0.0,0.0,2.0,13,6,4,04/19/2024,2024-04-19,13:30:00
04/22/2024 07:00:00 AM,5.0,2,1,5,5,1,1,1,1,1,3,DISREGARDING OTHER TRAFFIC SIGNS,2,1,0.0,0.0,0.0,0.0,0.0,2.0,7,2,4,04/22/2024,2024-04-22,07:00:00
03/03/2024 12:45:00 PM,5.0,2,1,4,6,1,3,3,1,1,3,UNABLE TO DETERMINE,2,1,0.0,0.0,0.0,0.0,0.0,3.0,12,1,3,03/03/2024,2024-03-03,12:45:00
03/13/2024 07:21:00 PM,7.0,2,4,5,5,1,3,3,1,1,3,DRIVING SKILLS/KNOWLEDGE/EXPERIENCE,2,1,0.0,0.0,0.0,0.0,0.0,2.0,19,4,3,03/13/2024,2024-03-13,19:21:00
05/24/2024 09:35:00 PM,5.0,4,5,3,5,1,4,3,0,1,2,UNABLE TO DETERMINE,2,1,0.0,0.0,0.0,0.0,0.0,2.0,21,6,5,05/24/2024,2024-05-24,21:35:00
01/13/2024 10:26:00 PM,5.0,5,4,6,5,1,6,3,1,1,3,FAILING TO YIELD RIGHT-OF-WAY,2,3,1.0,0.0,0.0,1.0,0.0,1.0,22,7,1,01/13/2024,2024-01-13,22:26:00
05/09/2024 03:45:00 PM,5.0,4,1,5,4,1,4,7,0,1,2,NOT APPLICABLE,2,1,0.0,0.0,0.0,0.0,0.0,2.0,15,5,5,05/09/2024,2024-05-09,15:45:00
07/06/2024 11:46:00 AM,7.0,2,1,5,4,1,3,3,1,1,3,"VISION OBSCURED (SIGNS, TREE LIMBS, BUILDINGS, ETC.)",2,1,0.0,0.0,0.0,0.0,0.0,2.0,11,7,7,07/06/2024,2024-07-06,11:46:00
06/06/2024 05:25:00 AM,5.0,2,3,6,5,1,3,1,0,1,3,FAILING TO YIELD RIGHT-OF-WAY,2,1,0.0,0.0,0.0,0.0,0.0,2.0,5,5,6,06/06/2024,2024-06-06,05:25:00
04/12/2024 01:10:00 PM,5.0,2,1,3,4,1,3,3,0,0,3,UNABLE TO DETERMINE,2,1,0.0,0.0,0.0,0.0,0.0,2.0,13,6,4,04/12/2024,2024-04-12,13:10:00
04/21/2024 12:45:00 AM,5.0,2,4,8,3,1,3,3,0,0,3,DRIVING ON WRONG SIDE/WRONG WAY,2,1,0.0,0.0,0.0,0.0,0.0,4.0,0,1,4,04/21/2024,2024-04-21,00:45:00
01/23/2024 06:56:00 AM,5.0,6,3,13,4,1,6,3,1,1,1,FAILING TO YIELD RIGHT-OF-WAY,2,2,1.0,0.0,0.0,0.0,1.0,1.0,6,3,1,01/23/2024,2024-01-23,06:56:00
02/13/2024 08:00:00 AM,5.0,2,1,4,5,1,3,3,0,1,2,FAILING TO YIELD RIGHT-OF-WAY,2,1,0.0,0.0,0.0,0.0,0.0,4.0,8,3,2,02/13/2024,2024-02-13,08:00:00
06/24/2024 05:03:00 PM,5.0,2,1,4,5,1,3,3,0,1,2,UNABLE TO DETERMINE,2,1,0.0,0.0,0.0,0.0,0.0,4.0,17,2,6,06/24/2024,2024-06-24,17:03:00
02/25/2024 02:50:00 AM,5.0,2,4,4,6,1,1,1,0,1,3,UNABLE TO DETERMINE,2,1,0.0,0.0,0.0,0.0,0.0,2.0,2,1,2,02/25/2024,2024-02-25,02:50:00
08/05/2024 04:51:00 PM,5.0,2,1,6,6,1,1,1,0,1,3,IMPROPER TURNING/NO SIGNAL,2,1,0.0,0.0,0.0,0.0,0.0,2.0,16,2,8,08/05/2024,2024-08-05,16:51:00
04/08/2024 11:10:00 AM,3.0,2,1,6,6,1,3,3,1,1,3,IMPROPER OVERTAKING/PASSING,2,1,0.0,0.0,0.0,0.0,0.0,2.0,11,2,4,04/08/2024,2024-04-08,11:10:00
03/29/2024 01:00:00 PM,5.0,2,1,4,5,1,3,3,0,1,1,UNABLE TO DETERMINE,2,1,0.0,0.0,0.0,0.0,0.0,2.0,13,6,3,03/29/2024,2024-03-29,13:00:00
07/07/2024 08:44:00 AM,5.0,2,1,5,5,1,1,1,1,1,3,DISREGARDING TRAFFIC SIGNALS,2,3,1.0,0.0,0.0,1.0,0.0,2.0,8,1,7,07/07/2024,2024-07-07,08:44:00
03/22/2024 02:27:00 PM,7.0,5,1,13,10,1,4,1,1,1,1,IMPROPER BACKING,2,3,1.0,0.0,0.0,1.0,0.0,1.0,14,6,3,03/22/2024,2024-03-22,14:27:00
01/31/2024 08:29:00 AM,7.0,2,1,5,5,1,3,3,1,1,3,FAILING TO YIELD RIGHT-OF-WAY,2,4,2.0,0.0,1.0,0.0,1.0,0.0,8,4,1,01/31/2024,2024-01-31,08:29:00
03/12/2024 09:08:00 AM,5.0,2,1,5,6,1,3,3,1,1,3,DISREGARDING TRAFFIC SIGNALS,2,1,0.0,0.0,0.0,0.0,0.0,3.0,9,3,3,03/12/2024,2024-03-12,09:08:00
03/31/2024 10:20:00 AM,5.0,2,1,6,6,1,3,3,0,1,3,UNABLE TO DETERMINE,2,1,0.0,0.0,0.0,0.0,0.0,4.0,10,1,3,03/31/2024,2024-03-31,10:20:00
04/07/2024 08:50:00 AM,5.0,3,1,6,4,1,3,3,1,1,3,IMPROPER TURNING/NO SIGNAL,2,1,0.0,0.0,0.0,0.0,0.0,2.0,8,1,4,04/07/2024,2024-04-07,08:50:00
04/09/2024 12:45:00 AM,3.0,2,4,4,4,1,3,3,0,0,2,"OPERATING VEHICLE IN ERRATIC, RECKLESS, CARELESS, NEGLIGENT OR AGGRESSIVE MANNER",2,1,0.0,0.0,0.0,0.0,0.0,2.0,0,3,4,04/09/2024,2024-04-09,00:45:00
08/09/2024 09:18:00 AM,3.0,2,1,14,6,1,3,3,1,1,3,FAILING TO YIELD RIGHT-OF-WAY,2,3,1.0,0.0,0.0,1.0,0.0,1.0,9,6,8,08/09/2024,2024-08-09,09:18:00
04/27/2024 01:00:00 AM,5.0,4,4,6,14,1,4,3,1,1,3,UNABLE TO DETERMINE,2,1,0.0,0.0,0.0,0.0,0.0,2.0,1,7,4,04/27/2024,2024-04-27,01:00:00
06/08/2024 11:00:00 AM,5.0,2,1,5,4,1,3,3,1,1,3,UNABLE TO DETERMINE,2,3,1.0,0.0,0.0,1.0,0.0,1.0,11,7,6,06/08/2024,2024-06-08,11:00:00
05/11/2024 10:20:00 AM,7.0,2,1,5,3,1,3,3,0,1,3,FAILING TO YIELD RIGHT-OF-WAY,2,1,0.0,0.0,0.0,0.0,0.0,2.0,10,7,5,05/11/2024,2024-05-11,10:20:00
01/27/2024 05:52:00 PM,5.0,7,4,5,5,1,4,7,1,1,2,DISREGARDING TRAFFIC SIGNALS,2,3,1.0,0.0,0.0,1.0,0.0,2.0,17,7,1,01/27/2024,2024-01-27,17:52:00
05/08/2024 07:57:00 PM,3.0,2,3,14,6,1,3,3,1,1,3,FAILING TO YIELD RIGHT-OF-WAY,2,4,1.0,0.0,1.0,0.0,0.0,3.0,19,4,5,05/08/2024,2024-05-08,19:57:00
06/21/2024 03:30:00 PM,3.0,2,1,3,4,1,3,3,0,0,3,UNABLE TO DETERMINE,2,1,0.0,0.0,0.0,0.0,0.0,2.0,15,6,6,06/21/2024,2024-06-21,15:30:00
04/02/2024 11:55:00 AM,7.0,4,1,5,5,1,4,3,0,1,3,DISREGARDING STOP SIGN,2,1,0.0,0.0,0.0,0.0,0.0,2.0,11,3,4,04/02/2024,2024-04-02,11:55:00
02/06/2024 12:54:00 PM,5.0,2,1,6,6,1,3,3,0,1,1,UNABLE TO DETERMINE,2,1,0.0,0.0,0.0,0.0,0.0,2.0,12,3,2,02/06/2024,2024-02-06,12:54:00
01/08/2024 03:15:00 PM,5.0,2,1,5,5,1,1,1,0,1,3,DISREGARDING TRAFFIC SIGNALS,2,1,0.0,0.0,0.0,0.0,0.0,2.0,15,2,1,01/08/2024,2024-01-08,15:15:00
07/29/2024 07:45:00 AM,3.0,3,1,3,10,1,3,3,0,0,3,FAILING TO YIELD RIGHT-OF-WAY,2,1,0.0,0.0,0.0,0.0,0.0,2.0,7,2,7,07/29/2024,2024-07-29,07:45:00
08/11/2024 10:50:00 AM,3.0,2,1,14,7,1,3,1,1,1,1,UNABLE TO DETERMINE,2,2,1.0,0.0,0.0,0.0,1.0,2.0,10,1,8,08/11/2024,2024-08-11,10:50:00
01/13/2024 02:21:00 PM,3.0,2,1,6,10,1,5,1,0,1,2,UNABLE TO DETERMINE,2,1,0.0,0.0,0.0,0.0,0.0,2.0,14,7,1,01/13/2024,2024-01-13,14:21:00
05/15/2024 05:00:00 PM,3.0,2,1,14,4,1,1,1,1,1,3,"VISION OBSCURED (SIGNS, TREE LIMBS, BUILDINGS, ETC.)",2,2,1.0,0.0,0.0,0.0,1.0,1.0,17,4,5,05/15/2024,2024-05-15,17:00:00
01/22/2024 07:45:00 AM,5.0,2,1,3,4,1,4,3,0,1,3,IMPROPER OVERTAKING/PASSING,2,1,0.0,0.0,0.0,0.0,0.0,4.0,7,2,1,01/22/2024,2024-01-22,07:45:00
03/12/2024 11:00:00 AM,5.0,2,1,6,5,1,3,3,0,1,3,UNABLE TO DETERMINE,2,1,0.0,0.0,0.0,0.0,0.0,2.0,11,3,3,03/12/2024,2024-03-12,11:00:00
07/02/2024 09:56:00 AM,3.0,2,1,6,5,1,3,3,0,1,3,FAILING TO YIELD RIGHT-OF-WAY,2,1,0.0,0.0,0.0,0.0,0.0,2.0,9,3,7,07/02/2024,2024-07-02,09:56:00
07/08/2024 03:30:00 PM,3.0,2,1,9,6,1,3,3,0,1,2,IMPROPER OVERTAKING/PASSING,2,1,0.0,0.0,0.0,0.0,0.0,2.0,15,2,7,07/08/2024,2024-07-08,15:30:00
06/07/2024 07:34:00 PM,5.0,2,4,8,6,1,3,3,0,1,3,DRIVING SKILLS/KNOWLEDGE/EXPERIENCE,2,1,0.0,0.0,0.0,0.0,0.0,4.0,19,6,6,06/07/2024,2024-06-07,19:34:00
08/11/2024 07:10:00 AM,5.0,2,1,5,5,1,3,3,0,1,3,DRIVING SKILLS/KNOWLEDGE/EXPERIENCE,2,1,0.0,0.0,0.0,0.0,0.0,2.0,7,1,8,08/11/2024,2024-08-11,07:10:00
01/08/2024 07:00:00 PM,5.0,2,4,6,6,1,3,3,0,1,3,UNABLE TO DETERMINE,2,1,0.0,0.0,0.0,0.0,0.0,2.0,19,2,1,01/08/2024,2024-01-08,19:00:00
06/10/2024 10:15:00 AM,1.0,2,1,5,1,1,1,1,0,1,1,UNABLE TO DETERMINE,2,1,0.0,0.0,0.0,0.0,0.0,2.0,10,2,6,06/10/2024,2024-06-10,10:15:00
07/12/2024 02:30:00 PM,5.0,2,1,5,5,1,1,1,0,1,3,UNABLE TO DETERMINE,2,1,0.0,0.0,0.0,0.0,0.0,2.0,14,6,7,07/12/2024,2024-07-12,14:30:00
03/05/2024 08:24:00 PM,5.0,3,4,5,5,1,3,3,1,1,2,DISREGARDING TRAFFIC SIGNALS,2,1,0.0,0.0,0.0,0.0,0.0,2.0,20,3,3,03/05/2024,2024-03-05,20:24:00
02/22/2024 08:00:00 PM,5.0,2,1,3,4,1,3,3,1,1,3,IMPROPER OVERTAKING/PASSING,2,2,1.0,0.0,0.0,0.0,1.0,1.0,20,5,2,02/22/2024,2024-02-22,20:00:00
04/01/2024 04:55:00 PM,3.0,4,1,6,6,1,4,1,0,1,2,UNABLE TO DETERMINE,2,1,0.0,0.0,0.0,0.0,0.0,3.0,16,2,4,04/01/2024,2024-04-01,16:55:00
03/09/2024 03:43:00 AM,5.0,2,4,5,4,1,3,3,1,1,3,DISREGARDING TRAFFIC SIGNALS,2,1,0.0,0.0,0.0,0.0,0.0,3.0,3,7,3,03/09/2024,2024-03-09,03:43:00
08/10/2024 10:00:00 PM,7.0,2,4,11,5,1,3,3,0,1,3,UNABLE TO DETERMINE,2,1,0.0,0.0,0.0,0.0,0.0,1.0,22,7,8,08/10/2024,2024-08-10,22:00:00
04/29/2024 01:15:00 AM,7.0,2,4,6,7,1,1,1,0,1,3,IMPROPER TURNING/NO SIGNAL,2,1,0.0,0.0,0.0,0.0,0.0,2.0,1,2,4,04/29/2024,2024-04-29,01:15:00
06/13/2024 09:50:00 AM,1.0,2,1,5,6,1,1,1,0,1,3,UNABLE TO DETERMINE,2,1,0.0,0.0,0.0,0.0,0.0,2.0,9,5,6,06/13/2024,2024-06-13,09:50:00
05/09/2024 08:50:00 AM,7.0,4,1,5,4,1,4,3,1,1,3,FAILING TO YIELD RIGHT-OF-WAY,2,1,0.0,0.0,0.0,0.0,0.0,2.0,8,5,5,05/09/2024,2024-05-09,08:50:00
04/14/2024 04:00:00 PM,1.0,2,1,3,5,1,1,1,0,1,3,UNABLE TO DETERMINE,2,1,0.0,0.0,0.0,0.0,0.0,2.0,16,1,4,04/14/2024,2024-04-14,16:00:00
04/01/2024 05:00:00 PM,5.0,4,1,4,3,1,4,1,0,1,3,FAILING TO REDUCE SPEED TO AVOID CRASH,2,1,0.0,0.0,0.0,0.0,0.0,3.0,17,2,4,04/01/2024,2024-04-01,17:00:00
08/10/2024 12:42:00 PM,1.0,2,1,6,5,1,3,3,1,1,2,UNABLE TO DETERMINE,2,4,2.0,0.0,2.0,0.0,0.0,1.0,12,7,8,08/10/2024,2024-08-10,12:42:00
05/14/2024 05:57:00 PM,7.0,2,1,5,4,1,3,3,1,1,3,UNABLE TO DETERMINE,2,3,1.0,0.0,0.0,1.0,0.0,3.0,17,3,5,05/14/2024,2024-05-14,17:57:00
07/04/2024 06:20:00 PM,5.0,2,1,7,7,1,3,3,1,1,2,FAILING TO YIELD RIGHT-OF-WAY,2,2,2.0,0.0,0.0,0.0,2.0,0.0,18,5,7,07/04/2024,2024-07-04,18:20:00
08/09/2024 03:33:00 PM,5.0,2,1,6,5,1,3,3,0,1,3,IMPROPER TURNING/NO SIGNAL,2,1,0.0,0.0,0.0,0.0,0.0,2.0,15,6,8,08/09/2024,2024-08-09,15:33:00
03/23/2024 12:00:00 PM,5.0,2,1,13,5,1,3,1,1,1,1,UNABLE TO DETERMINE,2,3,1.0,0.0,0.0,1.0,0.0,1.0,12,7,3,03/23/2024,2024-03-23,12:00:00
01/22/2024 04:32:00 PM,3.0,3,3,5,7,1,4,1,1,1,3,FAILING TO YIELD RIGHT-OF-WAY,2,2,2.0,0.0,0.0,0.0,2.0,1.0,16,2,1,01/22/2024,2024-01-22,16:32:00
05/14/2024 04:00:00 PM,3.0,2,1,6,5,1,3,3,0,1,3,UNABLE TO DETERMINE,2,1,0.0,0.0,0.0,0.0,0.0,2.0,16,3,5,05/14/2024,2024-05-14,16:00:00
01/18/2024 03:25:00 PM,3.0,2,1,8,5,1,4,3,1,1,3,FAILING TO REDUCE SPEED TO AVOID CRASH,2,1,0.0,0.0,0.0,0.0,0.0,3.0,15,5,1,01/18/2024,2024-01-18,15:25:00
07/09/2024 11:05:00 PM,5.0,4,4,5,5,1,4,3,1,1,3,UNABLE TO DETERMINE,2,2,1.0,0.0,0.0,0.0,1.0,1.0,23,3,7,07/09/2024,2024-07-09,23:05:00
05/05/2024 01:50:00 PM,5.0,2,1,3,5,1,3,1,0,1,2,IMPROPER OVERTAKING/PASSING,2,1,0.0,0.0,0.0,0.0,0.0,2.0,13,1,5,05/05/2024,2024-05-05,13:50:00
02/11/2024 12:00:00 PM,7.0,2,1,5,6,1,3,3,0,1,3,UNABLE TO DETERMINE,2,1,0.0,0.0,0.0,0.0,0.0,2.0,12,1,2,02/11/2024,2024-02-11,12:00:00
06/29/2024 08:47:00 PM,7.0,2,3,6,6,1,3,3,0,1,3,DISREGARDING STOP SIGN,2,1,0.0,0.0,0.0,0.0,0.0,2.0,20,7,6,06/29/2024,2024-06-29,20:47:00
06/21/2024 09:47:00 AM,5.0,2,1,4,5,1,3,3,1,1,3,FOLLOWING TOO CLOSELY,2,1,0.0,0.0,0.0,0.0,0.0,2.0,9,6,6,06/21/2024,2024-06-21,09:47:00
05/11/2024 02:06:00 PM,7.0,2,1,14,7,1,3,7,1,1,3,FAILING TO YIELD RIGHT-OF-WAY,2,2,1.0,0.0,0.0,0.0,1.0,1.0,14,7,5,05/11/2024,2024-05-11,14:06:00
06/08/2024 12:40:00 AM,5.0,2,4,5,5,1,3,3,1,1,3,UNABLE TO DETERMINE,2,2,1.0,0.0,0.0,0.0,1.0,2.0,0,7,6,06/08/2024,2024-06-08,00:40:00
02/21/2024 05:37:00 PM,3.0,2,4,13,6,1,3,3,1,1,3,FAILING TO YIELD RIGHT-OF-WAY,2,3,1.0,0.0,0.0,1.0,0.0,1.0,17,4,2,02/21/2024,2024-02-21,17:37:00
04/16/2024 05:45:00 PM,5.0,4,1,4,10,1,1,1,0,1,2,UNABLE TO DETERMINE,2,1,0.0,0.0,0.0,0.0,0.0,3.0,17,3,4,04/16/2024,2024-04-16,17:45:00
05/26/2024 02:29:00 PM,5.0,2,1,6,6,1,4,3,1,1,3,FAILING TO YIELD RIGHT-OF-WAY,2,1,0.0,0.0,0.0,0.0,0.0,2.0,14,1,5,05/26/2024,2024-05-26,14:29:00
03/09/2024 01:00:00 PM,7.0,2,1,6,6,1,3,3,1,1,3,FAILING TO YIELD RIGHT-OF-WAY,2,1,0.0,0.0,0.0,0.0,0.0,2.0,13,7,3,03/09/2024,2024-03-09,13:00:00
04/17/2024 05:10:00 PM,7.0,2,1,5,5,1,3,3,1,1,3,FAILING TO YIELD RIGHT-OF-WAY,2,3,2.0,0.0,0.0,1.0,1.0,0.0,17,4,4,04/17/2024,2024-04-17,17:10:00
08/12/2024 01:44:00 PM,7.0,2,1,5,5,1,3,3,1,1,3,FAILING TO YIELD RIGHT-OF-WAY,2,1,0.0,0.0,0.0,0.0,0.0,4.0,13,2,8,08/12/2024,2024-08-12,13:44:00
03/05/2024 08:00:00 AM,6.0,2,1,6,2,1,1,1,0,1,2,UNABLE TO DETERMINE,2,1,0.0,0.0,0.0,0.0,0.0,2.0,8,3,3,03/05/2024,2024-03-05,08:00:00
06/23/2024 01:20:00 AM,5.0,4,4,5,5,1,4,1,1,1,3,DISREGARDING TRAFFIC SIGNALS,2,1,0.0,0.0,0.0,0.0,0.0,2.0,1,1,6,06/23/2024,2024-06-23,01:20:00
04/02/2024 03:19:00 PM,5.0,4,1,13,14,1,3,3,1,1,1,NOT APPLICABLE,2,3,1.0,0.0,0.0,1.0,0.0,1.0,15,3,4,04/02/2024,2024-04-02,15:19:00
07/17/2024 12:20:00 PM,5.0,2,1,4,6,1,1,1,0,1,2,IMPROPER BACKING,2,1,0.0,0.0,0.0,0.0,0.0,2.0,12,4,7,07/17/2024,2024-07-17,12:20:00
07/31/2024 03:01:00 PM,5.0,2,1,4,4,1,3,3,0,1,3,PHYSICAL CONDITION OF DRIVER,2,1,0.0,0.0,0.0,0.0,0.0,2.0,15,4,7,07/31/2024,2024-07-31,15:01:00
07/26/2024 05:32:00 PM,5.0,2,1,9,4,1,3,3,1,1,2,UNABLE TO DETERMINE,2,1,0.0,0.0,0.0,0.0,0.0,1.0,17,6,7,07/26/2024,2024-07-26,17:32:00
06/12/2024 10:35:00 AM,5.0,2,1,8,5,1,3,3,1,1,2,IMPROPER BACKING,2,1,0.0,0.0,0.0,0.0,0.0,3.0,10,4,6,06/12/2024,2024-06-12,10:35:00
06/02/2024 11:01:00 AM,5.0,2,4,5,3,1,3,3,1,1,3,DISREGARDING TRAFFIC SIGNALS,2,3,2.0,0.0,0.0,2.0,0.0,0.0,11,1,6,06/02/2024,2024-06-02,11:01:00
04/06/2024 10:12:00 PM,5.0,2,4,5,6,1,3,3,1,1,3,FAILING TO YIELD RIGHT-OF-WAY,2,3,1.0,0.0,0.0,1.0,0.0,2.0,22,7,4,04/06/2024,2024-04-06,22:12:00
04/14/2024 11:40:00 PM,5.0,2,4,6,6,1,3,3,0,1,3,IMPROPER TURNING/NO SIGNAL,2,1,0.0,0.0,0.0,0.0,0.0,2.0,23,1,4,04/14/2024,2024-04-14,23:40:00
06/25/2024 05:12:00 PM,7.0,2,1,3,7,1,3,3,0,1,3,FAILING TO YIELD RIGHT-OF-WAY,2,1,0.0,0.0,0.0,0.0,0.0,3.0,17,3,6,06/25/2024,2024-06-25,17:12:00
06/24/2024 04:44:00 PM,5.0,2,1,6,5,1,3,3,0,1,3,UNABLE TO DETERMINE,2,1,0.0,0.0,0.0,0.0,0.0,4.0,16,2,6,06/24/2024,2024-06-24,16:44:00
04/05/2024 10:45:00 AM,7.0,2,1,4,5,1,1,1,0,1,3,UNABLE TO DETERMINE,2,1,0.0,0.0,0.0,0.0,0.0,3.0,10,6,4,04/05/2024,2024-04-05,10:45:00
07/28/2024 01:20:00 PM,7.0,2,1,5,5,1,3,3,0,1,3,DISREGARDING STOP SIGN,2,1,0.0,0.0,0.0,0.0,0.0,2.0,13,1,7,07/28/2024,2024-07-28,13:20:00
07/10/2024 06:42:00 AM,5.0,4,1,5,5,1,4,1,0,1,3,FAILING TO YIELD RIGHT-OF-WAY,2,1,0.0,0.0,0.0,0.0,0.0,3.0,6,4,7,07/10/2024,2024-07-10,06:42:00
03/20/2024 08:30:00 AM,5.0,2,1,4,6,1,3,1,0,1,3,FOLLOWING TOO CLOSELY,2,1,0.0,0.0,0.0,0.0,0.0,3.0,8,4,3,03/20/2024,2024-03-20,08:30:00
05/25/2024 01:30:00 AM,3.0,2,4,6,5,1,3,1,1,1,3,UNABLE TO DETERMINE,2,2,1.0,0.0,0.0,0.0,1.0,2.0,1,7,5,05/25/2024,2024-05-25,01:30:00
06/04/2024 09:53:00 AM,5.0,2,1,13,5,1,3,3,0,1,1,UNABLE TO DETERMINE,2,1,0.0,0.0,0.0,0.0,0.0,2.0,9,3,6,06/04/2024,2024-06-04,09:53:00
05/09/2024 11:40:00 AM,7.0,4,1,4,5,1,4,3,0,1,2,FOLLOWING TOO CLOSELY,2,1,0.0,0.0,0.0,0.0,0.0,2.0,11,5,5,05/09/2024,2024-05-09,11:40:00
06/17/2024 04:50:00 PM,3.0,2,1,5,5,1,1,3,0,1,3,IMPROPER LANE USAGE,2,1,0.0,0.0,0.0,0.0,0.0,2.0,16,2,6,06/17/2024,2024-06-17,16:50:00
02/08/2024 07:00:00 PM,5.0,2,1,4,6,1,4,3,0,1,3,FOLLOWING TOO CLOSELY,2,1,0.0,0.0,0.0,0.0,0.0,2.0,19,5,2,02/08/2024,2024-02-08,19:00:00
06/26/2024 12:25:00 PM,3.0,2,1,6,6,1,1,1,1,1,3,UNABLE TO DETERMINE,2,1,0.0,0.0,0.0,0.0,0.0,2.0,12,4,6,06/26/2024,2024-06-26,12:25:00
07/29/2024 06:54:00 PM,5.0,2,1,5,5,1,3,1,1,1,3,DISREGARDING TRAFFIC SIGNALS,2,2,1.0,0.0,0.0,0.0,1.0,1.0,18,2,7,07/29/2024,2024-07-29,18:54:00
04/20/2024 04:50:00 PM,7.0,2,1,6,7,1,3,3,0,1,2,IMPROPER TURNING/NO SIGNAL,2,1,0.0,0.0,0.0,0.0,0.0,2.0,16,7,4,04/20/2024,2024-04-20,16:50:00
05/08/2024 08:20:00 PM,5.0,2,4,6,4,1,3,3,1,1,3,NOT APPLICABLE,2,1,0.0,0.0,0.0,0.0,0.0,3.0,20,4,5,05/08/2024,2024-05-08,20:20:00
03/16/2024 10:40:00 AM,5.0,2,1,6,1,1,3,3,0,1,3,TURNING RIGHT ON RED,2,1,0.0,0.0,0.0,0.0,0.0,2.0,10,7,3,03/16/2024,2024-03-16,10:40:00
02/10/2024 05:20:00 PM,5.0,2,4,6,6,1,3,3,0,1,3,IMPROPER TURNING/NO SIGNAL,2,1,0.0,0.0,0.0,0.0,0.0,4.0,17,7,2,02/10/2024,2024-02-10,17:20:00
05/25/2024 12:40:00 PM,5.0,2,1,4,6,1,1,1,0,1,3,FOLLOWING TOO CLOSELY,2,1,0.0,0.0,0.0,0.0,0.0,2.0,12,7,5,05/25/2024,2024-05-25,12:40:00
04/18/2024 04:20:00 PM,5.0,2,1,4,6,1,3,3,0,1,2,FOLLOWING TOO CLOSELY,2,1,0.0,0.0,0.0,0.0,0.0,4.0,16,5,4,04/18/2024,2024-04-18,16:20:00
04/05/2024 11:50:00 AM,5.0,2,1,4,5,1,3,3,0,1,3,FOLLOWING TOO CLOSELY,2,1,0.0,0.0,0.0,0.0,0.0,2.0,11,6,4,04/05/2024,2024-04-05,11:50:00
03/04/2024 12:00:00 PM,7.0,2,1,6,6,1,3,1,1,1,3,FAILING TO YIELD RIGHT-OF-WAY,2,1,0.0,0.0,0.0,0.0,0.0,2.0,12,2,3,03/04/2024,2024-03-04,12:00:00
04/22/2024 07:05:00 AM,5.0,2,1,4,5,1,3,1,0,1,2,FOLLOWING TOO CLOSELY,2,1,0.0,0.0,0.0,0.0,0.0,2.0,7,2,4,04/22/2024,2024-04-22,07:05:00
07/07/2024 02:10:00 AM,5.0,2,4,4,5,1,3,3,0,1,2,FOLLOWING TOO CLOSELY,2,1,0.0,0.0,0.0,0.0,0.0,3.0,2,1,7,07/07/2024,2024-07-07,02:10:00
05/27/2024 12:54:00 PM,3.0,2,1,14,9,1,3,3,0,1,2,IMPROPER LANE USAGE,2,1,0.0,0.0,0.0,0.0,0.0,2.0,12,2,5,05/27/2024,2024-05-27,12:54:00
01/11/2024 05:45:00 PM,7.0,2,4,5,7,1,3,3,0,1,3,"VISION OBSCURED (SIGNS, TREE LIMBS, BUILDINGS, ETC.)",2,1,0.0,0.0,0.0,0.0,0.0,3.0,17,5,1,01/11/2024,2024-01-11,17:45:00
04/15/2024 07:55:00 AM,3.0,2,1,5,10,1,3,3,0,1,3,FAILING TO YIELD RIGHT-OF-WAY,2,1,0.0,0.0,0.0,0.0,0.0,2.0,7,2,4,04/15/2024,2024-04-15,07:55:00
06/29/2024 12:36:00 PM,5.0,2,1,11,5,1,3,1,0,1,2,FAILING TO YIELD RIGHT-OF-WAY,2,1,0.0,0.0,0.0,0.0,0.0,2.0,12,7,6,06/29/2024,2024-06-29,12:36:00
06/16/2024 08:40:00 PM,5.0,2,4,5,5,1,3,3,0,1,3,DISREGARDING TRAFFIC SIGNALS,2,1,0.0,0.0,0.0,0.0,0.0,4.0,20,1,6,06/16/2024,2024-06-16,20:40:00
01/21/2024 01:02:00 PM,3.0,2,1,6,6,1,3,3,1,1,3,FAILING TO YIELD RIGHT-OF-WAY,2,1,0.0,0.0,0.0,0.0,0.0,2.0,13,1,1,01/21/2024,2024-01-21,13:02:00
03/27/2024 08:35:00 PM,7.0,2,4,5,5,1,3,3,1,1,3,FAILING TO YIELD RIGHT-OF-WAY,2,1,0.0,0.0,0.0,0.0,0.0,4.0,20,4,3,03/27/2024,2024-03-27,20:35:00
02/02/2024 08:05:00 AM,3.0,2,1,5,6,1,3,3,0,1,3,FAILING TO YIELD RIGHT-OF-WAY,2,1,0.0,0.0,0.0,0.0,0.0,2.0,8,6,2,02/02/2024,2024-02-02,08:05:00
06/29/2024 01:19:00 AM,5.0,2,4,5,5,1,4,3,1,1,3,DISREGARDING TRAFFIC SIGNALS,2,3,2.0,0.0,0.0,2.0,0.0,1.0,1,7,6,06/29/2024,2024-06-29,01:19:00