crash_date,traffic_control_device,weather_condition,lighting_condition,first_crash_type,trafficway_type,alignment,roadway_surface_cond,road_defect,crash_type,intersection_related_i,damage,prim_contributory_cause,num_units,most_severe_injury,injuries_total,injuries_fatal,injuries_incapacitating,injuries_non_incapacitating,injuries_reported_not_evident,injuries_no_indication,crash_hour,crash_day_of_week,crash_month,parsed_datetime,date,time
06/05/2024 02:30:00 PM,5.0,2,1,4,6,1,3,3,0,1,3,FAILING TO YIELD RIGHT-OF-WAY,2,1,0.0,0.0,0.0,0.0,0.0,2.0,14,4,6,06/05/2024,2024-06-05,14:30:00
07/22/2024 09:29:00 AM,5.0,2,1,5,5,1,3,3,1,1,3,DISREGARDING TRAFFIC SIGNALS,2,1,0.0,0.0,0.0,0.0,0.0,2.0,9,2,7,07/22/2024,2024-07-22,09:29:00
01/08/2024 08:30:00 AM,5.0,3,1,6,6,1,3,3,0,1,3,FOLLOWING TOO CLOSELY,2,1,0.0,0.0,0.0,0.0,0.0,2.0,8,2,1,01/08/2024,2024-01-08,08:30:00
05/24/2024 01:05:00 PM,5.0,2,1,3,4,1,3,2,0,1,3,IMPROPER OVERTAKING/PASSING,2,1,0.0,0.0,0.0,0.0,0.0,2.0,13,6,5,05/24/2024,2024-05-24,13:05:00
04/09/2024 07:58:00 AM,5.0,2,1,3,6,1,3,3,0,1,3,UNABLE TO DETERMINE,2,1,0.0,0.0,0.0,0.0,0.0,2.0,7,3,4,04/09/2024,2024-04-09,07:58:00
03/08/2024 01:15:00 PM,7.0,4,1,5,6,1,4,3,0,1,3,UNABLE TO DETERMINE,2,1,0.0,0.0,0.0,0.0,0.0,2.0,13,6,3,03/08/2024,2024-03-08,13:15:00
02/27/2024 07:30:00 PM,5.0,4,4,3,5,1,4,3,0,1,3,IMPROPER LANE USAGE,2,1,0.0,0.0,0.0,0.0,0.0,2.0,19,3,2,02/27/2024,2024-02-27,19:30:00
05/19/2024 03:51:00 PM,5.0,2,1,3,4,1,3,3,1,1,3,IMPROPER OVERTAKING/PASSING,2,1,0.0,0.0,0.0,0.0,0.0,3.0,15,1,5,05/19/2024,2024-05-19,15:51:00
02/16/2024 12:50:00 PM,5.0,2,1,4,5,1,3,3,0,1,3,FOLLOWING TOO CLOSELY,2,1,0.0,0.0,0.0,0.0,0.0,2.0,12,6,2,02/16/2024,2024-02-16,12:50:00
06/11/2024 07:36:00 PM,3.0,2,1,4,4,1,3,3,0,1,2,FOLLOWING TOO CLOSELY,2,1,0.0,0.0,0.0,0.0,0.0,2.0,19,3,6,06/11/2024,2024-06-11,19:36:00
08/09/2024 04:15:00 PM,5.0,2,1,4,6,1,3,3,0,1,3,FAILING TO YIELD RIGHT-OF-WAY,2,1,0.0,0.0,0.0,0.0,0.0,2.0,16,6,8,08/09/2024,2024-08-09,16:15:00
08/13/2024 07:50:00 AM,5.0,2,1,4,4,1,3,3,0,1,3,FOLLOWING TOO CLOSELY,2,1,0.0,0.0,0.0,0.0,0.0,2.0,7,3,8,08/13/2024,2024-08-13,07:50:00
07/26/2024 12:25:00 AM,5.0,2,4,4,5,1,1,1,1,1,3,UNABLE TO DETERMINE,2,2,1.0,0.0,0.0,0.0,1.0,3.0,0,6,7,07/26/2024,2024-07-26,00:25:00
05/27/2024 06:20:00 PM,5.0,2,1,6,6,1,1,1,0,1,3,UNABLE TO DETERMINE,2,1,0.0,0.0,0.0,0.0,0.0,4.0,18,2,5,05/27/2024,2024-05-27,18:20:00
06/11/2024 06:14:00 PM,5.0,2,1,4,6,1,3,3,0,1,1,FOLLOWING TOO CLOSELY,2,1,0.0,0.0,0.0,0.0,0.0,2.0,18,3,6,06/11/2024,2024-06-11,18:14:00
03/22/2024 09:50:00 AM,5.0,2,1,4,6,1,4,3,1,1,3,UNABLE TO DETERMINE,2,2,1.0,0.0,0.0,0.0,1.0,2.0,9,6,3,03/22/2024,2024-03-22,09:50:00
05/31/2024 07:37:00 PM,7.0,2,1,6,13,1,3,1,1,1,3,FAILING TO YIELD RIGHT-OF-WAY,2,4,1.0,0.0,1.0,0.0,0.0,1.0,19,6,5,05/31/2024,2024-05-31,19:37:00
05/19/2024 06:38:00 PM,7.0,2,1,6,7,1,3,3,0,1,3,FOLLOWING TOO CLOSELY,2,1,0.0,0.0,0.0,0.0,0.0,4.0,18,1,5,05/19/2024,2024-05-19,18:38:00
01/29/2024 03:53:00 PM,5.0,2,1,6,6,1,3,3,0,1,3,FAILING TO YIELD RIGHT-OF-WAY,2,1,0.0,0.0,0.0,0.0,0.0,7.0,15,2,1,01/29/2024,2024-01-29,15:53:00
06/09/2024 02:55:00 PM,3.0,2,1,5,6,1,3,3,0,1,1,FAILING TO YIELD RIGHT-OF-WAY,2,1,0.0,0.0,0.0,0.0,0.0,2.0,14,1,6,06/09/2024,2024-06-09,14:55:00
06/09/2024 01:20:00 PM,5.0,2,1,14,10,1,1,1,1,1,3,UNABLE TO DETERMINE,2,3,1.0,0.0,0.0,1.0,0.0,1.0,13,1,6,06/09/2024,2024-06-09,13:20:00
05/21/2024 04:00:00 PM,5.0,2,1,3,4,1,3,1,0,0,3,UNABLE TO DETERMINE,2,1,0.0,0.0,0.0,0.0,0.0,2.0,16,3,5,05/21/2024,2024-05-21,16:00:00
02/03/2024 07:00:00 PM,5.0,2,1,4,4,1,1,1,0,1,1,UNABLE TO DETERMINE,2,1,0.0,0.0,0.0,0.0,0.0,2.0,19,7,2,02/03/2024,2024-02-03,19:00:00
06/11/2024 05:10:00 PM,7.0,2,1,8,5,1,3,3,0,1,1,UNABLE TO DETERMINE,2,1,0.0,0.0,0.0,0.0,0.0,2.0,17,3,6,06/11/2024,2024-06-11,17:10:00
05/20/2024 02:50:00 PM,7.0,3,1,5,4,1,4,1,1,1,3,FAILING TO YIELD RIGHT-OF-WAY,2,2,1.0,0.0,0.0,0.0,1.0,1.0,14,2,5,05/20/2024,2024-05-20,14:50:00
04/01/2024 02:30:00 PM,5.0,2,1,4,4,1,4,3,0,1,3,FOLLOWING TOO CLOSELY,2,1,0.0,0.0,0.0,0.0,0.0,2.0,14,2,4,04/01/2024,2024-04-01,14:30:00
05/06/2024 04:17:00 PM,5.0,2,1,6,5,1,3,3,1,1,3,FAILING TO YIELD RIGHT-OF-WAY,2,1,0.0,0.0,0.0,0.0,0.0,3.0,16,2,5,05/06/2024,2024-05-06,16:17:00
03/20/2024 06:38:00 PM,5.0,2,3,4,5,1,3,3,0,1,3,FOLLOWING TOO CLOSELY,2,1,0.0,0.0,0.0,0.0,0.0,2.0,18,4,3,03/20/2024,2024-03-20,18:38:00
01/18/2024 03:26:00 PM,5.0,3,1,6,5,1,3,1,0,1,2,IMPROPER TURNING/NO SIGNAL,2,1,0.0,0.0,0.0,0.0,0.0,6.0,15,5,1,01/18/2024,2024-01-18,15:26:00
05/08/2024 01:50:00 PM,5.0,2,1,3,10,1,3,3,0,1,3,IMPROPER OVERTAKING/PASSING,2,1,0.0,0.0,0.0,0.0,0.0,3.0,13,4,5,05/08/2024,2024-05-08,13:50:00
05/17/2024 08:20:00 PM,5.0,2,3,5,6,1,3,1,0,1,3,UNABLE TO DETERMINE,2,1,0.0,0.0,0.0,0.0,0.0,6.0,20,6,5,05/17/2024,2024-05-17,20:20:00
02/20/2024 09:10:00 AM,5.0,2,1,5,6,1,3,1,1,1,3,DISREGARDING TRAFFIC SIGNALS,2,1,0.0,0.0,0.0,0.0,0.0,2.0,9,3,2,02/20/2024,2024-02-20,09:10:00
03/19/2024 01:30:00 PM,5.0,2,1,4,3,1,3,3,0,1,3,UNABLE TO DETERMINE,2,1,0.0,0.0,0.0,0.0,0.0,3.0,13,3,3,03/19/2024,2024-03-19,13:30:00
05/15/2024 05:05:00 PM,5.0,2,1,6,5,1,3,3,1,1,3,UNABLE TO DETERMINE,2,1,0.0,0.0,0.0,0.0,0.0,2.0,17,4,5,05/15/2024,2024-05-15,17:05:00
02/22/2024 08:14:00 AM,5.0,2,1,6,12,1,3,3,1,1,3,FAILING TO YIELD RIGHT-OF-WAY,2,2,1.0,0.0,0.0,0.0,1.0,1.0,8,5,2,02/22/2024,2024-02-22,08:14:00
06/12/2024 08:10:00 AM,5.0,2,1,6,4,1,3,3,0,1,2,IMPROPER TURNING/NO SIGNAL,2,1,0.0,0.0,0.0,0.0,0.0,2.0,8,4,6,06/12/2024,2024-06-12,08:10:00
02/04/2024 02:00:00 PM,5.0,2,1,6,7,1,3,3,0,1,3,NOT APPLICABLE,2,1,0.0,0.0,0.0,0.0,0.0,2.0,14,1,2,02/04/2024,2024-02-04,14:00:00
04/16/2024 08:12:00 PM,5.0,2,4,6,5,1,4,3,1,1,3,UNABLE TO DETERMINE,2,1,0.0,0.0,0.0,0.0,0.0,2.0,20,3,4,04/16/2024,2024-04-16,20:12:00
01/05/2024 05:30:00 PM,5.0,2,4,6,7,1,3,3,0,1,3,UNABLE TO DETERMINE,2,1,0.0,0.0,0.0,0.0,0.0,2.0,17,6,1,01/05/2024,2024-01-05,17:30:00
03/14/2024 12:01:00 PM,5.0,4,1,3,6,1,4,3,0,1,3,IMPROPER OVERTAKING/PASSING,2,1,0.0,0.0,0.0,0.0,0.0,2.0,12,5,3,03/14/2024,2024-03-14,12:01:00
03/10/2024 03:50:00 AM,3.0,2,4,6,6,1,3,3,1,1,3,UNABLE TO DETERMINE,2,1,0.0,0.0,0.0,0.0,0.0,3.0,3,1,3,03/10/2024,2024-03-10,03:50:00
04/21/2024 10:30:00 AM,5.0,2,1,5,4,1,3,3,1,1,3,DISREGARDING STOP SIGN,2,1,0.0,0.0,0.0,0.0,0.0,2.0,10,1,4,04/21/2024,2024-04-21,10:30:00
05/30/2024 03:30:00 PM,7.0,2,1,14,5,1,3,3,1,1,1,UNABLE TO DETERMINE,2,3,1.0,0.0,0.0,1.0,0.0,1.0,15,5,5,05/30/2024,2024-05-30,15:30:00
03/17/2024 11:15:00 AM,5.0,2,1,6,7,1,3,3,0,1,3,DISREGARDING TRAFFIC SIGNALS,2,1,0.0,0.0,0.0,0.0,0.0,2.0,11,1,3,03/17/2024,2024-03-17,11:15:00
07/06/2024 05:12:00 PM,5.0,2,1,6,5,1,3,3,0,1,2,IMPROPER TURNING/NO SIGNAL,2,1,0.0,0.0,0.0,0.0,0.0,2.0,17,7,7,07/06/2024,2024-07-06,17:12:00
08/05/2024 07:20:00 AM,3.0,4,1,6,7,1,4,3,1,1,3,IMPROPER TURNING/NO SIGNAL,2,1,0.0,0.0,0.0,0.0,0.0,2.0,7,2,8,08/05/2024,2024-08-05,07:20:00
05/30/2024 08:00:00 AM,7.0,2,1,5,1,1,3,3,0,1,3,UNABLE TO DETERMINE,2,1,0.0,0.0,0.0,0.0,0.0,4.0,8,5,5,05/30/2024,2024-05-30,08:00:00
06/19/2024 05:07:00 PM,5.0,2,1,6,5,1,3,3,1,1,3,DISREGARDING TRAFFIC SIGNALS,2,2,1.0,0.0,0.0,0.0,1.0,1.0,17,4,6,06/19/2024,2024-06-19,17:07:00
04/28/2024 08:16:00 PM,7.0,2,4,6,5,1,3,3,1,1,3,FAILING TO REDUCE SPEED TO AVOID CRASH,2,2,1.0,0.0,0.0,0.0,1.0,3.0,20,1,4,04/28/2024,2024-04-28,20:16:00
02/24/2024 06:00:00 AM,3.0,2,2,2,6,1,5,3,1,1,3,UNABLE TO DETERMINE,2,4,1.0,0.0,1.0,0.0,0.0,1.0,6,7,2,02/24/2024,2024-02-24,06:00:00
07/27/2024 04:14:00 PM,5.0,2,1,5,6,1,3,3,1,1,3,DISREGARDING TRAFFIC SIGNALS,2,2,2.0,0.0,0.0,0.0,2.0,2.0,16,7,7,07/27/2024,2024-07-27,16:14:00
06/16/2024 08:25:00 PM,5.0,2,1,13,1,1,1,1,1,1,2,UNABLE TO DETERMINE,2,3,1.0,0.0,0.0,1.0,0.0,1.0,20,1,6,06/16/2024,2024-06-16,20:25:00
07/17/2024 08:10:00 PM,5.0,2,1,3,5,1,3,3,0,1,3,IMPROPER OVERTAKING/PASSING,2,1,0.0,0.0,0.0,0.0,0.0,2.0,20,4,7,07/17/2024,2024-07-17,20:10:00
06/01/2024 04:00:00 PM,5.0,4,1,6,5,1,3,3,0,1,3,FAILING TO REDUCE SPEED TO AVOID CRASH,2,1,0.0,0.0,0.0,0.0,0.0,2.0,16,7,6,06/01/2024,2024-06-01,16:00:00
02/28/2024 02:42:00 PM,7.0,2,1,13,6,1,1,1,1,1,1,UNABLE TO DETERMINE,2,3,1.0,0.0,0.0,1.0,0.0,1.0,14,4,2,02/28/2024,2024-02-28,14:42:00
03/14/2024 06:25:00 PM,7.0,3,3,5,5,1,4,3,0,1,3,FAILING TO YIELD RIGHT-OF-WAY,2,1,0.0,0.0,0.0,0.0,0.0,2.0,18,5,3,03/14/2024,2024-03-14,18:25:00
01/01/2024 12:46:00 AM,5.0,2,4,5,5,1,3,1,0,1,3,DISREGARDING TRAFFIC SIGNALS,2,1,0.0,0.0,0.0,0.0,0.0,5.0,0,2,1,01/01/2024,2024-01-01,00:46:00
06/08/2024 10:45:00 AM,7.0,2,1,11,10,1,3,3,0,1,3,DRIVING SKILLS/KNOWLEDGE/EXPERIENCE,2,1,0.0,0.0,0.0,0.0,0.0,1.0,10,7,6,06/08/2024,2024-06-08,10:45:00
03/07/2024 02:00:00 PM,5.0,2,1,11,6,1,3,1,0,0,3,UNABLE TO DETERMINE,2,1,0.0,0.0,0.0,0.0,0.0,1.0,14,5,3,03/07/2024,2024-03-07,14:00:00
07/31/2024 10:30:00 AM,5.0,2,1,4,6,1,3,3,0,1,1,UNABLE TO DETERMINE,2,1,0.0,0.0,0.0,0.0,0.0,2.0,10,4,7,07/31/2024,2024-07-31,10:30:00
04/20/2024 01:00:00 PM,3.0,2,1,6,7,1,1,1,0,1,3,DISREGARDING STOP SIGN,2,1,0.0,0.0,0.0,0.0,0.0,2.0,13,7,4,04/20/2024,2024-04-20,13:00:00
06/22/2024 01:49:00 PM,7.0,2,1,5,5,1,3,3,1,1,3,NOT APPLICABLE,2,1,0.0,0.0,0.0,0.0,0.0,5.0,13,7,6,06/22/2024,2024-06-22,13:49:00
05/28/2024 09:30:00 PM,3.0,4,4,4,4,1,4,3,0,1,3,IMPROPER OVERTAKING/PASSING,2,1,0.0,0.0,0.0,0.0,0.0,3.0,21,3,5,05/28/2024,2024-05-28,21:30:00
03/06/2024 02:18:00 PM,3.0,2,1,3,6,4,3,3,1,1,3,IMPROPER OVERTAKING/PASSING,2,2,1.0,0.0,0.0,0.0,1.0,1.0,14,4,3,03/06/2024,2024-03-06,14:18:00
04/19/2024 02:00:00 PM,5.0,4,1,11,4,1,3,1,1,1,3,IMPROPER OVERTAKING/PASSING,2,1,0.0,0.0,0.0,0.0,0.0,1.0,14,6,4,04/19/2024,2024-04-19,14:00:00
01/13/2024 11:44:00 PM,3.0,9,4,5,5,1,5,2,0,1,3,FAILING TO REDUCE SPEED TO AVOID CRASH,2,1,0.0,0.0,0.0,0.0,0.0,2.0,23,7,1,01/13/2024,2024-01-13,23:44:00
07/28/2024 10:28:00 AM,5.0,3,1,3,1,1,3,3,0,1,2,DISTRACTION - FROM INSIDE VEHICLE,2,1,0.0,0.0,0.0,0.0,0.0,3.0,10,1,7,07/28/2024,2024-07-28,10:28:00
07/11/2024 10:41:00 AM,5.0,2,1,14,5,1,3,3,1,1,3,DISREGARDING TRAFFIC SIGNALS,2,3,1.0,0.0,0.0,1.0,0.0,1.0,10,5,7,07/11/2024,2024-07-11,10:41:00
06/20/2024 10:15:00 PM,5.0,2,4,14,1,1,3,3,1,1,3,FAILING TO YIELD RIGHT-OF-WAY,2,2,1.0,0.0,0.0,0.0,1.0,2.0,22,5,6,06/20/2024,2024-06-20,22:15:00
02/02/2024 09:15:00 PM,5.0,2,4,6,5,1,3,3,0,1,3,IMPROPER TURNING/NO SIGNAL,2,1,0.0,0.0,0.0,0.0,0.0,3.0,21,6,2,02/02/2024,2024-02-02,21:15:00
06/05/2024 08:01:00 AM,5.0,2,1,5,5,1,3,3,1,1,3,FAILING TO YIELD RIGHT-OF-WAY,2,1,0.0,0.0,0.0,0.0,0.0,2.0,8,4,6,06/05/2024,2024-06-05,08:01:00
01/02/2024 06:00:00 AM,3.0,2,5,5,6,1,3,3,0,1,2,UNABLE TO DETERMINE,2,1,0.0,0.0,0.0,0.0,0.0,2.0,6,3,1,01/02/2024,2024-01-02,06:00:00
02/29/2024 11:59:00 AM,5.0,2,1,13,6,1,3,3,1,1,2,FAILING TO YIELD RIGHT-OF-WAY,2,4,1.0,0.0,1.0,0.0,0.0,1.0,11,5,2,02/29/2024,2024-02-29,11:59:00
07/16/2024 04:25:00 PM,5.0,2,1,9,5,1,3,3,1,1,3,UNABLE TO DETERMINE,2,3,2.0,0.0,0.0,1.0,1.0,5.0,16,3,7,07/16/2024,2024-07-16,16:25:00
03/06/2024 09:50:00 PM,3.0,2,4,7,5,1,3,3,0,1,2,IMPROPER BACKING,2,1,0.0,0.0,0.0,0.0,0.0,2.0,21,4,3,03/06/2024,2024-03-06,21:50:00
04/05/2024 11:50:00 PM,5.0,2,3,13,14,1,3,3,1,1,1,FAILING TO YIELD RIGHT-OF-WAY,2,4,1.0,0.0,1.0,0.0,0.0,2.0,23,6,4,04/05/2024,2024-04-05,23:50:00
08/07/2024 04:29:00 PM,5.0,2,1,4,5,1,3,3,0,1,3,FOLLOWING TOO CLOSELY,2,1,0.0,0.0,0.0,0.0,0.0,2.0,16,4,8,08/07/2024,2024-08-07,16:29:00
03/18/2024 04:01:00 AM,5.0,2,4,4,5,1,3,3,1,1,3,FOLLOWING TOO CLOSELY,2,1,0.0,0.0,0.0,0.0,0.0,2.0,4,2,3,03/18/2024,2024-03-18,04:01:00
03/13/2024 06:30:00 PM,7.0,3,1,4,5,1,3,3,0,1,3,UNABLE TO DETERMINE,2,1,0.0,0.0,0.0,0.0,0.0,2.0,18,4,3,03/13/2024,2024-03-13,18:30:00
05/13/2024 03:33:00 PM,5.0,4,1,6,5,1,4,3,0,1,3,DISREGARDING TRAFFIC SIGNALS,2,1,0.0,0.0,0.0,0.0,0.0,2.0,15,2,5,05/13/2024,2024-05-13,15:33:00
03/25/2024 03:36:00 PM,5.0,2,1,6,5,1,3,3,1,1,3,UNABLE TO DETERMINE,2,1,0.0,0.0,0.0,0.0,0.0,5.0,15,2,3,03/25/2024,2024-03-25,15:36:00
05/06/2024 04:20:00 AM,3.0,2,1,5,16,1,3,3,0,1,3,FAILING TO YIELD RIGHT-OF-WAY,2,1,0.0,0.0,0.0,0.0,0.0,2.0,4,2,5,05/06/2024,2024-05-06,04:20:00
05/13/2024 04:00:00 PM,5.0,3,1,6,5,1,4,3,1,1,3,IMPROPER OVERTAKING/PASSING,2,1,0.0,0.0,0.0,0.0,0.0,2.0,16,2,5,05/13/2024,2024-05-13,16:00:00
02/03/2024 02:30:00 PM,5.0,2,1,4,5,1,3,3,0,1,3,UNABLE TO DETERMINE,2,1,0.0,0.0,0.0,0.0,0.0,2.0,14,7,2,02/03/2024,2024-02-03,14:30:00
08/10/2024 04:00:00 PM,5.0,2,1,4,5,1,3,3,0,1,3,FAILING TO REDUCE SPEED TO AVOID CRASH,2,1,0.0,0.0,0.0,0.0,0.0,2.0,16,7,8,08/10/2024,2024-08-10,16:00:00
05/24/2024 04:37:00 PM,5.0,2,1,6,7,1,3,3,0,1,3,DISREGARDING TRAFFIC SIGNALS,2,1,0.0,0.0,0.0,0.0,0.0,2.0,16,6,5,05/24/2024,2024-05-24,16:37:00
07/28/2024 03:10:00 PM,5.0,2,1,6,5,1,1,1,1,1,3,FAILING TO YIELD RIGHT-OF-WAY,2,3,1.0,0.0,0.0,1.0,0.0,1.0,15,1,7,07/28/2024,2024-07-28,15:10:00
05/15/2024 08:30:00 AM,5.0,2,1,6,14,1,3,1,0,1,3,IMPROPER TURNING/NO SIGNAL,2,1,0.0,0.0,0.0,0.0,0.0,2.0,8,4,5,05/15/2024,2024-05-15,08:30:00
01/08/2024 02:05:00 PM,3.0,2,1,6,5,1,3,3,0,1,2,UNABLE TO DETERMINE,2,1,0.0,0.0,0.0,0.0,0.0,2.0,14,2,1,01/08/2024,2024-01-08,14:05:00
06/05/2024 01:00:00 PM,3.0,2,1,5,6,1,3,3,0,1,3,FAILING TO YIELD RIGHT-OF-WAY,2,1,0.0,0.0,0.0,0.0,0.0,2.0,13,4,6,06/05/2024,2024-06-05,13:00:00
06/13/2024 11:30:00 AM,5.0,2,1,3,3,1,3,1,0,1,1,UNABLE TO DETERMINE,2,1,0.0,0.0,0.0,0.0,0.0,4.0,11,5,6,06/13/2024,2024-06-13,11:30:00
05/01/2024 12:30:00 PM,7.0,2,1,5,6,1,3,3,0,1,3,FAILING TO YIELD RIGHT-OF-WAY,2,1,0.0,0.0,0.0,0.0,0.0,2.0,12,4,5,05/01/2024,2024-05-01,12:30:00
07/17/2024 06:49:00 AM,5.0,2,1,6,9,1,3,3,0,1,1,UNABLE TO DETERMINE,2,1,0.0,0.0,0.0,0.0,0.0,2.0,6,4,7,07/17/2024,2024-07-17,06:49:00
01/24/2024 05:15:00 PM,5.0,4,4,3,10,1,4,3,1,1,3,IMPROPER OVERTAKING/PASSING,2,1,0.0,0.0,0.0,0.0,0.0,2.0,17,4,1,01/24/2024,2024-01-24,17:15:00
06/27/2024 03:00:00 PM,7.0,2,1,5,6,1,3,3,0,1,3,FAILING TO YIELD RIGHT-OF-WAY,2,1,0.0,0.0,0.0,0.0,0.0,2.0,15,5,6,06/27/2024,2024-06-27,15:00:00
05/25/2024 10:35:00 PM,7.0,2,4,4,5,1,3,3,0,1,3,FAILING TO REDUCE SPEED TO AVOID CRASH,2,1,0.0,0.0,0.0,0.0,0.0,4.0,22,7,5,05/25/2024,2024-05-25,22:35:00
07/16/2024 08:05:00 PM,5.0,2,1,7,5,1,3,3,0,1,3,IMPROPER BACKING,2,1,0.0,0.0,0.0,0.0,0.0,3.0,20,3,7,07/16/2024,2024-07-16,20:05:00
02/09/2024 06:45:00 PM,7.0,2,4,5,6,1,3,3,1,1,3,UNABLE TO DETERMINE,2,3,1.0,0.0,0.0,1.0,0.0,5.0,18,6,2,02/09/2024,2024-02-09,18:45:00
02/07/2024 09:00:00 AM,7.0,2,1,5,6,1,3,3,0,1,3,UNABLE TO DETERMINE,2,1,0.0,0.0,0.0,0.0,0.0,2.0,9,4,2,02/07/2024,2024-02-07,09:00:00
05/08/2024 11:15:00 AM,5.0,2,1,6,5,1,1,3,0,1,3,UNABLE TO DETERMINE,2,1,0.0,0.0,0.0,0.0,0.0,4.0,11,4,5,05/08/2024,2024-05-08,11:15:00
05/25/2024 11:39:00 PM,5.0,2,4,6,5,1,3,1,1,1,3,UNABLE TO DETERMINE,2,1,0.0,0.0,0.0,0.0,0.0,2.0,23,7,5,05/25/2024,2024-05-25,23:39:00
03/05/2024 04:30:00 PM,5.0,2,1,6,6,1,3,3,0,1,3,UNABLE TO DETERMINE,2,1,0.0,0.0,0.0,0.0,0.0,2.0,16,3,3,03/05/2024,2024-03-05,16:30:00
02/20/2024 04:30:00 PM,3.0,2,1,5,16,1,3,1,0,1,3,NOT APPLICABLE,2,1,0.0,0.0,0.0,0.0,0.0,2.0,16,3,2,02/20/2024,2024-02-20,16:30:00
07/12/2024 06:00:00 PM,7.0,2,1,6,6,1,3,3,0,1,3,UNABLE TO DETERMINE,2,1,0.0,0.0,0.0,0.0,0.0,3.0,18,6,7,07/12/2024,2024-07-12,18:00:00
02/25/2024 03:15:00 PM,5.0,2,1,4,5,1,3,1,0,1,3,UNABLE TO DETERMINE,2,1,0.0,0.0,0.0,0.0,0.0,2.0,15,1,2,02/25/2024,2024-02-25,15:15:00
02/29/2024 03:50:00 PM,5.0,2,1,4,4,1,3,3,0,1,3,FOLLOWING TOO CLOSELY,2,1,0.0,0.0,0.0,0.0,0.0,2.0,15,5,2,02/29/2024,2024-02-29,15:50:00
05/28/2024 05:40:00 PM,5.0,4,1,6,4,1,4,3,0,1,3,IMPROPER TURNING/NO SIGNAL,2,1,0.0,0.0,0.0,0.0,0.0,2.0,17,3,5,05/28/2024,2024-05-28,17:40:00
05/14/2024 10:00:00 AM,5.0,4,1,6,3,1,4,3,0,1,3,DRIVING SKILLS/KNOWLEDGE/EXPERIENCE,2,1,0.0,0.0,0.0,0.0,0.0,4.0,10,3,5,05/14/2024,2024-05-14,10:00:00
03/09/2024 02:30:00 AM,5.0,4,4,6,5,1,4,1,1,1,3,FAILING TO YIELD RIGHT-OF-WAY,2,1,0.0,0.0,0.0,0.0,0.0,4.0,2,7,3,03/09/2024,2024-03-09,02:30:00
05/10/2024 12:11:00 PM,7.0,2,1,14,4,1,3,3,1,1,1,FAILING TO YIELD RIGHT-OF-WAY,2,2,1.0,0.0,0.0,0.0,1.0,1.0,12,6,5,05/10/2024,2024-05-10,12:11:00
05/02/2024 12:43:00 PM,7.0,2,1,5,6,1,3,3,1,1,3,FAILING TO YIELD RIGHT-OF-WAY,2,3,1.0,0.0,0.0,1.0,0.0,1.0,12,5,5,05/02/2024,2024-05-02,12:43:00
03/19/2024 05:13:00 PM,5.0,2,1,6,4,1,3,1,1,1,2,UNABLE TO DETERMINE,2,1,0.0,0.0,0.0,0.0,0.0,2.0,17,3,3,03/19/2024,2024-03-19,17:13:00
04/01/2024 08:35:00 AM,5.0,2,1,4,5,1,3,3,0,1,3,FAILING TO REDUCE SPEED TO AVOID CRASH,2,1,0.0,0.0,0.0,0.0,0.0,4.0,8,2,4,04/01/2024,2024-04-01,08:35:00
04/22/2024 07:10:00 PM,5.0,2,3,6,5,1,3,3,1,1,3,UNABLE TO DETERMINE,2,1,0.0,0.0,0.0,0.0,0.0,4.0,19,2,4,04/22/2024,2024-04-22,19:10:00
06/28/2024 05:45:00 PM,5.0,2,1,4,1,1,3,3,0,1,2,FOLLOWING TOO CLOSELY,2,1,0.0,0.0,0.0,0.0,0.0,2.0,17,6,6,06/28/2024,2024-06-28,17:45:00
02/08/2024 10:30:00 AM,5.0,2,1,6,5,1,3,3,1,1,3,DISREGARDING TRAFFIC SIGNALS,2,1,0.0,0.0,0.0,0.0,0.0,2.0,10,5,2,02/08/2024,2024-02-08,10:30:00
02/26/2024 06:15:00 PM,7.0,2,4,5,5,1,3,3,0,1,3,DISREGARDING STOP SIGN,2,1,0.0,0.0,0.0,0.0,0.0,3.0,18,2,2,02/26/2024,2024-02-26,18:15:00
01/13/2024 05:21:00 PM,5.0,5,4,6,4,1,5,1,1,1,3,UNABLE TO DETERMINE,2,1,0.0,0.0,0.0,0.0,0.0,2.0,17,7,1,01/13/2024,2024-01-13,17:21:00
07/17/2024 02:30:00 PM,5.0,2,1,3,5,1,3,1,0,1,3,IMPROPER OVERTAKING/PASSING,2,1,0.0,0.0,0.0,0.0,0.0,2.0,14,4,7,07/17/2024,2024-07-17,14:30:00
06/28/2024 11:52:00 PM,4.0,4,4,6,6,1,4,3,1,1,3,FAILING TO YIELD RIGHT-OF-WAY,2,1,0.0,0.0,0.0,0.0,0.0,2.0,23,6,6,06/28/2024,2024-06-28,23:52:00
01/05/2024 10:08:00 AM,5.0,2,1,6,5,1,3,1,1,1,3,FAILING TO YIELD RIGHT-OF-WAY,2,1,0.0,0.0,0.0,0.0,0.0,2.0,10,6,1,01/05/2024,2024-01-05,10:08:00
06/09/2024 09:50:00 AM,3.0,2,1,6,6,1,3,3,1,0,3,FAILING TO YIELD RIGHT-OF-WAY,2,1,0.0,0.0,0.0,0.0,0.0,4.0,9,1,6,06/09/2024,2024-06-09,09:50:00
03/27/2024 04:55:00 PM,5.0,2,1,14,5,1,3,3,1,1,3,UNABLE TO DETERMINE,2,4,1.0,0.0,1.0,0.0,0.0,1.0,16,4,3,03/27/2024,2024-03-27,16:55:00