crash_date,traffic_control_device,weather_condition,lighting_condition,first_crash_type,trafficway_type,alignment,roadway_surface_cond,road_defect,crash_type,intersection_related_i,damage,prim_contributory_cause,num_units,most_severe_injury,injuries_total,injuries_fatal,injuries_incapacitating,injuries_non_incapacitating,injuries_reported_not_evident,injuries_no_indication,crash_hour,crash_day_of_week,crash_month,parsed_datetime,date,time
07/10/2024 03:51:00 PM,5.0,2,1,6,4,1,3,3,1,1,3,FAILING TO YIELD RIGHT-OF-WAY,2,3,1.0,0.0,0.0,1.0,0.0,2.0,15,4,7,07/10/2024,2024-07-10,15:51:00
06/18/2024 07:30:00 PM,3.0,2,1,4,4,1,3,3,0,1,3,UNABLE TO DETERMINE,2,1,0.0,0.0,0.0,0.0,0.0,6.0,19,3,6,06/18/2024,2024-06-18,19:30:00
02/08/2024 02:37:00 PM,7.0,2,1,5,5,1,3,3,0,1,1,UNABLE TO DETERMINE,2,1,0.0,0.0,0.0,0.0,0.0,2.0,14,5,2,02/08/2024,2024-02-08,14:37:00
06/16/2024 02:15:00 PM,5.0,2,1,3,4,1,3,3,1,1,3,IMPROPER LANE USAGE,2,2,1.0,0.0,0.0,0.0,1.0,2.0,14,1,6,06/16/2024,2024-06-16,14:15:00
07/27/2024 08:21:00 PM,5.0,2,3,13,7,1,3,3,1,1,1,FAILING TO REDUCE SPEED TO AVOID CRASH,2,4,1.0,0.0,1.0,0.0,0.0,2.0,20,7,7,07/27/2024,2024-07-27,20:21:00
03/23/2024 10:50:00 AM,5.0,2,1,4,5,1,3,3,0,1,2,FOLLOWING TOO CLOSELY,2,1,0.0,0.0,0.0,0.0,0.0,2.0,10,7,3,03/23/2024,2024-03-23,10:50:00
03/08/2024 10:18:00 AM,5.0,4,1,5,5,1,4,3,1,1,3,DISREGARDING TRAFFIC SIGNALS,2,2,1.0,0.0,0.0,0.0,1.0,1.0,10,6,3,03/08/2024,2024-03-08,10:18:00
03/15/2024 05:18:00 PM,5.0,2,1,5,6,1,3,3,1,1,3,UNABLE TO DETERMINE,2,3,1.0,0.0,0.0,1.0,0.0,1.0,17,6,3,03/15/2024,2024-03-15,17:18:00
03/14/2024 02:50:00 PM,7.0,2,1,4,6,1,1,1,0,1,3,FOLLOWING TOO CLOSELY,2,1,0.0,0.0,0.0,0.0,0.0,2.0,14,5,3,03/14/2024,2024-03-14,14:50:00
05/30/2024 04:45:00 PM,7.0,2,1,5,6,1,3,3,0,1,2,UNABLE TO DETERMINE,2,1,0.0,0.0,0.0,0.0,0.0,4.0,16,5,5,05/30/2024,2024-05-30,16:45:00
04/30/2024 07:30:00 AM,5.0,2,1,6,6,1,3,3,0,1,3,IMPROPER LANE USAGE,2,1,0.0,0.0,0.0,0.0,0.0,2.0,7,3,4,04/30/2024,2024-04-30,07:30:00
03/02/2024 02:00:00 PM,5.0,2,1,6,6,1,3,3,0,1,3,UNABLE TO DETERMINE,2,1,0.0,0.0,0.0,0.0,0.0,3.0,14,7,3,03/02/2024,2024-03-02,14:00:00
07/13/2024 08:36:00 PM,5.0,2,4,4,4,1,3,3,1,1,3,FOLLOWING TOO CLOSELY,2,1,0.0,0.0,0.0,0.0,0.0,4.0,20,7,7,07/13/2024,2024-07-13,20:36:00
01/10/2024 06:15:00 PM,7.0,3,4,6,7,1,3,3,0,1,1,FAILING TO YIELD RIGHT-OF-WAY,2,1,0.0,0.0,0.0,0.0,0.0,2.0,18,4,1,01/10/2024,2024-01-10,18:15:00
01/05/2024 05:40:00 PM,5.0,2,4,3,13,1,3,3,0,1,3,FOLLOWING TOO CLOSELY,2,1,0.0,0.0,0.0,0.0,0.0,3.0,17,6,1,01/05/2024,2024-01-05,17:40:00
04/15/2024 08:37:00 AM,5.0,2,1,3,5,1,3,3,0,1,1,IMPROPER OVERTAKING/PASSING,2,1,0.0,0.0,0.0,0.0,0.0,2.0,8,2,4,04/15/2024,2024-04-15,08:37:00
05/10/2024 02:00:00 PM,5.0,2,1,5,6,1,3,3,0,1,3,DISREGARDING TRAFFIC SIGNALS,2,1,0.0,0.0,0.0,0.0,0.0,5.0,14,6,5,05/10/2024,2024-05-10,14:00:00
07/28/2024 08:45:00 AM,5.0,4,1,5,5,1,4,3,0,1,3,DISREGARDING TRAFFIC SIGNALS,2,1,0.0,0.0,0.0,0.0,0.0,3.0,8,1,7,07/28/2024,2024-07-28,08:45:00
05/13/2024 12:22:00 PM,5.0,2,1,5,5,1,3,3,1,1,3,DISREGARDING TRAFFIC SIGNALS,2,3,2.0,0.0,0.0,2.0,0.0,0.0,12,2,5,05/13/2024,2024-05-13,12:22:00
04/09/2024 05:50:00 PM,5.0,2,1,5,7,1,3,3,1,1,3,DISREGARDING TRAFFIC SIGNALS,2,2,1.0,0.0,0.0,0.0,1.0,1.0,17,3,4,04/09/2024,2024-04-09,17:50:00
05/19/2024 12:59:00 PM,7.0,2,1,5,5,1,3,3,1,1,3,FAILING TO REDUCE SPEED TO AVOID CRASH,2,3,1.0,0.0,0.0,1.0,0.0,4.0,12,1,5,05/19/2024,2024-05-19,12:59:00
01/17/2024 03:29:00 PM,5.0,2,1,4,6,1,3,1,0,1,2,FOLLOWING TOO CLOSELY,2,1,0.0,0.0,0.0,0.0,0.0,2.0,15,4,1,01/17/2024,2024-01-17,15:29:00
05/28/2024 12:31:00 AM,5.0,2,4,5,5,1,3,1,0,1,3,DISREGARDING TRAFFIC SIGNALS,2,1,0.0,0.0,0.0,0.0,0.0,2.0,0,3,5,05/28/2024,2024-05-28,00:31:00
01/09/2024 07:20:00 AM,5.0,6,2,6,5,1,5,3,1,1,3,UNABLE TO DETERMINE,2,1,0.0,0.0,0.0,0.0,0.0,2.0,7,3,1,01/09/2024,2024-01-09,07:20:00
06/27/2024 08:18:00 AM,5.0,2,1,3,5,1,3,1,0,1,3,UNABLE TO DETERMINE,2,1,0.0,0.0,0.0,0.0,0.0,2.0,8,5,6,06/27/2024,2024-06-27,08:18:00
03/31/2024 02:20:00 AM,5.0,2,4,6,1,1,3,3,0,1,3,UNABLE TO DETERMINE,2,1,0.0,0.0,0.0,0.0,0.0,2.0,2,1,3,03/31/2024,2024-03-31,02:20:00
02/09/2024 12:52:00 PM,5.0,2,1,6,5,1,3,3,1,1,2,IMPROPER TURNING/NO SIGNAL,2,1,0.0,0.0,0.0,0.0,0.0,2.0,12,6,2,02/09/2024,2024-02-09,12:52:00
07/20/2024 09:30:00 PM,3.0,2,4,10,4,1,3,3,0,1,3,IMPROPER OVERTAKING/PASSING,2,1,0.0,0.0,0.0,0.0,0.0,3.0,21,7,7,07/20/2024,2024-07-20,21:30:00
05/30/2024 05:43:00 AM,5.0,2,1,13,4,1,3,3,1,1,3,"OPERATING VEHICLE IN ERRATIC, RECKLESS, CARELESS, NEGLIGENT OR AGGRESSIVE MANNER",2,3,1.0,0.0,0.0,1.0,0.0,1.0,5,5,5,05/30/2024,2024-05-30,05:43:00
06/21/2024 03:00:00 PM,5.0,2,1,4,5,1,3,3,0,1,3,FOLLOWING TOO CLOSELY,2,1,0.0,0.0,0.0,0.0,0.0,2.0,15,6,6,06/21/2024,2024-06-21,15:00:00
07/17/2024 05:55:00 AM,3.0,2,1,6,6,1,3,3,1,1,3,FAILING TO YIELD RIGHT-OF-WAY,2,1,0.0,0.0,0.0,0.0,0.0,2.0,5,4,7,07/17/2024,2024-07-17,05:55:00
01/17/2024 06:33:00 PM,7.0,2,5,4,6,1,3,1,0,1,2,FOLLOWING TOO CLOSELY,2,1,0.0,0.0,0.0,0.0,0.0,2.0,18,4,1,01/17/2024,2024-01-17,18:33:00
03/18/2024 12:18:00 PM,5.0,2,1,6,1,1,3,3,0,1,3,UNABLE TO DETERMINE,2,1,0.0,0.0,0.0,0.0,0.0,3.0,12,2,3,03/18/2024,2024-03-18,12:18:00
08/03/2024 10:45:00 AM,3.0,2,1,6,6,1,3,3,0,1,3,UNABLE TO DETERMINE,2,1,0.0,0.0,0.0,0.0,0.0,2.0,10,7,8,08/03/2024,2024-08-03,10:45:00
05/05/2024 05:30:00 PM,7.0,2,1,3,6,1,1,1,0,1,2,IMPROPER OVERTAKING/PASSING,2,1,0.0,0.0,0.0,0.0,0.0,2.0,17,1,5,05/05/2024,2024-05-05,17:30:00
05/19/2024 12:36:00 AM,1.0,2,4,13,5,1,3,3,1,1,1,UNABLE TO DETERMINE,2,3,1.0,0.0,0.0,1.0,0.0,1.0,0,1,5,05/19/2024,2024-05-19,00:36:00
05/27/2024 06:30:00 PM,5.0,2,1,6,4,1,1,1,0,1,3,IMPROPER TURNING/NO SIGNAL,2,1,0.0,0.0,0.0,0.0,0.0,2.0,18,2,5,05/27/2024,2024-05-27,18:30:00
07/09/2024 03:10:00 PM,5.0,4,1,6,12,1,4,3,1,1,2,FAILING TO YIELD RIGHT-OF-WAY,2,3,1.0,0.0,0.0,1.0,0.0,2.0,15,3,7,07/09/2024,2024-07-09,15:10:00
07/15/2024 12:10:00 AM,5.0,4,4,5,5,1,4,3,1,1,3,DISREGARDING TRAFFIC SIGNALS,2,1,0.0,0.0,0.0,0.0,0.0,4.0,0,2,7,07/15/2024,2024-07-15,00:10:00
05/26/2024 09:22:00 PM,5.0,3,4,6,6,1,4,3,1,1,2,FAILING TO YIELD RIGHT-OF-WAY,2,4,2.0,0.0,1.0,0.0,1.0,1.0,21,1,5,05/26/2024,2024-05-26,21:22:00
05/26/2024 11:00:00 AM,3.0,4,1,5,6,1,4,1,0,1,3,UNABLE TO DETERMINE,2,1,0.0,0.0,0.0,0.0,0.0,2.0,11,1,5,05/26/2024,2024-05-26,11:00:00
05/29/2024 07:40:00 AM,5.0,2,1,5,5,1,3,3,0,1,3,FAILING TO YIELD RIGHT-OF-WAY,2,1,0.0,0.0,0.0,0.0,0.0,4.0,7,4,5,05/29/2024,2024-05-29,07:40:00
03/29/2024 07:20:00 PM,5.0,2,5,6,5,1,3,3,0,1,3,UNABLE TO DETERMINE,2,1,0.0,0.0,0.0,0.0,0.0,2.0,19,6,3,03/29/2024,2024-03-29,19:20:00
06/07/2024 02:41:00 PM,7.0,2,1,5,4,1,3,3,0,1,3,FAILING TO YIELD RIGHT-OF-WAY,2,1,0.0,0.0,0.0,0.0,0.0,4.0,14,6,6,06/07/2024,2024-06-07,14:41:00
06/23/2024 09:50:00 AM,5.0,2,1,6,14,1,3,3,1,1,3,FAILING TO YIELD RIGHT-OF-WAY,2,3,2.0,0.0,0.0,2.0,0.0,0.0,9,1,6,06/23/2024,2024-06-23,09:50:00
07/26/2024 05:30:00 AM,5.0,2,1,13,6,2,1,1,1,1,3,UNABLE TO DETERMINE,2,4,1.0,0.0,1.0,0.0,0.0,1.0,5,6,7,07/26/2024,2024-07-26,05:30:00
07/24/2024 10:57:00 PM,7.0,2,5,8,4,2,3,3,1,1,1,FOLLOWING TOO CLOSELY,2,2,1.0,0.0,0.0,0.0,1.0,1.0,22,4,7,07/24/2024,2024-07-24,22:57:00
06/25/2024 07:21:00 PM,5.0,2,1,4,5,1,3,1,0,1,1,FAILING TO REDUCE SPEED TO AVOID CRASH,2,1,0.0,0.0,0.0,0.0,0.0,2.0,19,3,6,06/25/2024,2024-06-25,19:21:00
02/04/2024 12:30:00 PM,1.0,2,1,13,10,1,1,1,1,1,3,UNABLE TO DETERMINE,2,2,1.0,0.0,0.0,0.0,1.0,2.0,12,1,2,02/04/2024,2024-02-04,12:30:00
07/09/2024 07:00:00 PM,5.0,4,4,6,5,1,4,3,1,1,3,UNABLE TO DETERMINE,2,3,2.0,0.0,0.0,2.0,0.0,0.0,19,3,7,07/09/2024,2024-07-09,19:00:00
08/04/2024 06:30:00 PM,5.0,2,1,6,6,1,3,3,0,1,3,FAILING TO YIELD RIGHT-OF-WAY,2,1,0.0,0.0,0.0,0.0,0.0,2.0,18,1,8,08/04/2024,2024-08-04,18:30:00
04/26/2024 03:57:00 PM,5.0,4,1,5,5,1,4,3,1,1,3,DISREGARDING TRAFFIC SIGNALS,2,3,1.0,0.0,0.0,1.0,0.0,2.0,15,6,4,04/26/2024,2024-04-26,15:57:00
02/16/2024 01:00:00 PM,5.0,2,1,4,6,1,3,3,0,1,3,FOLLOWING TOO CLOSELY,2,1,0.0,0.0,0.0,0.0,0.0,2.0,13,6,2,02/16/2024,2024-02-16,13:00:00
05/29/2024 10:37:00 PM,5.0,2,4,5,5,1,3,3,1,1,3,DISREGARDING OTHER TRAFFIC SIGNS,2,3,1.0,0.0,0.0,1.0,0.0,2.0,22,4,5,05/29/2024,2024-05-29,22:37:00
06/22/2024 05:45:00 PM,5.0,2,1,4,4,1,1,3,0,1,2,FOLLOWING TOO CLOSELY,2,1,0.0,0.0,0.0,0.0,0.0,2.0,17,7,6,06/22/2024,2024-06-22,17:45:00
08/03/2024 07:27:00 PM,5.0,2,3,14,3,1,3,1,0,1,3,FAILING TO YIELD RIGHT-OF-WAY,2,1,0.0,0.0,0.0,0.0,0.0,3.0,19,7,8,08/03/2024,2024-08-03,19:27:00
01/20/2024 03:00:00 PM,3.0,2,1,4,6,2,3,3,0,1,2,FOLLOWING TOO CLOSELY,2,1,0.0,0.0,0.0,0.0,0.0,3.0,15,7,1,01/20/2024,2024-01-20,15:00:00
08/10/2024 10:50:00 PM,7.0,2,4,5,5,1,3,3,0,1,3,UNABLE TO DETERMINE,2,1,0.0,0.0,0.0,0.0,0.0,2.0,22,7,8,08/10/2024,2024-08-10,22:50:00
07/17/2024 09:30:00 AM,5.0,2,1,4,5,1,3,1,0,1,3,FAILING TO YIELD RIGHT-OF-WAY,2,1,0.0,0.0,0.0,0.0,0.0,2.0,9,4,7,07/17/2024,2024-07-17,09:30:00
03/08/2024 07:30:00 PM,5.0,4,4,5,5,1,4,1,0,1,3,NOT APPLICABLE,2,1,0.0,0.0,0.0,0.0,0.0,2.0,19,6,3,03/08/2024,2024-03-08,19:30:00
03/08/2024 01:45:00 PM,5.0,4,1,5,6,1,4,3,1,1,2,IMPROPER OVERTAKING/PASSING,2,1,0.0,0.0,0.0,0.0,0.0,3.0,13,6,3,03/08/2024,2024-03-08,13:45:00
04/29/2024 09:46:00 PM,5.0,2,4,6,4,1,3,3,1,0,3,DRIVING SKILLS/KNOWLEDGE/EXPERIENCE,2,1,0.0,0.0,0.0,0.0,0.0,2.0,21,2,4,04/29/2024,2024-04-29,21:46:00
06/27/2024 09:25:00 AM,7.0,2,1,5,5,1,3,3,0,1,3,FAILING TO YIELD RIGHT-OF-WAY,2,1,0.0,0.0,0.0,0.0,0.0,2.0,9,5,6,06/27/2024,2024-06-27,09:25:00
02/12/2024 08:35:00 AM,7.0,2,1,5,10,1,3,3,1,1,2,UNABLE TO DETERMINE,2,3,1.0,0.0,0.0,1.0,0.0,1.0,8,2,2,02/12/2024,2024-02-12,08:35:00
07/07/2024 01:37:00 PM,3.0,2,1,4,4,1,3,3,0,0,2,FAILING TO REDUCE SPEED TO AVOID CRASH,2,1,0.0,0.0,0.0,0.0,0.0,2.0,13,1,7,07/07/2024,2024-07-07,13:37:00
01/08/2024 08:17:00 PM,5.0,2,4,13,4,1,3,3,1,1,2,DRIVING SKILLS/KNOWLEDGE/EXPERIENCE,2,3,1.0,0.0,0.0,1.0,0.0,1.0,20,2,1,01/08/2024,2024-01-08,20:17:00
02/26/2024 12:30:00 PM,1.0,2,1,3,10,1,1,1,0,1,3,UNABLE TO DETERMINE,2,1,0.0,0.0,0.0,0.0,0.0,2.0,12,2,2,02/26/2024,2024-02-26,12:30:00
08/11/2024 07:00:00 PM,3.0,2,1,4,6,1,3,3,0,1,2,FOLLOWING TOO CLOSELY,2,1,0.0,0.0,0.0,0.0,0.0,2.0,19,1,8,08/11/2024,2024-08-11,19:00:00
07/20/2024 08:50:00 PM,5.0,2,5,6,6,1,3,3,0,1,3,UNABLE TO DETERMINE,2,1,0.0,0.0,0.0,0.0,0.0,2.0,20,7,7,07/20/2024,2024-07-20,20:50:00
04/25/2024 03:30:00 PM,7.0,2,1,5,6,1,3,3,0,1,3,FAILING TO YIELD RIGHT-OF-WAY,2,1,0.0,0.0,0.0,0.0,0.0,4.0,15,5,4,04/25/2024,2024-04-25,15:30:00
05/27/2024 09:10:00 PM,5.0,2,3,6,6,1,3,3,0,1,1,IMPROPER LANE USAGE,2,1,0.0,0.0,0.0,0.0,0.0,2.0,21,2,5,05/27/2024,2024-05-27,21:10:00
01/07/2024 02:35:00 PM,5.0,2,1,4,5,1,3,3,0,1,3,FOLLOWING TOO CLOSELY,2,1,0.0,0.0,0.0,0.0,0.0,2.0,14,1,1,01/07/2024,2024-01-07,14:35:00
06/24/2024 11:40:00 PM,7.0,2,4,7,5,1,3,3,0,1,3,DISREGARDING STOP SIGN,2,1,0.0,0.0,0.0,0.0,0.0,2.0,23,2,6,06/24/2024,2024-06-24,23:40:00
02/07/2024 03:30:00 PM,7.0,2,1,6,5,1,3,3,0,1,3,UNABLE TO DETERMINE,2,1,0.0,0.0,0.0,0.0,0.0,2.0,15,4,2,02/07/2024,2024-02-07,15:30:00
04/13/2024 09:45:00 AM,5.0,2,1,4,5,1,3,3,0,1,3,FAILING TO REDUCE SPEED TO AVOID CRASH,2,1,0.0,0.0,0.0,0.0,0.0,3.0,9,7,4,04/13/2024,2024-04-13,09:45:00
06/17/2024 12:05:00 AM,5.0,2,4,5,5,1,3,3,1,1,3,DISREGARDING TRAFFIC SIGNALS,2,1,0.0,0.0,0.0,0.0,0.0,3.0,0,2,6,06/17/2024,2024-06-17,00:05:00
05/20/2024 03:00:00 PM,3.0,2,1,5,5,1,3,3,1,1,3,DRIVING SKILLS/KNOWLEDGE/EXPERIENCE,2,1,0.0,0.0,0.0,0.0,0.0,3.0,15,2,5,05/20/2024,2024-05-20,15:00:00
05/08/2024 06:49:00 PM,5.0,2,1,6,3,1,3,3,1,1,3,FAILING TO YIELD RIGHT-OF-WAY,2,1,0.0,0.0,0.0,0.0,0.0,2.0,18,4,5,05/08/2024,2024-05-08,18:49:00
06/05/2024 08:00:00 AM,5.0,3,1,6,5,1,3,3,0,1,3,UNABLE TO DETERMINE,2,1,0.0,0.0,0.0,0.0,0.0,3.0,8,4,6,06/05/2024,2024-06-05,08:00:00
01/09/2024 08:50:00 AM,7.0,7,4,5,5,1,6,3,1,1,3,FAILING TO REDUCE SPEED TO AVOID CRASH,2,2,1.0,0.0,0.0,0.0,1.0,1.0,8,3,1,01/09/2024,2024-01-09,08:50:00
05/12/2024 08:35:00 PM,3.0,2,4,14,7,1,3,1,1,1,3,FAILING TO YIELD RIGHT-OF-WAY,2,3,1.0,0.0,0.0,1.0,0.0,4.0,20,1,5,05/12/2024,2024-05-12,20:35:00
06/07/2024 11:30:00 AM,5.0,2,1,4,6,1,3,3,0,1,2,FOLLOWING TOO CLOSELY,2,1,0.0,0.0,0.0,0.0,0.0,2.0,11,6,6,06/07/2024,2024-06-07,11:30:00
07/02/2024 09:20:00 AM,7.0,2,1,6,7,1,3,3,0,1,3,FAILING TO YIELD RIGHT-OF-WAY,2,1,0.0,0.0,0.0,0.0,0.0,2.0,9,3,7,07/02/2024,2024-07-02,09:20:00
07/11/2024 03:15:00 PM,3.0,2,1,14,6,1,3,3,1,1,1,FAILING TO YIELD RIGHT-OF-WAY,2,3,1.0,0.0,0.0,1.0,0.0,1.0,15,5,7,07/11/2024,2024-07-11,15:15:00
01/24/2024 07:50:00 AM,1.0,2,1,6,5,1,1,1,0,1,1,IMPROPER OVERTAKING/PASSING,2,1,0.0,0.0,0.0,0.0,0.0,2.0,7,4,1,01/24/2024,2024-01-24,07:50:00
08/07/2024 02:57:00 PM,3.0,2,1,4,4,1,1,1,0,0,3,FOLLOWING TOO CLOSELY,2,1,0.0,0.0,0.0,0.0,0.0,2.0,14,4,8,08/07/2024,2024-08-07,14:57:00
06/19/2024 03:15:00 PM,1.0,2,1,6,5,1,1,1,0,1,2,UNABLE TO DETERMINE,2,1,0.0,0.0,0.0,0.0,0.0,2.0,15,4,6,06/19/2024,2024-06-19,15:15:00
06/07/2024 05:00:00 PM,5.0,2,1,5,6,1,3,3,1,1,3,DISREGARDING TRAFFIC SIGNALS,2,3,1.0,0.0,0.0,1.0,0.0,1.0,17,6,6,06/07/2024,2024-06-07,17:00:00
04/12/2024 08:43:00 AM,5.0,2,1,6,5,1,3,3,1,1,3,IMPROPER OVERTAKING/PASSING,2,1,0.0,0.0,0.0,0.0,0.0,2.0,8,6,4,04/12/2024,2024-04-12,08:43:00
06/04/2024 06:15:00 PM,5.0,2,1,3,4,1,3,3,0,1,3,UNABLE TO DETERMINE,2,1,0.0,0.0,0.0,0.0,0.0,2.0,18,3,6,06/04/2024,2024-06-04,18:15:00
06/17/2024 07:00:00 PM,5.0,2,1,6,5,1,3,3,0,1,3,IMPROPER TURNING/NO SIGNAL,2,1,0.0,0.0,0.0,0.0,0.0,2.0,19,2,6,06/17/2024,2024-06-17,19:00:00
06/17/2024 02:35:00 PM,5.0,2,1,3,5,1,3,3,0,1,1,IMPROPER OVERTAKING/PASSING,2,1,0.0,0.0,0.0,0.0,0.0,2.0,14,2,6,06/17/2024,2024-06-17,14:35:00
07/10/2024 11:00:00 AM,3.0,2,1,3,1,1,3,3,0,0,3,NOT APPLICABLE,2,1,0.0,0.0,0.0,0.0,0.0,2.0,11,4,7,07/10/2024,2024-07-10,11:00:00
02/06/2024 06:55:00 PM,5.0,2,4,3,5,1,3,3,1,1,3,IMPROPER OVERTAKING/PASSING,2,3,1.0,0.0,0.0,1.0,0.0,1.0,18,3,2,02/06/2024,2024-02-06,18:55:00
07/01/2024 09:42:00 AM,5.0,2,1,4,5,1,3,3,1,1,3,UNABLE TO DETERMINE,2,3,1.0,0.0,0.0,1.0,0.0,1.0,9,2,7,07/01/2024,2024-07-01,09:42:00
06/14/2024 04:32:00 AM,5.0,2,4,6,5,1,3,3,1,1,3,DISREGARDING TRAFFIC SIGNALS,2,1,0.0,0.0,0.0,0.0,0.0,2.0,4,6,6,06/14/2024,2024-06-14,04:32:00
06/15/2024 10:38:00 AM,3.0,2,1,14,6,1,3,3,1,1,3,"VISION OBSCURED (SIGNS, TREE LIMBS, BUILDINGS, ETC.)",2,3,2.0,0.0,0.0,2.0,0.0,1.0,10,7,6,06/15/2024,2024-06-15,10:38:00
02/12/2024 08:11:00 AM,7.0,2,1,7,5,1,3,3,1,1,3,UNABLE TO DETERMINE,2,2,1.0,0.0,0.0,0.0,1.0,4.0,8,2,2,02/12/2024,2024-02-12,08:11:00
07/03/2024 08:30:00 AM,3.0,2,1,7,5,1,3,3,0,1,3,UNABLE TO DETERMINE,2,1,0.0,0.0,0.0,0.0,0.0,2.0,8,4,7,07/03/2024,2024-07-03,08:30:00
05/07/2024 05:51:00 PM,3.0,2,1,14,6,1,3,1,1,1,1,UNABLE TO DETERMINE,2,3,1.0,0.0,0.0,1.0,0.0,1.0,17,3,5,05/07/2024,2024-05-07,17:51:00
02/24/2024 03:14:00 AM,7.0,1,4,6,5,1,6,1,0,1,2,FAILING TO REDUCE SPEED TO AVOID CRASH,2,1,0.0,0.0,0.0,0.0,0.0,3.0,3,7,2,02/24/2024,2024-02-24,03:14:00
06/12/2024 01:10:00 PM,7.0,2,1,13,4,1,3,3,1,1,1,UNABLE TO DETERMINE,2,2,1.0,0.0,0.0,0.0,1.0,1.0,13,4,6,06/12/2024,2024-06-12,13:10:00
04/25/2024 09:00:00 AM,7.0,2,1,5,5,1,3,3,0,1,3,DISREGARDING STOP SIGN,2,1,0.0,0.0,0.0,0.0,0.0,2.0,9,5,4,04/25/2024,2024-04-25,09:00:00
04/06/2024 11:44:00 AM,3.0,2,1,6,6,1,3,3,1,1,3,UNABLE TO DETERMINE,2,1,0.0,0.0,0.0,0.0,0.0,2.0,11,7,4,04/06/2024,2024-04-06,11:44:00
06/24/2024 05:30:00 PM,5.0,2,1,9,4,1,3,3,1,1,3,FAILING TO YIELD RIGHT-OF-WAY,2,1,0.0,0.0,0.0,0.0,0.0,2.0,17,2,6,06/24/2024,2024-06-24,17:30:00
07/17/2024 05:30:00 PM,5.0,2,1,3,6,1,3,3,0,1,3,UNABLE TO DETERMINE,2,1,0.0,0.0,0.0,0.0,0.0,2.0,17,4,7,07/17/2024,2024-07-17,17:30:00
01/11/2024 06:30:00 PM,1.0,2,1,3,3,1,1,1,0,1,3,DRIVING SKILLS/KNOWLEDGE/EXPERIENCE,2,1,0.0,0.0,0.0,0.0,0.0,2.0,18,5,1,01/11/2024,2024-01-11,18:30:00
03/08/2024 03:17:00 PM,3.0,4,1,5,16,1,4,3,1,1,3,FAILING TO REDUCE SPEED TO AVOID CRASH,2,1,0.0,0.0,0.0,0.0,0.0,2.0,15,6,3,03/08/2024,2024-03-08,15:17:00
08/05/2024 11:55:00 AM,7.0,2,1,5,4,1,3,3,0,1,3,FAILING TO YIELD RIGHT-OF-WAY,2,1,0.0,0.0,0.0,0.0,0.0,3.0,11,2,8,08/05/2024,2024-08-05,11:55:00
07/31/2024 10:40:00 PM,7.0,2,4,5,6,1,3,3,1,1,3,FAILING TO REDUCE SPEED TO AVOID CRASH,2,2,1.0,0.0,0.0,0.0,1.0,1.0,22,4,7,07/31/2024,2024-07-31,22:40:00
04/17/2024 07:30:00 AM,3.0,2,1,14,16,1,3,3,1,1,1,UNABLE TO DETERMINE,2,3,1.0,0.0,0.0,1.0,0.0,1.0,7,4,4,04/17/2024,2024-04-17,07:30:00
03/11/2024 04:00:00 PM,5.0,2,1,6,5,1,3,3,1,1,3,FAILING TO YIELD RIGHT-OF-WAY,2,1,0.0,0.0,0.0,0.0,0.0,3.0,16,2,3,03/11/2024,2024-03-11,16:00:00
05/23/2024 10:58:00 AM,7.0,2,1,13,5,1,3,1,1,1,2,FAILING TO YIELD RIGHT-OF-WAY,2,3,1.0,0.0,0.0,1.0,0.0,1.0,10,5,5,05/23/2024,2024-05-23,10:58:00
06/01/2024 11:00:00 AM,7.0,4,1,5,4,1,4,3,0,1,3,FAILING TO YIELD RIGHT-OF-WAY,2,1,0.0,0.0,0.0,0.0,0.0,2.0,11,7,6,06/01/2024,2024-06-01,11:00:00
05/29/2024 10:26:00 AM,5.0,2,1,4,6,1,3,3,1,1,3,UNABLE TO DETERMINE,2,1,0.0,0.0,0.0,0.0,0.0,2.0,10,4,5,05/29/2024,2024-05-29,10:26:00
06/20/2024 02:00:00 PM,1.0,2,1,11,6,1,1,1,0,1,1,IMPROPER TURNING/NO SIGNAL,2,1,0.0,0.0,0.0,0.0,0.0,1.0,14,5,6,06/20/2024,2024-06-20,14:00:00
03/17/2024 11:20:00 AM,7.0,2,1,6,4,1,3,3,0,1,3,UNABLE TO DETERMINE,2,1,0.0,0.0,0.0,0.0,0.0,2.0,11,1,3,03/17/2024,2024-03-17,11:20:00
05/24/2024 10:08:00 PM,5.0,4,4,5,5,1,4,3,1,1,3,UNABLE TO DETERMINE,2,1,0.0,0.0,0.0,0.0,0.0,3.0,22,6,5,05/24/2024,2024-05-24,22:08:00
02/15/2024 04:45:00 PM,5.0,2,1,3,14,1,3,3,0,1,3,IMPROPER OVERTAKING/PASSING,2,1,0.0,0.0,0.0,0.0,0.0,2.0,16,5,2,02/15/2024,2024-02-15,16:45:00
01/20/2024 07:36:00 AM,5.0,5,1,6,5,1,5,7,1,1,3,FAILING TO YIELD RIGHT-OF-WAY,2,3,1.0,0.0,0.0,1.0,0.0,1.0,7,7,1,01/20/2024,2024-01-20,07:36:00
02/14/2024 03:46:00 PM,7.0,2,1,4,4,1,3,3,0,1,3,FOLLOWING TOO CLOSELY,2,1,0.0,0.0,0.0,0.0,0.0,2.0,15,4,2,02/14/2024,2024-02-14,15:46:00