crash_date,traffic_control_device,weather_condition,lighting_condition,first_crash_type,trafficway_type,alignment,roadway_surface_cond,road_defect,crash_type,intersection_related_i,damage,prim_contributory_cause,num_units,most_severe_injury,injuries_total,injuries_fatal,injuries_incapacitating,injuries_non_incapacitating,injuries_reported_not_evident,injuries_no_indication,crash_hour,crash_day_of_week,crash_month,parsed_datetime,date,time
01/16/2024 08:58:00 AM,5.0,2,1,6,10,1,3,3,0,1,1,IMPROPER TURNING/NO SIGNAL,2,1,0.0,0.0,0.0,0.0,0.0,2.0,8,3,1,01/16/2024,2024-01-16,08:58:00
08/03/2024 07:30:00 PM,5.0,2,3,3,5,1,3,1,0,1,3,IMPROPER TURNING/NO SIGNAL,2,1,0.0,0.0,0.0,0.0,0.0,3.0,19,7,8,08/03/2024,2024-08-03,19:30:00
03/29/2024 12:38:00 AM,1.0,2,4,3,6,1,3,1,1,1,3,UNABLE TO DETERMINE,2,1,0.0,0.0,0.0,0.0,0.0,2.0,0,6,3,03/29/2024,2024-03-29,00:38:00
04/09/2024 02:17:00 PM,3.0,2,1,4,6,2,3,3,0,1,3,FOLLOWING TOO CLOSELY,2,1,0.0,0.0,0.0,0.0,0.0,3.0,14,3,4,04/09/2024,2024-04-09,14:17:00
04/18/2024 07:35:00 AM,5.0,2,1,5,6,1,3,3,0,1,1,FAILING TO YIELD RIGHT-OF-WAY,2,1,0.0,0.0,0.0,0.0,0.0,3.0,7,5,4,04/18/2024,2024-04-18,07:35:00
07/29/2024 04:45:00 AM,5.0,3,1,3,3,1,3,3,0,1,3,FAILING TO YIELD RIGHT-OF-WAY,2,1,0.0,0.0,0.0,0.0,0.0,5.0,4,2,7,07/29/2024,2024-07-29,04:45:00
07/30/2024 07:58:00 AM,5.0,2,1,5,6,1,3,3,1,1,3,DISREGARDING TRAFFIC SIGNALS,2,3,2.0,0.0,0.0,1.0,1.0,2.0,7,3,7,07/30/2024,2024-07-30,07:58:00
03/13/2024 09:15:00 AM,5.0,2,1,6,14,1,3,3,1,1,3,FAILING TO YIELD RIGHT-OF-WAY,2,2,1.0,0.0,0.0,0.0,1.0,1.0,9,4,3,03/13/2024,2024-03-13,09:15:00
02/13/2024 01:30:00 PM,5.0,2,1,6,6,1,3,3,1,1,2,UNABLE TO DETERMINE,2,1,0.0,0.0,0.0,0.0,0.0,2.0,13,3,2,02/13/2024,2024-02-13,13:30:00
05/19/2024 02:30:00 PM,5.0,2,1,6,5,1,3,3,0,1,3,UNABLE TO DETERMINE,2,1,0.0,0.0,0.0,0.0,0.0,3.0,14,1,5,05/19/2024,2024-05-19,14:30:00
02/19/2024 01:19:00 PM,5.0,2,1,6,5,1,3,3,1,1,3,UNABLE TO DETERMINE,2,1,0.0,0.0,0.0,0.0,0.0,2.0,13,2,2,02/19/2024,2024-02-19,13:19:00
08/05/2024 01:30:00 PM,5.0,2,1,4,4,1,3,1,0,1,3,DRIVING SKILLS/KNOWLEDGE/EXPERIENCE,2,1,0.0,0.0,0.0,0.0,0.0,3.0,13,2,8,08/05/2024,2024-08-05,13:30:00
07/16/2024 06:35:00 AM,5.0,2,1,6,4,1,3,3,0,1,3,FAILING TO YIELD RIGHT-OF-WAY,2,1,0.0,0.0,0.0,0.0,0.0,2.0,6,3,7,07/16/2024,2024-07-16,06:35:00
08/10/2024 01:05:00 PM,3.0,2,1,13,5,1,3,3,1,1,3,UNABLE TO DETERMINE,2,4,1.0,0.0,1.0,0.0,0.0,1.0,13,7,8,08/10/2024,2024-08-10,13:05:00
04/11/2024 08:00:00 AM,3.0,4,1,4,6,1,4,3,1,1,3,WEATHER,2,3,1.0,0.0,0.0,1.0,0.0,2.0,8,5,4,04/11/2024,2024-04-11,08:00:00
05/29/2024 07:13:00 PM,5.0,2,1,13,5,1,3,3,1,0,1,UNABLE TO DETERMINE,2,4,1.0,0.0,1.0,0.0,0.0,1.0,19,4,5,05/29/2024,2024-05-29,19:13:00
04/12/2024 06:15:00 PM,5.0,2,1,4,5,1,1,1,0,1,3,UNABLE TO DETERMINE,2,1,0.0,0.0,0.0,0.0,0.0,3.0,18,6,4,04/12/2024,2024-04-12,18:15:00
06/06/2024 11:20:00 AM,3.0,2,1,5,5,1,3,3,1,1,3,FAILING TO YIELD RIGHT-OF-WAY,2,2,1.0,0.0,0.0,0.0,1.0,1.0,11,5,6,06/06/2024,2024-06-06,11:20:00
02/24/2024 05:20:00 PM,7.0,2,1,6,8,1,3,3,1,1,3,UNABLE TO DETERMINE,2,2,1.0,0.0,0.0,0.0,1.0,1.0,17,7,2,02/24/2024,2024-02-24,17:20:00
04/06/2024 01:25:00 AM,5.0,2,4,4,5,1,3,3,1,1,3,FOLLOWING TOO CLOSELY,2,1,0.0,0.0,0.0,0.0,0.0,3.0,1,7,4,04/06/2024,2024-04-06,01:25:00
04/27/2024 10:52:00 AM,5.0,2,1,5,5,1,3,3,1,1,3,DISREGARDING TRAFFIC SIGNALS,2,1,0.0,0.0,0.0,0.0,0.0,4.0,10,7,4,04/27/2024,2024-04-27,10:52:00
06/06/2024 05:15:00 PM,7.0,2,1,4,6,1,3,3,0,1,3,FAILING TO REDUCE SPEED TO AVOID CRASH,2,1,0.0,0.0,0.0,0.0,0.0,2.0,17,5,6,06/06/2024,2024-06-06,17:15:00
06/13/2024 05:30:00 PM,7.0,2,1,5,5,1,3,1,1,1,3,UNABLE TO DETERMINE,2,2,1.0,0.0,0.0,0.0,1.0,3.0,17,5,6,06/13/2024,2024-06-13,17:30:00
03/23/2024 09:00:00 PM,5.0,2,4,4,6,1,3,3,0,1,2,FOLLOWING TOO CLOSELY,2,1,0.0,0.0,0.0,0.0,0.0,5.0,21,7,3,03/23/2024,2024-03-23,21:00:00
05/22/2024 03:48:00 PM,7.0,2,1,5,5,1,3,3,1,1,3,UNABLE TO DETERMINE,2,3,1.0,0.0,0.0,1.0,0.0,2.0,15,4,5,05/22/2024,2024-05-22,15:48:00
08/10/2024 01:18:00 PM,3.0,2,1,6,4,1,3,3,0,1,3,UNABLE TO DETERMINE,2,1,0.0,0.0,0.0,0.0,0.0,3.0,13,7,8,08/10/2024,2024-08-10,13:18:00
08/09/2024 07:20:00 PM,5.0,2,1,6,5,1,3,3,0,1,3,FAILING TO YIELD RIGHT-OF-WAY,2,1,0.0,0.0,0.0,0.0,0.0,2.0,19,6,8,08/09/2024,2024-08-09,19:20:00
06/09/2024 03:21:00 AM,5.0,2,4,6,12,1,4,1,1,1,3,DISREGARDING TRAFFIC SIGNALS,2,3,2.0,0.0,0.0,2.0,0.0,3.0,3,1,6,06/09/2024,2024-06-09,03:21:00
06/08/2024 02:35:00 AM,5.0,2,4,4,6,1,3,1,1,1,3,UNABLE TO DETERMINE,2,4,1.0,0.0,1.0,0.0,0.0,1.0,2,7,6,06/08/2024,2024-06-08,02:35:00
06/08/2024 07:20:00 PM,3.0,4,1,6,7,1,4,1,1,1,2,FAILING TO YIELD RIGHT-OF-WAY,2,1,0.0,0.0,0.0,0.0,0.0,5.0,19,7,6,06/08/2024,2024-06-08,19:20:00
01/26/2024 12:12:00 PM,5.0,4,1,6,5,1,4,3,1,1,2,UNABLE TO DETERMINE,2,1,0.0,0.0,0.0,0.0,0.0,3.0,12,6,1,01/26/2024,2024-01-26,12:12:00
02/14/2024 07:35:00 AM,7.0,2,1,6,4,1,3,3,0,1,3,FAILING TO YIELD RIGHT-OF-WAY,2,1,0.0,0.0,0.0,0.0,0.0,3.0,7,4,2,02/14/2024,2024-02-14,07:35:00
05/26/2024 12:38:00 PM,5.0,4,1,6,4,1,4,3,1,1,3,UNABLE TO DETERMINE,2,3,2.0,0.0,0.0,1.0,1.0,1.0,12,1,5,05/26/2024,2024-05-26,12:38:00
01/27/2024 06:55:00 PM,5.0,8,5,3,6,1,3,3,0,1,3,IMPROPER OVERTAKING/PASSING,2,1,0.0,0.0,0.0,0.0,0.0,5.0,18,7,1,01/27/2024,2024-01-27,18:55:00
04/19/2024 09:03:00 AM,3.0,2,1,6,6,1,3,3,1,1,3,IMPROPER TURNING/NO SIGNAL,2,1,0.0,0.0,0.0,0.0,0.0,2.0,9,6,4,04/19/2024,2024-04-19,09:03:00
04/01/2024 02:55:00 PM,5.0,4,1,5,5,1,4,3,1,1,3,DISREGARDING TRAFFIC SIGNALS,2,1,0.0,0.0,0.0,0.0,0.0,2.0,14,2,4,04/01/2024,2024-04-01,14:55:00
05/20/2024 07:30:00 AM,5.0,2,1,3,3,1,3,1,0,1,3,UNABLE TO DETERMINE,2,1,0.0,0.0,0.0,0.0,0.0,2.0,7,2,5,05/20/2024,2024-05-20,07:30:00
05/06/2024 11:24:00 AM,5.0,2,1,3,6,1,3,1,0,1,2,UNABLE TO DETERMINE,2,1,0.0,0.0,0.0,0.0,0.0,2.0,11,2,5,05/06/2024,2024-05-06,11:24:00
06/06/2024 06:45:00 PM,7.0,2,1,4,6,1,3,1,0,1,3,FOLLOWING TOO CLOSELY,2,1,0.0,0.0,0.0,0.0,0.0,2.0,18,5,6,06/06/2024,2024-06-06,18:45:00
04/14/2024 03:45:00 AM,5.0,2,4,5,5,1,3,1,1,1,3,DISREGARDING TRAFFIC SIGNALS,2,3,1.0,0.0,0.0,1.0,0.0,1.0,3,1,4,04/14/2024,2024-04-14,03:45:00
07/07/2024 05:15:00 AM,5.0,2,1,5,1,1,3,3,0,1,3,DRIVING SKILLS/KNOWLEDGE/EXPERIENCE,2,1,0.0,0.0,0.0,0.0,0.0,4.0,5,1,7,07/07/2024,2024-07-07,05:15:00
04/09/2024 06:00:00 PM,5.0,2,4,5,5,1,3,3,0,1,3,UNABLE TO DETERMINE,2,1,0.0,0.0,0.0,0.0,0.0,2.0,18,3,4,04/09/2024,2024-04-09,18:00:00
08/01/2024 06:47:00 PM,3.0,2,1,11,6,1,3,3,1,0,3,UNABLE TO DETERMINE,2,2,1.0,0.0,0.0,0.0,1.0,0.0,18,5,8,08/01/2024,2024-08-01,18:47:00
06/25/2024 11:15:00 AM,5.0,2,1,11,6,1,4,3,1,1,3,NOT APPLICABLE,2,2,1.0,0.0,0.0,0.0,1.0,2.0,11,3,6,06/25/2024,2024-06-25,11:15:00
08/01/2024 04:40:00 PM,7.0,2,1,5,4,1,3,3,1,1,3,UNABLE TO DETERMINE,2,2,1.0,0.0,0.0,0.0,1.0,2.0,16,5,8,08/01/2024,2024-08-01,16:40:00
01/20/2024 08:20:00 PM,3.0,1,4,5,10,1,5,1,0,1,3,UNABLE TO DETERMINE,2,1,0.0,0.0,0.0,0.0,0.0,3.0,20,7,1,01/20/2024,2024-01-20,20:20:00
03/22/2024 01:14:00 AM,5.0,2,4,5,7,1,3,1,1,1,3,DISREGARDING TRAFFIC SIGNALS,2,1,0.0,0.0,0.0,0.0,0.0,3.0,1,6,3,03/22/2024,2024-03-22,01:14:00
06/09/2024 07:21:00 PM,7.0,2,1,5,6,1,3,3,0,1,3,DISREGARDING TRAFFIC SIGNALS,2,1,0.0,0.0,0.0,0.0,0.0,2.0,19,1,6,06/09/2024,2024-06-09,19:21:00
08/05/2024 08:12:00 AM,5.0,3,1,6,5,1,4,3,0,1,3,IMPROPER TURNING/NO SIGNAL,2,1,0.0,0.0,0.0,0.0,0.0,3.0,8,2,8,08/05/2024,2024-08-05,08:12:00
06/22/2024 12:27:00 PM,5.0,2,1,6,6,1,3,1,1,1,2,UNABLE TO DETERMINE,2,2,1.0,0.0,0.0,0.0,1.0,1.0,12,7,6,06/22/2024,2024-06-22,12:27:00
03/05/2024 02:30:00 PM,7.0,3,1,6,7,1,1,1,1,1,3,FAILING TO YIELD RIGHT-OF-WAY,2,3,2.0,0.0,0.0,2.0,0.0,3.0,14,3,3,03/05/2024,2024-03-05,14:30:00
06/24/2024 08:24:00 AM,5.0,2,1,3,5,1,3,1,0,1,1,IMPROPER OVERTAKING/PASSING,2,1,0.0,0.0,0.0,0.0,0.0,2.0,8,2,6,06/24/2024,2024-06-24,08:24:00
07/09/2024 05:50:00 AM,5.0,2,2,6,3,5,1,1,0,1,3,IMPROPER TURNING/NO SIGNAL,2,1,0.0,0.0,0.0,0.0,0.0,2.0,5,3,7,07/09/2024,2024-07-09,05:50:00
03/13/2024 07:00:00 AM,7.0,2,1,5,1,1,3,3,1,1,3,"OPERATING VEHICLE IN ERRATIC, RECKLESS, CARELESS, NEGLIGENT OR AGGRESSIVE MANNER",2,2,1.0,0.0,0.0,0.0,1.0,1.0,7,4,3,03/13/2024,2024-03-13,07:00:00
07/26/2024 03:58:00 PM,5.0,2,1,5,6,1,3,1,0,1,3,FAILING TO YIELD RIGHT-OF-WAY,2,1,0.0,0.0,0.0,0.0,0.0,3.0,15,6,7,07/26/2024,2024-07-26,15:58:00
06/15/2024 07:45:00 AM,1.0,2,1,5,5,1,3,3,1,1,3,UNABLE TO DETERMINE,2,1,0.0,0.0,0.0,0.0,0.0,2.0,7,7,6,06/15/2024,2024-06-15,07:45:00
05/22/2024 03:30:00 PM,5.0,2,1,12,5,1,3,1,1,1,2,EQUIPMENT - VEHICLE CONDITION,2,1,0.0,0.0,0.0,0.0,0.0,1.0,15,4,5,05/22/2024,2024-05-22,15:30:00
03/10/2024 07:30:00 AM,5.0,2,1,5,5,1,3,3,0,1,3,UNABLE TO DETERMINE,2,1,0.0,0.0,0.0,0.0,0.0,2.0,7,1,3,03/10/2024,2024-03-10,07:30:00
05/11/2024 03:00:00 PM,5.0,2,1,6,7,1,3,3,0,1,3,FAILING TO YIELD RIGHT-OF-WAY,2,1,0.0,0.0,0.0,0.0,0.0,3.0,15,7,5,05/11/2024,2024-05-11,15:00:00
05/22/2024 08:30:00 AM,5.0,2,1,13,5,1,3,3,1,1,1,UNABLE TO DETERMINE,2,2,1.0,0.0,0.0,0.0,1.0,1.0,8,4,5,05/22/2024,2024-05-22,08:30:00
08/08/2024 11:40:00 AM,5.0,2,1,4,5,1,3,3,1,1,1,UNABLE TO DETERMINE,2,2,1.0,0.0,0.0,0.0,1.0,1.0,11,5,8,08/08/2024,2024-08-08,11:40:00
06/14/2024 02:55:00 PM,7.0,2,1,6,6,1,3,3,1,1,3,FAILING TO YIELD RIGHT-OF-WAY,2,1,0.0,0.0,0.0,0.0,0.0,2.0,14,6,6,06/14/2024,2024-06-14,14:55:00
02/26/2024 05:30:00 AM,5.0,2,4,13,7,1,3,3,1,1,1,DRIVING SKILLS/KNOWLEDGE/EXPERIENCE,2,3,1.0,0.0,0.0,1.0,0.0,1.0,5,2,2,02/26/2024,2024-02-26,05:30:00
08/08/2024 08:30:00 AM,5.0,2,1,6,5,1,3,3,1,1,2,UNABLE TO DETERMINE,2,2,1.0,0.0,0.0,0.0,1.0,2.0,8,5,8,08/08/2024,2024-08-08,08:30:00
07/09/2024 09:11:00 PM,5.0,4,4,4,5,1,4,1,0,1,3,DISTRACTION - FROM OUTSIDE VEHICLE,2,1,0.0,0.0,0.0,0.0,0.0,2.0,21,3,7,07/09/2024,2024-07-09,21:11:00
05/05/2024 06:30:00 PM,5.0,2,1,4,4,1,3,3,0,1,3,UNABLE TO DETERMINE,2,1,0.0,0.0,0.0,0.0,0.0,4.0,18,1,5,05/05/2024,2024-05-05,18:30:00
03/15/2024 07:50:00 AM,7.0,2,1,5,6,1,3,3,0,1,2,UNABLE TO DETERMINE,2,1,0.0,0.0,0.0,0.0,0.0,4.0,7,6,3,03/15/2024,2024-03-15,07:50:00
03/24/2024 01:00:00 AM,5.0,2,4,5,5,1,3,3,1,1,3,DISREGARDING TRAFFIC SIGNALS,2,3,2.0,0.0,0.0,2.0,0.0,0.0,1,1,3,03/24/2024,2024-03-24,01:00:00
01/28/2024 11:05:00 AM,5.0,2,1,4,6,1,3,3,0,1,3,DISTRACTION - FROM INSIDE VEHICLE,2,1,0.0,0.0,0.0,0.0,0.0,4.0,11,1,1,01/28/2024,2024-01-28,11:05:00
07/01/2024 05:48:00 PM,7.0,2,2,14,6,1,3,3,1,1,1,FAILING TO YIELD RIGHT-OF-WAY,2,3,1.0,0.0,0.0,1.0,0.0,2.0,17,2,7,07/01/2024,2024-07-01,17:48:00
02/28/2024 02:00:00 PM,5.0,2,1,6,2,1,1,1,0,1,1,FAILING TO YIELD RIGHT-OF-WAY,2,1,0.0,0.0,0.0,0.0,0.0,2.0,14,4,2,02/28/2024,2024-02-28,14:00:00
01/04/2024 09:16:00 AM,5.0,2,1,5,7,1,3,3,1,1,3,DISREGARDING TRAFFIC SIGNALS,2,2,1.0,0.0,0.0,0.0,1.0,1.0,9,5,1,01/04/2024,2024-01-04,09:16:00
05/06/2024 07:35:00 AM,7.0,2,1,4,4,1,3,3,0,1,2,IMPROPER BACKING,2,1,0.0,0.0,0.0,0.0,0.0,2.0,7,2,5,05/06/2024,2024-05-06,07:35:00
02/02/2024 01:40:00 PM,5.0,1,1,5,7,1,3,3,1,1,3,FAILING TO REDUCE SPEED TO AVOID CRASH,2,1,0.0,0.0,0.0,0.0,0.0,2.0,13,6,2,02/02/2024,2024-02-02,13:40:00
01/18/2024 08:52:00 PM,5.0,2,3,6,5,1,4,3,1,1,3,UNABLE TO DETERMINE,2,1,0.0,0.0,0.0,0.0,0.0,2.0,20,5,1,01/18/2024,2024-01-18,20:52:00
02/13/2024 09:30:00 AM,7.0,2,1,6,7,1,3,3,0,1,3,FAILING TO YIELD RIGHT-OF-WAY,2,1,0.0,0.0,0.0,0.0,0.0,4.0,9,3,2,02/13/2024,2024-02-13,09:30:00
05/22/2024 02:45:00 PM,7.0,2,1,4,6,1,3,3,0,1,3,FOLLOWING TOO CLOSELY,2,1,0.0,0.0,0.0,0.0,0.0,2.0,14,4,5,05/22/2024,2024-05-22,14:45:00
04/14/2024 06:45:00 PM,5.0,2,3,6,6,1,3,3,0,1,3,FOLLOWING TOO CLOSELY,2,1,0.0,0.0,0.0,0.0,0.0,4.0,18,1,4,04/14/2024,2024-04-14,18:45:00
05/16/2024 07:45:00 AM,5.0,2,1,6,5,1,3,3,0,1,1,UNABLE TO DETERMINE,2,1,0.0,0.0,0.0,0.0,0.0,2.0,7,5,5,05/16/2024,2024-05-16,07:45:00
05/03/2024 08:39:00 AM,5.0,4,1,6,5,1,4,3,0,1,2,FAILING TO YIELD RIGHT-OF-WAY,2,1,0.0,0.0,0.0,0.0,0.0,5.0,8,6,5,05/03/2024,2024-05-03,08:39:00
06/03/2024 09:20:00 PM,5.0,2,2,6,5,1,3,3,0,1,3,UNABLE TO DETERMINE,2,1,0.0,0.0,0.0,0.0,0.0,2.0,21,2,6,06/03/2024,2024-06-03,21:20:00
07/05/2024 11:13:00 AM,7.0,2,1,5,6,1,3,3,1,1,3,UNABLE TO DETERMINE,2,2,2.0,0.0,0.0,0.0,2.0,1.0,11,6,7,07/05/2024,2024-07-05,11:13:00
03/14/2024 08:40:00 AM,7.0,4,1,4,5,1,4,3,0,1,3,FAILING TO REDUCE SPEED TO AVOID CRASH,2,1,0.0,0.0,0.0,0.0,0.0,2.0,8,5,3,03/14/2024,2024-03-14,08:40:00
01/26/2024 08:06:00 PM,7.0,2,4,3,5,1,4,3,0,1,3,IMPROPER OVERTAKING/PASSING,2,1,0.0,0.0,0.0,0.0,0.0,3.0,20,6,1,01/26/2024,2024-01-26,20:06:00
03/03/2024 09:57:00 PM,7.0,2,4,13,5,1,3,3,0,1,3,FAILING TO YIELD RIGHT-OF-WAY,2,1,0.0,0.0,0.0,0.0,0.0,2.0,21,1,3,03/03/2024,2024-03-03,21:57:00
05/24/2024 01:05:00 PM,5.0,3,1,6,3,1,4,1,0,1,3,NOT APPLICABLE,2,1,0.0,0.0,0.0,0.0,0.0,2.0,13,6,5,05/24/2024,2024-05-24,13:05:00
08/13/2024 08:00:00 AM,7.0,2,1,5,6,1,3,3,0,1,3,FAILING TO YIELD RIGHT-OF-WAY,2,1,0.0,0.0,0.0,0.0,0.0,2.0,8,3,8,08/13/2024,2024-08-13,08:00:00
03/27/2024 08:26:00 PM,5.0,2,4,6,7,1,3,3,1,1,3,FAILING TO YIELD RIGHT-OF-WAY,2,3,2.0,0.0,0.0,2.0,0.0,4.0,20,4,3,03/27/2024,2024-03-27,20:26:00
05/23/2024 07:05:00 PM,7.0,2,1,3,6,1,3,3,0,1,3,IMPROPER LANE USAGE,2,1,0.0,0.0,0.0,0.0,0.0,3.0,19,5,5,05/23/2024,2024-05-23,19:05:00
02/07/2024 11:00:00 AM,3.0,3,1,6,4,1,3,3,0,1,3,IMPROPER TURNING/NO SIGNAL,2,1,0.0,0.0,0.0,0.0,0.0,2.0,11,4,2,02/07/2024,2024-02-07,11:00:00
05/29/2024 10:47:00 PM,5.0,2,4,4,5,1,3,3,0,1,3,DRIVING SKILLS/KNOWLEDGE/EXPERIENCE,2,1,0.0,0.0,0.0,0.0,0.0,2.0,22,4,5,05/29/2024,2024-05-29,22:47:00
04/25/2024 03:00:00 AM,3.0,2,1,10,6,1,1,1,1,0,3,UNABLE TO DETERMINE,2,3,1.0,0.0,0.0,1.0,0.0,1.0,3,5,4,04/25/2024,2024-04-25,03:00:00
06/07/2024 04:03:00 PM,1.0,2,1,5,6,1,3,1,1,1,3,FAILING TO YIELD RIGHT-OF-WAY,2,1,0.0,0.0,0.0,0.0,0.0,2.0,16,6,6,06/07/2024,2024-06-07,16:03:00
05/20/2024 11:05:00 PM,3.0,2,4,14,10,1,3,3,1,1,1,UNABLE TO DETERMINE,2,2,1.0,0.0,0.0,0.0,1.0,1.0,23,2,5,05/20/2024,2024-05-20,23:05:00
02/09/2024 10:30:00 AM,7.0,2,1,5,5,1,3,3,1,1,3,DISTRACTION - FROM INSIDE VEHICLE,2,1,0.0,0.0,0.0,0.0,0.0,2.0,10,6,2,02/09/2024,2024-02-09,10:30:00
05/16/2024 11:45:00 AM,7.0,2,1,5,6,1,3,3,1,1,3,DRIVING SKILLS/KNOWLEDGE/EXPERIENCE,2,2,2.0,0.0,0.0,0.0,2.0,0.0,11,5,5,05/16/2024,2024-05-16,11:45:00
03/17/2024 01:30:00 PM,5.0,2,1,6,9,1,1,1,0,1,1,UNABLE TO DETERMINE,2,1,0.0,0.0,0.0,0.0,0.0,2.0,13,1,3,03/17/2024,2024-03-17,13:30:00
07/20/2024 05:10:00 PM,5.0,2,1,6,4,1,3,1,0,1,3,UNABLE TO DETERMINE,2,1,0.0,0.0,0.0,0.0,0.0,5.0,17,7,7,07/20/2024,2024-07-20,17:10:00
06/22/2024 11:45:00 PM,3.0,4,5,3,7,1,4,1,0,1,3,NOT APPLICABLE,2,1,0.0,0.0,0.0,0.0,0.0,2.0,23,7,6,06/22/2024,2024-06-22,23:45:00
05/08/2024 08:50:00 PM,5.0,2,4,6,7,2,3,3,0,1,2,IMPROPER TURNING/NO SIGNAL,2,1,0.0,0.0,0.0,0.0,0.0,2.0,20,4,5,05/08/2024,2024-05-08,20:50:00
06/12/2024 11:45:00 PM,3.0,2,4,5,5,1,3,1,1,1,3,DISREGARDING STOP SIGN,2,1,0.0,0.0,0.0,0.0,0.0,2.0,23,4,6,06/12/2024,2024-06-12,23:45:00
02/16/2024 02:00:00 PM,5.0,2,1,13,5,1,1,1,1,1,3,DRIVING SKILLS/KNOWLEDGE/EXPERIENCE,2,3,1.0,0.0,0.0,1.0,0.0,1.0,14,6,2,02/16/2024,2024-02-16,14:00:00
07/30/2024 01:45:00 PM,5.0,2,1,14,4,1,3,3,1,1,1,UNABLE TO DETERMINE,2,2,1.0,0.0,0.0,0.0,1.0,1.0,13,3,7,07/30/2024,2024-07-30,13:45:00
02/27/2024 12:00:00 PM,5.0,2,1,4,1,1,1,1,0,1,2,FOLLOWING TOO CLOSELY,2,1,0.0,0.0,0.0,0.0,0.0,2.0,12,3,2,02/27/2024,2024-02-27,12:00:00
07/14/2024 06:00:00 PM,7.0,2,1,10,5,1,1,1,0,1,2,UNABLE TO DETERMINE,2,1,0.0,0.0,0.0,0.0,0.0,2.0,18,1,7,07/14/2024,2024-07-14,18:00:00
08/11/2024 02:11:00 PM,3.0,2,1,6,7,1,3,3,1,1,3,FAILING TO YIELD RIGHT-OF-WAY,2,4,1.0,0.0,1.0,0.0,0.0,1.0,14,1,8,08/11/2024,2024-08-11,14:11:00
02/10/2024 10:00:00 AM,5.0,2,1,8,6,1,3,3,0,1,2,IMPROPER BACKING,2,1,0.0,0.0,0.0,0.0,0.0,2.0,10,7,2,02/10/2024,2024-02-10,10:00:00
01/24/2024 09:05:00 AM,3.0,2,1,6,4,1,1,3,0,0,3,IMPROPER TURNING/NO SIGNAL,2,1,0.0,0.0,0.0,0.0,0.0,2.0,9,4,1,01/24/2024,2024-01-24,09:05:00
05/06/2024 06:30:00 AM,5.0,2,1,6,6,1,3,3,0,1,3,DISREGARDING TRAFFIC SIGNALS,2,1,0.0,0.0,0.0,0.0,0.0,2.0,6,2,5,05/06/2024,2024-05-06,06:30:00
07/11/2024 02:50:00 PM,3.0,2,1,14,16,1,3,3,1,1,1,NOT APPLICABLE,2,3,1.0,0.0,0.0,1.0,0.0,1.0,14,5,7,07/11/2024,2024-07-11,14:50:00
04/03/2024 09:00:00 PM,3.0,4,4,5,7,1,4,3,0,1,2,IMPROPER BACKING,2,1,0.0,0.0,0.0,0.0,0.0,2.0,21,4,4,04/03/2024,2024-04-03,21:00:00
01/12/2024 03:00:00 PM,7.0,5,1,6,7,1,5,3,0,1,2,WEATHER,2,1,0.0,0.0,0.0,0.0,0.0,3.0,15,6,1,01/12/2024,2024-01-12,15:00:00
05/11/2024 12:37:00 AM,5.0,4,4,6,7,1,4,3,1,1,3,DISREGARDING TRAFFIC SIGNALS,2,1,0.0,0.0,0.0,0.0,0.0,2.0,0,7,5,05/11/2024,2024-05-11,00:37:00
07/11/2024 04:00:00 PM,5.0,2,1,3,5,1,3,3,0,1,3,UNABLE TO DETERMINE,2,1,0.0,0.0,0.0,0.0,0.0,2.0,16,5,7,07/11/2024,2024-07-11,16:00:00
01/05/2024 03:23:00 PM,5.0,2,4,3,4,1,1,3,0,1,3,UNABLE TO DETERMINE,2,1,0.0,0.0,0.0,0.0,0.0,3.0,15,6,1,01/05/2024,2024-01-05,15:23:00
04/26/2024 08:33:00 AM,3.0,2,1,4,6,1,3,3,1,0,3,DRIVING SKILLS/KNOWLEDGE/EXPERIENCE,2,1,0.0,0.0,0.0,0.0,0.0,3.0,8,6,4,04/26/2024,2024-04-26,08:33:00
05/09/2024 05:40:00 PM,3.0,2,1,6,5,1,4,3,0,1,2,FAILING TO YIELD RIGHT-OF-WAY,2,1,0.0,0.0,0.0,0.0,0.0,2.0,17,5,5,05/09/2024,2024-05-09,17:40:00
02/08/2024 01:15:00 PM,5.0,2,1,4,9,1,3,1,0,0,2,FAILING TO REDUCE SPEED TO AVOID CRASH,2,1,0.0,0.0,0.0,0.0,0.0,4.0,13,5,2,02/08/2024,2024-02-08,13:15:00
08/08/2024 10:30:00 PM,5.0,2,4,6,5,1,3,3,1,1,3,IMPROPER TURNING/NO SIGNAL,2,3,1.0,0.0,0.0,1.0,0.0,1.0,22,5,8,08/08/2024,2024-08-08,22:30:00
05/10/2024 02:17:00 PM,5.0,2,1,6,5,1,3,3,0,1,2,IMPROPER TURNING/NO SIGNAL,2,1,0.0,0.0,0.0,0.0,0.0,2.0,14,6,5,05/10/2024,2024-05-10,14:17:00
02/13/2024 08:38:00 AM,5.0,2,1,4,6,1,3,3,0,1,3,FOLLOWING TOO CLOSELY,2,1,0.0,0.0,0.0,0.0,0.0,2.0,8,3,2,02/13/2024,2024-02-13,08:38:00
04/23/2024 01:36:00 PM,5.0,2,1,3,6,1,3,3,0,1,3,IMPROPER OVERTAKING/PASSING,2,1,0.0,0.0,0.0,0.0,0.0,2.0,13,3,4,04/23/2024,2024-04-23,13:36:00
01/04/2024 02:30:00 PM,7.0,2,1,13,6,1,3,1,1,1,1,UNABLE TO DETERMINE,2,3,1.0,0.0,0.0,1.0,0.0,1.0,14,5,1,01/04/2024,2024-01-04,14:30:00