crash_date,traffic_control_device,weather_condition,lighting_condition,first_crash_type,trafficway_type,alignment,roadway_surface_cond,road_defect,crash_type,intersection_related_i,damage,prim_contributory_cause,num_units,most_severe_injury,injuries_total,injuries_fatal,injuries_incapacitating,injuries_non_incapacitating,injuries_reported_not_evident,injuries_no_indication,crash_hour,crash_day_of_week,crash_month,parsed_datetime,date,time
04/27/2024 08:32:00 PM,5.0,2,3,13,4,1,3,3,1,1,2,FAILING TO YIELD RIGHT-OF-WAY,2,4,1.0,0.0,1.0,0.0,0.0,1.0,20,7,4,04/27/2024,2024-04-27,20:32:00
05/04/2024 12:00:00 PM,5.0,2,1,5,5,1,3,3,1,1,3,UNABLE TO DETERMINE,2,1,0.0,0.0,0.0,0.0,0.0,2.0,12,7,5,05/04/2024,2024-05-04,12:00:00
04/07/2024 05:20:00 PM,7.0,4,1,6,6,1,4,3,0,1,3,UNABLE TO DETERMINE,2,1,0.0,0.0,0.0,0.0,0.0,2.0,17,1,4,04/07/2024,2024-04-07,17:20:00
06/05/2024 03:15:00 AM,5.0,4,4,5,4,1,4,3,1,1,3,DISREGARDING TRAFFIC SIGNALS,2,3,1.0,0.0,0.0,1.0,0.0,1.0,3,4,6,06/05/2024,2024-06-05,03:15:00
04/25/2024 01:57:00 PM,5.0,2,1,3,6,1,3,3,0,1,3,DRIVING SKILLS/KNOWLEDGE/EXPERIENCE,2,1,0.0,0.0,0.0,0.0,0.0,2.0,13,5,4,04/25/2024,2024-04-25,13:57:00
04/27/2024 03:10:00 PM,5.0,2,1,4,4,1,3,3,0,1,3,FOLLOWING TOO CLOSELY,2,1,0.0,0.0,0.0,0.0,0.0,2.0,15,7,4,04/27/2024,2024-04-27,15:10:00
02/10/2024 09:44:00 AM,5.0,2,1,6,5,1,3,3,0,1,3,UNABLE TO DETERMINE,2,1,0.0,0.0,0.0,0.0,0.0,3.0,9,7,2,02/10/2024,2024-02-10,09:44:00
05/16/2024 09:00:00 AM,5.0,2,1,14,2,1,3,1,1,1,3,NOT APPLICABLE,2,3,1.0,0.0,0.0,1.0,0.0,1.0,9,5,5,05/16/2024,2024-05-16,09:00:00
04/02/2024 03:10:00 PM,3.0,3,1,6,6,1,3,1,1,1,3,NOT APPLICABLE,2,3,1.0,0.0,0.0,1.0,0.0,1.0,15,3,4,04/02/2024,2024-04-02,15:10:00
01/27/2024 08:10:00 PM,5.0,4,4,3,5,1,4,3,0,1,1,UNABLE TO DETERMINE,2,1,0.0,0.0,0.0,0.0,0.0,2.0,20,7,1,01/27/2024,2024-01-27,20:10:00
03/27/2024 03:37:00 PM,5.0,2,1,6,5,1,3,3,1,1,3,FAILING TO YIELD RIGHT-OF-WAY,2,3,1.0,0.0,0.0,1.0,0.0,1.0,15,4,3,03/27/2024,2024-03-27,15:37:00
07/11/2024 11:16:00 PM,7.0,2,4,14,5,1,3,7,1,1,3,FAILING TO YIELD RIGHT-OF-WAY,2,3,1.0,0.0,0.0,1.0,0.0,1.0,23,5,7,07/11/2024,2024-07-11,23:16:00
01/28/2024 04:10:00 PM,5.0,2,1,4,5,1,1,1,1,1,3,DRIVING SKILLS/KNOWLEDGE/EXPERIENCE,2,1,0.0,0.0,0.0,0.0,0.0,2.0,16,1,1,01/28/2024,2024-01-28,16:10:00
05/01/2024 05:00:00 PM,5.0,2,1,11,10,1,3,3,0,0,3,DRIVING SKILLS/KNOWLEDGE/EXPERIENCE,2,1,0.0,0.0,0.0,0.0,0.0,1.0,17,4,5,05/01/2024,2024-05-01,17:00:00
06/15/2024 02:30:00 PM,5.0,2,1,4,5,1,3,1,0,1,3,UNABLE TO DETERMINE,2,1,0.0,0.0,0.0,0.0,0.0,2.0,14,7,6,06/15/2024,2024-06-15,14:30:00
08/09/2024 11:30:00 AM,3.0,2,1,4,12,1,3,3,1,1,3,IMPROPER TURNING/NO SIGNAL,2,1,0.0,0.0,0.0,0.0,0.0,3.0,11,6,8,08/09/2024,2024-08-09,11:30:00
03/15/2024 08:45:00 PM,5.0,2,4,6,6,1,3,1,0,0,3,UNABLE TO DETERMINE,2,1,0.0,0.0,0.0,0.0,0.0,3.0,20,6,3,03/15/2024,2024-03-15,20:45:00
05/16/2024 11:25:00 AM,5.0,2,1,3,6,1,3,3,0,1,3,"OPERATING VEHICLE IN ERRATIC, RECKLESS, CARELESS, NEGLIGENT OR AGGRESSIVE MANNER",2,1,0.0,0.0,0.0,0.0,0.0,2.0,11,5,5,05/16/2024,2024-05-16,11:25:00
04/22/2024 08:35:00 AM,1.0,2,1,3,6,1,1,1,0,0,1,FAILING TO YIELD RIGHT-OF-WAY,2,1,0.0,0.0,0.0,0.0,0.0,2.0,8,2,4,04/22/2024,2024-04-22,08:35:00
06/04/2024 07:30:00 AM,7.0,2,1,5,5,1,3,3,1,1,3,FAILING TO YIELD RIGHT-OF-WAY,2,1,0.0,0.0,0.0,0.0,0.0,2.0,7,3,6,06/04/2024,2024-06-04,07:30:00
04/02/2024 04:20:00 PM,5.0,2,1,6,10,1,4,3,0,1,3,UNABLE TO DETERMINE,2,1,0.0,0.0,0.0,0.0,0.0,2.0,16,3,4,04/02/2024,2024-04-02,16:20:00
06/17/2024 02:42:00 AM,5.0,2,4,5,5,1,3,3,1,1,3,DISREGARDING TRAFFIC SIGNALS,2,3,1.0,0.0,0.0,1.0,0.0,4.0,2,2,6,06/17/2024,2024-06-17,02:42:00
02/25/2024 01:50:00 PM,5.0,2,1,6,18,1,3,3,0,1,3,IMPROPER TURNING/NO SIGNAL,2,1,0.0,0.0,0.0,0.0,0.0,2.0,13,1,2,02/25/2024,2024-02-25,13:50:00
08/08/2024 12:00:00 PM,3.0,2,1,4,4,1,3,3,0,0,3,FOLLOWING TOO CLOSELY,2,1,0.0,0.0,0.0,0.0,0.0,2.0,12,5,8,08/08/2024,2024-08-08,12:00:00
05/15/2024 05:30:00 AM,5.0,2,4,4,3,1,3,3,0,1,3,FOLLOWING TOO CLOSELY,2,1,0.0,0.0,0.0,0.0,0.0,2.0,5,4,5,05/15/2024,2024-05-15,05:30:00
06/04/2024 06:13:00 PM,5.0,2,1,3,5,1,3,3,0,1,2,UNABLE TO DETERMINE,2,1,0.0,0.0,0.0,0.0,0.0,2.0,18,3,6,06/04/2024,2024-06-04,18:13:00
02/07/2024 11:00:00 AM,5.0,2,1,6,6,1,3,3,0,1,3,FOLLOWING TOO CLOSELY,2,1,0.0,0.0,0.0,0.0,0.0,2.0,11,4,2,02/07/2024,2024-02-07,11:00:00
03/08/2024 06:50:00 PM,7.0,4,4,5,5,1,4,3,1,1,3,FAILING TO YIELD RIGHT-OF-WAY,2,3,1.0,0.0,0.0,1.0,0.0,1.0,18,6,3,03/08/2024,2024-03-08,18:50:00
05/23/2024 10:30:00 AM,5.0,2,1,6,4,1,3,3,1,1,3,FAILING TO YIELD RIGHT-OF-WAY,2,2,1.0,0.0,0.0,0.0,1.0,1.0,10,5,5,05/23/2024,2024-05-23,10:30:00
03/21/2024 02:56:00 PM,7.0,2,1,5,6,2,3,3,1,1,3,FAILING TO YIELD RIGHT-OF-WAY,2,3,1.0,0.0,0.0,1.0,0.0,2.0,14,5,3,03/21/2024,2024-03-21,14:56:00
07/19/2024 07:56:00 AM,5.0,2,1,6,5,1,3,3,1,1,3,FAILING TO YIELD RIGHT-OF-WAY,2,1,0.0,0.0,0.0,0.0,0.0,2.0,7,6,7,07/19/2024,2024-07-19,07:56:00
04/15/2024 06:45:00 PM,7.0,2,1,6,5,1,3,1,1,1,3,FAILING TO YIELD RIGHT-OF-WAY,2,2,2.0,0.0,0.0,0.0,2.0,3.0,18,2,4,04/15/2024,2024-04-15,18:45:00
05/28/2024 08:30:00 AM,1.0,2,1,4,5,1,3,1,0,1,2,UNABLE TO DETERMINE,2,1,0.0,0.0,0.0,0.0,0.0,2.0,8,3,5,05/28/2024,2024-05-28,08:30:00
01/15/2024 04:40:00 PM,5.0,2,1,3,6,1,3,3,0,1,3,IMPROPER LANE USAGE,2,1,0.0,0.0,0.0,0.0,0.0,3.0,16,2,1,01/15/2024,2024-01-15,16:40:00
07/24/2024 06:18:00 PM,3.0,2,1,4,6,1,3,3,0,1,2,FAILING TO REDUCE SPEED TO AVOID CRASH,2,1,0.0,0.0,0.0,0.0,0.0,2.0,18,4,7,07/24/2024,2024-07-24,18:18:00
05/25/2024 08:30:00 PM,5.0,2,4,6,5,1,3,3,0,1,3,FAILING TO YIELD RIGHT-OF-WAY,2,1,0.0,0.0,0.0,0.0,0.0,3.0,20,7,5,05/25/2024,2024-05-25,20:30:00
07/25/2024 06:00:00 PM,3.0,2,1,6,6,1,3,3,0,1,3,IMPROPER OVERTAKING/PASSING,2,1,0.0,0.0,0.0,0.0,0.0,2.0,18,5,7,07/25/2024,2024-07-25,18:00:00
07/21/2024 11:05:00 AM,5.0,2,1,6,3,1,3,3,1,1,2,UNABLE TO DETERMINE,2,2,2.0,0.0,0.0,0.0,2.0,2.0,11,1,7,07/21/2024,2024-07-21,11:05:00
06/19/2024 08:00:00 PM,5.0,2,1,5,5,1,1,1,0,1,2,UNABLE TO DETERMINE,2,1,0.0,0.0,0.0,0.0,0.0,3.0,20,4,6,06/19/2024,2024-06-19,20:00:00
05/07/2024 11:20:00 AM,5.0,2,1,3,6,1,3,3,0,1,3,IMPROPER LANE USAGE,2,1,0.0,0.0,0.0,0.0,0.0,2.0,11,3,5,05/07/2024,2024-05-07,11:20:00
04/01/2024 05:05:00 PM,5.0,4,1,4,4,1,4,3,0,1,3,DRIVING SKILLS/KNOWLEDGE/EXPERIENCE,2,1,0.0,0.0,0.0,0.0,0.0,6.0,17,2,4,04/01/2024,2024-04-01,17:05:00
02/01/2024 07:45:00 AM,5.0,2,1,4,1,1,3,3,1,0,2,FOLLOWING TOO CLOSELY,2,1,0.0,0.0,0.0,0.0,0.0,2.0,7,5,2,02/01/2024,2024-02-01,07:45:00
01/19/2024 10:50:00 PM,5.0,2,4,4,6,1,1,1,1,1,3,UNABLE TO DETERMINE,2,2,1.0,0.0,0.0,0.0,1.0,1.0,22,6,1,01/19/2024,2024-01-19,22:50:00
07/15/2024 09:26:00 PM,5.0,4,4,5,5,1,4,1,1,1,3,UNABLE TO DETERMINE,2,3,2.0,0.0,0.0,2.0,0.0,0.0,21,2,7,07/15/2024,2024-07-15,21:26:00
04/10/2024 06:25:00 AM,5.0,2,1,5,5,1,3,3,1,0,3,DISREGARDING TRAFFIC SIGNALS,2,1,0.0,0.0,0.0,0.0,0.0,2.0,6,4,4,04/10/2024,2024-04-10,06:25:00
01/17/2024 08:00:00 AM,7.0,2,1,6,6,1,3,3,0,1,2,FAILING TO YIELD RIGHT-OF-WAY,2,1,0.0,0.0,0.0,0.0,0.0,2.0,8,4,1,01/17/2024,2024-01-17,08:00:00
03/30/2024 12:55:00 PM,7.0,2,1,4,5,1,3,3,0,1,2,FOLLOWING TOO CLOSELY,2,1,0.0,0.0,0.0,0.0,0.0,2.0,12,7,3,03/30/2024,2024-03-30,12:55:00
04/25/2024 07:33:00 AM,3.0,2,1,6,5,1,3,3,0,1,3,FAILING TO YIELD RIGHT-OF-WAY,2,1,0.0,0.0,0.0,0.0,0.0,2.0,7,5,4,04/25/2024,2024-04-25,07:33:00
04/14/2024 10:00:00 PM,5.0,2,4,5,5,1,3,3,1,1,3,UNABLE TO DETERMINE,2,1,0.0,0.0,0.0,0.0,0.0,2.0,22,1,4,04/14/2024,2024-04-14,22:00:00
08/08/2024 07:10:00 PM,5.0,2,1,13,6,1,3,3,1,1,3,"VISION OBSCURED (SIGNS, TREE LIMBS, BUILDINGS, ETC.)",2,4,1.0,0.0,1.0,0.0,0.0,1.0,19,5,8,08/08/2024,2024-08-08,19:10:00
01/16/2024 08:40:00 PM,1.0,2,4,6,16,1,3,1,0,1,1,NOT APPLICABLE,2,1,0.0,0.0,0.0,0.0,0.0,2.0,20,3,1,01/16/2024,2024-01-16,20:40:00
05/08/2024 04:15:00 PM,7.0,2,1,5,5,1,3,3,1,1,3,FAILING TO YIELD RIGHT-OF-WAY,2,1,0.0,0.0,0.0,0.0,0.0,3.0,16,4,5,05/08/2024,2024-05-08,16:15:00
07/29/2024 08:30:00 AM,1.0,4,1,6,1,1,4,1,0,1,3,UNABLE TO DETERMINE,2,1,0.0,0.0,0.0,0.0,0.0,2.0,8,2,7,07/29/2024,2024-07-29,08:30:00
01/28/2024 11:39:00 AM,5.0,2,1,10,5,1,3,3,1,1,3,TURNING RIGHT ON RED,2,1,0.0,0.0,0.0,0.0,0.0,2.0,11,1,1,01/28/2024,2024-01-28,11:39:00
07/05/2024 11:21:00 AM,5.0,2,1,4,4,1,3,1,1,1,3,FAILING TO REDUCE SPEED TO AVOID CRASH,2,1,0.0,0.0,0.0,0.0,0.0,4.0,11,6,7,07/05/2024,2024-07-05,11:21:00
07/28/2024 10:37:00 AM,5.0,3,1,3,10,1,3,3,0,1,3,UNABLE TO DETERMINE,2,1,0.0,0.0,0.0,0.0,0.0,4.0,10,1,7,07/28/2024,2024-07-28,10:37:00
07/28/2024 05:50:00 PM,5.0,2,1,4,5,1,3,3,0,0,3,FOLLOWING TOO CLOSELY,2,1,0.0,0.0,0.0,0.0,0.0,3.0,17,1,7,07/28/2024,2024-07-28,17:50:00
05/23/2024 06:10:00 PM,5.0,2,1,6,3,1,3,3,0,1,2,IMPROPER LANE USAGE,2,1,0.0,0.0,0.0,0.0,0.0,2.0,18,5,5,05/23/2024,2024-05-23,18:10:00
02/28/2024 08:45:00 PM,5.0,2,4,4,6,1,3,3,0,1,3,DISTRACTION - FROM INSIDE VEHICLE,2,1,0.0,0.0,0.0,0.0,0.0,2.0,20,4,2,02/28/2024,2024-02-28,20:45:00
07/10/2024 04:15:00 PM,7.0,2,1,6,5,1,3,3,0,1,3,UNABLE TO DETERMINE,2,1,0.0,0.0,0.0,0.0,0.0,2.0,16,4,7,07/10/2024,2024-07-10,16:15:00
07/16/2024 09:20:00 PM,5.0,2,4,8,5,1,3,3,0,1,1,UNABLE TO DETERMINE,2,1,0.0,0.0,0.0,0.0,0.0,2.0,21,3,7,07/16/2024,2024-07-16,21:20:00
01/24/2024 03:00:00 PM,5.0,2,1,5,5,1,1,1,0,1,3,FAILING TO YIELD RIGHT-OF-WAY,2,1,0.0,0.0,0.0,0.0,0.0,2.0,15,4,1,01/24/2024,2024-01-24,15:00:00
03/14/2024 08:45:00 PM,5.0,2,5,6,5,1,3,3,1,1,3,UNABLE TO DETERMINE,2,1,0.0,0.0,0.0,0.0,0.0,4.0,20,5,3,03/14/2024,2024-03-14,20:45:00
08/12/2024 04:55:00 PM,7.0,2,1,5,4,1,3,3,1,1,3,FAILING TO YIELD RIGHT-OF-WAY,2,3,1.0,0.0,0.0,1.0,0.0,2.0,16,2,8,08/12/2024,2024-08-12,16:55:00
05/02/2024 01:40:00 PM,3.0,2,1,6,1,1,3,3,1,1,1,DISTRACTION - FROM OUTSIDE VEHICLE,2,1,0.0,0.0,0.0,0.0,0.0,2.0,13,5,5,05/02/2024,2024-05-02,13:40:00
04/11/2024 09:10:00 AM,7.0,4,1,6,5,1,4,3,0,1,3,FAILING TO YIELD RIGHT-OF-WAY,2,1,0.0,0.0,0.0,0.0,0.0,2.0,9,5,4,04/11/2024,2024-04-11,09:10:00
07/28/2024 10:20:00 AM,3.0,2,1,6,10,1,3,3,1,1,3,FAILING TO YIELD RIGHT-OF-WAY,2,2,1.0,0.0,0.0,0.0,1.0,2.0,10,1,7,07/28/2024,2024-07-28,10:20:00
08/04/2024 10:30:00 PM,5.0,2,4,6,5,1,1,1,0,1,3,FAILING TO YIELD RIGHT-OF-WAY,2,1,0.0,0.0,0.0,0.0,0.0,2.0,22,1,8,08/04/2024,2024-08-04,22:30:00
06/22/2024 06:00:00 PM,5.0,2,1,6,5,1,1,1,0,1,3,IMPROPER LANE USAGE,2,1,0.0,0.0,0.0,0.0,0.0,5.0,18,7,6,06/22/2024,2024-06-22,18:00:00
03/09/2024 07:40:00 AM,5.0,2,1,7,7,1,3,3,1,1,2,FAILING TO YIELD RIGHT-OF-WAY,2,2,1.0,0.0,0.0,0.0,1.0,1.0,7,7,3,03/09/2024,2024-03-09,07:40:00
03/01/2024 05:14:00 PM,5.0,2,1,4,6,1,3,3,0,1,3,DRIVING SKILLS/KNOWLEDGE/EXPERIENCE,2,1,0.0,0.0,0.0,0.0,0.0,3.0,17,6,3,03/01/2024,2024-03-01,17:14:00
05/18/2024 05:20:00 PM,5.0,2,1,6,6,3,3,3,0,1,2,IMPROPER TURNING/NO SIGNAL,2,1,0.0,0.0,0.0,0.0,0.0,2.0,17,7,5,05/18/2024,2024-05-18,17:20:00
06/01/2024 04:00:00 PM,5.0,4,1,5,5,1,4,1,0,1,3,UNABLE TO DETERMINE,2,1,0.0,0.0,0.0,0.0,0.0,2.0,16,7,6,06/01/2024,2024-06-01,16:00:00
07/09/2024 10:15:00 PM,5.0,4,1,4,6,1,4,1,0,1,1,UNABLE TO DETERMINE,2,1,0.0,0.0,0.0,0.0,0.0,3.0,22,3,7,07/09/2024,2024-07-09,22:15:00
04/06/2024 01:00:00 AM,3.0,2,5,6,6,1,1,1,0,1,3,IMPROPER TURNING/NO SIGNAL,2,1,0.0,0.0,0.0,0.0,0.0,2.0,1,7,4,04/06/2024,2024-04-06,01:00:00
01/26/2024 10:26:00 PM,5.0,4,4,5,4,1,4,3,1,1,3,DISREGARDING TRAFFIC SIGNALS,2,1,0.0,0.0,0.0,0.0,0.0,3.0,22,6,1,01/26/2024,2024-01-26,22:26:00
04/27/2024 01:15:00 AM,3.0,4,4,6,5,1,4,3,1,1,3,UNABLE TO DETERMINE,2,2,1.0,0.0,0.0,0.0,1.0,3.0,1,7,4,04/27/2024,2024-04-27,01:15:00
03/22/2024 07:45:00 PM,5.0,2,4,6,6,1,3,3,1,1,3,FAILING TO YIELD RIGHT-OF-WAY,2,1,0.0,0.0,0.0,0.0,0.0,2.0,19,6,3,03/22/2024,2024-03-22,19:45:00
04/01/2024 03:10:00 PM,5.0,4,1,6,5,4,4,7,1,1,3,FOLLOWING TOO CLOSELY,2,2,1.0,0.0,0.0,0.0,1.0,1.0,15,2,4,04/01/2024,2024-04-01,15:10:00
01/29/2024 03:36:00 PM,5.0,2,1,6,5,1,1,1,1,1,3,UNABLE TO DETERMINE,2,3,1.0,0.0,0.0,1.0,0.0,3.0,15,2,1,01/29/2024,2024-01-29,15:36:00
03/04/2024 08:56:00 AM,5.0,2,1,6,5,1,4,3,1,1,3,DRIVING SKILLS/KNOWLEDGE/EXPERIENCE,2,1,0.0,0.0,0.0,0.0,0.0,2.0,8,2,3,03/04/2024,2024-03-04,08:56:00
07/17/2024 08:35:00 AM,7.0,2,1,6,5,1,3,1,0,1,3,FAILING TO REDUCE SPEED TO AVOID CRASH,2,1,0.0,0.0,0.0,0.0,0.0,3.0,8,4,7,07/17/2024,2024-07-17,08:35:00
06/08/2024 08:11:00 AM,5.0,2,1,5,14,1,3,1,1,1,3,UNABLE TO DETERMINE,2,1,0.0,0.0,0.0,0.0,0.0,3.0,8,7,6,06/08/2024,2024-06-08,08:11:00
07/12/2024 04:00:00 PM,5.0,2,1,5,5,1,3,3,1,1,3,DISREGARDING TRAFFIC SIGNALS,2,3,1.0,0.0,0.0,1.0,0.0,2.0,16,6,7,07/12/2024,2024-07-12,16:00:00
05/13/2024 02:30:00 PM,7.0,2,1,6,4,1,3,3,1,0,3,UNABLE TO DETERMINE,2,2,1.0,0.0,0.0,0.0,1.0,5.0,14,2,5,05/13/2024,2024-05-13,14:30:00
04/11/2024 03:15:00 PM,5.0,3,1,5,5,1,3,3,1,1,3,DISREGARDING TRAFFIC SIGNALS,2,1,0.0,0.0,0.0,0.0,0.0,2.0,15,5,4,04/11/2024,2024-04-11,15:15:00
01/17/2024 10:00:00 AM,5.0,2,1,6,15,1,3,3,0,1,2,IMPROPER LANE USAGE,2,1,0.0,0.0,0.0,0.0,0.0,2.0,10,4,1,01/17/2024,2024-01-17,10:00:00
08/03/2024 08:55:00 AM,5.0,2,1,5,5,1,3,3,0,1,3,DISREGARDING TRAFFIC SIGNALS,2,1,0.0,0.0,0.0,0.0,0.0,2.0,8,7,8,08/03/2024,2024-08-03,08:55:00
03/07/2024 11:30:00 AM,5.0,2,1,6,7,1,3,3,0,1,3,UNABLE TO DETERMINE,2,1,0.0,0.0,0.0,0.0,0.0,2.0,11,5,3,03/07/2024,2024-03-07,11:30:00
05/26/2024 04:37:00 PM,5.0,2,1,4,5,1,1,1,0,1,3,UNDER THE INFLUENCE OF ALCOHOL/DRUGS (USE WHEN ARREST IS EFFECTED),2,1,0.0,0.0,0.0,0.0,0.0,2.0,16,1,5,05/26/2024,2024-05-26,16:37:00
07/30/2024 06:30:00 PM,7.0,2,1,6,5,1,3,3,1,1,3,FAILING TO YIELD RIGHT-OF-WAY,2,1,0.0,0.0,0.0,0.0,0.0,2.0,18,3,7,07/30/2024,2024-07-30,18:30:00
06/03/2024 10:05:00 PM,1.0,2,3,4,5,1,3,1,0,1,2,NOT APPLICABLE,2,1,0.0,0.0,0.0,0.0,0.0,2.0,22,2,6,06/03/2024,2024-06-03,22:05:00
06/14/2024 04:30:00 PM,5.0,2,1,3,14,1,3,3,0,1,3,FAILING TO YIELD RIGHT-OF-WAY,2,1,0.0,0.0,0.0,0.0,0.0,5.0,16,6,6,06/14/2024,2024-06-14,16:30:00
08/03/2024 06:18:00 PM,5.0,2,1,5,5,1,3,3,1,1,3,UNABLE TO DETERMINE,2,1,0.0,0.0,0.0,0.0,0.0,4.0,18,7,8,08/03/2024,2024-08-03,18:18:00
02/26/2024 10:25:00 AM,7.0,2,1,6,7,1,3,3,1,1,3,IMPROPER TURNING/NO SIGNAL,2,3,1.0,0.0,0.0,1.0,0.0,1.0,10,2,2,02/26/2024,2024-02-26,10:25:00
04/20/2024 12:48:00 AM,7.0,2,4,5,5,1,3,3,1,1,3,UNABLE TO DETERMINE,2,1,0.0,0.0,0.0,0.0,0.0,4.0,0,7,4,04/20/2024,2024-04-20,00:48:00
06/21/2024 10:35:00 AM,7.0,2,1,5,5,1,3,3,0,1,3,DISREGARDING STOP SIGN,2,1,0.0,0.0,0.0,0.0,0.0,2.0,10,6,6,06/21/2024,2024-06-21,10:35:00
03/08/2024 07:15:00 AM,5.0,2,1,4,12,1,1,1,0,1,3,UNABLE TO DETERMINE,2,1,0.0,0.0,0.0,0.0,0.0,2.0,7,6,3,03/08/2024,2024-03-08,07:15:00
07/10/2024 06:59:00 PM,7.0,2,1,6,5,1,3,3,0,1,1,IMPROPER OVERTAKING/PASSING,2,1,0.0,0.0,0.0,0.0,0.0,2.0,18,4,7,07/10/2024,2024-07-10,18:59:00
01/13/2024 08:45:00 PM,5.0,5,4,6,5,1,5,3,1,1,2,IMPROPER TURNING/NO SIGNAL,2,3,1.0,0.0,0.0,1.0,0.0,1.0,20,7,1,01/13/2024,2024-01-13,20:45:00
07/05/2024 07:45:00 PM,3.0,2,1,6,1,1,3,3,1,1,3,UNABLE TO DETERMINE,2,3,1.0,0.0,0.0,1.0,0.0,1.0,19,6,7,07/05/2024,2024-07-05,19:45:00
04/17/2024 06:43:00 AM,5.0,2,1,4,6,1,3,3,0,1,3,FOLLOWING TOO CLOSELY,2,1,0.0,0.0,0.0,0.0,0.0,2.0,6,4,4,04/17/2024,2024-04-17,06:43:00
07/16/2024 10:00:00 AM,5.0,2,1,6,1,1,1,1,0,1,3,UNABLE TO DETERMINE,2,1,0.0,0.0,0.0,0.0,0.0,2.0,10,3,7,07/16/2024,2024-07-16,10:00:00
04/18/2024 03:43:00 PM,5.0,2,1,4,5,1,3,3,0,1,2,FAILING TO REDUCE SPEED TO AVOID CRASH,2,1,0.0,0.0,0.0,0.0,0.0,5.0,15,5,4,04/18/2024,2024-04-18,15:43:00
02/14/2024 05:30:00 PM,5.0,2,1,3,12,1,3,1,0,0,2,UNABLE TO DETERMINE,2,1,0.0,0.0,0.0,0.0,0.0,2.0,17,4,2,02/14/2024,2024-02-14,17:30:00
08/06/2024 11:20:00 AM,3.0,2,1,13,6,1,3,3,1,1,3,DISREGARDING ROAD MARKINGS,2,2,1.0,0.0,0.0,0.0,1.0,1.0,11,3,8,08/06/2024,2024-08-06,11:20:00
08/09/2024 06:05:00 PM,1.0,2,1,3,5,1,1,1,0,1,2,UNABLE TO DETERMINE,2,1,0.0,0.0,0.0,0.0,0.0,2.0,18,6,8,08/09/2024,2024-08-09,18:05:00
05/08/2024 11:44:00 PM,5.0,2,4,13,5,1,3,3,1,1,3,FAILING TO YIELD RIGHT-OF-WAY,2,4,1.0,0.0,1.0,0.0,0.0,1.0,23,4,5,05/08/2024,2024-05-08,23:44:00
03/18/2024 09:34:00 PM,5.0,2,4,10,5,1,3,3,1,1,3,DRIVING ON WRONG SIDE/WRONG WAY,2,1,0.0,0.0,0.0,0.0,0.0,2.0,21,2,3,03/18/2024,2024-03-18,21:34:00
02/18/2024 01:20:00 AM,5.0,2,4,11,10,1,3,1,0,1,1,FOLLOWING TOO CLOSELY,2,1,0.0,0.0,0.0,0.0,0.0,2.0,1,1,2,02/18/2024,2024-02-18,01:20:00
03/16/2024 01:00:00 AM,5.0,2,4,4,4,1,3,3,0,1,3,UNABLE TO DETERMINE,2,1,0.0,0.0,0.0,0.0,0.0,2.0,1,7,3,03/16/2024,2024-03-16,01:00:00
04/17/2024 08:05:00 AM,5.0,2,1,4,6,1,3,3,0,1,2,UNABLE TO DETERMINE,2,1,0.0,0.0,0.0,0.0,0.0,2.0,8,4,4,04/17/2024,2024-04-17,08:05:00
06/06/2024 08:11:00 AM,5.0,2,1,5,6,1,3,3,0,1,3,DISREGARDING OTHER TRAFFIC SIGNS,2,1,0.0,0.0,0.0,0.0,0.0,4.0,8,5,6,06/06/2024,2024-06-06,08:11:00
04/06/2024 09:00:00 AM,5.0,2,1,4,6,1,3,3,0,1,2,UNABLE TO DETERMINE,2,1,0.0,0.0,0.0,0.0,0.0,2.0,9,7,4,04/06/2024,2024-04-06,09:00:00
04/22/2024 01:51:00 AM,5.0,2,5,4,6,1,3,3,1,0,3,IMPROPER BACKING,2,3,1.0,0.0,0.0,1.0,0.0,2.0,1,2,4,04/22/2024,2024-04-22,01:51:00
03/15/2024 03:47:00 PM,3.0,2,1,5,6,1,3,3,0,1,3,FAILING TO YIELD RIGHT-OF-WAY,2,1,0.0,0.0,0.0,0.0,0.0,3.0,15,6,3,03/15/2024,2024-03-15,15:47:00
08/09/2024 02:10:00 PM,5.0,2,1,5,4,1,3,3,0,1,3,FAILING TO YIELD RIGHT-OF-WAY,2,1,0.0,0.0,0.0,0.0,0.0,2.0,14,6,8,08/09/2024,2024-08-09,14:10:00
03/07/2024 01:51:00 PM,3.0,2,1,6,2,1,3,3,0,1,3,IMPROPER TURNING/NO SIGNAL,2,1,0.0,0.0,0.0,0.0,0.0,2.0,13,5,3,03/07/2024,2024-03-07,13:51:00
03/28/2024 05:54:00 AM,7.0,2,2,5,6,1,3,3,1,1,3,FAILING TO YIELD RIGHT-OF-WAY,2,1,0.0,0.0,0.0,0.0,0.0,3.0,5,5,3,03/28/2024,2024-03-28,05:54:00
07/12/2024 08:49:00 AM,5.0,2,1,4,5,1,3,3,0,1,3,UNABLE TO DETERMINE,2,1,0.0,0.0,0.0,0.0,0.0,2.0,8,6,7,07/12/2024,2024-07-12,08:49:00
03/26/2024 12:28:00 PM,5.0,2,1,6,5,1,4,3,0,1,3,IMPROPER OVERTAKING/PASSING,2,1,0.0,0.0,0.0,0.0,0.0,3.0,12,3,3,03/26/2024,2024-03-26,12:28:00