crash_date,traffic_control_device,weather_condition,lighting_condition,first_crash_type,trafficway_type,alignment,roadway_surface_cond,road_defect,crash_type,intersection_related_i,damage,prim_contributory_cause,num_units,most_severe_injury,injuries_total,injuries_fatal,injuries_incapacitating,injuries_non_incapacitating,injuries_reported_not_evident,injuries_no_indication,crash_hour,crash_day_of_week,crash_month,parsed_datetime,date,time
01/06/2024 07:35:00 PM,7.0,5,5,6,5,1,5,1,1,1,3,WEATHER,2,1,0.0,0.0,0.0,0.0,0.0,2.0,19,7,1,01/06/2024,2024-01-06,19:35:00
02/12/2024 11:53:00 PM,5.0,2,4,6,7,1,3,3,1,1,3,IMPROPER TURNING/NO SIGNAL,2,2,1.0,0.0,0.0,0.0,1.0,1.0,23,2,2,02/12/2024,2024-02-12,23:53:00
02/12/2024 08:02:00 AM,7.0,2,1,5,3,1,3,1,1,1,3,FAILING TO YIELD RIGHT-OF-WAY,2,2,1.0,0.0,0.0,0.0,1.0,4.0,8,2,2,02/12/2024,2024-02-12,08:02:00
06/13/2024 09:38:00 AM,7.0,2,1,5,5,1,3,3,1,1,3,FAILING TO YIELD RIGHT-OF-WAY,2,1,0.0,0.0,0.0,0.0,0.0,2.0,9,5,6,06/13/2024,2024-06-13,09:38:00
03/04/2024 09:34:00 PM,7.0,2,4,6,5,1,3,1,0,1,2,UNABLE TO DETERMINE,2,1,0.0,0.0,0.0,0.0,0.0,2.0,21,2,3,03/04/2024,2024-03-04,21:34:00
07/12/2024 06:30:00 PM,7.0,2,1,6,5,1,3,3,1,1,3,DISTRACTION - FROM INSIDE VEHICLE,2,1,0.0,0.0,0.0,0.0,0.0,4.0,18,6,7,07/12/2024,2024-07-12,18:30:00
01/05/2024 06:00:00 PM,1.0,2,5,6,6,1,3,1,1,1,3,FAILING TO YIELD RIGHT-OF-WAY,2,1,0.0,0.0,0.0,0.0,0.0,5.0,18,6,1,01/05/2024,2024-01-05,18:00:00
02/16/2024 08:20:00 AM,5.0,2,1,5,5,1,3,3,0,1,3,FAILING TO YIELD RIGHT-OF-WAY,2,1,0.0,0.0,0.0,0.0,0.0,2.0,8,6,2,02/16/2024,2024-02-16,08:20:00
08/10/2024 02:30:00 AM,5.0,2,4,6,5,1,3,1,0,1,3,UNABLE TO DETERMINE,2,1,0.0,0.0,0.0,0.0,0.0,2.0,2,7,8,08/10/2024,2024-08-10,02:30:00
04/21/2024 06:45:00 AM,5.0,2,1,5,5,1,3,3,1,1,3,DISREGARDING TRAFFIC SIGNALS,2,2,2.0,0.0,0.0,0.0,2.0,0.0,6,1,4,04/21/2024,2024-04-21,06:45:00
08/20/2024 11:20:00 AM,3.0,2,1,4,6,1,3,3,0,1,3,NOT APPLICABLE,2,1,0.0,0.0,0.0,0.0,0.0,2.0,11,3,8,08/20/2024,2024-08-20,11:20:00
04/28/2024 07:30:00 PM,3.0,2,3,5,7,1,3,3,1,1,3,UNABLE TO DETERMINE,2,2,1.0,0.0,0.0,0.0,1.0,1.0,19,1,4,04/28/2024,2024-04-28,19:30:00
04/26/2024 04:13:00 PM,7.0,4,1,5,5,1,4,3,0,1,2,UNABLE TO DETERMINE,2,1,0.0,0.0,0.0,0.0,0.0,3.0,16,6,4,04/26/2024,2024-04-26,16:13:00
06/15/2024 12:40:00 PM,3.0,2,1,5,5,1,3,3,0,1,3,UNABLE TO DETERMINE,2,1,0.0,0.0,0.0,0.0,0.0,2.0,12,7,6,06/15/2024,2024-06-15,12:40:00
01/27/2024 08:00:00 PM,3.0,8,4,4,6,1,4,3,0,1,2,UNABLE TO DETERMINE,2,1,0.0,0.0,0.0,0.0,0.0,2.0,20,7,1,01/27/2024,2024-01-27,20:00:00
06/05/2024 12:00:00 PM,7.0,2,1,6,6,1,3,3,1,1,3,IMPROPER OVERTAKING/PASSING,2,1,0.0,0.0,0.0,0.0,0.0,2.0,12,4,6,06/05/2024,2024-06-05,12:00:00
03/24/2024 12:34:00 PM,5.0,2,1,4,5,1,1,1,0,1,3,FOLLOWING TOO CLOSELY,2,1,0.0,0.0,0.0,0.0,0.0,2.0,12,1,3,03/24/2024,2024-03-24,12:34:00
07/27/2024 03:41:00 PM,7.0,2,1,3,6,1,3,3,0,1,1,FAILING TO YIELD RIGHT-OF-WAY,2,1,0.0,0.0,0.0,0.0,0.0,2.0,15,7,7,07/27/2024,2024-07-27,15:41:00
02/29/2024 01:29:00 PM,5.0,2,1,5,5,1,3,1,0,1,3,DISREGARDING TRAFFIC SIGNALS,2,1,0.0,0.0,0.0,0.0,0.0,2.0,13,5,2,02/29/2024,2024-02-29,13:29:00
02/13/2024 04:30:00 PM,7.0,2,1,5,5,1,3,3,1,1,3,DISREGARDING STOP SIGN,2,3,2.0,0.0,0.0,2.0,0.0,1.0,16,3,2,02/13/2024,2024-02-13,16:30:00
03/22/2024 02:45:00 PM,7.0,5,1,5,4,1,5,1,1,1,3,FAILING TO YIELD RIGHT-OF-WAY,2,1,0.0,0.0,0.0,0.0,0.0,2.0,14,6,3,03/22/2024,2024-03-22,14:45:00
01/17/2024 03:15:00 PM,5.0,2,1,6,5,1,3,3,0,1,2,UNABLE TO DETERMINE,2,1,0.0,0.0,0.0,0.0,0.0,2.0,15,4,1,01/17/2024,2024-01-17,15:15:00
03/28/2024 10:50:00 AM,5.0,2,1,6,5,1,3,3,0,1,1,UNABLE TO DETERMINE,2,1,0.0,0.0,0.0,0.0,0.0,3.0,10,5,3,03/28/2024,2024-03-28,10:50:00
01/08/2024 02:30:00 PM,7.0,2,1,6,6,1,3,3,0,1,2,UNABLE TO DETERMINE,2,1,0.0,0.0,0.0,0.0,0.0,6.0,14,2,1,01/08/2024,2024-01-08,14:30:00
01/12/2024 06:48:00 AM,5.0,9,2,5,5,1,5,3,0,1,1,WEATHER,2,1,0.0,0.0,0.0,0.0,0.0,2.0,6,6,1,01/12/2024,2024-01-12,06:48:00
07/08/2024 11:47:00 AM,7.0,2,1,5,7,1,3,3,1,1,3,FAILING TO REDUCE SPEED TO AVOID CRASH,2,1,0.0,0.0,0.0,0.0,0.0,3.0,11,2,7,07/08/2024,2024-07-08,11:47:00
03/26/2024 10:10:00 AM,5.0,2,4,3,3,1,3,3,0,1,3,FAILING TO YIELD RIGHT-OF-WAY,2,1,0.0,0.0,0.0,0.0,0.0,2.0,10,3,3,03/26/2024,2024-03-26,10:10:00
03/11/2024 09:15:00 AM,5.0,2,1,4,5,1,3,3,0,1,3,UNABLE TO DETERMINE,2,1,0.0,0.0,0.0,0.0,0.0,3.0,9,2,3,03/11/2024,2024-03-11,09:15:00
03/01/2024 03:00:00 PM,3.0,2,1,6,5,1,3,3,0,1,2,UNABLE TO DETERMINE,2,1,0.0,0.0,0.0,0.0,0.0,2.0,15,6,3,03/01/2024,2024-03-01,15:00:00
07/20/2024 10:07:00 AM,5.0,2,1,3,6,1,3,3,0,1,3,IMPROPER OVERTAKING/PASSING,2,1,0.0,0.0,0.0,0.0,0.0,3.0,10,7,7,07/20/2024,2024-07-20,10:07:00
02/16/2024 11:00:00 AM,5.0,2,1,4,5,1,3,3,0,1,3,FOLLOWING TOO CLOSELY,2,1,0.0,0.0,0.0,0.0,0.0,2.0,11,6,2,02/16/2024,2024-02-16,11:00:00
03/08/2024 03:51:00 PM,7.0,4,1,5,4,1,4,3,1,1,3,FAILING TO YIELD RIGHT-OF-WAY,2,3,2.0,0.0,0.0,1.0,1.0,1.0,15,6,3,03/08/2024,2024-03-08,15:51:00
01/12/2024 04:16:00 PM,3.0,6,3,4,3,1,5,3,1,1,1,WEATHER,2,2,1.0,0.0,0.0,0.0,1.0,1.0,16,6,1,01/12/2024,2024-01-12,16:16:00
01/23/2024 12:40:00 PM,5.0,4,1,6,5,1,4,3,0,1,3,NOT APPLICABLE,2,1,0.0,0.0,0.0,0.0,0.0,2.0,12,3,1,01/23/2024,2024-01-23,12:40:00
02/23/2024 12:00:00 PM,5.0,2,1,3,5,1,3,3,0,1,3,FAILING TO REDUCE SPEED TO AVOID CRASH,2,1,0.0,0.0,0.0,0.0,0.0,3.0,12,6,2,02/23/2024,2024-02-23,12:00:00
06/14/2024 07:30:00 AM,5.0,2,1,4,4,1,3,1,0,1,3,FOLLOWING TOO CLOSELY,2,1,0.0,0.0,0.0,0.0,0.0,2.0,7,6,6,06/14/2024,2024-06-14,07:30:00
04/07/2024 07:54:00 PM,7.0,2,4,5,5,1,4,3,1,1,3,FAILING TO YIELD RIGHT-OF-WAY,2,3,2.0,0.0,0.0,2.0,0.0,0.0,19,1,4,04/07/2024,2024-04-07,19:54:00
03/22/2024 06:38:00 AM,5.0,9,1,6,5,1,5,7,1,1,3,FAILING TO YIELD RIGHT-OF-WAY,2,1,0.0,0.0,0.0,0.0,0.0,7.0,6,6,3,03/22/2024,2024-03-22,06:38:00
01/02/2024 11:05:00 AM,5.0,2,1,5,7,1,3,1,0,1,2,DISREGARDING TRAFFIC SIGNALS,2,1,0.0,0.0,0.0,0.0,0.0,3.0,11,3,1,01/02/2024,2024-01-02,11:05:00
05/18/2024 09:50:00 PM,5.0,2,4,4,4,1,3,3,0,1,3,UNABLE TO DETERMINE,2,1,0.0,0.0,0.0,0.0,0.0,3.0,21,7,5,05/18/2024,2024-05-18,21:50:00
07/31/2024 07:00:00 PM,5.0,2,1,6,5,1,1,1,0,1,3,UNABLE TO DETERMINE,2,1,0.0,0.0,0.0,0.0,0.0,4.0,19,4,7,07/31/2024,2024-07-31,19:00:00
06/25/2024 12:50:00 PM,5.0,3,1,13,5,1,3,3,1,1,1,FAILING TO YIELD RIGHT-OF-WAY,2,3,1.0,0.0,0.0,1.0,0.0,2.0,12,3,6,06/25/2024,2024-06-25,12:50:00
02/29/2024 04:21:00 PM,5.0,2,1,14,5,1,3,3,1,1,1,IMPROPER TURNING/NO SIGNAL,2,2,1.0,0.0,0.0,0.0,1.0,1.0,16,5,2,02/29/2024,2024-02-29,16:21:00
05/27/2024 05:00:00 PM,5.0,2,1,4,3,1,3,3,0,1,3,UNABLE TO DETERMINE,2,1,0.0,0.0,0.0,0.0,0.0,2.0,17,2,5,05/27/2024,2024-05-27,17:00:00
05/07/2024 09:40:00 AM,5.0,4,1,5,5,1,4,3,0,1,3,DISREGARDING TRAFFIC SIGNALS,2,1,0.0,0.0,0.0,0.0,0.0,2.0,9,3,5,05/07/2024,2024-05-07,09:40:00
02/15/2024 06:07:00 PM,3.0,2,4,6,6,1,3,3,0,1,2,FAILING TO YIELD RIGHT-OF-WAY,2,1,0.0,0.0,0.0,0.0,0.0,3.0,18,5,2,02/15/2024,2024-02-15,18:07:00
02/08/2024 06:53:00 AM,3.0,2,1,3,5,1,3,3,0,1,3,DISREGARDING STOP SIGN,2,1,0.0,0.0,0.0,0.0,0.0,2.0,6,5,2,02/08/2024,2024-02-08,06:53:00
03/01/2024 10:07:00 AM,7.0,2,1,4,5,1,3,3,0,1,1,UNABLE TO DETERMINE,2,1,0.0,0.0,0.0,0.0,0.0,2.0,10,6,3,03/01/2024,2024-03-01,10:07:00
01/11/2024 05:45:00 AM,5.0,7,4,6,5,1,4,1,0,1,2,UNABLE TO DETERMINE,2,1,0.0,0.0,0.0,0.0,0.0,3.0,5,5,1,01/11/2024,2024-01-11,05:45:00
08/02/2024 05:49:00 PM,5.0,2,1,3,5,1,1,1,0,1,3,UNABLE TO DETERMINE,2,1,0.0,0.0,0.0,0.0,0.0,3.0,17,6,8,08/02/2024,2024-08-02,17:49:00
07/14/2024 08:52:00 AM,3.0,4,1,5,16,1,4,1,0,1,3,FAILING TO YIELD RIGHT-OF-WAY,2,1,0.0,0.0,0.0,0.0,0.0,2.0,8,1,7,07/14/2024,2024-07-14,08:52:00
01/01/2024 10:12:00 AM,5.0,2,1,5,5,1,3,1,1,1,3,DISREGARDING TRAFFIC SIGNALS,2,2,1.0,0.0,0.0,0.0,1.0,1.0,10,2,1,01/01/2024,2024-01-01,10:12:00
05/03/2024 07:05:00 PM,5.0,2,1,5,5,1,3,3,1,1,3,DISREGARDING TRAFFIC SIGNALS,2,3,1.0,0.0,0.0,1.0,0.0,1.0,19,6,5,05/03/2024,2024-05-03,19:05:00
02/15/2024 06:20:00 PM,5.0,2,4,5,1,1,1,1,0,1,2,UNABLE TO DETERMINE,2,1,0.0,0.0,0.0,0.0,0.0,2.0,18,5,2,02/15/2024,2024-02-15,18:20:00
05/28/2024 03:30:00 PM,5.0,4,1,4,5,1,1,3,0,1,3,FAILING TO REDUCE SPEED TO AVOID CRASH,2,1,0.0,0.0,0.0,0.0,0.0,2.0,15,3,5,05/28/2024,2024-05-28,15:30:00
07/03/2024 03:20:00 PM,5.0,2,1,4,6,1,3,3,0,1,3,FOLLOWING TOO CLOSELY,2,1,0.0,0.0,0.0,0.0,0.0,2.0,15,4,7,07/03/2024,2024-07-03,15:20:00
08/05/2024 11:45:00 AM,7.0,2,1,6,5,1,3,3,0,1,3,FOLLOWING TOO CLOSELY,2,1,0.0,0.0,0.0,0.0,0.0,2.0,11,2,8,08/05/2024,2024-08-05,11:45:00
06/21/2024 08:30:00 AM,5.0,2,1,3,5,1,3,3,0,1,3,FAILING TO YIELD RIGHT-OF-WAY,2,1,0.0,0.0,0.0,0.0,0.0,2.0,8,6,6,06/21/2024,2024-06-21,08:30:00
07/08/2024 10:50:00 AM,5.0,2,1,6,3,1,3,3,0,1,2,IMPROPER TURNING/NO SIGNAL,2,1,0.0,0.0,0.0,0.0,0.0,2.0,10,2,7,07/08/2024,2024-07-08,10:50:00
02/16/2024 08:00:00 PM,5.0,2,4,4,4,1,3,3,0,1,3,UNABLE TO DETERMINE,2,1,0.0,0.0,0.0,0.0,0.0,3.0,20,6,2,02/16/2024,2024-02-16,20:00:00
01/13/2024 02:16:00 PM,7.0,5,1,4,5,1,4,3,0,1,3,FAILING TO YIELD RIGHT-OF-WAY,2,1,0.0,0.0,0.0,0.0,0.0,3.0,14,7,1,01/13/2024,2024-01-13,14:16:00
02/14/2024 08:42:00 AM,5.0,2,1,14,5,1,3,3,1,1,3,FAILING TO YIELD RIGHT-OF-WAY,2,3,1.0,0.0,0.0,1.0,0.0,2.0,8,4,2,02/14/2024,2024-02-14,08:42:00
05/17/2024 02:13:00 PM,5.0,2,1,6,14,1,3,3,1,1,3,UNABLE TO DETERMINE,2,1,0.0,0.0,0.0,0.0,0.0,2.0,14,6,5,05/17/2024,2024-05-17,14:13:00
04/07/2024 11:53:00 AM,7.0,4,1,10,6,1,4,3,0,1,1,FOLLOWING TOO CLOSELY,2,1,0.0,0.0,0.0,0.0,0.0,2.0,11,1,4,04/07/2024,2024-04-07,11:53:00
07/16/2024 09:15:00 AM,5.0,2,1,5,5,1,3,3,1,1,3,FAILING TO YIELD RIGHT-OF-WAY,2,2,1.0,0.0,0.0,0.0,1.0,2.0,9,3,7,07/16/2024,2024-07-16,09:15:00
05/16/2024 09:19:00 AM,5.0,2,1,6,5,1,3,3,1,1,3,UNABLE TO DETERMINE,2,1,0.0,0.0,0.0,0.0,0.0,2.0,9,5,5,05/16/2024,2024-05-16,09:19:00
03/04/2024 07:20:00 PM,5.0,2,4,6,5,1,3,3,1,1,3,FAILING TO YIELD RIGHT-OF-WAY,2,1,0.0,0.0,0.0,0.0,0.0,2.0,19,2,3,03/04/2024,2024-03-04,19:20:00
07/10/2024 04:47:00 PM,7.0,2,1,5,5,1,3,3,0,1,2,DISREGARDING STOP SIGN,2,1,0.0,0.0,0.0,0.0,0.0,3.0,16,4,7,07/10/2024,2024-07-10,16:47:00
01/16/2024 09:39:00 AM,5.0,2,1,4,9,1,3,3,0,1,2,FOLLOWING TOO CLOSELY,2,1,0.0,0.0,0.0,0.0,0.0,2.0,9,3,1,01/16/2024,2024-01-16,09:39:00
06/01/2024 04:30:00 PM,5.0,4,1,6,5,2,4,3,0,1,3,IMPROPER LANE USAGE,2,1,0.0,0.0,0.0,0.0,0.0,5.0,16,7,6,06/01/2024,2024-06-01,16:30:00
05/29/2024 07:30:00 AM,5.0,2,1,3,6,1,3,3,0,1,3,IMPROPER OVERTAKING/PASSING,2,1,0.0,0.0,0.0,0.0,0.0,3.0,7,4,5,05/29/2024,2024-05-29,07:30:00
05/31/2024 05:02:00 PM,7.0,2,1,3,6,1,3,3,1,1,3,FAILING TO YIELD RIGHT-OF-WAY,2,1,0.0,0.0,0.0,0.0,0.0,3.0,17,6,5,05/31/2024,2024-05-31,17:02:00
07/12/2024 07:30:00 PM,5.0,2,1,14,9,1,3,3,1,1,3,DISREGARDING TRAFFIC SIGNALS,2,3,1.0,0.0,0.0,1.0,0.0,1.0,19,6,7,07/12/2024,2024-07-12,19:30:00
06/16/2024 06:10:00 PM,5.0,2,1,3,6,1,3,3,0,1,2,NOT APPLICABLE,2,1,0.0,0.0,0.0,0.0,0.0,2.0,18,1,6,06/16/2024,2024-06-16,18:10:00
07/05/2024 01:06:00 PM,5.0,2,1,14,6,1,3,3,1,1,1,DRIVING SKILLS/KNOWLEDGE/EXPERIENCE,2,3,1.0,0.0,0.0,1.0,0.0,1.0,13,6,7,07/05/2024,2024-07-05,13:06:00
01/21/2024 03:43:00 AM,5.0,2,4,6,7,1,3,3,1,1,3,IMPROPER LANE USAGE,2,3,2.0,0.0,0.0,2.0,0.0,0.0,3,1,1,01/21/2024,2024-01-21,03:43:00
05/24/2024 08:40:00 PM,3.0,1,4,6,2,1,4,1,1,0,3,IMPROPER TURNING/NO SIGNAL,2,2,1.0,0.0,0.0,0.0,1.0,1.0,20,6,5,05/24/2024,2024-05-24,20:40:00
03/05/2024 07:56:00 AM,5.0,3,1,6,5,1,4,3,1,1,3,UNABLE TO DETERMINE,2,3,1.0,0.0,0.0,1.0,0.0,2.0,7,3,3,03/05/2024,2024-03-05,07:56:00
02/17/2024 11:55:00 AM,7.0,2,1,5,6,1,3,3,0,1,3,UNABLE TO DETERMINE,2,1,0.0,0.0,0.0,0.0,0.0,2.0,11,7,2,02/17/2024,2024-02-17,11:55:00
01/23/2024 07:02:00 AM,3.0,7,1,3,6,1,4,1,0,1,1,IMPROPER LANE USAGE,2,1,0.0,0.0,0.0,0.0,0.0,2.0,7,3,1,01/23/2024,2024-01-23,07:02:00
05/29/2024 05:54:00 PM,5.0,2,1,6,5,1,3,3,0,1,3,IMPROPER TURNING/NO SIGNAL,2,1,0.0,0.0,0.0,0.0,0.0,2.0,17,4,5,05/29/2024,2024-05-29,17:54:00
04/06/2024 07:30:00 PM,5.0,2,4,3,6,1,3,3,0,1,3,UNABLE TO DETERMINE,2,1,0.0,0.0,0.0,0.0,0.0,2.0,19,7,4,04/06/2024,2024-04-06,19:30:00
06/05/2024 08:45:00 AM,5.0,2,1,4,5,1,3,1,0,1,3,FOLLOWING TOO CLOSELY,2,1,0.0,0.0,0.0,0.0,0.0,2.0,8,4,6,06/05/2024,2024-06-05,08:45:00
06/30/2024 01:00:00 PM,3.0,2,1,6,17,2,3,3,0,0,3,FAILING TO YIELD RIGHT-OF-WAY,2,1,0.0,0.0,0.0,0.0,0.0,5.0,13,1,6,06/30/2024,2024-06-30,13:00:00
08/09/2024 02:35:00 PM,7.0,2,1,13,6,1,3,1,1,1,1,UNABLE TO DETERMINE,2,3,1.0,0.0,0.0,1.0,0.0,1.0,14,6,8,08/09/2024,2024-08-09,14:35:00
08/02/2024 05:34:00 AM,5.0,2,1,6,1,1,3,1,0,1,3,IMPROPER TURNING/NO SIGNAL,2,1,0.0,0.0,0.0,0.0,0.0,2.0,5,6,8,08/02/2024,2024-08-02,05:34:00
06/13/2024 10:22:00 PM,5.0,2,4,4,3,1,3,3,0,1,3,UNABLE TO DETERMINE,2,1,0.0,0.0,0.0,0.0,0.0,2.0,22,5,6,06/13/2024,2024-06-13,22:22:00
02/01/2024 11:55:00 AM,5.0,2,1,5,13,1,3,3,1,1,3,FAILING TO YIELD RIGHT-OF-WAY,2,1,0.0,0.0,0.0,0.0,0.0,3.0,11,5,2,02/01/2024,2024-02-01,11:55:00
03/16/2024 01:30:00 PM,5.0,2,1,4,7,1,1,1,0,1,3,UNABLE TO DETERMINE,2,1,0.0,0.0,0.0,0.0,0.0,3.0,13,7,3,03/16/2024,2024-03-16,13:30:00
01/16/2024 05:00:00 PM,5.0,2,4,6,4,1,5,3,0,1,3,IMPROPER TURNING/NO SIGNAL,2,1,0.0,0.0,0.0,0.0,0.0,2.0,17,3,1,01/16/2024,2024-01-16,17:00:00
03/18/2024 08:55:00 AM,4.0,2,1,10,3,1,3,3,0,1,2,DRIVING ON WRONG SIDE/WRONG WAY,2,1,0.0,0.0,0.0,0.0,0.0,3.0,8,2,3,03/18/2024,2024-03-18,08:55:00
01/18/2024 04:28:00 AM,5.0,5,4,4,6,1,5,1,0,1,3,DRIVING SKILLS/KNOWLEDGE/EXPERIENCE,2,1,0.0,0.0,0.0,0.0,0.0,4.0,4,5,1,01/18/2024,2024-01-18,04:28:00
07/28/2024 03:51:00 PM,5.0,4,1,6,12,1,4,3,1,1,3,FAILING TO YIELD RIGHT-OF-WAY,2,2,2.0,0.0,0.0,0.0,2.0,1.0,15,1,7,07/28/2024,2024-07-28,15:51:00
06/21/2024 03:55:00 PM,7.0,2,1,5,5,1,3,3,1,1,3,"VISION OBSCURED (SIGNS, TREE LIMBS, BUILDINGS, ETC.)",2,1,0.0,0.0,0.0,0.0,0.0,2.0,15,6,6,06/21/2024,2024-06-21,15:55:00
04/04/2024 10:20:00 AM,5.0,7,1,14,10,1,4,1,0,1,1,DISREGARDING TRAFFIC SIGNALS,2,1,0.0,0.0,0.0,0.0,0.0,2.0,10,5,4,04/04/2024,2024-04-04,10:20:00
02/08/2024 12:50:00 PM,5.0,2,1,4,5,1,3,2,0,1,3,FOLLOWING TOO CLOSELY,2,1,0.0,0.0,0.0,0.0,0.0,2.0,12,5,2,02/08/2024,2024-02-08,12:50:00
05/19/2024 12:50:00 PM,7.0,2,1,5,6,1,3,3,1,1,3,DRIVING SKILLS/KNOWLEDGE/EXPERIENCE,2,2,1.0,0.0,0.0,0.0,1.0,2.0,12,1,5,05/19/2024,2024-05-19,12:50:00
04/15/2024 08:19:00 AM,5.0,2,1,5,7,1,3,3,1,1,3,DISREGARDING TRAFFIC SIGNALS,2,1,0.0,0.0,0.0,0.0,0.0,2.0,8,2,4,04/15/2024,2024-04-15,08:19:00
03/15/2024 11:59:00 PM,5.0,2,4,4,6,1,3,3,1,1,3,FAILING TO YIELD RIGHT-OF-WAY,2,1,0.0,0.0,0.0,0.0,0.0,2.0,23,6,3,03/15/2024,2024-03-15,23:59:00
02/08/2024 06:15:00 PM,7.0,2,1,3,6,1,1,1,0,1,3,UNABLE TO DETERMINE,2,1,0.0,0.0,0.0,0.0,0.0,2.0,18,5,2,02/08/2024,2024-02-08,18:15:00
05/28/2024 03:05:00 PM,3.0,2,1,4,6,1,4,3,1,0,3,FOLLOWING TOO CLOSELY,2,1,0.0,0.0,0.0,0.0,0.0,2.0,15,3,5,05/28/2024,2024-05-28,15:05:00
05/20/2024 02:11:00 PM,5.0,3,1,5,7,1,3,3,1,1,3,FAILING TO REDUCE SPEED TO AVOID CRASH,2,2,1.0,0.0,0.0,0.0,1.0,1.0,14,2,5,05/20/2024,2024-05-20,14:11:00
03/08/2024 08:48:00 AM,7.0,4,1,5,5,1,4,3,0,1,3,FAILING TO YIELD RIGHT-OF-WAY,2,1,0.0,0.0,0.0,0.0,0.0,3.0,8,6,3,03/08/2024,2024-03-08,08:48:00
01/26/2024 05:15:00 PM,5.0,2,1,13,6,1,3,3,1,1,1,FAILING TO YIELD RIGHT-OF-WAY,2,2,1.0,0.0,0.0,0.0,1.0,1.0,17,6,1,01/26/2024,2024-01-26,17:15:00
07/12/2024 04:12:00 PM,5.0,2,1,14,9,1,3,3,1,1,2,FAILING TO YIELD RIGHT-OF-WAY,2,3,1.0,0.0,0.0,1.0,0.0,1.0,16,6,7,07/12/2024,2024-07-12,16:12:00
06/08/2024 10:45:00 PM,5.0,2,4,5,5,1,3,3,0,1,3,DISREGARDING TRAFFIC SIGNALS,2,1,0.0,0.0,0.0,0.0,0.0,2.0,22,7,6,06/08/2024,2024-06-08,22:45:00
04/11/2024 10:00:00 AM,5.0,4,1,4,7,1,4,3,0,1,1,WEATHER,2,1,0.0,0.0,0.0,0.0,0.0,2.0,10,5,4,04/11/2024,2024-04-11,10:00:00
01/12/2024 08:20:00 AM,5.0,2,1,4,6,1,5,3,0,1,3,WEATHER,2,1,0.0,0.0,0.0,0.0,0.0,2.0,8,6,1,01/12/2024,2024-01-12,08:20:00
07/15/2024 09:30:00 PM,1.0,4,1,11,1,1,4,1,0,1,1,UNABLE TO DETERMINE,2,1,0.0,0.0,0.0,0.0,0.0,1.0,21,2,7,07/15/2024,2024-07-15,21:30:00
07/07/2024 02:20:00 PM,5.0,3,1,5,4,1,3,3,1,1,3,UNABLE TO DETERMINE,2,2,1.0,0.0,0.0,0.0,1.0,1.0,14,1,7,07/07/2024,2024-07-07,14:20:00
01/20/2024 09:37:00 PM,5.0,2,4,4,4,1,5,3,0,1,3,FOLLOWING TOO CLOSELY,2,1,0.0,0.0,0.0,0.0,0.0,2.0,21,7,1,01/20/2024,2024-01-20,21:37:00
05/20/2024 07:30:00 AM,6.0,2,1,6,5,1,3,3,0,1,3,FOLLOWING TOO CLOSELY,2,1,0.0,0.0,0.0,0.0,0.0,2.0,7,2,5,05/20/2024,2024-05-20,07:30:00
07/10/2024 04:55:00 PM,5.0,2,1,3,4,1,3,3,0,1,3,IMPROPER OVERTAKING/PASSING,2,1,0.0,0.0,0.0,0.0,0.0,2.0,16,4,7,07/10/2024,2024-07-10,16:55:00
05/08/2024 08:30:00 AM,7.0,2,1,6,5,1,1,1,0,1,3,UNABLE TO DETERMINE,2,1,0.0,0.0,0.0,0.0,0.0,2.0,8,4,5,05/08/2024,2024-05-08,08:30:00
08/02/2024 06:00:00 PM,5.0,2,1,4,6,1,3,3,0,1,3,FAILING TO REDUCE SPEED TO AVOID CRASH,2,1,0.0,0.0,0.0,0.0,0.0,2.0,18,6,8,08/02/2024,2024-08-02,18:00:00
06/26/2024 06:07:00 PM,3.0,2,1,4,5,1,3,1,0,1,2,UNABLE TO DETERMINE,2,1,0.0,0.0,0.0,0.0,0.0,2.0,18,4,6,06/26/2024,2024-06-26,18:07:00
07/21/2024 10:35:00 AM,5.0,2,1,4,5,1,1,1,0,1,3,FOLLOWING TOO CLOSELY,2,1,0.0,0.0,0.0,0.0,0.0,2.0,10,1,7,07/21/2024,2024-07-21,10:35:00
07/08/2024 09:15:00 AM,3.0,2,1,14,10,1,3,3,1,0,1,FAILING TO YIELD RIGHT-OF-WAY,2,3,1.0,0.0,0.0,1.0,0.0,1.0,9,2,7,07/08/2024,2024-07-08,09:15:00
08/03/2024 05:30:00 PM,5.0,2,1,6,6,1,3,3,0,1,2,UNABLE TO DETERMINE,2,1,0.0,0.0,0.0,0.0,0.0,4.0,17,7,8,08/03/2024,2024-08-03,17:30:00
05/18/2024 08:39:00 PM,5.0,2,4,4,3,1,3,3,0,1,2,UNABLE TO DETERMINE,2,1,0.0,0.0,0.0,0.0,0.0,4.0,20,7,5,05/18/2024,2024-05-18,20:39:00
02/21/2024 07:30:00 AM,5.0,2,1,6,5,1,3,3,0,1,2,UNABLE TO DETERMINE,2,1,0.0,0.0,0.0,0.0,0.0,2.0,7,4,2,02/21/2024,2024-02-21,07:30:00
02/10/2024 05:53:00 PM,5.0,2,5,6,4,1,3,3,1,0,3,DISREGARDING TRAFFIC SIGNALS,2,1,0.0,0.0,0.0,0.0,0.0,4.0,17,7,2,02/10/2024,2024-02-10,17:53:00
03/20/2024 08:03:00 AM,5.0,2,1,6,4,1,3,3,0,1,3,UNABLE TO DETERMINE,2,1,0.0,0.0,0.0,0.0,0.0,2.0,8,4,3,03/20/2024,2024-03-20,08:03:00