crash_date,traffic_control_device,weather_condition,lighting_condition,first_crash_type,trafficway_type,alignment,roadway_surface_cond,road_defect,crash_type,intersection_related_i,damage,prim_contributory_cause,num_units,most_severe_injury,injuries_total,injuries_fatal,injuries_incapacitating,injuries_non_incapacitating,injuries_reported_not_evident,injuries_no_indication,crash_hour,crash_day_of_week,crash_month,parsed_datetime,date,time
07/03/2024 01:15:00 PM,5.0,2,1,4,5,1,3,3,0,1,3,FOLLOWING TOO CLOSELY,2,1,0.0,0.0,0.0,0.0,0.0,2.0,13,4,7,07/03/2024,2024-07-03,13:15:00
08/02/2024 12:00:00 PM,3.0,2,1,5,4,1,3,1,0,1,3,UNABLE TO DETERMINE,2,1,0.0,0.0,0.0,0.0,0.0,2.0,12,6,8,08/02/2024,2024-08-02,12:00:00
04/27/2024 12:05:00 AM,7.0,4,4,4,7,2,4,1,0,1,3,FAILING TO REDUCE SPEED TO AVOID CRASH,2,1,0.0,0.0,0.0,0.0,0.0,3.0,0,7,4,04/27/2024,2024-04-27,00:05:00
07/18/2024 05:55:00 PM,5.0,2,1,9,5,1,3,3,1,1,3,UNABLE TO DETERMINE,2,3,2.0,0.0,0.0,1.0,1.0,0.0,17,5,7,07/18/2024,2024-07-18,17:55:00
02/24/2024 07:38:00 PM,5.0,2,4,6,5,1,3,3,1,1,3,UNABLE TO DETERMINE,2,1,0.0,0.0,0.0,0.0,0.0,5.0,19,7,2,02/24/2024,2024-02-24,19:38:00
03/10/2024 07:00:00 AM,3.0,2,1,11,17,1,3,3,0,0,3,UNABLE TO DETERMINE,2,1,0.0,0.0,0.0,0.0,0.0,1.0,7,1,3,03/10/2024,2024-03-10,07:00:00
02/23/2024 08:02:00 AM,5.0,2,1,10,5,1,3,3,1,1,3,FAILING TO YIELD RIGHT-OF-WAY,2,1,0.0,0.0,0.0,0.0,0.0,2.0,8,6,2,02/23/2024,2024-02-23,08:02:00
04/19/2024 05:10:00 PM,3.0,2,1,14,7,1,3,3,1,1,3,FAILING TO YIELD RIGHT-OF-WAY,2,3,1.0,0.0,0.0,1.0,0.0,1.0,17,6,4,04/19/2024,2024-04-19,17:10:00
01/04/2024 01:00:00 PM,7.0,2,1,7,10,1,3,3,1,1,3,UNABLE TO DETERMINE,2,1,0.0,0.0,0.0,0.0,0.0,3.0,13,5,1,01/04/2024,2024-01-04,13:00:00
06/22/2024 12:55:00 PM,5.0,2,1,13,5,1,3,3,0,1,3,FAILING TO REDUCE SPEED TO AVOID CRASH,2,1,0.0,0.0,0.0,0.0,0.0,2.0,12,7,6,06/22/2024,2024-06-22,12:55:00
01/29/2024 05:10:00 PM,5.0,2,1,4,4,1,3,1,0,1,3,UNABLE TO DETERMINE,2,1,0.0,0.0,0.0,0.0,0.0,3.0,17,2,1,01/29/2024,2024-01-29,17:10:00
07/29/2024 10:57:00 AM,7.0,4,1,13,5,1,4,3,1,1,1,NOT APPLICABLE,2,3,1.0,0.0,0.0,1.0,0.0,1.0,10,2,7,07/29/2024,2024-07-29,10:57:00
04/05/2024 09:10:00 AM,5.0,2,1,6,7,1,3,3,0,1,3,NOT APPLICABLE,2,1,0.0,0.0,0.0,0.0,0.0,2.0,9,6,4,04/05/2024,2024-04-05,09:10:00
05/29/2024 05:30:00 PM,3.0,2,1,5,5,1,3,3,0,1,3,FAILING TO YIELD RIGHT-OF-WAY,2,1,0.0,0.0,0.0,0.0,0.0,2.0,17,4,5,05/29/2024,2024-05-29,17:30:00
03/01/2024 06:30:00 PM,7.0,2,2,6,5,1,1,1,0,1,2,UNABLE TO DETERMINE,2,1,0.0,0.0,0.0,0.0,0.0,2.0,18,6,3,03/01/2024,2024-03-01,18:30:00
02/23/2024 01:10:00 PM,1.0,2,1,6,6,1,1,1,0,1,2,UNABLE TO DETERMINE,2,1,0.0,0.0,0.0,0.0,0.0,2.0,13,6,2,02/23/2024,2024-02-23,13:10:00
03/11/2024 12:35:00 PM,5.0,2,1,5,6,1,3,3,0,1,3,FAILING TO YIELD RIGHT-OF-WAY,2,1,0.0,0.0,0.0,0.0,0.0,2.0,12,2,3,03/11/2024,2024-03-11,12:35:00
04/20/2024 09:20:00 PM,5.0,2,4,6,4,1,3,3,1,1,3,UNABLE TO DETERMINE,2,2,1.0,0.0,0.0,0.0,1.0,2.0,21,7,4,04/20/2024,2024-04-20,21:20:00
03/13/2024 03:57:00 PM,5.0,2,1,3,5,1,3,3,0,1,1,RELATED TO BUS STOP,2,1,0.0,0.0,0.0,0.0,0.0,2.0,15,4,3,03/13/2024,2024-03-13,15:57:00
01/23/2024 11:05:00 AM,7.0,7,1,4,10,1,6,3,0,1,1,WEATHER,2,1,0.0,0.0,0.0,0.0,0.0,2.0,11,3,1,01/23/2024,2024-01-23,11:05:00
02/29/2024 10:00:00 AM,5.0,2,1,3,6,1,3,3,0,1,2,FAILING TO YIELD RIGHT-OF-WAY,2,1,0.0,0.0,0.0,0.0,0.0,3.0,10,5,2,02/29/2024,2024-02-29,10:00:00
05/18/2024 10:00:00 AM,7.0,2,1,11,10,1,3,1,1,1,3,DRIVING SKILLS/KNOWLEDGE/EXPERIENCE,2,1,0.0,0.0,0.0,0.0,0.0,1.0,10,7,5,05/18/2024,2024-05-18,10:00:00
07/06/2024 11:54:00 PM,5.0,2,5,5,5,1,3,1,1,1,3,UNABLE TO DETERMINE,2,4,2.0,0.0,1.0,0.0,1.0,0.0,23,7,7,07/06/2024,2024-07-06,23:54:00
05/04/2024 12:00:00 PM,5.0,2,1,5,5,1,3,3,0,1,3,FAILING TO YIELD RIGHT-OF-WAY,2,1,0.0,0.0,0.0,0.0,0.0,2.0,12,7,5,05/04/2024,2024-05-04,12:00:00
06/12/2024 09:30:00 PM,7.0,2,4,14,7,1,3,3,1,1,1,FAILING TO YIELD RIGHT-OF-WAY,2,3,1.0,0.0,0.0,1.0,0.0,1.0,21,4,6,06/12/2024,2024-06-12,21:30:00
02/02/2024 01:30:00 PM,5.0,2,1,6,7,1,3,3,0,1,3,DISREGARDING TRAFFIC SIGNALS,2,1,0.0,0.0,0.0,0.0,0.0,2.0,13,6,2,02/02/2024,2024-02-02,13:30:00
05/18/2024 07:18:00 PM,3.0,2,1,8,5,1,3,3,0,1,1,UNABLE TO DETERMINE,2,1,0.0,0.0,0.0,0.0,0.0,3.0,19,7,5,05/18/2024,2024-05-18,19:18:00
05/16/2024 02:20:00 PM,5.0,2,1,3,5,1,3,3,0,1,3,UNABLE TO DETERMINE,2,1,0.0,0.0,0.0,0.0,0.0,2.0,14,5,5,05/16/2024,2024-05-16,14:20:00
06/22/2024 10:45:00 AM,7.0,2,1,6,5,1,3,3,0,1,3,UNABLE TO DETERMINE,2,1,0.0,0.0,0.0,0.0,0.0,2.0,10,7,6,06/22/2024,2024-06-22,10:45:00
05/12/2024 11:50:00 AM,5.0,2,4,5,5,1,1,1,1,1,3,UNABLE TO DETERMINE,2,3,1.0,0.0,0.0,1.0,0.0,1.0,11,1,5,05/12/2024,2024-05-12,11:50:00
06/13/2024 08:56:00 AM,5.0,4,1,4,3,1,4,3,1,1,2,FOLLOWING TOO CLOSELY,2,3,2.0,0.0,0.0,2.0,0.0,1.0,8,5,6,06/13/2024,2024-06-13,08:56:00
07/18/2024 05:30:00 AM,5.0,2,2,6,6,1,3,3,1,1,3,UNABLE TO DETERMINE,2,1,0.0,0.0,0.0,0.0,0.0,2.0,5,5,7,07/18/2024,2024-07-18,05:30:00
05/01/2024 08:29:00 AM,5.0,2,1,6,5,1,3,3,1,1,3,IMPROPER TURNING/NO SIGNAL,2,2,1.0,0.0,0.0,0.0,1.0,1.0,8,4,5,05/01/2024,2024-05-01,08:29:00
05/20/2024 03:15:00 PM,3.0,2,1,13,5,1,1,1,1,1,2,UNABLE TO DETERMINE,2,3,1.0,0.0,0.0,1.0,0.0,1.0,15,2,5,05/20/2024,2024-05-20,15:15:00
02/16/2024 04:40:00 PM,5.0,2,1,3,1,1,3,3,0,0,2,IMPROPER OVERTAKING/PASSING,2,1,0.0,0.0,0.0,0.0,0.0,3.0,16,6,2,02/16/2024,2024-02-16,16:40:00
07/15/2024 10:48:00 AM,5.0,2,1,4,6,1,3,3,0,0,2,FOLLOWING TOO CLOSELY,2,1,0.0,0.0,0.0,0.0,0.0,2.0,10,2,7,07/15/2024,2024-07-15,10:48:00
04/02/2024 07:55:00 AM,7.0,4,1,5,5,1,4,3,1,1,2,"VISION OBSCURED (SIGNS, TREE LIMBS, BUILDINGS, ETC.)",2,2,1.0,0.0,0.0,0.0,1.0,2.0,7,3,4,04/02/2024,2024-04-02,07:55:00
05/16/2024 02:30:00 PM,3.0,4,1,6,14,1,4,3,0,1,1,UNABLE TO DETERMINE,2,1,0.0,0.0,0.0,0.0,0.0,2.0,14,5,5,05/16/2024,2024-05-16,14:30:00
03/18/2024 03:30:00 PM,5.0,2,1,3,5,1,3,3,0,1,1,IMPROPER OVERTAKING/PASSING,2,1,0.0,0.0,0.0,0.0,0.0,2.0,15,2,3,03/18/2024,2024-03-18,15:30:00
05/09/2024 07:00:00 PM,5.0,3,1,5,14,1,4,3,0,1,2,FAILING TO YIELD RIGHT-OF-WAY,2,1,0.0,0.0,0.0,0.0,0.0,2.0,19,5,5,05/09/2024,2024-05-09,19:00:00
07/13/2024 07:30:00 PM,5.0,2,1,5,5,1,3,3,1,1,3,DISREGARDING TRAFFIC SIGNALS,2,1,0.0,0.0,0.0,0.0,0.0,3.0,19,7,7,07/13/2024,2024-07-13,19:30:00
05/11/2024 05:30:00 PM,5.0,2,1,4,10,1,3,1,0,1,3,UNABLE TO DETERMINE,2,1,0.0,0.0,0.0,0.0,0.0,2.0,17,7,5,05/11/2024,2024-05-11,17:30:00
08/13/2024 11:57:00 AM,5.0,2,1,6,4,1,3,3,0,1,2,FOLLOWING TOO CLOSELY,2,1,0.0,0.0,0.0,0.0,0.0,2.0,11,3,8,08/13/2024,2024-08-13,11:57:00
04/15/2024 04:24:00 PM,5.0,2,1,6,16,1,3,3,0,1,3,FOLLOWING TOO CLOSELY,2,1,0.0,0.0,0.0,0.0,0.0,2.0,16,2,4,04/15/2024,2024-04-15,16:24:00
03/24/2024 10:42:00 AM,7.0,2,1,5,5,1,3,3,1,1,3,DISTRACTION - FROM OUTSIDE VEHICLE,2,1,0.0,0.0,0.0,0.0,0.0,4.0,10,1,3,03/24/2024,2024-03-24,10:42:00
01/01/2024 02:17:00 AM,7.0,5,4,5,6,1,4,1,1,1,3,DISREGARDING OTHER TRAFFIC SIGNS,2,3,1.0,0.0,0.0,1.0,0.0,1.0,2,2,1,01/01/2024,2024-01-01,02:17:00
06/02/2024 01:30:00 AM,7.0,2,4,5,5,1,4,3,1,1,3,DISREGARDING STOP SIGN,2,3,2.0,0.0,0.0,2.0,0.0,1.0,1,1,6,06/02/2024,2024-06-02,01:30:00
06/08/2024 11:55:00 AM,7.0,2,1,5,5,1,3,3,1,1,3,DRIVING SKILLS/KNOWLEDGE/EXPERIENCE,2,1,0.0,0.0,0.0,0.0,0.0,4.0,11,7,6,06/08/2024,2024-06-08,11:55:00
05/08/2024 06:30:00 PM,7.0,2,1,8,5,1,3,3,0,1,2,IMPROPER BACKING,2,1,0.0,0.0,0.0,0.0,0.0,2.0,18,4,5,05/08/2024,2024-05-08,18:30:00
03/28/2024 01:35:00 AM,3.0,2,4,11,16,1,3,1,0,0,3,IMPROPER BACKING,2,1,0.0,0.0,0.0,0.0,0.0,1.0,1,5,3,03/28/2024,2024-03-28,01:35:00
06/06/2024 11:26:00 PM,5.0,2,4,5,6,1,3,1,1,1,3,DISREGARDING TRAFFIC SIGNALS,2,4,1.0,0.0,1.0,0.0,0.0,1.0,23,5,6,06/06/2024,2024-06-06,23:26:00
03/16/2024 10:00:00 AM,5.0,2,1,6,10,1,3,3,0,1,3,UNABLE TO DETERMINE,2,1,0.0,0.0,0.0,0.0,0.0,2.0,10,7,3,03/16/2024,2024-03-16,10:00:00
02/03/2024 10:20:00 AM,5.0,2,1,4,6,1,3,3,0,1,2,FOLLOWING TOO CLOSELY,2,1,0.0,0.0,0.0,0.0,0.0,2.0,10,7,2,02/03/2024,2024-02-03,10:20:00
06/20/2024 12:40:00 AM,5.0,2,4,6,7,1,3,3,1,1,3,DISREGARDING TRAFFIC SIGNALS,2,1,0.0,0.0,0.0,0.0,0.0,2.0,0,5,6,06/20/2024,2024-06-20,00:40:00
05/05/2024 01:00:00 PM,5.0,2,1,4,6,1,3,3,0,0,1,UNABLE TO DETERMINE,2,1,0.0,0.0,0.0,0.0,0.0,2.0,13,1,5,05/05/2024,2024-05-05,13:00:00
06/01/2024 01:44:00 PM,5.0,4,1,5,5,1,4,1,1,1,3,UNABLE TO DETERMINE,2,3,1.0,0.0,0.0,1.0,0.0,1.0,13,7,6,06/01/2024,2024-06-01,13:44:00
06/27/2024 11:35:00 PM,5.0,2,5,6,5,1,3,3,0,1,3,IMPROPER OVERTAKING/PASSING,2,1,0.0,0.0,0.0,0.0,0.0,3.0,23,5,6,06/27/2024,2024-06-27,23:35:00
07/30/2024 06:10:00 AM,5.0,2,2,6,6,1,3,3,0,1,2,FAILING TO YIELD RIGHT-OF-WAY,2,1,0.0,0.0,0.0,0.0,0.0,2.0,6,3,7,07/30/2024,2024-07-30,06:10:00
04/24/2024 08:15:00 AM,3.0,2,1,3,6,1,3,3,0,1,3,FAILING TO YIELD RIGHT-OF-WAY,2,1,0.0,0.0,0.0,0.0,0.0,2.0,8,4,4,04/24/2024,2024-04-24,08:15:00
07/21/2024 10:20:00 PM,5.0,2,1,4,5,1,1,1,0,1,3,UNABLE TO DETERMINE,2,1,0.0,0.0,0.0,0.0,0.0,3.0,22,1,7,07/21/2024,2024-07-21,22:20:00
02/23/2024 06:48:00 PM,5.0,5,3,4,4,1,4,1,0,1,3,FOLLOWING TOO CLOSELY,2,1,0.0,0.0,0.0,0.0,0.0,4.0,18,6,2,02/23/2024,2024-02-23,18:48:00
02/07/2024 06:52:00 AM,7.0,2,1,5,6,1,3,3,1,1,3,FAILING TO YIELD RIGHT-OF-WAY,2,3,2.0,0.0,0.0,2.0,0.0,2.0,6,4,2,02/07/2024,2024-02-07,06:52:00
06/18/2024 02:42:00 PM,7.0,2,1,5,5,1,3,3,1,1,3,FAILING TO YIELD RIGHT-OF-WAY,2,1,0.0,0.0,0.0,0.0,0.0,2.0,14,3,6,06/18/2024,2024-06-18,14:42:00
04/05/2024 08:17:00 PM,7.0,2,4,5,5,1,3,3,1,1,3,FAILING TO YIELD RIGHT-OF-WAY,2,3,2.0,0.0,0.0,2.0,0.0,1.0,20,6,4,04/05/2024,2024-04-05,20:17:00
06/28/2024 11:55:00 PM,7.0,4,4,13,6,1,4,3,1,1,1,DISREGARDING STOP SIGN,2,3,1.0,0.0,0.0,1.0,0.0,1.0,23,6,6,06/28/2024,2024-06-28,23:55:00
05/07/2024 04:14:00 AM,5.0,2,4,5,12,1,3,3,1,1,3,DISREGARDING TRAFFIC SIGNALS,2,3,2.0,0.0,0.0,2.0,0.0,1.0,4,3,5,05/07/2024,2024-05-07,04:14:00
05/06/2024 03:57:00 PM,7.0,2,1,5,6,1,3,3,1,1,2,FAILING TO YIELD RIGHT-OF-WAY,2,1,0.0,0.0,0.0,0.0,0.0,2.0,15,2,5,05/06/2024,2024-05-06,15:57:00
05/24/2024 05:30:00 PM,5.0,2,1,4,5,1,3,3,0,1,1,UNABLE TO DETERMINE,2,1,0.0,0.0,0.0,0.0,0.0,2.0,17,6,5,05/24/2024,2024-05-24,17:30:00
02/26/2024 09:12:00 AM,7.0,2,1,11,6,1,3,3,1,1,3,OBSTRUCTED CROSSWALKS,2,1,0.0,0.0,0.0,0.0,0.0,1.0,9,2,2,02/26/2024,2024-02-26,09:12:00
08/03/2024 11:00:00 PM,5.0,2,5,6,5,1,3,3,0,1,3,DISREGARDING TRAFFIC SIGNALS,2,1,0.0,0.0,0.0,0.0,0.0,2.0,23,7,8,08/03/2024,2024-08-03,23:00:00
08/09/2024 01:23:00 PM,5.0,2,1,6,7,1,3,3,0,1,2,FAILING TO YIELD RIGHT-OF-WAY,2,1,0.0,0.0,0.0,0.0,0.0,3.0,13,6,8,08/09/2024,2024-08-09,13:23:00
01/12/2024 11:25:00 AM,5.0,6,1,5,5,1,1,1,0,1,3,UNABLE TO DETERMINE,2,1,0.0,0.0,0.0,0.0,0.0,3.0,11,6,1,01/12/2024,2024-01-12,11:25:00
02/17/2024 01:05:00 PM,5.0,2,1,6,5,1,3,3,0,0,3,TURNING RIGHT ON RED,2,1,0.0,0.0,0.0,0.0,0.0,2.0,13,7,2,02/17/2024,2024-02-17,13:05:00
04/27/2024 05:00:00 AM,5.0,2,2,5,7,1,4,3,1,1,3,FAILING TO REDUCE SPEED TO AVOID CRASH,2,1,0.0,0.0,0.0,0.0,0.0,4.0,5,7,4,04/27/2024,2024-04-27,05:00:00
04/04/2024 03:09:00 PM,5.0,3,4,6,10,1,4,3,1,1,3,IMPROPER LANE USAGE,2,2,1.0,0.0,0.0,0.0,1.0,1.0,15,5,4,04/04/2024,2024-04-04,15:09:00
08/05/2024 08:10:00 AM,3.0,4,1,3,6,1,4,3,0,0,2,FAILING TO YIELD RIGHT-OF-WAY,2,1,0.0,0.0,0.0,0.0,0.0,2.0,8,2,8,08/05/2024,2024-08-05,08:10:00
01/06/2024 11:15:00 AM,7.0,5,1,5,5,1,5,3,0,1,2,UNABLE TO DETERMINE,2,1,0.0,0.0,0.0,0.0,0.0,2.0,11,7,1,01/06/2024,2024-01-06,11:15:00
03/14/2024 07:52:00 PM,5.0,2,4,6,5,1,3,3,1,1,3,FAILING TO YIELD RIGHT-OF-WAY,2,2,1.0,0.0,0.0,0.0,1.0,1.0,19,5,3,03/14/2024,2024-03-14,19:52:00
06/13/2024 05:57:00 PM,5.0,2,1,13,6,1,3,3,1,1,1,"DISTRACTION - OTHER ELECTRONIC DEVICE (NAVIGATION DEVICE, DVD PLAYER, ETC.)",2,3,1.0,0.0,0.0,1.0,0.0,5.0,17,5,6,06/13/2024,2024-06-13,17:57:00
04/09/2024 04:45:00 PM,3.0,2,1,6,7,1,3,3,0,1,3,UNABLE TO DETERMINE,2,1,0.0,0.0,0.0,0.0,0.0,2.0,16,3,4,04/09/2024,2024-04-09,16:45:00
01/23/2024 09:40:00 AM,3.0,7,1,11,7,1,5,3,0,1,3,IMPROPER OVERTAKING/PASSING,2,1,0.0,0.0,0.0,0.0,0.0,1.0,9,3,1,01/23/2024,2024-01-23,09:40:00
06/19/2024 01:02:00 PM,5.0,2,1,5,5,1,3,3,0,1,3,FAILING TO YIELD RIGHT-OF-WAY,2,1,0.0,0.0,0.0,0.0,0.0,4.0,13,4,6,06/19/2024,2024-06-19,13:02:00
01/02/2024 03:01:00 PM,5.0,2,1,6,7,1,1,1,0,1,3,IMPROPER LANE USAGE,2,1,0.0,0.0,0.0,0.0,0.0,2.0,15,3,1,01/02/2024,2024-01-02,15:01:00
04/08/2024 08:16:00 AM,7.0,2,1,5,6,1,3,3,1,1,3,UNABLE TO DETERMINE,2,2,2.0,0.0,0.0,0.0,2.0,0.0,8,2,4,04/08/2024,2024-04-08,08:16:00
06/18/2024 08:46:00 AM,7.0,2,1,4,6,1,3,3,0,1,3,UNABLE TO DETERMINE,2,1,0.0,0.0,0.0,0.0,0.0,2.0,8,3,6,06/18/2024,2024-06-18,08:46:00
07/26/2024 06:43:00 AM,5.0,2,1,10,6,1,3,3,0,1,2,IMPROPER OVERTAKING/PASSING,2,1,0.0,0.0,0.0,0.0,0.0,2.0,6,6,7,07/26/2024,2024-07-26,06:43:00
02/15/2024 08:40:00 AM,5.0,2,1,6,10,1,3,3,0,1,2,IMPROPER OVERTAKING/PASSING,2,1,0.0,0.0,0.0,0.0,0.0,2.0,8,5,2,02/15/2024,2024-02-15,08:40:00
05/07/2024 02:16:00 PM,5.0,4,1,4,4,1,4,3,1,1,2,FAILING TO REDUCE SPEED TO AVOID CRASH,2,2,1.0,0.0,0.0,0.0,1.0,1.0,14,3,5,05/07/2024,2024-05-07,14:16:00
04/29/2024 08:40:00 AM,5.0,2,1,6,4,1,3,3,0,1,1,IMPROPER TURNING/NO SIGNAL,2,1,0.0,0.0,0.0,0.0,0.0,2.0,8,2,4,04/29/2024,2024-04-29,08:40:00
02/27/2024 05:45:00 AM,5.0,2,2,3,5,1,1,3,0,1,2,UNABLE TO DETERMINE,2,1,0.0,0.0,0.0,0.0,0.0,2.0,5,3,2,02/27/2024,2024-02-27,05:45:00
03/15/2024 03:30:00 PM,3.0,2,1,5,5,1,3,3,0,1,3,FAILING TO YIELD RIGHT-OF-WAY,2,1,0.0,0.0,0.0,0.0,0.0,4.0,15,6,3,03/15/2024,2024-03-15,15:30:00
05/30/2024 01:00:00 PM,5.0,2,1,6,6,1,3,1,0,1,3,FAILING TO YIELD RIGHT-OF-WAY,2,1,0.0,0.0,0.0,0.0,0.0,2.0,13,5,5,05/30/2024,2024-05-30,13:00:00
06/25/2024 09:30:00 AM,5.0,2,1,7,5,1,3,3,0,1,3,DISREGARDING TRAFFIC SIGNALS,2,1,0.0,0.0,0.0,0.0,0.0,2.0,9,3,6,06/25/2024,2024-06-25,09:30:00
01/12/2024 06:00:00 AM,5.0,5,1,3,5,1,1,1,0,1,3,UNABLE TO DETERMINE,2,1,0.0,0.0,0.0,0.0,0.0,2.0,6,6,1,01/12/2024,2024-01-12,06:00:00
03/06/2024 06:03:00 PM,7.0,2,4,5,10,1,3,3,1,1,3,DISREGARDING STOP SIGN,2,3,2.0,0.0,0.0,2.0,0.0,2.0,18,4,3,03/06/2024,2024-03-06,18:03:00
06/25/2024 06:05:00 PM,5.0,2,1,6,5,1,3,1,0,1,3,UNABLE TO DETERMINE,2,1,0.0,0.0,0.0,0.0,0.0,5.0,18,3,6,06/25/2024,2024-06-25,18:05:00
04/25/2024 07:55:00 AM,7.0,2,1,5,5,1,3,3,1,1,3,FAILING TO YIELD RIGHT-OF-WAY,2,4,1.0,0.0,1.0,0.0,0.0,1.0,7,5,4,04/25/2024,2024-04-25,07:55:00
02/23/2024 09:05:00 PM,7.0,5,4,4,4,1,5,1,0,1,2,FOLLOWING TOO CLOSELY,2,1,0.0,0.0,0.0,0.0,0.0,2.0,21,6,2,02/23/2024,2024-02-23,21:05:00
02/12/2024 04:37:00 PM,5.0,2,1,6,6,1,3,3,0,1,3,IMPROPER LANE USAGE,2,1,0.0,0.0,0.0,0.0,0.0,3.0,16,2,2,02/12/2024,2024-02-12,16:37:00
05/07/2024 06:22:00 AM,5.0,3,1,4,5,1,3,3,1,1,3,FAILING TO REDUCE SPEED TO AVOID CRASH,2,1,0.0,0.0,0.0,0.0,0.0,4.0,6,3,5,05/07/2024,2024-05-07,06:22:00
01/24/2024 11:30:00 AM,5.0,4,1,5,6,1,4,3,0,1,2,UNABLE TO DETERMINE,2,1,0.0,0.0,0.0,0.0,0.0,2.0,11,4,1,01/24/2024,2024-01-24,11:30:00
06/04/2024 01:15:00 PM,3.0,2,1,3,5,1,3,3,0,1,3,FAILING TO YIELD RIGHT-OF-WAY,2,1,0.0,0.0,0.0,0.0,0.0,2.0,13,3,6,06/04/2024,2024-06-04,13:15:00
01/15/2024 08:00:00 PM,7.0,2,5,5,6,1,3,3,1,1,3,FAILING TO YIELD RIGHT-OF-WAY,2,1,0.0,0.0,0.0,0.0,0.0,4.0,20,2,1,01/15/2024,2024-01-15,20:00:00
03/01/2024 01:20:00 PM,7.0,2,1,6,6,1,3,3,1,1,3,FAILING TO YIELD RIGHT-OF-WAY,2,1,0.0,0.0,0.0,0.0,0.0,2.0,13,6,3,03/01/2024,2024-03-01,13:20:00
02/17/2024 11:01:00 PM,3.0,2,4,6,4,1,3,3,1,0,3,IMPROPER OVERTAKING/PASSING,2,1,0.0,0.0,0.0,0.0,0.0,2.0,23,7,2,02/17/2024,2024-02-17,23:01:00
01/31/2024 11:30:00 AM,5.0,2,1,4,5,1,3,3,0,1,2,FOLLOWING TOO CLOSELY,2,1,0.0,0.0,0.0,0.0,0.0,2.0,11,4,1,01/31/2024,2024-01-31,11:30:00
07/17/2024 07:30:00 PM,7.0,2,1,4,6,1,3,1,0,1,3,FAILING TO YIELD RIGHT-OF-WAY,2,1,0.0,0.0,0.0,0.0,0.0,3.0,19,4,7,07/17/2024,2024-07-17,19:30:00
08/12/2024 10:07:00 AM,5.0,2,1,5,5,1,3,1,1,1,3,FAILING TO YIELD RIGHT-OF-WAY,2,3,2.0,0.0,0.0,2.0,0.0,0.0,10,2,8,08/12/2024,2024-08-12,10:07:00
01/11/2024 10:25:00 AM,7.0,3,1,6,7,1,3,3,0,1,3,FAILING TO YIELD RIGHT-OF-WAY,2,1,0.0,0.0,0.0,0.0,0.0,2.0,10,5,1,01/11/2024,2024-01-11,10:25:00
01/03/2024 11:23:00 AM,5.0,2,1,3,5,1,3,3,0,1,3,IMPROPER LANE USAGE,2,1,0.0,0.0,0.0,0.0,0.0,3.0,11,4,1,01/03/2024,2024-01-03,11:23:00
03/30/2024 06:20:00 AM,7.0,4,2,5,5,1,4,3,0,1,3,UNABLE TO DETERMINE,2,1,0.0,0.0,0.0,0.0,0.0,2.0,6,7,3,03/30/2024,2024-03-30,06:20:00
04/06/2024 12:54:00 PM,5.0,2,1,6,5,1,3,1,0,1,3,FAILING TO YIELD RIGHT-OF-WAY,2,1,0.0,0.0,0.0,0.0,0.0,4.0,12,7,4,04/06/2024,2024-04-06,12:54:00
07/27/2024 06:20:00 PM,5.0,2,1,4,5,1,3,3,0,1,3,FOLLOWING TOO CLOSELY,2,1,0.0,0.0,0.0,0.0,0.0,2.0,18,7,7,07/27/2024,2024-07-27,18:20:00
03/08/2024 04:34:00 PM,5.0,4,1,3,6,1,4,3,0,1,2,FAILING TO YIELD RIGHT-OF-WAY,2,1,0.0,0.0,0.0,0.0,0.0,3.0,16,6,3,03/08/2024,2024-03-08,16:34:00
07/12/2024 03:30:00 PM,3.0,2,1,6,4,1,3,3,0,1,3,IMPROPER OVERTAKING/PASSING,2,1,0.0,0.0,0.0,0.0,0.0,2.0,15,6,7,07/12/2024,2024-07-12,15:30:00
03/03/2024 07:11:00 PM,7.0,2,4,3,10,1,3,1,0,1,3,FAILING TO YIELD RIGHT-OF-WAY,2,1,0.0,0.0,0.0,0.0,0.0,4.0,19,1,3,03/03/2024,2024-03-03,19:11:00
07/07/2024 08:19:00 PM,3.0,2,3,5,6,1,4,3,1,1,3,IMPROPER OVERTAKING/PASSING,2,3,1.0,0.0,0.0,1.0,0.0,2.0,20,1,7,07/07/2024,2024-07-07,20:19:00
07/20/2024 12:40:00 AM,7.0,2,3,5,7,1,3,3,0,1,3,NOT APPLICABLE,2,1,0.0,0.0,0.0,0.0,0.0,2.0,0,7,7,07/20/2024,2024-07-20,00:40:00
07/18/2024 12:35:00 PM,5.0,2,1,3,4,1,3,1,0,1,3,UNABLE TO DETERMINE,2,1,0.0,0.0,0.0,0.0,0.0,3.0,12,5,7,07/18/2024,2024-07-18,12:35:00
02/23/2024 09:50:00 AM,5.0,2,1,6,5,1,1,1,0,1,3,IMPROPER TURNING/NO SIGNAL,2,1,0.0,0.0,0.0,0.0,0.0,2.0,9,6,2,02/23/2024,2024-02-23,09:50:00
07/27/2024 01:20:00 AM,3.0,2,4,5,4,1,3,3,1,1,2,FAILING TO YIELD RIGHT-OF-WAY,2,1,0.0,0.0,0.0,0.0,0.0,2.0,1,7,7,07/27/2024,2024-07-27,01:20:00
08/09/2024 08:38:00 PM,7.0,2,4,12,5,1,3,3,0,1,3,"VISION OBSCURED (SIGNS, TREE LIMBS, BUILDINGS, ETC.)",2,1,0.0,0.0,0.0,0.0,0.0,3.0,20,6,8,08/09/2024,2024-08-09,20:38:00