crash_date,traffic_control_device,weather_condition,lighting_condition,first_crash_type,trafficway_type,alignment,roadway_surface_cond,road_defect,crash_type,intersection_related_i,damage,prim_contributory_cause,num_units,most_severe_injury,injuries_total,injuries_fatal,injuries_incapacitating,injuries_non_incapacitating,injuries_reported_not_evident,injuries_no_indication,crash_hour,crash_day_of_week,crash_month,parsed_datetime,date,time
06/01/2024 02:00:00 AM,7.0,2,4,5,6,1,3,3,1,1,3,DISREGARDING STOP SIGN,2,1,0.0,0.0,0.0,0.0,0.0,2.0,2,7,6,06/01/2024,2024-06-01,02:00:00
01/28/2024 07:00:00 PM,5.0,2,4,6,10,1,1,1,0,1,3,IMPROPER OVERTAKING/PASSING,2,1,0.0,0.0,0.0,0.0,0.0,2.0,19,1,1,01/28/2024,2024-01-28,19:00:00
02/05/2024 12:50:00 PM,7.0,2,1,5,6,1,3,3,1,1,3,FAILING TO YIELD RIGHT-OF-WAY,2,1,0.0,0.0,0.0,0.0,0.0,2.0,12,2,2,02/05/2024,2024-02-05,12:50:00
04/24/2024 08:20:00 PM,7.0,2,4,5,5,1,3,3,1,1,3,DISREGARDING STOP SIGN,2,2,2.0,0.0,0.0,0.0,2.0,2.0,20,4,4,04/24/2024,2024-04-24,20:20:00
04/17/2024 03:00:00 PM,5.0,2,1,6,5,1,3,3,0,1,2,FOLLOWING TOO CLOSELY,2,1,0.0,0.0,0.0,0.0,0.0,2.0,15,4,4,04/17/2024,2024-04-17,15:00:00
05/17/2024 07:30:00 AM,3.0,2,1,5,6,1,3,3,0,1,3,UNABLE TO DETERMINE,2,1,0.0,0.0,0.0,0.0,0.0,2.0,7,6,5,05/17/2024,2024-05-17,07:30:00
02/25/2024 08:08:00 PM,5.0,2,5,4,5,1,3,3,0,1,2,DRIVING SKILLS/KNOWLEDGE/EXPERIENCE,2,1,0.0,0.0,0.0,0.0,0.0,2.0,20,1,2,02/25/2024,2024-02-25,20:08:00
01/28/2024 06:00:00 PM,5.0,2,5,6,5,1,3,3,0,1,3,IMPROPER LANE USAGE,2,1,0.0,0.0,0.0,0.0,0.0,2.0,18,1,1,01/28/2024,2024-01-28,18:00:00
04/20/2024 08:54:00 PM,7.0,2,4,5,6,1,3,3,0,1,3,FAILING TO YIELD RIGHT-OF-WAY,2,1,0.0,0.0,0.0,0.0,0.0,3.0,20,7,4,04/20/2024,2024-04-20,20:54:00
06/06/2024 04:00:00 PM,7.0,2,1,5,6,1,3,3,0,1,3,FAILING TO YIELD RIGHT-OF-WAY,2,1,0.0,0.0,0.0,0.0,0.0,2.0,16,5,6,06/06/2024,2024-06-06,16:00:00
05/10/2024 12:00:00 PM,5.0,2,1,3,5,1,3,3,0,1,3,UNABLE TO DETERMINE,2,1,0.0,0.0,0.0,0.0,0.0,2.0,12,6,5,05/10/2024,2024-05-10,12:00:00
03/04/2024 06:38:00 PM,5.0,2,5,13,6,1,3,1,1,1,1,FAILING TO YIELD RIGHT-OF-WAY,2,2,1.0,0.0,0.0,0.0,1.0,2.0,18,2,3,03/04/2024,2024-03-04,18:38:00
03/18/2024 08:30:00 AM,5.0,2,1,6,4,1,3,3,0,1,3,IMPROPER OVERTAKING/PASSING,2,1,0.0,0.0,0.0,0.0,0.0,2.0,8,2,3,03/18/2024,2024-03-18,08:30:00
05/14/2024 09:58:00 AM,7.0,2,1,5,6,1,1,1,1,1,3,DISREGARDING OTHER TRAFFIC SIGNS,2,3,1.0,0.0,0.0,1.0,0.0,1.0,9,3,5,05/14/2024,2024-05-14,09:58:00
07/14/2024 03:26:00 PM,7.0,2,1,5,6,1,3,3,1,1,3,FAILING TO YIELD RIGHT-OF-WAY,2,1,0.0,0.0,0.0,0.0,0.0,3.0,15,1,7,07/14/2024,2024-07-14,15:26:00
03/20/2024 09:40:00 PM,5.0,2,4,9,5,1,3,3,1,1,3,UNABLE TO DETERMINE,2,3,2.0,0.0,0.0,2.0,0.0,1.0,21,4,3,03/20/2024,2024-03-20,21:40:00
01/22/2024 01:30:00 AM,7.0,4,5,5,6,1,4,1,1,1,3,UNABLE TO DETERMINE,2,3,1.0,0.0,0.0,1.0,0.0,1.0,1,2,1,01/22/2024,2024-01-22,01:30:00
08/14/2024 06:00:00 PM,5.0,2,1,6,5,1,3,3,1,1,3,FAILING TO YIELD RIGHT-OF-WAY,2,3,1.0,0.0,0.0,1.0,0.0,2.0,18,4,8,08/14/2024,2024-08-14,18:00:00
03/05/2024 07:00:00 AM,5.0,2,1,8,4,1,3,3,0,1,3,IMPROPER BACKING,2,1,0.0,0.0,0.0,0.0,0.0,2.0,7,3,3,03/05/2024,2024-03-05,07:00:00
01/26/2024 03:40:00 PM,7.0,4,3,6,4,1,4,3,0,1,3,UNABLE TO DETERMINE,2,1,0.0,0.0,0.0,0.0,0.0,5.0,15,6,1,01/26/2024,2024-01-26,15:40:00
02/08/2024 06:30:00 PM,3.0,4,4,6,6,1,4,3,0,0,3,IMPROPER LANE USAGE,2,1,0.0,0.0,0.0,0.0,0.0,3.0,18,5,2,02/08/2024,2024-02-08,18:30:00
04/26/2024 10:00:00 PM,5.0,2,4,6,1,1,3,3,0,1,3,IMPROPER TURNING/NO SIGNAL,2,1,0.0,0.0,0.0,0.0,0.0,2.0,22,6,4,04/26/2024,2024-04-26,22:00:00
02/23/2024 03:00:00 PM,5.0,2,1,6,6,1,3,3,0,1,3,UNABLE TO DETERMINE,2,1,0.0,0.0,0.0,0.0,0.0,2.0,15,6,2,02/23/2024,2024-02-23,15:00:00
08/04/2024 08:54:00 AM,7.0,2,1,6,5,1,3,3,1,1,3,DISREGARDING ROAD MARKINGS,2,1,0.0,0.0,0.0,0.0,0.0,2.0,8,1,8,08/04/2024,2024-08-04,08:54:00
02/10/2024 11:55:00 AM,5.0,2,1,4,5,1,1,1,0,1,3,UNABLE TO DETERMINE,2,1,0.0,0.0,0.0,0.0,0.0,2.0,11,7,2,02/10/2024,2024-02-10,11:55:00
06/30/2024 04:40:00 PM,7.0,2,1,5,5,1,3,3,1,1,3,FAILING TO REDUCE SPEED TO AVOID CRASH,2,2,1.0,0.0,0.0,0.0,1.0,1.0,16,1,6,06/30/2024,2024-06-30,16:40:00
07/08/2024 08:05:00 AM,1.0,2,1,5,10,1,3,3,0,1,2,FAILING TO YIELD RIGHT-OF-WAY,2,1,0.0,0.0,0.0,0.0,0.0,2.0,8,2,7,07/08/2024,2024-07-08,08:05:00
08/02/2024 06:58:00 PM,5.0,2,1,13,5,1,3,3,1,1,3,FAILING TO YIELD RIGHT-OF-WAY,2,3,1.0,0.0,0.0,1.0,0.0,1.0,18,6,8,08/02/2024,2024-08-02,18:58:00
01/30/2024 07:00:00 AM,5.0,4,1,6,6,1,4,3,0,1,3,FAILING TO YIELD RIGHT-OF-WAY,2,1,0.0,0.0,0.0,0.0,0.0,2.0,7,3,1,01/30/2024,2024-01-30,07:00:00
03/18/2024 07:39:00 AM,5.0,2,1,6,6,1,3,3,0,1,1,FAILING TO YIELD RIGHT-OF-WAY,2,1,0.0,0.0,0.0,0.0,0.0,4.0,7,2,3,03/18/2024,2024-03-18,07:39:00
06/20/2024 03:45:00 PM,5.0,2,1,4,5,1,3,3,0,1,2,UNABLE TO DETERMINE,2,1,0.0,0.0,0.0,0.0,0.0,2.0,15,5,6,06/20/2024,2024-06-20,15:45:00
04/16/2024 08:12:00 PM,7.0,2,4,4,4,1,3,3,1,1,3,UNABLE TO DETERMINE,2,3,2.0,0.0,0.0,2.0,0.0,1.0,20,3,4,04/16/2024,2024-04-16,20:12:00
03/28/2024 09:37:00 AM,7.0,2,1,5,5,1,3,3,0,1,3,DISREGARDING STOP SIGN,2,1,0.0,0.0,0.0,0.0,0.0,2.0,9,5,3,03/28/2024,2024-03-28,09:37:00
03/10/2024 03:15:00 AM,7.0,2,4,5,5,1,3,1,0,1,3,UNABLE TO DETERMINE,2,1,0.0,0.0,0.0,0.0,0.0,2.0,3,1,3,03/10/2024,2024-03-10,03:15:00
01/30/2024 07:00:00 AM,5.0,2,1,6,5,1,3,3,0,1,2,UNABLE TO DETERMINE,2,1,0.0,0.0,0.0,0.0,0.0,2.0,7,3,1,01/30/2024,2024-01-30,07:00:00
02/23/2024 05:30:00 PM,5.0,2,4,6,4,1,3,3,1,1,3,FAILING TO YIELD RIGHT-OF-WAY,2,2,1.0,0.0,0.0,0.0,1.0,2.0,17,6,2,02/23/2024,2024-02-23,17:30:00
02/28/2024 04:08:00 PM,5.0,2,1,3,6,1,3,3,1,0,3,UNABLE TO DETERMINE,2,1,0.0,0.0,0.0,0.0,0.0,2.0,16,4,2,02/28/2024,2024-02-28,16:08:00
03/13/2024 01:30:00 PM,5.0,2,1,11,3,1,3,3,0,0,3,UNABLE TO DETERMINE,2,1,0.0,0.0,0.0,0.0,0.0,1.0,13,4,3,03/13/2024,2024-03-13,13:30:00
03/21/2024 04:21:00 PM,7.0,2,1,5,10,1,3,3,1,1,3,FAILING TO REDUCE SPEED TO AVOID CRASH,2,1,0.0,0.0,0.0,0.0,0.0,3.0,16,5,3,03/21/2024,2024-03-21,16:21:00
06/23/2024 09:25:00 AM,5.0,3,1,6,6,1,3,3,0,1,3,FAILING TO YIELD RIGHT-OF-WAY,2,1,0.0,0.0,0.0,0.0,0.0,4.0,9,1,6,06/23/2024,2024-06-23,09:25:00
02/01/2024 02:15:00 PM,5.0,2,1,6,5,1,3,3,1,1,3,FAILING TO YIELD RIGHT-OF-WAY,2,1,0.0,0.0,0.0,0.0,0.0,2.0,14,5,2,02/01/2024,2024-02-01,14:15:00
05/05/2024 03:00:00 PM,7.0,2,1,11,6,1,3,3,0,1,1,UNABLE TO DETERMINE,2,1,0.0,0.0,0.0,0.0,0.0,1.0,15,1,5,05/05/2024,2024-05-05,15:00:00
02/04/2024 07:00:00 AM,5.0,2,1,5,1,1,3,1,1,1,3,FAILING TO YIELD RIGHT-OF-WAY,2,1,0.0,0.0,0.0,0.0,0.0,2.0,7,1,2,02/04/2024,2024-02-04,07:00:00
07/25/2024 09:05:00 AM,5.0,2,1,6,3,1,3,3,0,1,2,FAILING TO YIELD RIGHT-OF-WAY,2,1,0.0,0.0,0.0,0.0,0.0,2.0,9,5,7,07/25/2024,2024-07-25,09:05:00
07/11/2024 12:07:00 AM,5.0,2,4,4,7,1,3,3,1,1,3,FAILING TO REDUCE SPEED TO AVOID CRASH,2,1,0.0,0.0,0.0,0.0,0.0,4.0,0,5,7,07/11/2024,2024-07-11,00:07:00
01/11/2024 06:30:00 PM,5.0,2,1,3,1,1,1,1,0,1,3,UNABLE TO DETERMINE,2,1,0.0,0.0,0.0,0.0,0.0,2.0,18,5,1,01/11/2024,2024-01-11,18:30:00
06/01/2024 12:40:00 PM,7.0,4,1,4,5,1,4,3,0,0,3,FAILING TO REDUCE SPEED TO AVOID CRASH,2,1,0.0,0.0,0.0,0.0,0.0,2.0,12,7,6,06/01/2024,2024-06-01,12:40:00
08/08/2024 07:30:00 PM,5.0,2,4,6,5,1,3,1,0,1,2,UNABLE TO DETERMINE,2,1,0.0,0.0,0.0,0.0,0.0,2.0,19,5,8,08/08/2024,2024-08-08,19:30:00
03/08/2024 07:45:00 PM,5.0,4,4,6,6,1,4,3,0,1,3,UNABLE TO DETERMINE,2,1,0.0,0.0,0.0,0.0,0.0,2.0,19,6,3,03/08/2024,2024-03-08,19:45:00
04/25/2024 08:13:00 AM,5.0,2,1,3,5,1,3,3,0,1,3,NOT APPLICABLE,2,1,0.0,0.0,0.0,0.0,0.0,3.0,8,5,4,04/25/2024,2024-04-25,08:13:00
02/20/2024 08:21:00 AM,7.0,2,1,5,5,1,3,3,0,1,2,UNABLE TO DETERMINE,2,1,0.0,0.0,0.0,0.0,0.0,2.0,8,3,2,02/20/2024,2024-02-20,08:21:00
04/10/2024 08:45:00 PM,1.0,2,1,6,5,1,1,1,0,1,3,UNABLE TO DETERMINE,2,1,0.0,0.0,0.0,0.0,0.0,2.0,20,4,4,04/10/2024,2024-04-10,20:45:00
04/29/2024 06:45:00 PM,7.0,2,3,4,1,1,3,3,1,1,3,FOLLOWING TOO CLOSELY,2,1,0.0,0.0,0.0,0.0,0.0,2.0,18,2,4,04/29/2024,2024-04-29,18:45:00
07/28/2024 04:02:00 AM,5.0,2,4,5,4,1,3,3,1,1,3,UNABLE TO DETERMINE,2,1,0.0,0.0,0.0,0.0,0.0,2.0,4,1,7,07/28/2024,2024-07-28,04:02:00
02/17/2024 01:50:00 AM,5.0,2,5,6,6,1,3,3,1,1,3,DISREGARDING TRAFFIC SIGNALS,2,1,0.0,0.0,0.0,0.0,0.0,2.0,1,7,2,02/17/2024,2024-02-17,01:50:00
03/14/2024 06:48:00 PM,5.0,3,3,6,5,1,3,3,1,1,3,FAILING TO YIELD RIGHT-OF-WAY,2,1,0.0,0.0,0.0,0.0,0.0,2.0,18,5,3,03/14/2024,2024-03-14,18:48:00
03/15/2024 08:15:00 AM,7.0,2,1,6,5,1,3,3,0,1,3,DISREGARDING STOP SIGN,2,1,0.0,0.0,0.0,0.0,0.0,2.0,8,6,3,03/15/2024,2024-03-15,08:15:00
07/19/2024 11:20:00 PM,1.0,2,1,13,6,1,1,1,0,1,1,NOT APPLICABLE,2,1,0.0,0.0,0.0,0.0,0.0,2.0,23,6,7,07/19/2024,2024-07-19,23:20:00
08/13/2024 10:58:00 AM,5.0,2,1,13,6,1,3,1,0,1,2,FAILING TO YIELD RIGHT-OF-WAY,2,1,0.0,0.0,0.0,0.0,0.0,2.0,10,3,8,08/13/2024,2024-08-13,10:58:00
01/24/2024 06:30:00 PM,7.0,8,4,11,7,1,4,7,0,1,3,IMPROPER LANE USAGE,2,1,0.0,0.0,0.0,0.0,0.0,1.0,18,4,1,01/24/2024,2024-01-24,18:30:00
04/18/2024 11:40:00 AM,7.0,2,1,5,6,1,3,3,0,1,3,FAILING TO YIELD RIGHT-OF-WAY,2,1,0.0,0.0,0.0,0.0,0.0,2.0,11,5,4,04/18/2024,2024-04-18,11:40:00
02/17/2024 11:10:00 PM,5.0,2,4,8,5,1,3,3,1,1,2,IMPROPER LANE USAGE,2,1,0.0,0.0,0.0,0.0,0.0,2.0,23,7,2,02/17/2024,2024-02-17,23:10:00
03/06/2024 03:30:00 PM,5.0,2,1,3,4,1,3,3,0,1,2,IMPROPER OVERTAKING/PASSING,2,1,0.0,0.0,0.0,0.0,0.0,2.0,15,4,3,03/06/2024,2024-03-06,15:30:00
05/30/2024 02:42:00 PM,5.0,2,1,5,13,1,3,3,0,1,3,FAILING TO YIELD RIGHT-OF-WAY,2,1,0.0,0.0,0.0,0.0,0.0,2.0,14,5,5,05/30/2024,2024-05-30,14:42:00
03/13/2024 02:00:00 PM,5.0,2,1,9,5,1,3,3,1,1,3,PHYSICAL CONDITION OF DRIVER,2,3,2.0,0.0,0.0,2.0,0.0,0.0,14,4,3,03/13/2024,2024-03-13,14:00:00
01/16/2024 12:55:00 PM,7.0,2,1,4,6,1,3,1,0,1,3,FAILING TO YIELD RIGHT-OF-WAY,2,1,0.0,0.0,0.0,0.0,0.0,2.0,12,3,1,01/16/2024,2024-01-16,12:55:00
07/07/2024 02:20:00 PM,3.0,2,1,5,6,1,3,3,0,1,3,FAILING TO YIELD RIGHT-OF-WAY,2,1,0.0,0.0,0.0,0.0,0.0,3.0,14,1,7,07/07/2024,2024-07-07,14:20:00
04/17/2024 08:15:00 AM,7.0,2,1,4,6,1,3,3,0,1,3,FOLLOWING TOO CLOSELY,2,1,0.0,0.0,0.0,0.0,0.0,4.0,8,4,4,04/17/2024,2024-04-17,08:15:00
07/24/2024 09:40:00 AM,7.0,2,1,4,5,1,3,3,0,1,3,FOLLOWING TOO CLOSELY,2,1,0.0,0.0,0.0,0.0,0.0,2.0,9,4,7,07/24/2024,2024-07-24,09:40:00
02/01/2024 03:22:00 PM,5.0,2,1,4,5,1,3,3,0,1,3,FOLLOWING TOO CLOSELY,2,1,0.0,0.0,0.0,0.0,0.0,2.0,15,5,2,02/01/2024,2024-02-01,15:22:00
01/10/2024 07:20:00 AM,7.0,3,1,5,5,1,3,3,1,1,3,FAILING TO YIELD RIGHT-OF-WAY,2,3,2.0,0.0,0.0,2.0,0.0,0.0,7,4,1,01/10/2024,2024-01-10,07:20:00
06/04/2024 01:10:00 PM,5.0,2,1,6,6,1,3,3,0,1,3,IMPROPER TURNING/NO SIGNAL,2,1,0.0,0.0,0.0,0.0,0.0,2.0,13,3,6,06/04/2024,2024-06-04,13:10:00
06/27/2024 03:00:00 PM,5.0,2,1,6,10,1,3,3,0,1,3,FAILING TO YIELD RIGHT-OF-WAY,2,1,0.0,0.0,0.0,0.0,0.0,3.0,15,5,6,06/27/2024,2024-06-27,15:00:00
06/17/2024 06:35:00 PM,5.0,2,1,4,5,1,3,3,0,1,3,FOLLOWING TOO CLOSELY,2,1,0.0,0.0,0.0,0.0,0.0,3.0,18,2,6,06/17/2024,2024-06-17,18:35:00
02/05/2024 04:30:00 PM,5.0,2,1,3,5,1,3,3,0,1,2,FOLLOWING TOO CLOSELY,2,1,0.0,0.0,0.0,0.0,0.0,2.0,16,2,2,02/05/2024,2024-02-05,16:30:00
03/14/2024 04:28:00 PM,3.0,2,1,6,5,1,4,3,1,1,3,IMPROPER OVERTAKING/PASSING,2,4,1.0,0.0,1.0,0.0,0.0,2.0,16,5,3,03/14/2024,2024-03-14,16:28:00
08/02/2024 06:55:00 AM,3.0,2,1,6,4,1,4,7,1,0,3,UNABLE TO DETERMINE,2,2,1.0,0.0,0.0,0.0,1.0,1.0,6,6,8,08/02/2024,2024-08-02,06:55:00
01/13/2024 07:00:00 PM,5.0,5,4,5,6,1,5,3,1,1,2,NOT APPLICABLE,2,3,1.0,0.0,0.0,1.0,0.0,1.0,19,7,1,01/13/2024,2024-01-13,19:00:00
03/16/2024 12:29:00 AM,8.0,2,4,5,5,1,3,3,1,1,1,UNABLE TO DETERMINE,2,3,1.0,0.0,0.0,1.0,0.0,1.0,0,7,3,03/16/2024,2024-03-16,00:29:00
02/05/2024 06:40:00 AM,5.0,2,1,6,5,1,3,1,0,1,3,UNABLE TO DETERMINE,2,1,0.0,0.0,0.0,0.0,0.0,2.0,6,2,2,02/05/2024,2024-02-05,06:40:00
05/04/2024 02:12:00 PM,5.0,2,1,6,14,1,3,3,1,1,3,DISREGARDING TRAFFIC SIGNALS,2,2,1.0,0.0,0.0,0.0,1.0,1.0,14,7,5,05/04/2024,2024-05-04,14:12:00
03/14/2024 08:10:00 PM,5.0,2,4,6,4,1,3,3,1,1,3,IMPROPER TURNING/NO SIGNAL,2,2,1.0,0.0,0.0,0.0,1.0,1.0,20,5,3,03/14/2024,2024-03-14,20:10:00
05/17/2024 01:42:00 PM,5.0,2,1,5,5,1,3,3,1,1,3,UNABLE TO DETERMINE,2,2,1.0,0.0,0.0,0.0,1.0,1.0,13,6,5,05/17/2024,2024-05-17,13:42:00
08/07/2024 10:59:00 AM,5.0,2,1,6,6,1,3,1,1,1,3,FAILING TO YIELD RIGHT-OF-WAY,2,2,1.0,0.0,0.0,0.0,1.0,4.0,10,4,8,08/07/2024,2024-08-07,10:59:00
02/23/2024 07:32:00 PM,5.0,5,4,6,6,1,4,3,1,1,3,WEATHER,2,3,1.0,0.0,0.0,1.0,0.0,2.0,19,6,2,02/23/2024,2024-02-23,19:32:00
03/13/2024 04:05:00 PM,5.0,2,1,3,5,1,3,3,0,1,3,IMPROPER OVERTAKING/PASSING,2,1,0.0,0.0,0.0,0.0,0.0,2.0,16,4,3,03/13/2024,2024-03-13,16:05:00
03/06/2024 01:20:00 PM,5.0,2,1,6,6,1,3,3,0,1,3,UNABLE TO DETERMINE,2,1,0.0,0.0,0.0,0.0,0.0,2.0,13,4,3,03/06/2024,2024-03-06,13:20:00
03/04/2024 05:39:00 PM,3.0,2,4,6,6,1,3,3,1,1,3,FAILING TO YIELD RIGHT-OF-WAY,2,1,0.0,0.0,0.0,0.0,0.0,3.0,17,2,3,03/04/2024,2024-03-04,17:39:00
04/19/2024 08:23:00 PM,7.0,2,4,5,4,1,3,3,1,1,3,FAILING TO YIELD RIGHT-OF-WAY,2,1,0.0,0.0,0.0,0.0,0.0,3.0,20,6,4,04/19/2024,2024-04-19,20:23:00
08/11/2024 10:05:00 AM,5.0,2,1,14,4,1,3,3,1,1,1,UNABLE TO DETERMINE,2,3,1.0,0.0,0.0,1.0,0.0,1.0,10,1,8,08/11/2024,2024-08-11,10:05:00
08/08/2024 11:14:00 PM,5.0,2,2,6,5,1,3,3,0,1,3,UNABLE TO DETERMINE,2,1,0.0,0.0,0.0,0.0,0.0,2.0,23,5,8,08/08/2024,2024-08-08,23:14:00
06/27/2024 07:00:00 PM,1.0,2,1,6,18,1,3,3,0,1,2,IMPROPER TURNING/NO SIGNAL,2,1,0.0,0.0,0.0,0.0,0.0,2.0,19,5,6,06/27/2024,2024-06-27,19:00:00
02/24/2024 01:00:00 PM,3.0,2,1,4,6,1,3,1,0,1,3,FOLLOWING TOO CLOSELY,2,1,0.0,0.0,0.0,0.0,0.0,2.0,13,7,2,02/24/2024,2024-02-24,13:00:00
06/07/2024 06:51:00 PM,5.0,2,1,3,6,1,3,3,0,1,3,IMPROPER OVERTAKING/PASSING,2,1,0.0,0.0,0.0,0.0,0.0,3.0,18,6,6,06/07/2024,2024-06-07,18:51:00
06/01/2024 01:00:00 PM,5.0,4,1,9,5,1,4,3,1,1,3,UNABLE TO DETERMINE,2,2,1.0,0.0,0.0,0.0,1.0,2.0,13,7,6,06/01/2024,2024-06-01,13:00:00
04/19/2024 04:00:00 PM,5.0,2,1,5,5,1,3,3,0,1,3,FAILING TO YIELD RIGHT-OF-WAY,2,1,0.0,0.0,0.0,0.0,0.0,2.0,16,6,4,04/19/2024,2024-04-19,16:00:00
05/28/2024 04:30:00 PM,5.0,2,1,13,6,1,3,3,0,1,3,DISREGARDING TRAFFIC SIGNALS,2,1,0.0,0.0,0.0,0.0,0.0,2.0,16,3,5,05/28/2024,2024-05-28,16:30:00
03/10/2024 05:25:00 PM,5.0,2,1,6,5,1,3,3,1,1,3,IMPROPER TURNING/NO SIGNAL,2,3,1.0,0.0,0.0,1.0,0.0,2.0,17,1,3,03/10/2024,2024-03-10,17:25:00
07/15/2024 03:00:00 PM,5.0,2,1,5,6,1,3,3,1,1,2,FAILING TO YIELD RIGHT-OF-WAY,2,2,1.0,0.0,0.0,0.0,1.0,2.0,15,2,7,07/15/2024,2024-07-15,15:00:00
08/21/2024 05:15:00 AM,4.0,2,1,6,6,1,1,1,0,1,2,UNABLE TO DETERMINE,2,1,0.0,0.0,0.0,0.0,0.0,2.0,5,4,8,08/21/2024,2024-08-21,05:15:00
02/01/2024 08:47:00 AM,7.0,2,1,13,5,1,3,3,1,1,1,"OPERATING VEHICLE IN ERRATIC, RECKLESS, CARELESS, NEGLIGENT OR AGGRESSIVE MANNER",2,3,1.0,0.0,0.0,1.0,0.0,1.0,8,5,2,02/01/2024,2024-02-01,08:47:00
04/24/2024 08:20:00 PM,7.0,2,4,5,5,1,3,3,1,1,2,FAILING TO YIELD RIGHT-OF-WAY,2,1,0.0,0.0,0.0,0.0,0.0,2.0,20,4,4,04/24/2024,2024-04-24,20:20:00
07/05/2024 03:50:00 PM,3.0,2,1,14,6,1,3,3,1,1,1,UNABLE TO DETERMINE,2,3,1.0,0.0,0.0,1.0,0.0,1.0,15,6,7,07/05/2024,2024-07-05,15:50:00
06/06/2024 09:38:00 AM,5.0,2,1,3,5,4,3,3,0,1,3,FOLLOWING TOO CLOSELY,2,1,0.0,0.0,0.0,0.0,0.0,2.0,9,5,6,06/06/2024,2024-06-06,09:38:00
03/30/2024 01:55:00 AM,5.0,4,4,5,5,1,4,3,0,1,3,DISREGARDING TRAFFIC SIGNALS,2,1,0.0,0.0,0.0,0.0,0.0,3.0,1,7,3,03/30/2024,2024-03-30,01:55:00
04/05/2024 05:35:00 PM,5.0,2,1,5,5,1,3,3,1,1,3,DISREGARDING TRAFFIC SIGNALS,2,3,1.0,0.0,0.0,1.0,0.0,1.0,17,6,4,04/05/2024,2024-04-05,17:35:00
07/09/2024 04:30:00 PM,5.0,4,1,3,5,1,4,3,0,1,3,UNABLE TO DETERMINE,2,1,0.0,0.0,0.0,0.0,0.0,2.0,16,3,7,07/09/2024,2024-07-09,16:30:00
05/09/2024 05:30:00 PM,7.0,4,1,4,4,1,4,3,0,1,3,IMPROPER OVERTAKING/PASSING,2,1,0.0,0.0,0.0,0.0,0.0,2.0,17,5,5,05/09/2024,2024-05-09,17:30:00
06/24/2024 12:15:00 PM,3.0,2,1,6,4,1,3,3,0,1,3,UNABLE TO DETERMINE,2,1,0.0,0.0,0.0,0.0,0.0,2.0,12,2,6,06/24/2024,2024-06-24,12:15:00
01/15/2024 03:40:00 PM,5.0,2,1,4,4,1,3,1,0,1,3,NOT APPLICABLE,2,1,0.0,0.0,0.0,0.0,0.0,2.0,15,2,1,01/15/2024,2024-01-15,15:40:00
07/04/2024 11:59:00 AM,5.0,2,4,5,5,1,3,3,1,1,3,DISREGARDING TRAFFIC SIGNALS,2,3,1.0,0.0,0.0,1.0,0.0,2.0,11,5,7,07/04/2024,2024-07-04,11:59:00
03/12/2024 03:52:00 PM,5.0,2,1,6,10,1,3,3,0,1,3,IMPROPER OVERTAKING/PASSING,2,1,0.0,0.0,0.0,0.0,0.0,2.0,15,3,3,03/12/2024,2024-03-12,15:52:00
07/18/2024 02:35:00 PM,5.0,2,1,3,6,1,3,2,0,1,3,UNABLE TO DETERMINE,2,1,0.0,0.0,0.0,0.0,0.0,3.0,14,5,7,07/18/2024,2024-07-18,14:35:00
02/13/2024 10:36:00 PM,7.0,2,4,6,1,1,1,3,1,1,3,UNABLE TO DETERMINE,2,1,0.0,0.0,0.0,0.0,0.0,3.0,22,3,2,02/13/2024,2024-02-13,22:36:00
08/11/2024 09:20:00 PM,5.0,2,4,4,2,1,3,1,0,1,3,UNABLE TO DETERMINE,2,1,0.0,0.0,0.0,0.0,0.0,2.0,21,1,8,08/11/2024,2024-08-11,21:20:00
07/30/2024 09:00:00 PM,5.0,2,4,14,6,1,3,3,1,1,3,IMPROPER LANE USAGE,2,3,1.0,0.0,0.0,1.0,0.0,1.0,21,3,7,07/30/2024,2024-07-30,21:00:00
08/02/2024 10:27:00 AM,5.0,4,1,11,6,2,4,3,1,1,3,DRIVING SKILLS/KNOWLEDGE/EXPERIENCE,2,1,0.0,0.0,0.0,0.0,0.0,1.0,10,6,8,08/02/2024,2024-08-02,10:27:00
05/13/2024 09:15:00 AM,7.0,2,1,11,6,1,3,3,0,1,3,IMPROPER TURNING/NO SIGNAL,2,1,0.0,0.0,0.0,0.0,0.0,1.0,9,2,5,05/13/2024,2024-05-13,09:15:00
07/25/2024 12:15:00 PM,7.0,2,1,5,5,1,3,3,1,1,3,FAILING TO YIELD RIGHT-OF-WAY,2,3,1.0,0.0,0.0,1.0,0.0,1.0,12,5,7,07/25/2024,2024-07-25,12:15:00
08/09/2024 01:45:00 PM,5.0,2,1,4,6,1,3,3,1,1,3,FAILING TO REDUCE SPEED TO AVOID CRASH,2,1,0.0,0.0,0.0,0.0,0.0,2.0,13,6,8,08/09/2024,2024-08-09,13:45:00
03/24/2024 05:00:00 PM,5.0,2,1,4,4,1,3,1,0,1,2,FAILING TO REDUCE SPEED TO AVOID CRASH,2,1,0.0,0.0,0.0,0.0,0.0,2.0,17,1,3,03/24/2024,2024-03-24,17:00:00
07/30/2024 05:30:00 AM,5.0,2,4,5,5,1,1,1,1,1,3,UNABLE TO DETERMINE,2,3,1.0,0.0,0.0,1.0,0.0,1.0,5,3,7,07/30/2024,2024-07-30,05:30:00