crash_date,traffic_control_device,weather_condition,lighting_condition,first_crash_type,trafficway_type,alignment,roadway_surface_cond,road_defect,crash_type,intersection_related_i,damage,prim_contributory_cause,num_units,most_severe_injury,injuries_total,injuries_fatal,injuries_incapacitating,injuries_non_incapacitating,injuries_reported_not_evident,injuries_no_indication,crash_hour,crash_day_of_week,crash_month,parsed_datetime,date,time
07/14/2024 07:06:00 AM,5.0,3,1,4,5,1,3,3,1,1,3,FOLLOWING TOO CLOSELY,2,4,1.0,0.0,1.0,0.0,0.0,1.0,7,1,7,07/14/2024,2024-07-14,07:06:00
05/02/2024 12:48:00 PM,3.0,2,1,6,10,1,1,1,0,1,2,FAILING TO YIELD RIGHT-OF-WAY,2,1,0.0,0.0,0.0,0.0,0.0,2.0,12,5,5,05/02/2024,2024-05-02,12:48:00
05/07/2024 03:09:00 PM,3.0,4,1,5,6,1,4,3,0,1,3,UNABLE TO DETERMINE,2,1,0.0,0.0,0.0,0.0,0.0,2.0,15,3,5,05/07/2024,2024-05-07,15:09:00
04/12/2024 04:30:00 PM,7.0,4,1,5,6,1,4,3,1,1,3,FAILING TO YIELD RIGHT-OF-WAY,2,1,0.0,0.0,0.0,0.0,0.0,2.0,16,6,4,04/12/2024,2024-04-12,16:30:00
05/16/2024 03:07:00 PM,5.0,3,1,3,6,1,3,3,0,1,2,IMPROPER TURNING/NO SIGNAL,2,1,0.0,0.0,0.0,0.0,0.0,3.0,15,5,5,05/16/2024,2024-05-16,15:07:00
06/02/2024 02:13:00 AM,1.0,4,5,6,6,1,4,3,0,1,2,IMPROPER TURNING/NO SIGNAL,2,1,0.0,0.0,0.0,0.0,0.0,4.0,2,1,6,06/02/2024,2024-06-02,02:13:00
02/04/2024 01:30:00 PM,5.0,2,1,3,5,1,3,3,0,1,2,IMPROPER LANE USAGE,2,1,0.0,0.0,0.0,0.0,0.0,2.0,13,1,2,02/04/2024,2024-02-04,13:30:00
03/09/2024 10:53:00 PM,7.0,2,4,6,5,1,3,1,1,1,3,FAILING TO YIELD RIGHT-OF-WAY,2,1,0.0,0.0,0.0,0.0,0.0,2.0,22,7,3,03/09/2024,2024-03-09,22:53:00
01/19/2024 11:30:00 AM,5.0,5,1,6,6,1,5,3,0,1,3,IMPROPER BACKING,2,1,0.0,0.0,0.0,0.0,0.0,2.0,11,6,1,01/19/2024,2024-01-19,11:30:00
01/20/2024 06:02:00 PM,5.0,2,4,13,5,1,5,3,1,1,3,FAILING TO YIELD RIGHT-OF-WAY,2,3,1.0,0.0,0.0,1.0,0.0,1.0,18,7,1,01/20/2024,2024-01-20,18:02:00
05/28/2024 10:12:00 PM,5.0,2,5,6,4,1,4,3,0,1,2,UNABLE TO DETERMINE,2,1,0.0,0.0,0.0,0.0,0.0,2.0,22,3,5,05/28/2024,2024-05-28,22:12:00
06/04/2024 03:25:00 PM,5.0,2,1,4,6,1,3,3,0,1,2,FOLLOWING TOO CLOSELY,2,1,0.0,0.0,0.0,0.0,0.0,2.0,15,3,6,06/04/2024,2024-06-04,15:25:00
03/07/2024 08:05:00 AM,3.0,2,1,6,6,1,3,3,0,1,3,IMPROPER TURNING/NO SIGNAL,2,1,0.0,0.0,0.0,0.0,0.0,2.0,8,5,3,03/07/2024,2024-03-07,08:05:00
07/01/2024 02:46:00 PM,5.0,2,1,4,6,1,3,3,1,1,3,UNABLE TO DETERMINE,2,3,1.0,0.0,0.0,1.0,0.0,1.0,14,2,7,07/01/2024,2024-07-01,14:46:00
04/28/2024 03:30:00 PM,5.0,2,1,6,7,1,3,3,1,1,3,UNABLE TO DETERMINE,2,3,1.0,0.0,0.0,1.0,0.0,1.0,15,1,4,04/28/2024,2024-04-28,15:30:00
07/10/2024 09:15:00 AM,5.0,3,1,6,14,1,4,3,1,1,3,FAILING TO YIELD RIGHT-OF-WAY,2,1,0.0,0.0,0.0,0.0,0.0,3.0,9,4,7,07/10/2024,2024-07-10,09:15:00
07/20/2024 03:00:00 PM,3.0,2,1,11,5,1,3,1,0,1,3,RELATED TO BUS STOP,2,1,0.0,0.0,0.0,0.0,0.0,5.0,15,7,7,07/20/2024,2024-07-20,15:00:00
07/26/2024 02:00:00 PM,5.0,2,1,3,6,1,3,1,0,1,2,UNABLE TO DETERMINE,2,1,0.0,0.0,0.0,0.0,0.0,2.0,14,6,7,07/26/2024,2024-07-26,14:00:00
01/13/2024 08:39:00 AM,5.0,5,1,6,5,1,4,3,1,1,3,DISREGARDING TRAFFIC SIGNALS,2,3,1.0,0.0,0.0,1.0,0.0,3.0,8,7,1,01/13/2024,2024-01-13,08:39:00
05/17/2024 01:35:00 AM,3.0,2,4,11,2,1,3,3,1,0,3,UNABLE TO DETERMINE,2,2,1.0,0.0,0.0,0.0,1.0,0.0,1,6,5,05/17/2024,2024-05-17,01:35:00
03/07/2024 02:30:00 PM,7.0,2,1,6,5,1,3,3,0,1,3,FAILING TO YIELD RIGHT-OF-WAY,2,1,0.0,0.0,0.0,0.0,0.0,2.0,14,5,3,03/07/2024,2024-03-07,14:30:00
07/20/2024 05:00:00 PM,7.0,2,1,5,5,1,3,3,1,1,3,FAILING TO YIELD RIGHT-OF-WAY,2,1,0.0,0.0,0.0,0.0,0.0,6.0,17,7,7,07/20/2024,2024-07-20,17:00:00
05/02/2024 06:08:00 PM,3.0,2,1,3,16,1,3,3,1,1,3,UNABLE TO DETERMINE,2,1,0.0,0.0,0.0,0.0,0.0,3.0,18,5,5,05/02/2024,2024-05-02,18:08:00
06/10/2024 10:30:00 AM,5.0,2,1,3,4,1,3,3,0,1,3,DRIVING SKILLS/KNOWLEDGE/EXPERIENCE,2,1,0.0,0.0,0.0,0.0,0.0,2.0,10,2,6,06/10/2024,2024-06-10,10:30:00
07/23/2024 05:33:00 PM,5.0,2,1,6,6,1,1,1,1,1,3,UNABLE TO DETERMINE,2,3,1.0,0.0,0.0,1.0,0.0,1.0,17,3,7,07/23/2024,2024-07-23,17:33:00
05/17/2024 04:00:00 PM,7.0,2,1,5,6,1,3,3,1,1,3,UNABLE TO DETERMINE,2,4,1.0,0.0,1.0,0.0,0.0,2.0,16,6,5,05/17/2024,2024-05-17,16:00:00
05/28/2024 08:00:00 AM,7.0,2,1,5,4,1,3,3,0,1,2,UNABLE TO DETERMINE,2,1,0.0,0.0,0.0,0.0,0.0,2.0,8,3,5,05/28/2024,2024-05-28,08:00:00
05/07/2024 04:30:00 PM,5.0,2,1,5,5,1,1,1,1,1,3,UNABLE TO DETERMINE,2,1,0.0,0.0,0.0,0.0,0.0,3.0,16,3,5,05/07/2024,2024-05-07,16:30:00
03/12/2024 04:30:00 PM,5.0,2,1,4,5,1,3,3,0,1,3,FAILING TO REDUCE SPEED TO AVOID CRASH,2,1,0.0,0.0,0.0,0.0,0.0,2.0,16,3,3,03/12/2024,2024-03-12,16:30:00
07/30/2024 05:30:00 PM,5.0,2,3,6,5,1,3,1,0,1,3,FAILING TO YIELD RIGHT-OF-WAY,2,1,0.0,0.0,0.0,0.0,0.0,2.0,17,3,7,07/30/2024,2024-07-30,17:30:00
07/05/2024 03:48:00 AM,5.0,2,4,5,3,1,3,3,1,1,2,UNABLE TO DETERMINE,2,1,0.0,0.0,0.0,0.0,0.0,3.0,3,6,7,07/05/2024,2024-07-05,03:48:00
01/02/2024 08:38:00 AM,5.0,2,1,3,3,1,3,7,0,1,2,DISREGARDING ROAD MARKINGS,2,1,0.0,0.0,0.0,0.0,0.0,2.0,8,3,1,01/02/2024,2024-01-02,08:38:00
03/03/2024 04:50:00 PM,7.0,2,1,5,5,1,3,3,0,1,2,UNABLE TO DETERMINE,2,1,0.0,0.0,0.0,0.0,0.0,4.0,16,1,3,03/03/2024,2024-03-03,16:50:00
08/12/2024 07:00:00 AM,5.0,2,1,4,6,1,3,3,0,1,3,FAILING TO YIELD RIGHT-OF-WAY,2,1,0.0,0.0,0.0,0.0,0.0,4.0,7,2,8,08/12/2024,2024-08-12,07:00:00
07/25/2024 12:00:00 PM,5.0,2,1,6,3,1,3,3,0,1,2,UNABLE TO DETERMINE,2,1,0.0,0.0,0.0,0.0,0.0,2.0,12,5,7,07/25/2024,2024-07-25,12:00:00
03/24/2024 05:20:00 PM,5.0,2,1,3,5,1,3,1,0,1,2,IMPROPER OVERTAKING/PASSING,2,1,0.0,0.0,0.0,0.0,0.0,2.0,17,1,3,03/24/2024,2024-03-24,17:20:00
02/12/2024 03:26:00 PM,7.0,2,1,6,6,1,3,1,1,1,3,FAILING TO YIELD RIGHT-OF-WAY,2,1,0.0,0.0,0.0,0.0,0.0,3.0,15,2,2,02/12/2024,2024-02-12,15:26:00
05/19/2024 05:45:00 PM,5.0,2,1,3,3,1,3,3,0,1,3,IMPROPER OVERTAKING/PASSING,2,1,0.0,0.0,0.0,0.0,0.0,2.0,17,1,5,05/19/2024,2024-05-19,17:45:00
02/17/2024 03:38:00 PM,7.0,2,1,5,5,1,3,3,0,1,2,DISREGARDING STOP SIGN,2,1,0.0,0.0,0.0,0.0,0.0,2.0,15,7,2,02/17/2024,2024-02-17,15:38:00
04/16/2024 01:35:00 PM,5.0,2,1,6,5,1,3,3,1,1,3,UNABLE TO DETERMINE,2,3,1.0,0.0,0.0,1.0,0.0,3.0,13,3,4,04/16/2024,2024-04-16,13:35:00
02/15/2024 01:02:00 AM,5.0,2,4,5,5,1,3,1,1,1,3,UNABLE TO DETERMINE,2,1,0.0,0.0,0.0,0.0,0.0,2.0,1,5,2,02/15/2024,2024-02-15,01:02:00
06/18/2024 08:35:00 PM,5.0,2,4,6,5,1,3,3,1,1,3,FAILING TO YIELD RIGHT-OF-WAY,2,2,1.0,0.0,0.0,0.0,1.0,3.0,20,3,6,06/18/2024,2024-06-18,20:35:00
06/27/2024 07:00:00 AM,5.0,2,1,5,7,1,3,3,1,1,3,DISREGARDING OTHER TRAFFIC SIGNS,2,3,1.0,0.0,0.0,1.0,0.0,1.0,7,5,6,06/27/2024,2024-06-27,07:00:00
02/24/2024 11:38:00 AM,5.0,2,1,3,6,1,3,3,0,1,3,FAILING TO REDUCE SPEED TO AVOID CRASH,2,1,0.0,0.0,0.0,0.0,0.0,4.0,11,7,2,02/24/2024,2024-02-24,11:38:00
01/22/2024 09:45:00 AM,5.0,3,1,3,6,1,4,3,0,1,1,UNABLE TO DETERMINE,2,1,0.0,0.0,0.0,0.0,0.0,2.0,9,2,1,01/22/2024,2024-01-22,09:45:00
07/06/2024 05:11:00 PM,3.0,2,1,6,4,1,3,3,1,1,3,IMPROPER TURNING/NO SIGNAL,2,1,0.0,0.0,0.0,0.0,0.0,2.0,17,7,7,07/06/2024,2024-07-06,17:11:00
08/04/2024 04:29:00 PM,5.0,2,1,6,3,1,3,3,0,1,3,IMPROPER LANE USAGE,2,1,0.0,0.0,0.0,0.0,0.0,2.0,16,1,8,08/04/2024,2024-08-04,16:29:00
05/09/2024 06:20:00 PM,5.0,4,1,6,5,1,4,3,0,1,3,UNABLE TO DETERMINE,2,1,0.0,0.0,0.0,0.0,0.0,2.0,18,5,5,05/09/2024,2024-05-09,18:20:00
01/31/2024 03:00:00 PM,7.0,2,1,5,5,1,3,1,0,1,3,FAILING TO YIELD RIGHT-OF-WAY,2,1,0.0,0.0,0.0,0.0,0.0,4.0,15,4,1,01/31/2024,2024-01-31,15:00:00
08/07/2024 07:30:00 PM,5.0,2,2,4,4,1,3,3,0,1,1,FOLLOWING TOO CLOSELY,2,1,0.0,0.0,0.0,0.0,0.0,3.0,19,4,8,08/07/2024,2024-08-07,19:30:00
07/19/2024 11:53:00 PM,5.0,2,4,13,5,1,3,1,1,1,1,DISREGARDING TRAFFIC SIGNALS,2,3,1.0,0.0,0.0,1.0,0.0,1.0,23,6,7,07/19/2024,2024-07-19,23:53:00
06/21/2024 07:15:00 PM,7.0,2,1,8,10,1,3,3,0,1,2,UNABLE TO DETERMINE,2,1,0.0,0.0,0.0,0.0,0.0,2.0,19,6,6,06/21/2024,2024-06-21,19:15:00
06/29/2024 03:30:00 PM,3.0,2,1,3,4,1,1,1,1,1,3,UNABLE TO DETERMINE,2,1,0.0,0.0,0.0,0.0,0.0,2.0,15,7,6,06/29/2024,2024-06-29,15:30:00
07/10/2024 06:08:00 PM,1.0,2,1,6,10,1,1,1,0,1,1,DRIVING SKILLS/KNOWLEDGE/EXPERIENCE,2,1,0.0,0.0,0.0,0.0,0.0,2.0,18,4,7,07/10/2024,2024-07-10,18:08:00
05/23/2024 05:38:00 PM,7.0,2,1,5,6,1,3,1,1,1,3,FAILING TO YIELD RIGHT-OF-WAY,2,3,1.0,0.0,0.0,1.0,0.0,1.0,17,5,5,05/23/2024,2024-05-23,17:38:00
05/01/2024 06:30:00 PM,7.0,2,1,4,5,1,3,3,0,1,3,UNABLE TO DETERMINE,2,1,0.0,0.0,0.0,0.0,0.0,2.0,18,4,5,05/01/2024,2024-05-01,18:30:00
05/03/2024 10:20:00 PM,5.0,2,4,9,4,1,3,3,0,1,2,FAILING TO REDUCE SPEED TO AVOID CRASH,2,1,0.0,0.0,0.0,0.0,0.0,3.0,22,6,5,05/03/2024,2024-05-03,22:20:00
02/03/2024 06:42:00 PM,3.0,2,4,5,5,1,3,1,1,1,3,UNABLE TO DETERMINE,2,1,0.0,0.0,0.0,0.0,0.0,2.0,18,7,2,02/03/2024,2024-02-03,18:42:00
01/08/2024 07:00:00 AM,7.0,3,1,6,5,1,3,3,1,1,3,FAILING TO YIELD RIGHT-OF-WAY,2,1,0.0,0.0,0.0,0.0,0.0,2.0,7,2,1,01/08/2024,2024-01-08,07:00:00
03/21/2024 04:49:00 PM,5.0,2,1,4,5,1,3,3,1,1,3,CELL PHONE USE OTHER THAN TEXTING,2,3,1.0,0.0,0.0,1.0,0.0,1.0,16,5,3,03/21/2024,2024-03-21,16:49:00
05/25/2024 06:15:00 PM,5.0,2,1,5,5,1,3,1,0,1,2,FAILING TO YIELD RIGHT-OF-WAY,2,1,0.0,0.0,0.0,0.0,0.0,2.0,18,7,5,05/25/2024,2024-05-25,18:15:00
01/09/2024 10:01:00 PM,7.0,5,4,5,5,1,4,3,0,1,3,FAILING TO YIELD RIGHT-OF-WAY,2,1,0.0,0.0,0.0,0.0,0.0,2.0,22,3,1,01/09/2024,2024-01-09,22:01:00
04/22/2024 06:35:00 AM,5.0,2,1,14,5,1,3,3,0,1,3,FAILING TO YIELD RIGHT-OF-WAY,2,1,0.0,0.0,0.0,0.0,0.0,2.0,6,2,4,04/22/2024,2024-04-22,06:35:00
06/23/2024 04:59:00 PM,5.0,2,1,4,6,1,3,3,1,1,3,FOLLOWING TOO CLOSELY,2,2,1.0,0.0,0.0,0.0,1.0,1.0,16,1,6,06/23/2024,2024-06-23,16:59:00
04/20/2024 09:00:00 PM,5.0,2,4,6,5,1,3,3,0,1,3,UNABLE TO DETERMINE,2,1,0.0,0.0,0.0,0.0,0.0,6.0,21,7,4,04/20/2024,2024-04-20,21:00:00
01/24/2024 11:00:00 AM,7.0,4,1,4,5,1,1,3,0,1,3,NOT APPLICABLE,2,1,0.0,0.0,0.0,0.0,0.0,2.0,11,4,1,01/24/2024,2024-01-24,11:00:00
04/03/2024 12:00:00 PM,3.0,2,5,11,10,1,1,1,0,0,2,UNABLE TO DETERMINE,2,1,0.0,0.0,0.0,0.0,0.0,1.0,12,4,4,04/03/2024,2024-04-03,12:00:00
05/22/2024 09:10:00 AM,7.0,2,1,5,5,1,3,3,1,1,3,FAILING TO YIELD RIGHT-OF-WAY,2,1,0.0,0.0,0.0,0.0,0.0,3.0,9,4,5,05/22/2024,2024-05-22,09:10:00
02/21/2024 09:45:00 AM,7.0,2,1,5,5,1,1,1,1,1,3,FAILING TO YIELD RIGHT-OF-WAY,2,1,0.0,0.0,0.0,0.0,0.0,2.0,9,4,2,02/21/2024,2024-02-21,09:45:00
08/01/2024 01:00:00 PM,7.0,2,1,5,5,1,3,3,0,1,3,UNABLE TO DETERMINE,2,1,0.0,0.0,0.0,0.0,0.0,2.0,13,5,8,08/01/2024,2024-08-01,13:00:00
01/11/2024 06:20:00 AM,5.0,2,1,6,10,1,3,3,0,1,3,FOLLOWING TOO CLOSELY,2,1,0.0,0.0,0.0,0.0,0.0,2.0,6,5,1,01/11/2024,2024-01-11,06:20:00
07/04/2024 07:30:00 PM,5.0,2,1,6,4,1,3,3,1,1,3,FAILING TO YIELD RIGHT-OF-WAY,2,1,0.0,0.0,0.0,0.0,0.0,3.0,19,5,7,07/04/2024,2024-07-04,19:30:00
07/30/2024 11:50:00 AM,7.0,2,1,14,5,1,3,3,1,1,3,UNABLE TO DETERMINE,2,3,1.0,0.0,0.0,1.0,0.0,2.0,11,3,7,07/30/2024,2024-07-30,11:50:00
01/29/2024 05:29:00 AM,5.0,2,4,5,6,1,3,3,1,1,2,DISREGARDING TRAFFIC SIGNALS,2,1,0.0,0.0,0.0,0.0,0.0,2.0,5,2,1,01/29/2024,2024-01-29,05:29:00
06/19/2024 08:31:00 AM,7.0,2,1,6,4,1,3,3,0,1,3,DISREGARDING TRAFFIC SIGNALS,2,1,0.0,0.0,0.0,0.0,0.0,2.0,8,4,6,06/19/2024,2024-06-19,08:31:00
03/26/2024 06:50:00 AM,5.0,4,2,4,6,1,4,3,0,1,3,FOLLOWING TOO CLOSELY,2,1,0.0,0.0,0.0,0.0,0.0,3.0,6,3,3,03/26/2024,2024-03-26,06:50:00
07/04/2024 10:45:00 AM,5.0,2,1,4,5,1,3,3,0,0,3,FOLLOWING TOO CLOSELY,2,1,0.0,0.0,0.0,0.0,0.0,4.0,10,5,7,07/04/2024,2024-07-04,10:45:00
07/19/2024 09:30:00 AM,5.0,2,1,6,6,1,3,1,0,1,3,DRIVING SKILLS/KNOWLEDGE/EXPERIENCE,2,1,0.0,0.0,0.0,0.0,0.0,2.0,9,6,7,07/19/2024,2024-07-19,09:30:00
01/21/2024 08:21:00 AM,5.0,2,1,5,6,1,5,3,0,1,3,DISREGARDING TRAFFIC SIGNALS,2,1,0.0,0.0,0.0,0.0,0.0,2.0,8,1,1,01/21/2024,2024-01-21,08:21:00
04/24/2024 08:00:00 AM,3.0,2,1,3,13,1,3,3,0,1,2,UNABLE TO DETERMINE,2,1,0.0,0.0,0.0,0.0,0.0,2.0,8,4,4,04/24/2024,2024-04-24,08:00:00
06/18/2024 11:13:00 PM,5.0,2,4,6,5,1,3,1,1,1,2,IMPROPER TURNING/NO SIGNAL,2,3,2.0,0.0,0.0,2.0,0.0,2.0,23,3,6,06/18/2024,2024-06-18,23:13:00
02/09/2024 08:31:00 PM,3.0,2,4,13,6,1,3,3,1,1,3,UNABLE TO DETERMINE,2,4,1.0,0.0,1.0,0.0,0.0,1.0,20,6,2,02/09/2024,2024-02-09,20:31:00
01/27/2024 05:25:00 AM,5.0,8,2,5,7,1,4,3,1,1,3,DRIVING ON WRONG SIDE/WRONG WAY,2,1,0.0,0.0,0.0,0.0,0.0,3.0,5,7,1,01/27/2024,2024-01-27,05:25:00
06/18/2024 01:00:00 PM,3.0,2,1,6,17,1,3,3,0,0,3,IMPROPER TURNING/NO SIGNAL,2,1,0.0,0.0,0.0,0.0,0.0,2.0,13,3,6,06/18/2024,2024-06-18,13:00:00
06/06/2024 06:55:00 PM,5.0,2,1,4,5,1,1,1,0,1,3,FAILING TO REDUCE SPEED TO AVOID CRASH,2,1,0.0,0.0,0.0,0.0,0.0,2.0,18,5,6,06/06/2024,2024-06-06,18:55:00
07/03/2024 01:54:00 PM,5.0,2,1,4,7,1,3,1,0,1,1,FAILING TO YIELD RIGHT-OF-WAY,2,1,0.0,0.0,0.0,0.0,0.0,4.0,13,4,7,07/03/2024,2024-07-03,13:54:00
05/08/2024 03:58:00 PM,5.0,2,1,6,6,1,3,3,0,1,3,DISREGARDING TRAFFIC SIGNALS,2,1,0.0,0.0,0.0,0.0,0.0,3.0,15,4,5,05/08/2024,2024-05-08,15:58:00
08/07/2024 08:54:00 AM,5.0,2,1,5,6,1,3,3,1,1,3,UNABLE TO DETERMINE,2,3,1.0,0.0,0.0,1.0,0.0,1.0,8,4,8,08/07/2024,2024-08-07,08:54:00
08/09/2024 09:00:00 PM,5.0,2,3,3,6,1,3,3,0,1,1,IMPROPER LANE USAGE,2,1,0.0,0.0,0.0,0.0,0.0,2.0,21,6,8,08/09/2024,2024-08-09,21:00:00
04/27/2024 01:49:00 PM,7.0,2,1,5,5,1,3,3,1,1,3,DISREGARDING STOP SIGN,2,1,0.0,0.0,0.0,0.0,0.0,2.0,13,7,4,04/27/2024,2024-04-27,13:49:00
01/22/2024 08:01:00 PM,3.0,7,4,11,10,1,5,3,0,0,1,DRIVING ON WRONG SIDE/WRONG WAY,2,1,0.0,0.0,0.0,0.0,0.0,2.0,20,2,1,01/22/2024,2024-01-22,20:01:00
07/23/2024 08:42:00 AM,5.0,2,1,5,5,1,3,3,1,1,3,DISREGARDING TRAFFIC SIGNALS,2,3,2.0,0.0,0.0,1.0,1.0,2.0,8,3,7,07/23/2024,2024-07-23,08:42:00
04/14/2024 05:42:00 PM,3.0,2,1,8,4,1,3,3,1,1,3,FAILING TO YIELD RIGHT-OF-WAY,2,3,1.0,0.0,0.0,1.0,0.0,1.0,17,1,4,04/14/2024,2024-04-14,17:42:00
03/09/2024 07:02:00 PM,7.0,2,4,5,5,1,3,3,0,1,3,FAILING TO YIELD RIGHT-OF-WAY,2,1,0.0,0.0,0.0,0.0,0.0,3.0,19,7,3,03/09/2024,2024-03-09,19:02:00
06/27/2024 07:00:00 PM,3.0,2,1,6,5,1,3,3,0,1,3,FAILING TO YIELD RIGHT-OF-WAY,2,1,0.0,0.0,0.0,0.0,0.0,2.0,19,5,6,06/27/2024,2024-06-27,19:00:00
05/11/2024 05:00:00 PM,5.0,2,1,4,4,1,3,3,0,1,3,IMPROPER OVERTAKING/PASSING,2,1,0.0,0.0,0.0,0.0,0.0,2.0,17,7,5,05/11/2024,2024-05-11,17:00:00
01/29/2024 07:00:00 PM,5.0,2,4,4,4,1,3,1,0,1,3,UNABLE TO DETERMINE,2,1,0.0,0.0,0.0,0.0,0.0,2.0,19,2,1,01/29/2024,2024-01-29,19:00:00
07/08/2024 10:42:00 AM,5.0,2,1,6,3,1,3,3,0,1,3,IMPROPER TURNING/NO SIGNAL,2,1,0.0,0.0,0.0,0.0,0.0,4.0,10,2,7,07/08/2024,2024-07-08,10:42:00
05/11/2024 01:30:00 AM,5.0,4,4,5,6,1,4,3,1,1,3,DISREGARDING TRAFFIC SIGNALS,2,3,1.0,0.0,0.0,1.0,0.0,1.0,1,7,5,05/11/2024,2024-05-11,01:30:00
04/25/2024 07:00:00 AM,7.0,3,1,5,5,1,3,3,0,1,3,FAILING TO YIELD RIGHT-OF-WAY,2,1,0.0,0.0,0.0,0.0,0.0,4.0,7,5,4,04/25/2024,2024-04-25,07:00:00
04/16/2024 02:31:00 AM,3.0,2,4,3,6,1,3,3,0,0,3,NOT APPLICABLE,2,1,0.0,0.0,0.0,0.0,0.0,4.0,2,3,4,04/16/2024,2024-04-16,02:31:00
04/29/2024 01:35:00 PM,5.0,2,1,6,4,1,3,3,1,1,3,UNABLE TO DETERMINE,2,1,0.0,0.0,0.0,0.0,0.0,3.0,13,2,4,04/29/2024,2024-04-29,13:35:00
07/25/2024 10:45:00 AM,1.0,2,1,5,5,1,3,3,1,1,2,UNABLE TO DETERMINE,2,2,2.0,0.0,0.0,0.0,2.0,3.0,10,5,7,07/25/2024,2024-07-25,10:45:00
06/16/2024 10:00:00 PM,5.0,2,4,3,10,1,3,1,1,1,3,IMPROPER OVERTAKING/PASSING,2,2,2.0,0.0,0.0,0.0,2.0,1.0,22,1,6,06/16/2024,2024-06-16,22:00:00
03/22/2024 02:45:00 PM,7.0,5,1,5,5,1,5,3,1,1,3,IMPROPER OVERTAKING/PASSING,2,1,0.0,0.0,0.0,0.0,0.0,2.0,14,6,3,03/22/2024,2024-03-22,14:45:00
03/30/2024 08:22:00 AM,5.0,2,3,6,5,1,3,3,0,1,3,DISREGARDING TRAFFIC SIGNALS,2,1,0.0,0.0,0.0,0.0,0.0,2.0,8,7,3,03/30/2024,2024-03-30,08:22:00
03/30/2024 04:23:00 PM,5.0,2,2,6,3,1,3,1,1,1,2,IMPROPER LANE USAGE,2,1,0.0,0.0,0.0,0.0,0.0,3.0,16,7,3,03/30/2024,2024-03-30,16:23:00
08/02/2024 06:25:00 AM,5.0,3,1,6,5,1,3,3,0,1,3,IMPROPER LANE USAGE,2,1,0.0,0.0,0.0,0.0,0.0,2.0,6,6,8,08/02/2024,2024-08-02,06:25:00
06/07/2024 05:00:00 PM,3.0,2,3,11,10,1,3,3,0,1,2,FAILING TO REDUCE SPEED TO AVOID CRASH,2,1,0.0,0.0,0.0,0.0,0.0,1.0,17,6,6,06/07/2024,2024-06-07,17:00:00
01/05/2024 12:40:00 PM,7.0,2,1,6,5,1,3,3,1,1,3,UNABLE TO DETERMINE,2,3,1.0,0.0,0.0,1.0,0.0,1.0,12,6,1,01/05/2024,2024-01-05,12:40:00
01/26/2024 07:20:00 AM,5.0,4,1,6,5,1,4,3,0,1,3,FAILING TO YIELD RIGHT-OF-WAY,2,1,0.0,0.0,0.0,0.0,0.0,2.0,7,6,1,01/26/2024,2024-01-26,07:20:00
01/06/2024 05:51:00 PM,5.0,5,4,5,4,1,4,3,1,1,3,DISREGARDING TRAFFIC SIGNALS,2,1,0.0,0.0,0.0,0.0,0.0,3.0,17,7,1,01/06/2024,2024-01-06,17:51:00
02/24/2024 04:30:00 PM,5.0,2,1,6,7,2,3,3,1,1,3,IMPROPER LANE USAGE,2,1,0.0,0.0,0.0,0.0,0.0,4.0,16,7,2,02/24/2024,2024-02-24,16:30:00
08/08/2024 01:00:00 PM,7.0,2,1,6,4,1,3,1,0,1,3,UNABLE TO DETERMINE,2,1,0.0,0.0,0.0,0.0,0.0,2.0,13,5,8,08/08/2024,2024-08-08,13:00:00
07/22/2024 12:30:00 PM,7.0,2,1,8,7,1,1,1,0,1,3,IMPROPER BACKING,2,1,0.0,0.0,0.0,0.0,0.0,2.0,12,2,7,07/22/2024,2024-07-22,12:30:00
03/12/2024 02:20:00 PM,5.0,2,1,5,1,1,3,3,1,1,3,"OPERATING VEHICLE IN ERRATIC, RECKLESS, CARELESS, NEGLIGENT OR AGGRESSIVE MANNER",2,2,1.0,0.0,0.0,0.0,1.0,1.0,14,3,3,03/12/2024,2024-03-12,14:20:00
05/17/2024 08:26:00 AM,2.0,2,1,3,6,1,3,3,0,0,1,IMPROPER OVERTAKING/PASSING,2,1,0.0,0.0,0.0,0.0,0.0,2.0,8,6,5,05/17/2024,2024-05-17,08:26:00
07/17/2024 10:05:00 PM,5.0,2,4,13,5,4,3,1,1,0,1,UNABLE TO DETERMINE,2,5,1.0,1.0,0.0,0.0,0.0,1.0,22,4,7,07/17/2024,2024-07-17,22:05:00
06/23/2024 07:15:00 PM,5.0,2,1,14,5,1,3,3,0,1,3,NOT APPLICABLE,2,1,0.0,0.0,0.0,0.0,0.0,4.0,19,1,6,06/23/2024,2024-06-23,19:15:00
04/24/2024 04:04:00 PM,5.0,2,1,6,6,1,3,1,0,1,3,UNABLE TO DETERMINE,2,1,0.0,0.0,0.0,0.0,0.0,2.0,16,4,4,04/24/2024,2024-04-24,16:04:00
08/04/2024 04:28:00 AM,5.0,2,3,10,5,1,3,3,1,1,3,UNABLE TO DETERMINE,2,2,1.0,0.0,0.0,0.0,1.0,2.0,4,1,8,08/04/2024,2024-08-04,04:28:00
01/01/2024 05:30:00 PM,5.0,3,3,6,7,1,3,1,0,1,3,IMPROPER TURNING/NO SIGNAL,2,1,0.0,0.0,0.0,0.0,0.0,3.0,17,2,1,01/01/2024,2024-01-01,17:30:00