crash_date,traffic_control_device,weather_condition,lighting_condition,first_crash_type,trafficway_type,alignment,roadway_surface_cond,road_defect,crash_type,intersection_related_i,damage,prim_contributory_cause,num_units,most_severe_injury,injuries_total,injuries_fatal,injuries_incapacitating,injuries_non_incapacitating,injuries_reported_not_evident,injuries_no_indication,crash_hour,crash_day_of_week,crash_month,parsed_datetime,date,time
05/28/2024 02:30:00 PM,5.0,2,1,3,5,1,3,1,0,1,3,UNABLE TO DETERMINE,2,1,0.0,0.0,0.0,0.0,0.0,2.0,14,3,5,05/28/2024,2024-05-28,14:30:00
07/21/2024 11:25:00 AM,5.0,2,1,4,5,1,1,1,0,1,2,UNABLE TO DETERMINE,2,1,0.0,0.0,0.0,0.0,0.0,2.0,11,1,7,07/21/2024,2024-07-21,11:25:00
01/17/2024 02:25:00 PM,5.0,2,1,4,4,1,1,1,1,1,3,UNABLE TO DETERMINE,2,2,1.0,0.0,0.0,0.0,1.0,1.0,14,4,1,01/17/2024,2024-01-17,14:25:00
06/06/2024 12:15:00 AM,5.0,2,4,6,4,1,3,3,0,1,3,UNABLE TO DETERMINE,2,1,0.0,0.0,0.0,0.0,0.0,2.0,0,5,6,06/06/2024,2024-06-06,00:15:00
05/25/2024 10:50:00 PM,1.0,2,3,3,5,1,3,1,0,1,2,NOT APPLICABLE,2,1,0.0,0.0,0.0,0.0,0.0,3.0,22,7,5,05/25/2024,2024-05-25,22:50:00
04/22/2024 06:40:00 AM,5.0,2,1,6,5,1,3,3,0,1,3,UNABLE TO DETERMINE,2,1,0.0,0.0,0.0,0.0,0.0,2.0,6,2,4,04/22/2024,2024-04-22,06:40:00
06/13/2024 01:01:00 PM,5.0,2,1,5,5,1,3,3,1,1,3,DISREGARDING TRAFFIC SIGNALS,2,1,0.0,0.0,0.0,0.0,0.0,2.0,13,5,6,06/13/2024,2024-06-13,13:01:00
08/10/2024 11:10:00 PM,5.0,2,4,6,14,1,3,3,1,1,3,DISREGARDING TRAFFIC SIGNALS,2,1,0.0,0.0,0.0,0.0,0.0,2.0,23,7,8,08/10/2024,2024-08-10,23:10:00
02/21/2024 10:30:00 AM,7.0,2,1,5,6,1,3,3,0,1,3,FAILING TO YIELD RIGHT-OF-WAY,2,1,0.0,0.0,0.0,0.0,0.0,2.0,10,4,2,02/21/2024,2024-02-21,10:30:00
05/28/2024 12:10:00 PM,7.0,2,1,5,6,1,3,3,0,1,3,UNABLE TO DETERMINE,2,1,0.0,0.0,0.0,0.0,0.0,2.0,12,3,5,05/28/2024,2024-05-28,12:10:00
03/01/2024 05:49:00 PM,7.0,2,4,12,5,1,3,3,1,1,3,DISTRACTION - FROM INSIDE VEHICLE,2,1,0.0,0.0,0.0,0.0,0.0,3.0,17,6,3,03/01/2024,2024-03-01,17:49:00
07/15/2024 05:20:00 AM,5.0,3,4,6,5,1,4,3,0,1,3,UNABLE TO DETERMINE,2,1,0.0,0.0,0.0,0.0,0.0,2.0,5,2,7,07/15/2024,2024-07-15,05:20:00
01/02/2024 03:20:00 PM,5.0,2,1,6,5,1,3,3,0,1,3,IMPROPER TURNING/NO SIGNAL,2,1,0.0,0.0,0.0,0.0,0.0,4.0,15,3,1,01/02/2024,2024-01-02,15:20:00
01/14/2024 10:11:00 PM,5.0,2,4,6,5,1,5,3,1,1,3,UNABLE TO DETERMINE,2,1,0.0,0.0,0.0,0.0,0.0,3.0,22,1,1,01/14/2024,2024-01-14,22:11:00
05/29/2024 03:33:00 PM,7.0,2,1,6,5,1,3,1,0,1,3,FAILING TO YIELD RIGHT-OF-WAY,2,1,0.0,0.0,0.0,0.0,0.0,4.0,15,4,5,05/29/2024,2024-05-29,15:33:00
06/12/2024 04:25:00 PM,3.0,2,1,5,10,1,1,1,0,1,3,UNABLE TO DETERMINE,2,1,0.0,0.0,0.0,0.0,0.0,2.0,16,4,6,06/12/2024,2024-06-12,16:25:00
01/25/2024 07:40:00 PM,3.0,3,4,5,4,1,3,3,0,1,3,FAILING TO YIELD RIGHT-OF-WAY,2,1,0.0,0.0,0.0,0.0,0.0,3.0,19,5,1,01/25/2024,2024-01-25,19:40:00
05/11/2024 06:58:00 PM,5.0,2,1,5,5,1,3,3,0,1,3,NOT APPLICABLE,2,1,0.0,0.0,0.0,0.0,0.0,2.0,18,7,5,05/11/2024,2024-05-11,18:58:00
02/01/2024 07:18:00 PM,5.0,2,4,5,6,1,3,3,1,1,3,DISREGARDING TRAFFIC SIGNALS,2,1,0.0,0.0,0.0,0.0,0.0,2.0,19,5,2,02/01/2024,2024-02-01,19:18:00
07/03/2024 01:56:00 PM,5.0,2,1,6,5,1,3,3,1,1,3,FAILING TO YIELD RIGHT-OF-WAY,2,3,1.0,0.0,0.0,1.0,0.0,1.0,13,4,7,07/03/2024,2024-07-03,13:56:00
03/10/2024 08:57:00 PM,5.0,2,4,4,14,1,3,3,0,1,3,FAILING TO REDUCE SPEED TO AVOID CRASH,2,1,0.0,0.0,0.0,0.0,0.0,3.0,20,1,3,03/10/2024,2024-03-10,20:57:00
08/03/2024 01:20:00 PM,5.0,2,1,14,6,1,3,1,1,1,1,FAILING TO YIELD RIGHT-OF-WAY,2,3,1.0,0.0,0.0,1.0,0.0,1.0,13,7,8,08/03/2024,2024-08-03,13:20:00
06/11/2024 11:45:00 AM,5.0,2,1,5,5,1,3,3,1,1,3,UNABLE TO DETERMINE,2,2,1.0,0.0,0.0,0.0,1.0,2.0,11,3,6,06/11/2024,2024-06-11,11:45:00
05/23/2024 03:15:00 PM,5.0,2,1,4,4,1,3,3,0,0,3,FOLLOWING TOO CLOSELY,2,1,0.0,0.0,0.0,0.0,0.0,2.0,15,5,5,05/23/2024,2024-05-23,15:15:00
05/20/2024 02:30:00 PM,5.0,2,1,4,5,1,3,3,0,1,3,FOLLOWING TOO CLOSELY,2,1,0.0,0.0,0.0,0.0,0.0,3.0,14,2,5,05/20/2024,2024-05-20,14:30:00
03/08/2024 09:50:00 AM,5.0,4,1,5,4,1,4,3,1,1,3,UNABLE TO DETERMINE,2,2,1.0,0.0,0.0,0.0,1.0,3.0,9,6,3,03/08/2024,2024-03-08,09:50:00
05/24/2024 06:30:00 PM,7.0,2,1,5,13,1,3,3,1,1,3,FAILING TO YIELD RIGHT-OF-WAY,2,2,1.0,0.0,0.0,0.0,1.0,2.0,18,6,5,05/24/2024,2024-05-24,18:30:00
02/27/2024 08:30:00 AM,3.0,2,1,3,6,1,3,3,1,0,3,IMPROPER LANE USAGE,2,1,0.0,0.0,0.0,0.0,0.0,2.0,8,3,2,02/27/2024,2024-02-27,08:30:00
05/18/2024 04:58:00 AM,5.0,2,2,6,5,1,3,3,1,1,3,UNABLE TO DETERMINE,2,3,1.0,0.0,0.0,1.0,0.0,1.0,4,7,5,05/18/2024,2024-05-18,04:58:00
02/27/2024 01:10:00 PM,7.0,2,1,5,7,1,3,3,1,1,3,"VISION OBSCURED (SIGNS, TREE LIMBS, BUILDINGS, ETC.)",2,2,2.0,0.0,0.0,0.0,2.0,1.0,13,3,2,02/27/2024,2024-02-27,13:10:00
03/16/2024 03:45:00 PM,5.0,2,1,3,5,1,3,3,0,1,2,UNABLE TO DETERMINE,2,1,0.0,0.0,0.0,0.0,0.0,2.0,15,7,3,03/16/2024,2024-03-16,15:45:00
04/07/2024 04:30:00 PM,5.0,4,1,5,5,1,4,3,0,1,2,FAILING TO YIELD RIGHT-OF-WAY,2,1,0.0,0.0,0.0,0.0,0.0,3.0,16,1,4,04/07/2024,2024-04-07,16:30:00
04/16/2024 03:15:00 PM,1.0,2,1,4,1,1,1,1,1,1,3,FOLLOWING TOO CLOSELY,2,3,1.0,0.0,0.0,1.0,0.0,1.0,15,3,4,04/16/2024,2024-04-16,15:15:00
05/28/2024 09:30:00 AM,5.0,2,1,5,5,1,3,3,1,1,3,DISREGARDING TRAFFIC SIGNALS,2,3,1.0,0.0,0.0,1.0,0.0,1.0,9,3,5,05/28/2024,2024-05-28,09:30:00
07/27/2024 11:54:00 PM,7.0,2,4,5,5,1,3,1,0,1,3,UNABLE TO DETERMINE,2,1,0.0,0.0,0.0,0.0,0.0,2.0,23,7,7,07/27/2024,2024-07-27,23:54:00
06/01/2024 09:50:00 PM,5.0,4,4,6,1,1,4,3,0,1,3,UNABLE TO DETERMINE,2,1,0.0,0.0,0.0,0.0,0.0,2.0,21,7,6,06/01/2024,2024-06-01,21:50:00
03/04/2024 08:22:00 AM,7.0,2,1,7,6,1,3,3,1,1,3,IMPROPER BACKING,2,1,0.0,0.0,0.0,0.0,0.0,2.0,8,2,3,03/04/2024,2024-03-04,08:22:00
04/26/2024 11:15:00 PM,5.0,2,4,4,5,1,3,1,0,1,3,UNABLE TO DETERMINE,2,1,0.0,0.0,0.0,0.0,0.0,2.0,23,6,4,04/26/2024,2024-04-26,23:15:00
03/17/2024 04:00:00 PM,5.0,2,1,3,6,1,3,1,0,1,3,UNABLE TO DETERMINE,2,1,0.0,0.0,0.0,0.0,0.0,2.0,16,1,3,03/17/2024,2024-03-17,16:00:00
04/23/2024 03:20:00 PM,5.0,2,1,6,3,1,3,1,0,0,3,FAILING TO YIELD RIGHT-OF-WAY,2,1,0.0,0.0,0.0,0.0,0.0,3.0,15,3,4,04/23/2024,2024-04-23,15:20:00
02/29/2024 03:50:00 PM,5.0,2,1,13,6,1,3,1,1,1,3,UNABLE TO DETERMINE,2,3,1.0,0.0,0.0,1.0,0.0,2.0,15,5,2,02/29/2024,2024-02-29,15:50:00
05/27/2024 01:54:00 PM,5.0,2,1,6,5,1,3,3,1,1,3,FAILING TO YIELD RIGHT-OF-WAY,2,1,0.0,0.0,0.0,0.0,0.0,3.0,13,2,5,05/27/2024,2024-05-27,13:54:00
01/10/2024 12:30:00 AM,5.0,4,4,12,7,1,4,1,1,1,3,EQUIPMENT - VEHICLE CONDITION,2,1,0.0,0.0,0.0,0.0,0.0,2.0,0,4,1,01/10/2024,2024-01-10,00:30:00
01/27/2024 03:15:00 PM,3.0,3,1,6,12,1,4,3,1,1,3,FAILING TO YIELD RIGHT-OF-WAY,2,1,0.0,0.0,0.0,0.0,0.0,3.0,15,7,1,01/27/2024,2024-01-27,15:15:00
02/24/2024 07:00:00 AM,5.0,2,1,5,6,1,6,3,0,1,3,DISREGARDING TRAFFIC SIGNALS,2,1,0.0,0.0,0.0,0.0,0.0,2.0,7,7,2,02/24/2024,2024-02-24,07:00:00
05/22/2024 05:57:00 PM,5.0,2,2,6,6,1,3,1,0,1,2,FAILING TO YIELD RIGHT-OF-WAY,2,1,0.0,0.0,0.0,0.0,0.0,2.0,17,4,5,05/22/2024,2024-05-22,17:57:00
06/30/2024 05:16:00 PM,7.0,2,1,6,6,1,3,3,0,1,3,FAILING TO YIELD RIGHT-OF-WAY,2,1,0.0,0.0,0.0,0.0,0.0,5.0,17,1,6,06/30/2024,2024-06-30,17:16:00
01/11/2024 07:24:00 PM,5.0,2,4,4,6,1,3,3,0,1,3,FOLLOWING TOO CLOSELY,2,1,0.0,0.0,0.0,0.0,0.0,2.0,19,5,1,01/11/2024,2024-01-11,19:24:00
03/01/2024 02:18:00 PM,7.0,3,1,10,10,1,3,3,0,1,1,DRIVING SKILLS/KNOWLEDGE/EXPERIENCE,2,1,0.0,0.0,0.0,0.0,0.0,2.0,14,6,3,03/01/2024,2024-03-01,14:18:00
05/15/2024 07:50:00 PM,5.0,2,4,3,6,1,1,3,0,1,3,IMPROPER OVERTAKING/PASSING,2,1,0.0,0.0,0.0,0.0,0.0,2.0,19,4,5,05/15/2024,2024-05-15,19:50:00
05/01/2024 09:01:00 AM,5.0,2,1,4,6,1,3,3,1,1,3,UNABLE TO DETERMINE,2,3,1.0,0.0,0.0,1.0,0.0,1.0,9,4,5,05/01/2024,2024-05-01,09:01:00
03/10/2024 12:00:00 PM,5.0,2,1,3,6,1,3,3,0,1,1,UNABLE TO DETERMINE,2,1,0.0,0.0,0.0,0.0,0.0,2.0,12,1,3,03/10/2024,2024-03-10,12:00:00
07/26/2024 08:13:00 PM,3.0,2,1,14,6,1,3,3,0,1,1,FAILING TO YIELD RIGHT-OF-WAY,2,1,0.0,0.0,0.0,0.0,0.0,2.0,20,6,7,07/26/2024,2024-07-26,20:13:00
06/18/2024 04:30:00 PM,3.0,2,1,14,16,1,3,3,1,1,1,UNABLE TO DETERMINE,2,3,1.0,0.0,0.0,1.0,0.0,1.0,16,3,6,06/18/2024,2024-06-18,16:30:00
05/13/2024 07:20:00 PM,1.0,2,1,13,3,1,1,1,0,1,3,UNABLE TO DETERMINE,2,1,0.0,0.0,0.0,0.0,0.0,2.0,19,2,5,05/13/2024,2024-05-13,19:20:00
06/21/2024 07:45:00 AM,7.0,2,1,5,5,1,3,3,0,1,3,UNABLE TO DETERMINE,2,1,0.0,0.0,0.0,0.0,0.0,2.0,7,6,6,06/21/2024,2024-06-21,07:45:00
05/14/2024 08:30:00 AM,5.0,4,2,6,4,1,3,3,0,1,2,IMPROPER TURNING/NO SIGNAL,2,1,0.0,0.0,0.0,0.0,0.0,2.0,8,3,5,05/14/2024,2024-05-14,08:30:00
07/11/2024 08:34:00 PM,5.0,2,4,6,7,1,3,3,1,1,3,ROAD CONSTRUCTION/MAINTENANCE,2,2,2.0,0.0,0.0,0.0,2.0,3.0,20,5,7,07/11/2024,2024-07-11,20:34:00
05/24/2024 07:00:00 PM,5.0,2,1,6,6,1,3,3,0,1,1,IMPROPER TURNING/NO SIGNAL,2,1,0.0,0.0,0.0,0.0,0.0,2.0,19,6,5,05/24/2024,2024-05-24,19:00:00
05/06/2024 05:40:00 PM,3.0,2,1,5,7,1,3,3,1,1,3,DRIVING SKILLS/KNOWLEDGE/EXPERIENCE,2,1,0.0,0.0,0.0,0.0,0.0,2.0,17,2,5,05/06/2024,2024-05-06,17:40:00
01/11/2024 03:45:00 PM,5.0,2,1,3,7,1,1,1,0,1,1,UNABLE TO DETERMINE,2,1,0.0,0.0,0.0,0.0,0.0,2.0,15,5,1,01/11/2024,2024-01-11,15:45:00
02/29/2024 03:20:00 PM,7.0,2,1,5,5,1,3,3,1,1,3,UNABLE TO DETERMINE,2,2,1.0,0.0,0.0,0.0,1.0,1.0,15,5,2,02/29/2024,2024-02-29,15:20:00
06/10/2024 02:10:00 PM,7.0,2,1,4,6,1,3,3,0,1,3,FOLLOWING TOO CLOSELY,2,1,0.0,0.0,0.0,0.0,0.0,3.0,14,2,6,06/10/2024,2024-06-10,14:10:00
03/17/2024 01:43:00 AM,1.0,2,4,5,5,1,3,3,1,1,3,UNABLE TO DETERMINE,2,3,1.0,0.0,0.0,1.0,0.0,4.0,1,1,3,03/17/2024,2024-03-17,01:43:00
01/20/2024 07:25:00 PM,5.0,2,4,6,6,1,1,1,0,1,3,FAILING TO REDUCE SPEED TO AVOID CRASH,2,1,0.0,0.0,0.0,0.0,0.0,3.0,19,7,1,01/20/2024,2024-01-20,19:25:00
04/22/2024 01:10:00 PM,5.0,2,1,5,5,1,3,3,1,1,3,FAILING TO YIELD RIGHT-OF-WAY,2,3,1.0,0.0,0.0,1.0,0.0,1.0,13,2,4,04/22/2024,2024-04-22,13:10:00
05/31/2024 12:32:00 PM,7.0,2,1,5,4,1,3,3,0,1,3,FAILING TO YIELD RIGHT-OF-WAY,2,1,0.0,0.0,0.0,0.0,0.0,4.0,12,6,5,05/31/2024,2024-05-31,12:32:00
07/09/2024 10:45:00 PM,5.0,4,4,6,5,1,4,1,0,1,3,UNABLE TO DETERMINE,2,1,0.0,0.0,0.0,0.0,0.0,3.0,22,3,7,07/09/2024,2024-07-09,22:45:00
05/10/2024 06:11:00 AM,5.0,2,1,6,5,1,3,3,0,1,3,IMPROPER OVERTAKING/PASSING,2,1,0.0,0.0,0.0,0.0,0.0,2.0,6,6,5,05/10/2024,2024-05-10,06:11:00
06/02/2024 03:17:00 PM,5.0,2,1,6,1,1,3,1,1,1,3,IMPROPER TURNING/NO SIGNAL,2,2,1.0,0.0,0.0,0.0,1.0,1.0,15,1,6,06/02/2024,2024-06-02,15:17:00
03/19/2024 07:54:00 AM,7.0,2,1,6,10,1,3,3,0,1,3,IMPROPER TURNING/NO SIGNAL,2,1,0.0,0.0,0.0,0.0,0.0,3.0,7,3,3,03/19/2024,2024-03-19,07:54:00
06/26/2024 08:00:00 AM,7.0,2,1,5,7,1,3,3,0,1,3,DRIVING SKILLS/KNOWLEDGE/EXPERIENCE,2,1,0.0,0.0,0.0,0.0,0.0,2.0,8,4,6,06/26/2024,2024-06-26,08:00:00
01/29/2024 10:12:00 PM,5.0,2,4,4,5,1,3,3,0,1,1,UNABLE TO DETERMINE,2,1,0.0,0.0,0.0,0.0,0.0,2.0,22,2,1,01/29/2024,2024-01-29,22:12:00
05/03/2024 07:00:00 AM,5.0,2,1,6,3,1,4,3,0,1,3,IMPROPER OVERTAKING/PASSING,2,1,0.0,0.0,0.0,0.0,0.0,2.0,7,6,5,05/03/2024,2024-05-03,07:00:00
08/07/2024 02:16:00 PM,5.0,2,1,6,5,1,3,1,0,1,3,UNABLE TO DETERMINE,2,1,0.0,0.0,0.0,0.0,0.0,2.0,14,4,8,08/07/2024,2024-08-07,14:16:00
06/15/2024 10:05:00 AM,5.0,2,1,6,7,1,3,3,1,1,3,FAILING TO REDUCE SPEED TO AVOID CRASH,2,1,0.0,0.0,0.0,0.0,0.0,3.0,10,7,6,06/15/2024,2024-06-15,10:05:00
05/17/2024 04:10:00 PM,5.0,2,1,6,5,1,3,3,0,1,3,IMPROPER TURNING/NO SIGNAL,2,1,0.0,0.0,0.0,0.0,0.0,2.0,16,6,5,05/17/2024,2024-05-17,16:10:00
02/13/2024 12:30:00 PM,5.0,2,1,6,5,1,3,3,1,1,2,UNABLE TO DETERMINE,2,3,2.0,0.0,0.0,2.0,0.0,1.0,12,3,2,02/13/2024,2024-02-13,12:30:00
06/28/2024 03:13:00 PM,7.0,2,1,14,5,1,4,1,1,1,1,FAILING TO YIELD RIGHT-OF-WAY,2,3,1.0,0.0,0.0,1.0,0.0,1.0,15,6,6,06/28/2024,2024-06-28,15:13:00
02/15/2024 06:30:00 PM,5.0,2,4,6,6,1,3,3,0,1,3,UNABLE TO DETERMINE,2,1,0.0,0.0,0.0,0.0,0.0,3.0,18,5,2,02/15/2024,2024-02-15,18:30:00
01/19/2024 07:10:00 PM,5.0,2,4,6,4,1,5,3,0,1,3,IMPROPER OVERTAKING/PASSING,2,1,0.0,0.0,0.0,0.0,0.0,2.0,19,6,1,01/19/2024,2024-01-19,19:10:00
01/09/2024 08:21:00 AM,5.0,4,1,14,5,1,4,3,1,1,1,UNABLE TO DETERMINE,2,3,1.0,0.0,0.0,1.0,0.0,1.0,8,3,1,01/09/2024,2024-01-09,08:21:00
02/15/2024 10:20:00 AM,7.0,2,1,3,10,1,3,3,0,1,3,IMPROPER OVERTAKING/PASSING,2,1,0.0,0.0,0.0,0.0,0.0,2.0,10,5,2,02/15/2024,2024-02-15,10:20:00
07/02/2024 04:29:00 PM,5.0,2,1,6,5,1,3,3,0,1,3,FAILING TO REDUCE SPEED TO AVOID CRASH,2,1,0.0,0.0,0.0,0.0,0.0,6.0,16,3,7,07/02/2024,2024-07-02,16:29:00
06/22/2024 11:30:00 PM,5.0,4,4,4,5,1,4,3,0,1,3,UNABLE TO DETERMINE,2,1,0.0,0.0,0.0,0.0,0.0,4.0,23,7,6,06/22/2024,2024-06-22,23:30:00
04/20/2024 08:49:00 AM,5.0,2,1,6,4,1,3,3,1,1,3,DISREGARDING TRAFFIC SIGNALS,2,1,0.0,0.0,0.0,0.0,0.0,2.0,8,7,4,04/20/2024,2024-04-20,08:49:00
02/19/2024 06:50:00 AM,5.0,3,1,3,4,1,3,3,0,1,2,IMPROPER OVERTAKING/PASSING,2,1,0.0,0.0,0.0,0.0,0.0,3.0,6,2,2,02/19/2024,2024-02-19,06:50:00
06/03/2024 12:34:00 PM,5.0,2,1,6,7,1,3,1,1,1,3,NOT APPLICABLE,2,2,1.0,0.0,0.0,0.0,1.0,3.0,12,2,6,06/03/2024,2024-06-03,12:34:00
05/23/2024 08:31:00 AM,7.0,2,1,5,5,1,3,3,1,1,3,FAILING TO YIELD RIGHT-OF-WAY,2,1,0.0,0.0,0.0,0.0,0.0,2.0,8,5,5,05/23/2024,2024-05-23,08:31:00
06/08/2024 03:00:00 PM,5.0,2,2,3,18,1,3,3,0,0,1,IMPROPER LANE USAGE,2,1,0.0,0.0,0.0,0.0,0.0,2.0,15,7,6,06/08/2024,2024-06-08,15:00:00
05/22/2024 07:39:00 PM,5.0,2,4,6,6,1,3,3,1,1,3,IMPROPER TURNING/NO SIGNAL,2,2,2.0,0.0,0.0,0.0,2.0,1.0,19,4,5,05/22/2024,2024-05-22,19:39:00
06/20/2024 01:37:00 PM,5.0,2,1,5,3,1,1,1,0,1,3,FAILING TO YIELD RIGHT-OF-WAY,2,1,0.0,0.0,0.0,0.0,0.0,2.0,13,5,6,06/20/2024,2024-06-20,13:37:00
03/10/2024 08:30:00 AM,7.0,2,1,6,6,1,3,3,0,1,3,IMPROPER TURNING/NO SIGNAL,2,1,0.0,0.0,0.0,0.0,0.0,2.0,8,1,3,03/10/2024,2024-03-10,08:30:00
04/27/2024 10:30:00 AM,5.0,2,1,6,6,1,3,3,0,1,3,DISTRACTION - FROM OUTSIDE VEHICLE,2,1,0.0,0.0,0.0,0.0,0.0,2.0,10,7,4,04/27/2024,2024-04-27,10:30:00
06/23/2024 06:00:00 PM,7.0,2,1,14,13,1,3,3,1,1,1,UNABLE TO DETERMINE,2,2,1.0,0.0,0.0,0.0,1.0,2.0,18,1,6,06/23/2024,2024-06-23,18:00:00
04/22/2024 07:55:00 AM,5.0,2,1,3,6,1,3,3,0,1,3,FAILING TO YIELD RIGHT-OF-WAY,2,1,0.0,0.0,0.0,0.0,0.0,2.0,7,2,4,04/22/2024,2024-04-22,07:55:00
01/30/2024 07:10:00 PM,5.0,2,4,5,5,1,4,1,1,1,3,DISREGARDING TRAFFIC SIGNALS,2,2,1.0,0.0,0.0,0.0,1.0,3.0,19,3,1,01/30/2024,2024-01-30,19:10:00
06/22/2024 11:47:00 AM,5.0,2,1,8,5,1,3,3,0,1,3,IMPROPER BACKING,2,1,0.0,0.0,0.0,0.0,0.0,2.0,11,7,6,06/22/2024,2024-06-22,11:47:00
02/22/2024 11:45:00 AM,5.0,2,1,4,6,1,1,1,0,1,2,UNABLE TO DETERMINE,2,1,0.0,0.0,0.0,0.0,0.0,2.0,11,5,2,02/22/2024,2024-02-22,11:45:00
03/21/2024 06:40:00 PM,7.0,2,1,9,5,1,3,1,1,1,3,UNABLE TO DETERMINE,2,1,0.0,0.0,0.0,0.0,0.0,2.0,18,5,3,03/21/2024,2024-03-21,18:40:00
02/25/2024 01:20:00 AM,5.0,2,4,4,6,1,3,3,1,0,3,UNABLE TO DETERMINE,2,1,0.0,0.0,0.0,0.0,0.0,5.0,1,1,2,02/25/2024,2024-02-25,01:20:00
07/16/2024 10:44:00 PM,5.0,2,4,6,7,1,1,1,0,1,3,IMPROPER OVERTAKING/PASSING,2,1,0.0,0.0,0.0,0.0,0.0,2.0,22,3,7,07/16/2024,2024-07-16,22:44:00
08/03/2024 04:30:00 PM,5.0,2,1,4,4,2,3,3,0,1,1,NOT APPLICABLE,2,1,0.0,0.0,0.0,0.0,0.0,2.0,16,7,8,08/03/2024,2024-08-03,16:30:00
08/12/2024 02:30:00 PM,7.0,2,1,4,6,1,3,3,0,1,2,FOLLOWING TOO CLOSELY,2,1,0.0,0.0,0.0,0.0,0.0,2.0,14,2,8,08/12/2024,2024-08-12,14:30:00
04/30/2024 05:56:00 PM,3.0,2,1,4,6,1,3,3,0,1,3,FOLLOWING TOO CLOSELY,2,1,0.0,0.0,0.0,0.0,0.0,4.0,17,3,4,04/30/2024,2024-04-30,17:56:00
06/19/2024 09:00:00 PM,9.0,2,5,6,3,1,3,3,0,1,3,DRIVING SKILLS/KNOWLEDGE/EXPERIENCE,2,1,0.0,0.0,0.0,0.0,0.0,2.0,21,4,6,06/19/2024,2024-06-19,21:00:00
08/10/2024 10:10:00 AM,5.0,2,1,6,6,1,3,3,0,1,3,IMPROPER LANE USAGE,2,1,0.0,0.0,0.0,0.0,0.0,2.0,10,7,8,08/10/2024,2024-08-10,10:10:00
02/14/2024 04:19:00 PM,3.0,2,1,5,5,1,3,3,0,1,3,DISREGARDING TRAFFIC SIGNALS,2,1,0.0,0.0,0.0,0.0,0.0,2.0,16,4,2,02/14/2024,2024-02-14,16:19:00
07/08/2024 11:10:00 AM,5.0,2,1,10,7,1,3,3,0,1,3,UNABLE TO DETERMINE,2,1,0.0,0.0,0.0,0.0,0.0,2.0,11,2,7,07/08/2024,2024-07-08,11:10:00
03/19/2024 12:15:00 PM,5.0,2,1,5,7,1,3,1,1,1,2,UNABLE TO DETERMINE,2,1,0.0,0.0,0.0,0.0,0.0,2.0,12,3,3,03/19/2024,2024-03-19,12:15:00
03/18/2024 07:35:00 AM,5.0,2,1,6,5,1,3,3,0,1,2,UNABLE TO DETERMINE,2,1,0.0,0.0,0.0,0.0,0.0,2.0,7,2,3,03/18/2024,2024-03-18,07:35:00
02/12/2024 06:30:00 AM,5.0,2,1,4,5,1,3,3,0,0,3,FAILING TO REDUCE SPEED TO AVOID CRASH,2,1,0.0,0.0,0.0,0.0,0.0,2.0,6,2,2,02/12/2024,2024-02-12,06:30:00
02/14/2024 08:11:00 AM,5.0,2,1,6,5,1,3,3,1,1,3,FAILING TO YIELD RIGHT-OF-WAY,2,2,1.0,0.0,0.0,0.0,1.0,1.0,8,4,2,02/14/2024,2024-02-14,08:11:00
01/13/2024 10:10:00 AM,5.0,5,1,4,6,1,5,1,1,1,3,WEATHER,2,1,0.0,0.0,0.0,0.0,0.0,3.0,10,7,1,01/13/2024,2024-01-13,10:10:00
08/12/2024 02:20:00 PM,5.0,2,1,6,5,1,3,1,0,1,3,UNABLE TO DETERMINE,2,1,0.0,0.0,0.0,0.0,0.0,2.0,14,2,8,08/12/2024,2024-08-12,14:20:00
02/24/2024 06:10:00 PM,7.0,2,1,6,7,1,1,3,0,1,3,UNABLE TO DETERMINE,2,1,0.0,0.0,0.0,0.0,0.0,5.0,18,7,2,02/24/2024,2024-02-24,18:10:00
04/08/2024 01:03:00 AM,5.0,2,4,3,5,1,3,3,0,1,3,IMPROPER BACKING,2,1,0.0,0.0,0.0,0.0,0.0,2.0,1,2,4,04/08/2024,2024-04-08,01:03:00
03/13/2024 01:05:00 PM,5.0,2,1,3,13,1,3,3,0,0,3,IMPROPER OVERTAKING/PASSING,2,1,0.0,0.0,0.0,0.0,0.0,3.0,13,4,3,03/13/2024,2024-03-13,13:05:00
03/11/2024 08:41:00 AM,7.0,2,1,6,6,1,1,1,0,1,3,IMPROPER OVERTAKING/PASSING,2,1,0.0,0.0,0.0,0.0,0.0,2.0,8,2,3,03/11/2024,2024-03-11,08:41:00
06/15/2024 04:46:00 PM,7.0,2,1,5,6,1,3,3,1,1,3,FAILING TO YIELD RIGHT-OF-WAY,2,1,0.0,0.0,0.0,0.0,0.0,2.0,16,7,6,06/15/2024,2024-06-15,16:46:00
05/31/2024 06:40:00 AM,5.0,2,1,6,5,1,3,3,0,1,2,IMPROPER TURNING/NO SIGNAL,2,1,0.0,0.0,0.0,0.0,0.0,2.0,6,6,5,05/31/2024,2024-05-31,06:40:00
04/22/2024 03:44:00 PM,7.0,2,1,5,6,1,3,3,0,1,3,FAILING TO YIELD RIGHT-OF-WAY,2,1,0.0,0.0,0.0,0.0,0.0,2.0,15,2,4,04/22/2024,2024-04-22,15:44:00
06/25/2024 08:08:00 AM,3.0,4,1,6,6,1,4,1,1,0,3,IMPROPER TURNING/NO SIGNAL,2,1,0.0,0.0,0.0,0.0,0.0,8.0,8,3,6,06/25/2024,2024-06-25,08:08:00