crash_date,traffic_control_device,weather_condition,lighting_condition,first_crash_type,trafficway_type,alignment,roadway_surface_cond,road_defect,crash_type,intersection_related_i,damage,prim_contributory_cause,num_units,most_severe_injury,injuries_total,injuries_fatal,injuries_incapacitating,injuries_non_incapacitating,injuries_reported_not_evident,injuries_no_indication,crash_hour,crash_day_of_week,crash_month,parsed_datetime,date,time
04/01/2024 04:04:00 PM,5.0,4,1,6,5,1,4,3,0,1,2,FAILING TO YIELD RIGHT-OF-WAY,2,1,0.0,0.0,0.0,0.0,0.0,2.0,16,2,4,04/01/2024,2024-04-01,16:04:00
06/09/2024 09:40:00 AM,5.0,2,1,5,5,1,3,3,1,1,3,UNABLE TO DETERMINE,2,1,0.0,0.0,0.0,0.0,0.0,3.0,9,1,6,06/09/2024,2024-06-09,09:40:00
04/25/2024 06:30:00 PM,5.0,2,1,6,4,1,3,1,1,1,3,UNABLE TO DETERMINE,2,3,2.0,0.0,0.0,1.0,1.0,1.0,18,5,4,04/25/2024,2024-04-25,18:30:00
05/13/2024 11:07:00 AM,5.0,2,1,4,4,1,3,3,0,1,2,FOLLOWING TOO CLOSELY,2,1,0.0,0.0,0.0,0.0,0.0,2.0,11,2,5,05/13/2024,2024-05-13,11:07:00
07/26/2024 02:30:00 PM,3.0,2,1,4,4,1,3,3,0,1,2,FOLLOWING TOO CLOSELY,2,1,0.0,0.0,0.0,0.0,0.0,2.0,14,6,7,07/26/2024,2024-07-26,14:30:00
07/03/2024 03:21:00 PM,3.0,2,1,6,6,1,3,3,1,1,1,UNABLE TO DETERMINE,2,2,1.0,0.0,0.0,0.0,1.0,3.0,15,4,7,07/03/2024,2024-07-03,15:21:00
04/12/2024 06:00:00 PM,7.0,2,1,5,5,1,1,1,0,1,3,FAILING TO YIELD RIGHT-OF-WAY,2,1,0.0,0.0,0.0,0.0,0.0,2.0,18,6,4,04/12/2024,2024-04-12,18:00:00
06/04/2024 12:51:00 PM,5.0,2,1,6,3,4,3,3,0,1,2,IMPROPER OVERTAKING/PASSING,2,1,0.0,0.0,0.0,0.0,0.0,2.0,12,3,6,06/04/2024,2024-06-04,12:51:00
02/25/2024 08:08:00 AM,5.0,2,1,4,4,1,1,3,1,1,3,UNABLE TO DETERMINE,2,4,2.0,0.0,1.0,0.0,1.0,2.0,8,1,2,02/25/2024,2024-02-25,08:08:00
02/15/2024 11:46:00 PM,7.0,2,4,6,5,1,3,3,0,1,3,UNABLE TO DETERMINE,2,1,0.0,0.0,0.0,0.0,0.0,2.0,23,5,2,02/15/2024,2024-02-15,23:46:00
01/16/2024 02:50:00 PM,5.0,2,1,13,6,1,3,1,1,1,1,UNABLE TO DETERMINE,2,4,1.0,0.0,1.0,0.0,0.0,1.0,14,3,1,01/16/2024,2024-01-16,14:50:00
08/08/2024 05:11:00 PM,5.0,2,1,5,4,1,1,1,0,1,3,IMPROPER OVERTAKING/PASSING,2,1,0.0,0.0,0.0,0.0,0.0,2.0,17,5,8,08/08/2024,2024-08-08,17:11:00
06/08/2024 10:55:00 AM,5.0,2,1,5,5,1,3,3,1,1,3,FAILING TO REDUCE SPEED TO AVOID CRASH,2,4,2.0,0.0,1.0,1.0,0.0,3.0,10,7,6,06/08/2024,2024-06-08,10:55:00
04/24/2024 09:52:00 AM,7.0,2,1,5,6,1,3,3,1,1,3,UNABLE TO DETERMINE,2,2,1.0,0.0,0.0,0.0,1.0,1.0,9,4,4,04/24/2024,2024-04-24,09:52:00
05/03/2024 06:29:00 PM,3.0,2,1,6,6,1,3,3,0,1,3,FAILING TO YIELD RIGHT-OF-WAY,2,1,0.0,0.0,0.0,0.0,0.0,2.0,18,6,5,05/03/2024,2024-05-03,18:29:00
01/21/2024 12:00:00 PM,3.0,2,1,4,6,2,1,3,0,0,3,FAILING TO REDUCE SPEED TO AVOID CRASH,2,1,0.0,0.0,0.0,0.0,0.0,2.0,12,1,1,01/21/2024,2024-01-21,12:00:00
02/15/2024 10:20:00 AM,7.0,3,1,5,10,1,3,3,1,1,3,DISREGARDING STOP SIGN,2,2,1.0,0.0,0.0,0.0,1.0,3.0,10,5,2,02/15/2024,2024-02-15,10:20:00
02/07/2024 06:55:00 PM,5.0,2,4,6,6,1,3,3,1,1,3,FAILING TO REDUCE SPEED TO AVOID CRASH,2,3,1.0,0.0,0.0,1.0,0.0,1.0,18,4,2,02/07/2024,2024-02-07,18:55:00
06/12/2024 09:19:00 PM,5.0,2,4,5,5,1,3,3,0,1,3,DISREGARDING TRAFFIC SIGNALS,2,1,0.0,0.0,0.0,0.0,0.0,2.0,21,4,6,06/12/2024,2024-06-12,21:19:00
04/13/2024 12:14:00 AM,5.0,2,4,6,3,1,3,3,1,1,3,DISREGARDING TRAFFIC SIGNALS,2,2,2.0,0.0,0.0,0.0,2.0,2.0,0,7,4,04/13/2024,2024-04-13,00:14:00
07/20/2024 08:10:00 PM,3.0,2,3,6,5,1,1,3,1,1,3,FAILING TO YIELD RIGHT-OF-WAY,2,3,2.0,0.0,0.0,1.0,1.0,0.0,20,7,7,07/20/2024,2024-07-20,20:10:00
06/14/2024 06:30:00 AM,5.0,2,1,4,5,1,3,3,0,1,3,FOLLOWING TOO CLOSELY,2,1,0.0,0.0,0.0,0.0,0.0,2.0,6,6,6,06/14/2024,2024-06-14,06:30:00
02/05/2024 10:43:00 AM,5.0,2,1,3,6,1,3,3,0,1,3,RELATED TO BUS STOP,2,1,0.0,0.0,0.0,0.0,0.0,2.0,10,2,2,02/05/2024,2024-02-05,10:43:00
06/05/2024 06:00:00 PM,5.0,2,1,6,4,1,3,3,1,1,3,DISREGARDING TRAFFIC SIGNALS,2,2,1.0,0.0,0.0,0.0,1.0,2.0,18,4,6,06/05/2024,2024-06-05,18:00:00
05/01/2024 06:43:00 PM,5.0,2,1,14,6,1,3,3,0,1,1,FAILING TO YIELD RIGHT-OF-WAY,2,1,0.0,0.0,0.0,0.0,0.0,2.0,18,4,5,05/01/2024,2024-05-01,18:43:00
06/10/2024 02:45:00 PM,5.0,2,1,6,5,1,3,3,0,1,2,IMPROPER TURNING/NO SIGNAL,2,1,0.0,0.0,0.0,0.0,0.0,2.0,14,2,6,06/10/2024,2024-06-10,14:45:00
07/16/2024 06:00:00 PM,3.0,2,1,5,5,1,1,1,0,1,2,NOT APPLICABLE,2,1,0.0,0.0,0.0,0.0,0.0,2.0,18,3,7,07/16/2024,2024-07-16,18:00:00
01/24/2024 06:34:00 PM,7.0,7,4,13,5,1,4,3,1,1,3,UNABLE TO DETERMINE,2,3,1.0,0.0,0.0,1.0,0.0,1.0,18,4,1,01/24/2024,2024-01-24,18:34:00
03/31/2024 01:37:00 AM,5.0,2,4,5,5,1,3,3,1,1,3,DISREGARDING TRAFFIC SIGNALS,2,1,0.0,0.0,0.0,0.0,0.0,4.0,1,1,3,03/31/2024,2024-03-31,01:37:00
07/19/2024 05:45:00 PM,7.0,2,1,6,6,1,3,3,0,1,3,UNABLE TO DETERMINE,2,1,0.0,0.0,0.0,0.0,0.0,2.0,17,6,7,07/19/2024,2024-07-19,17:45:00
06/13/2024 08:30:00 AM,5.0,2,1,6,5,1,3,2,1,1,3,IMPROPER TURNING/NO SIGNAL,2,2,1.0,0.0,0.0,0.0,1.0,2.0,8,5,6,06/13/2024,2024-06-13,08:30:00
05/01/2024 04:25:00 PM,5.0,2,1,4,4,1,3,3,1,0,3,FOLLOWING TOO CLOSELY,2,1,0.0,0.0,0.0,0.0,0.0,2.0,16,4,5,05/01/2024,2024-05-01,16:25:00
06/11/2024 12:40:00 PM,7.0,2,1,6,5,1,3,3,0,1,3,IMPROPER TURNING/NO SIGNAL,2,1,0.0,0.0,0.0,0.0,0.0,2.0,12,3,6,06/11/2024,2024-06-11,12:40:00
05/01/2024 08:44:00 AM,5.0,2,1,3,4,1,3,3,0,1,3,IMPROPER LANE USAGE,2,1,0.0,0.0,0.0,0.0,0.0,2.0,8,4,5,05/01/2024,2024-05-01,08:44:00
04/29/2024 09:30:00 AM,5.0,3,1,4,3,1,4,3,0,1,2,FOLLOWING TOO CLOSELY,2,1,0.0,0.0,0.0,0.0,0.0,2.0,9,2,4,04/29/2024,2024-04-29,09:30:00
04/01/2024 08:45:00 PM,3.0,4,4,14,4,1,4,3,1,1,1,NOT APPLICABLE,2,3,1.0,0.0,0.0,1.0,0.0,1.0,20,2,4,04/01/2024,2024-04-01,20:45:00
06/24/2024 01:50:00 PM,5.0,2,1,6,5,1,3,3,0,1,3,FAILING TO YIELD RIGHT-OF-WAY,2,1,0.0,0.0,0.0,0.0,0.0,2.0,13,2,6,06/24/2024,2024-06-24,13:50:00
04/11/2024 07:20:00 AM,5.0,4,1,3,5,1,4,3,0,1,1,UNABLE TO DETERMINE,2,1,0.0,0.0,0.0,0.0,0.0,2.0,7,5,4,04/11/2024,2024-04-11,07:20:00
03/03/2024 12:56:00 PM,1.0,2,1,3,5,1,1,1,0,1,3,UNABLE TO DETERMINE,2,1,0.0,0.0,0.0,0.0,0.0,2.0,12,1,3,03/03/2024,2024-03-03,12:56:00
01/19/2024 08:55:00 AM,5.0,5,1,6,5,1,5,3,1,1,1,WEATHER,2,2,1.0,0.0,0.0,0.0,1.0,2.0,8,6,1,01/19/2024,2024-01-19,08:55:00
06/22/2024 07:24:00 PM,7.0,2,3,5,5,1,3,1,1,1,3,UNABLE TO DETERMINE,2,2,1.0,0.0,0.0,0.0,1.0,1.0,19,7,6,06/22/2024,2024-06-22,19:24:00
06/08/2024 12:10:00 PM,5.0,2,1,4,5,1,3,3,0,1,3,UNABLE TO DETERMINE,2,1,0.0,0.0,0.0,0.0,0.0,3.0,12,7,6,06/08/2024,2024-06-08,12:10:00
05/05/2024 11:50:00 PM,5.0,2,4,5,5,1,3,3,1,1,3,FAILING TO YIELD RIGHT-OF-WAY,2,3,1.0,0.0,0.0,1.0,0.0,3.0,23,1,5,05/05/2024,2024-05-05,23:50:00
02/10/2024 10:04:00 AM,7.0,2,1,5,5,1,3,1,1,1,3,DISREGARDING YIELD SIGN,2,1,0.0,0.0,0.0,0.0,0.0,2.0,10,7,2,02/10/2024,2024-02-10,10:04:00
05/21/2024 07:48:00 AM,1.0,2,1,3,1,1,1,1,0,1,2,UNABLE TO DETERMINE,2,1,0.0,0.0,0.0,0.0,0.0,2.0,7,3,5,05/21/2024,2024-05-21,07:48:00
01/25/2024 02:39:00 AM,5.0,8,4,6,5,1,4,3,1,1,3,FAILING TO YIELD RIGHT-OF-WAY,2,2,2.0,0.0,0.0,0.0,2.0,0.0,2,5,1,01/25/2024,2024-01-25,02:39:00
05/01/2024 08:31:00 AM,5.0,2,1,6,3,1,3,3,1,1,3,UNABLE TO DETERMINE,2,3,1.0,0.0,0.0,1.0,0.0,1.0,8,4,5,05/01/2024,2024-05-01,08:31:00
03/19/2024 05:12:00 PM,5.0,2,1,4,1,1,3,3,1,1,3,FOLLOWING TOO CLOSELY,2,2,1.0,0.0,0.0,0.0,1.0,3.0,17,3,3,03/19/2024,2024-03-19,17:12:00
06/09/2024 03:00:00 PM,5.0,2,1,4,4,1,3,5,0,1,1,FAILING TO REDUCE SPEED TO AVOID CRASH,2,1,0.0,0.0,0.0,0.0,0.0,2.0,15,1,6,06/09/2024,2024-06-09,15:00:00
07/14/2024 12:52:00 AM,5.0,4,4,5,7,1,4,1,1,1,3,DISREGARDING TRAFFIC SIGNALS,2,2,2.0,0.0,0.0,0.0,2.0,3.0,0,1,7,07/14/2024,2024-07-14,00:52:00
01/30/2024 10:30:00 PM,5.0,2,4,4,6,1,3,3,1,1,3,FAILING TO REDUCE SPEED TO AVOID CRASH,2,1,0.0,0.0,0.0,0.0,0.0,2.0,22,3,1,01/30/2024,2024-01-30,22:30:00
02/23/2024 02:50:00 PM,3.0,2,1,6,6,1,1,1,0,1,3,FAILING TO YIELD RIGHT-OF-WAY,2,1,0.0,0.0,0.0,0.0,0.0,4.0,14,6,2,02/23/2024,2024-02-23,14:50:00
06/10/2024 02:00:00 AM,5.0,4,4,3,5,1,4,3,0,1,3,UNABLE TO DETERMINE,2,1,0.0,0.0,0.0,0.0,0.0,6.0,2,2,6,06/10/2024,2024-06-10,02:00:00
04/13/2024 12:18:00 AM,5.0,2,5,6,6,1,3,3,0,1,1,IMPROPER LANE USAGE,2,1,0.0,0.0,0.0,0.0,0.0,4.0,0,7,4,04/13/2024,2024-04-13,00:18:00
06/17/2024 09:10:00 AM,5.0,2,1,5,14,1,3,3,1,1,3,DISREGARDING TRAFFIC SIGNALS,2,3,2.0,0.0,0.0,2.0,0.0,0.0,9,2,6,06/17/2024,2024-06-17,09:10:00
03/06/2024 11:00:00 AM,9.0,2,1,5,6,1,3,3,1,1,3,UNABLE TO DETERMINE,2,2,1.0,0.0,0.0,0.0,1.0,3.0,11,4,3,03/06/2024,2024-03-06,11:00:00
06/11/2024 09:45:00 AM,5.0,2,1,6,7,1,3,3,0,1,2,UNABLE TO DETERMINE,2,1,0.0,0.0,0.0,0.0,0.0,4.0,9,3,6,06/11/2024,2024-06-11,09:45:00
05/19/2024 09:00:00 AM,3.0,2,1,4,15,1,3,1,0,0,3,FAILING TO YIELD RIGHT-OF-WAY,2,1,0.0,0.0,0.0,0.0,0.0,2.0,9,1,5,05/19/2024,2024-05-19,09:00:00
04/03/2024 05:30:00 PM,5.0,2,1,4,5,1,3,3,0,1,3,FOLLOWING TOO CLOSELY,2,1,0.0,0.0,0.0,0.0,0.0,2.0,17,4,4,04/03/2024,2024-04-03,17:30:00
06/22/2024 03:58:00 PM,5.0,2,1,6,6,1,3,3,0,1,3,FAILING TO YIELD RIGHT-OF-WAY,2,1,0.0,0.0,0.0,0.0,0.0,7.0,15,7,6,06/22/2024,2024-06-22,15:58:00
02/22/2024 03:46:00 PM,2.0,2,1,6,6,1,3,3,0,1,3,UNABLE TO DETERMINE,2,1,0.0,0.0,0.0,0.0,0.0,2.0,15,5,2,02/22/2024,2024-02-22,15:46:00
03/03/2024 12:30:00 PM,5.0,2,1,6,5,1,3,3,1,1,3,UNABLE TO DETERMINE,2,1,0.0,0.0,0.0,0.0,0.0,2.0,12,1,3,03/03/2024,2024-03-03,12:30:00
08/10/2024 06:30:00 AM,5.0,2,1,6,13,1,3,3,0,1,2,FAILING TO YIELD RIGHT-OF-WAY,2,1,0.0,0.0,0.0,0.0,0.0,2.0,6,7,8,08/10/2024,2024-08-10,06:30:00
06/20/2024 03:50:00 PM,7.0,2,1,5,4,1,3,3,0,1,3,DISTRACTION - FROM INSIDE VEHICLE,2,1,0.0,0.0,0.0,0.0,0.0,2.0,15,5,6,06/20/2024,2024-06-20,15:50:00
01/23/2024 08:10:00 AM,5.0,4,1,6,6,1,6,1,0,1,2,UNABLE TO DETERMINE,2,1,0.0,0.0,0.0,0.0,0.0,3.0,8,3,1,01/23/2024,2024-01-23,08:10:00
05/06/2024 11:40:00 AM,5.0,2,1,6,5,1,3,3,0,1,3,DRIVING ON WRONG SIDE/WRONG WAY,2,1,0.0,0.0,0.0,0.0,0.0,2.0,11,2,5,05/06/2024,2024-05-06,11:40:00
05/13/2024 06:34:00 PM,3.0,2,1,4,10,1,4,3,1,0,3,UNABLE TO DETERMINE,2,2,1.0,0.0,0.0,0.0,1.0,1.0,18,2,5,05/13/2024,2024-05-13,18:34:00
04/07/2024 10:15:00 PM,5.0,2,5,6,6,1,3,3,0,1,3,IMPROPER TURNING/NO SIGNAL,2,1,0.0,0.0,0.0,0.0,0.0,3.0,22,1,4,04/07/2024,2024-04-07,22:15:00
07/12/2024 08:56:00 PM,7.0,2,4,6,5,1,3,1,1,1,3,IMPROPER TURNING/NO SIGNAL,2,3,1.0,0.0,0.0,1.0,0.0,1.0,20,6,7,07/12/2024,2024-07-12,20:56:00
07/31/2024 11:58:00 AM,5.0,2,1,5,5,1,3,7,1,1,3,NOT APPLICABLE,2,3,2.0,0.0,0.0,2.0,0.0,1.0,11,4,7,07/31/2024,2024-07-31,11:58:00
03/12/2024 05:05:00 PM,5.0,2,1,6,5,1,3,1,1,1,3,FAILING TO YIELD RIGHT-OF-WAY,2,4,1.0,0.0,1.0,0.0,0.0,1.0,17,3,3,03/12/2024,2024-03-12,17:05:00
07/03/2024 03:00:00 PM,5.0,2,1,4,5,1,3,3,0,1,3,FOLLOWING TOO CLOSELY,2,1,0.0,0.0,0.0,0.0,0.0,2.0,15,4,7,07/03/2024,2024-07-03,15:00:00
05/22/2024 05:30:00 PM,5.0,2,1,4,4,1,3,3,0,1,3,FOLLOWING TOO CLOSELY,2,1,0.0,0.0,0.0,0.0,0.0,2.0,17,4,5,05/22/2024,2024-05-22,17:30:00
04/18/2024 11:38:00 AM,3.0,2,1,5,16,1,3,3,0,1,2,UNABLE TO DETERMINE,2,1,0.0,0.0,0.0,0.0,0.0,2.0,11,5,4,04/18/2024,2024-04-18,11:38:00
05/14/2024 01:25:00 PM,7.0,2,1,6,4,1,3,3,1,1,3,FAILING TO YIELD RIGHT-OF-WAY,2,3,1.0,0.0,0.0,1.0,0.0,2.0,13,3,5,05/14/2024,2024-05-14,13:25:00
03/14/2024 07:15:00 AM,5.0,4,1,3,5,1,1,1,0,1,3,UNABLE TO DETERMINE,2,1,0.0,0.0,0.0,0.0,0.0,2.0,7,5,3,03/14/2024,2024-03-14,07:15:00
06/20/2024 07:44:00 PM,5.0,4,1,4,6,1,4,3,1,1,3,FOLLOWING TOO CLOSELY,2,2,1.0,0.0,0.0,0.0,1.0,3.0,19,5,6,06/20/2024,2024-06-20,19:44:00
03/08/2024 07:15:00 PM,7.0,4,4,5,5,1,4,3,0,1,2,UNABLE TO DETERMINE,2,1,0.0,0.0,0.0,0.0,0.0,8.0,19,6,3,03/08/2024,2024-03-08,19:15:00
03/09/2024 03:15:00 AM,5.0,2,4,4,5,1,4,1,0,1,3,FAILING TO REDUCE SPEED TO AVOID CRASH,2,1,0.0,0.0,0.0,0.0,0.0,2.0,3,7,3,03/09/2024,2024-03-09,03:15:00
05/17/2024 07:00:00 PM,5.0,2,1,13,5,1,3,3,1,1,3,FAILING TO YIELD RIGHT-OF-WAY,2,3,1.0,0.0,0.0,1.0,0.0,1.0,19,6,5,05/17/2024,2024-05-17,19:00:00
05/10/2024 04:08:00 PM,5.0,2,1,3,4,1,3,3,0,1,3,UNABLE TO DETERMINE,2,1,0.0,0.0,0.0,0.0,0.0,2.0,16,6,5,05/10/2024,2024-05-10,16:08:00
06/26/2024 05:50:00 PM,7.0,2,1,6,5,1,3,3,0,1,3,FAILING TO YIELD RIGHT-OF-WAY,2,1,0.0,0.0,0.0,0.0,0.0,2.0,17,4,6,06/26/2024,2024-06-26,17:50:00
02/27/2024 11:52:00 PM,7.0,2,4,14,5,1,4,3,1,1,1,FAILING TO YIELD RIGHT-OF-WAY,2,4,1.0,0.0,1.0,0.0,0.0,1.0,23,3,2,02/27/2024,2024-02-27,23:52:00
01/12/2024 02:11:00 PM,7.0,4,1,8,5,1,5,3,0,1,2,UNABLE TO DETERMINE,2,1,0.0,0.0,0.0,0.0,0.0,2.0,14,6,1,01/12/2024,2024-01-12,14:11:00
05/24/2024 04:00:00 PM,3.0,2,1,5,5,1,3,3,1,1,3,FAILING TO YIELD RIGHT-OF-WAY,2,2,2.0,0.0,0.0,0.0,2.0,0.0,16,6,5,05/24/2024,2024-05-24,16:00:00
03/20/2024 05:00:00 PM,5.0,2,1,3,5,1,3,3,0,1,2,FAILING TO YIELD RIGHT-OF-WAY,2,1,0.0,0.0,0.0,0.0,0.0,3.0,17,4,3,03/20/2024,2024-03-20,17:00:00
08/07/2024 07:00:00 AM,5.0,2,1,4,6,1,3,3,0,1,3,FOLLOWING TOO CLOSELY,2,1,0.0,0.0,0.0,0.0,0.0,2.0,7,4,8,08/07/2024,2024-08-07,07:00:00
08/04/2024 11:40:00 AM,5.0,2,1,4,5,1,3,3,1,1,3,UNABLE TO DETERMINE,2,2,1.0,0.0,0.0,0.0,1.0,2.0,11,1,8,08/04/2024,2024-08-04,11:40:00
08/09/2024 12:24:00 AM,5.0,2,4,3,6,1,3,3,0,1,2,FAILING TO YIELD RIGHT-OF-WAY,2,1,0.0,0.0,0.0,0.0,0.0,2.0,0,6,8,08/09/2024,2024-08-09,00:24:00
02/05/2024 10:41:00 AM,5.0,2,1,5,5,1,1,1,1,1,3,UNABLE TO DETERMINE,2,3,2.0,0.0,0.0,2.0,0.0,0.0,10,2,2,02/05/2024,2024-02-05,10:41:00
07/23/2024 11:57:00 AM,5.0,2,1,6,6,1,3,3,0,1,1,IMPROPER TURNING/NO SIGNAL,2,1,0.0,0.0,0.0,0.0,0.0,2.0,11,3,7,07/23/2024,2024-07-23,11:57:00
03/12/2024 01:15:00 AM,5.0,2,4,9,5,1,3,3,0,1,3,"DISTRACTION - OTHER ELECTRONIC DEVICE (NAVIGATION DEVICE, DVD PLAYER, ETC.)",2,1,0.0,0.0,0.0,0.0,0.0,2.0,1,3,3,03/12/2024,2024-03-12,01:15:00
04/30/2024 03:56:00 PM,3.0,2,1,5,10,1,3,1,0,1,3,FAILING TO YIELD RIGHT-OF-WAY,2,1,0.0,0.0,0.0,0.0,0.0,2.0,15,3,4,04/30/2024,2024-04-30,15:56:00
07/31/2024 07:49:00 PM,5.0,2,1,3,5,1,3,3,0,1,2,DRIVING SKILLS/KNOWLEDGE/EXPERIENCE,2,1,0.0,0.0,0.0,0.0,0.0,2.0,19,4,7,07/31/2024,2024-07-31,19:49:00
01/26/2024 02:30:00 PM,5.0,3,1,6,12,1,4,3,0,1,3,UNABLE TO DETERMINE,2,1,0.0,0.0,0.0,0.0,0.0,2.0,14,6,1,01/26/2024,2024-01-26,14:30:00
03/16/2024 02:18:00 AM,3.0,2,4,5,6,1,3,3,1,1,3,FAILING TO YIELD RIGHT-OF-WAY,2,1,0.0,0.0,0.0,0.0,0.0,3.0,2,7,3,03/16/2024,2024-03-16,02:18:00
01/24/2024 08:55:00 AM,7.0,4,1,5,5,1,4,1,0,1,3,UNABLE TO DETERMINE,2,1,0.0,0.0,0.0,0.0,0.0,2.0,8,4,1,01/24/2024,2024-01-24,08:55:00
05/22/2024 06:15:00 AM,5.0,2,1,3,7,1,3,3,0,1,3,UNABLE TO DETERMINE,2,1,0.0,0.0,0.0,0.0,0.0,2.0,6,4,5,05/22/2024,2024-05-22,06:15:00
08/02/2024 08:02:00 PM,7.0,2,3,6,5,1,3,3,0,1,2,IMPROPER OVERTAKING/PASSING,2,1,0.0,0.0,0.0,0.0,0.0,2.0,20,6,8,08/02/2024,2024-08-02,20:02:00
04/04/2024 10:55:00 AM,3.0,4,1,6,5,1,4,3,1,1,3,UNABLE TO DETERMINE,2,1,0.0,0.0,0.0,0.0,0.0,2.0,10,5,4,04/04/2024,2024-04-04,10:55:00
07/13/2024 11:00:00 PM,5.0,4,5,6,5,1,4,3,0,0,2,IMPROPER TURNING/NO SIGNAL,2,1,0.0,0.0,0.0,0.0,0.0,2.0,23,7,7,07/13/2024,2024-07-13,23:00:00
07/23/2024 12:44:00 AM,5.0,2,4,6,5,1,3,3,1,1,3,IMPROPER TURNING/NO SIGNAL,2,2,1.0,0.0,0.0,0.0,1.0,2.0,0,3,7,07/23/2024,2024-07-23,00:44:00
05/26/2024 10:15:00 PM,5.0,2,4,6,3,1,4,3,1,1,3,IMPROPER TURNING/NO SIGNAL,2,3,1.0,0.0,0.0,1.0,0.0,1.0,22,1,5,05/26/2024,2024-05-26,22:15:00
05/14/2024 07:50:00 AM,5.0,4,1,3,7,1,4,3,0,1,1,IMPROPER TURNING/NO SIGNAL,2,1,0.0,0.0,0.0,0.0,0.0,2.0,7,3,5,05/14/2024,2024-05-14,07:50:00
03/14/2024 04:15:00 PM,3.0,3,1,6,10,1,4,3,0,1,3,FAILING TO YIELD RIGHT-OF-WAY,2,1,0.0,0.0,0.0,0.0,0.0,2.0,16,5,3,03/14/2024,2024-03-14,16:15:00
01/21/2024 09:00:00 AM,5.0,2,1,5,6,1,3,3,1,1,3,DISREGARDING TRAFFIC SIGNALS,2,1,0.0,0.0,0.0,0.0,0.0,2.0,9,1,1,01/21/2024,2024-01-21,09:00:00
01/08/2024 12:12:00 PM,5.0,2,1,6,3,1,3,3,0,1,3,FOLLOWING TOO CLOSELY,2,1,0.0,0.0,0.0,0.0,0.0,2.0,12,2,1,01/08/2024,2024-01-08,12:12:00
03/02/2024 12:50:00 PM,7.0,2,1,6,6,1,1,1,0,1,1,DISREGARDING STOP SIGN,2,1,0.0,0.0,0.0,0.0,0.0,2.0,12,7,3,03/02/2024,2024-03-02,12:50:00
07/24/2024 11:44:00 PM,3.0,2,4,6,6,1,3,3,1,1,3,UNABLE TO DETERMINE,2,2,1.0,0.0,0.0,0.0,1.0,1.0,23,4,7,07/24/2024,2024-07-24,23:44:00
07/13/2024 09:30:00 AM,5.0,2,1,8,6,1,3,3,0,1,2,UNABLE TO DETERMINE,2,1,0.0,0.0,0.0,0.0,0.0,2.0,9,7,7,07/13/2024,2024-07-13,09:30:00
03/29/2024 11:51:00 AM,7.0,2,1,2,6,1,3,3,1,1,3,DISREGARDING STOP SIGN,2,4,1.0,0.0,1.0,0.0,0.0,1.0,11,6,3,03/29/2024,2024-03-29,11:51:00
02/21/2024 06:30:00 PM,7.0,2,1,5,5,1,1,1,0,1,3,UNABLE TO DETERMINE,2,1,0.0,0.0,0.0,0.0,0.0,2.0,18,4,2,02/21/2024,2024-02-21,18:30:00
05/12/2024 12:30:00 PM,5.0,2,1,6,6,1,3,3,0,1,3,UNABLE TO DETERMINE,2,1,0.0,0.0,0.0,0.0,0.0,2.0,12,1,5,05/12/2024,2024-05-12,12:30:00
03/07/2024 03:02:00 PM,5.0,2,1,5,2,1,3,3,0,1,3,DISREGARDING TRAFFIC SIGNALS,2,1,0.0,0.0,0.0,0.0,0.0,2.0,15,5,3,03/07/2024,2024-03-07,15:02:00
01/20/2024 07:15:00 PM,5.0,2,4,5,5,1,5,3,1,1,3,UNABLE TO DETERMINE,2,3,1.0,0.0,0.0,1.0,0.0,1.0,19,7,1,01/20/2024,2024-01-20,19:15:00
02/24/2024 04:15:00 PM,5.0,2,1,6,5,1,3,3,1,1,3,UNABLE TO DETERMINE,2,1,0.0,0.0,0.0,0.0,0.0,2.0,16,7,2,02/24/2024,2024-02-24,16:15:00
02/15/2024 12:29:00 AM,5.0,2,4,6,5,1,3,3,1,1,3,TURNING RIGHT ON RED,2,1,0.0,0.0,0.0,0.0,0.0,3.0,0,5,2,02/15/2024,2024-02-15,00:29:00
02/04/2024 09:00:00 AM,5.0,2,1,6,5,1,3,3,0,1,3,FAILING TO YIELD RIGHT-OF-WAY,2,1,0.0,0.0,0.0,0.0,0.0,3.0,9,1,2,02/04/2024,2024-02-04,09:00:00
08/06/2024 10:25:00 AM,5.0,2,1,6,5,1,3,3,0,1,3,FAILING TO YIELD RIGHT-OF-WAY,2,1,0.0,0.0,0.0,0.0,0.0,2.0,10,3,8,08/06/2024,2024-08-06,10:25:00
06/25/2024 08:00:00 PM,3.0,2,4,6,10,1,3,3,1,1,2,FAILING TO YIELD RIGHT-OF-WAY,2,3,1.0,0.0,0.0,1.0,0.0,2.0,20,3,6,06/25/2024,2024-06-25,20:00:00
05/10/2024 03:27:00 PM,5.0,2,1,4,6,1,3,3,0,1,3,FOLLOWING TOO CLOSELY,2,1,0.0,0.0,0.0,0.0,0.0,2.0,15,6,5,05/10/2024,2024-05-10,15:27:00
08/12/2024 03:30:00 PM,5.0,2,1,4,5,1,3,3,0,1,2,UNABLE TO DETERMINE,2,1,0.0,0.0,0.0,0.0,0.0,3.0,15,2,8,08/12/2024,2024-08-12,15:30:00
06/04/2024 12:45:00 PM,5.0,2,1,4,10,1,1,1,0,1,3,EQUIPMENT - VEHICLE CONDITION,2,1,0.0,0.0,0.0,0.0,0.0,2.0,12,3,6,06/04/2024,2024-06-04,12:45:00