crash_date,traffic_control_device,weather_condition,lighting_condition,first_crash_type,trafficway_type,alignment,roadway_surface_cond,road_defect,crash_type,intersection_related_i,damage,prim_contributory_cause,num_units,most_severe_injury,injuries_total,injuries_fatal,injuries_incapacitating,injuries_non_incapacitating,injuries_reported_not_evident,injuries_no_indication,crash_hour,crash_day_of_week,crash_month,parsed_datetime,date,time
06/28/2024 11:07:00 AM,7.0,4,1,2,11,1,4,3,0,1,1,UNABLE TO DETERMINE,2,1,0.0,0.0,0.0,0.0,0.0,4.0,11,6,6,06/28/2024,2024-06-28,11:07:00
03/31/2024 02:00:00 PM,5.0,2,1,4,6,1,3,3,1,1,3,FAILING TO REDUCE SPEED TO AVOID CRASH,2,2,2.0,0.0,0.0,0.0,2.0,2.0,14,1,3,03/31/2024,2024-03-31,14:00:00
03/01/2024 06:30:00 PM,3.0,2,4,6,6,1,3,3,0,1,3,IMPROPER TURNING/NO SIGNAL,2,1,0.0,0.0,0.0,0.0,0.0,2.0,18,6,3,03/01/2024,2024-03-01,18:30:00
05/21/2024 06:54:00 AM,5.0,2,1,5,5,1,3,3,1,1,3,DISREGARDING TRAFFIC SIGNALS,2,3,1.0,0.0,0.0,1.0,0.0,1.0,6,3,5,05/21/2024,2024-05-21,06:54:00
01/29/2024 05:25:00 PM,3.0,2,4,4,12,1,3,1,0,0,3,UNABLE TO DETERMINE,2,1,0.0,0.0,0.0,0.0,0.0,4.0,17,2,1,01/29/2024,2024-01-29,17:25:00
04/17/2024 01:45:00 PM,5.0,2,1,3,5,1,3,3,0,1,3,FAILING TO YIELD RIGHT-OF-WAY,2,1,0.0,0.0,0.0,0.0,0.0,2.0,13,4,4,04/17/2024,2024-04-17,13:45:00
04/09/2024 06:23:00 PM,5.0,2,1,4,5,1,3,3,0,1,2,UNABLE TO DETERMINE,2,1,0.0,0.0,0.0,0.0,0.0,2.0,18,3,4,04/09/2024,2024-04-09,18:23:00
07/03/2024 06:50:00 PM,3.0,2,1,3,6,1,1,1,0,1,3,UNABLE TO DETERMINE,2,1,0.0,0.0,0.0,0.0,0.0,2.0,18,4,7,07/03/2024,2024-07-03,18:50:00
04/10/2024 01:16:00 AM,5.0,2,4,3,5,1,3,3,0,1,3,IMPROPER LANE USAGE,2,1,0.0,0.0,0.0,0.0,0.0,2.0,1,4,4,04/10/2024,2024-04-10,01:16:00
05/06/2024 09:16:00 AM,5.0,2,1,6,6,1,3,1,0,1,3,FOLLOWING TOO CLOSELY,2,1,0.0,0.0,0.0,0.0,0.0,4.0,9,2,5,05/06/2024,2024-05-06,09:16:00
02/21/2024 03:30:00 AM,7.0,2,4,5,7,1,3,3,0,1,2,DISREGARDING STOP SIGN,2,1,0.0,0.0,0.0,0.0,0.0,3.0,3,4,2,02/21/2024,2024-02-21,03:30:00
05/25/2024 11:30:00 PM,1.0,2,4,3,10,1,1,1,0,1,3,UNABLE TO DETERMINE,2,1,0.0,0.0,0.0,0.0,0.0,2.0,23,7,5,05/25/2024,2024-05-25,23:30:00
02/08/2024 09:48:00 AM,1.0,2,1,3,6,1,1,1,0,1,3,DRIVING SKILLS/KNOWLEDGE/EXPERIENCE,2,1,0.0,0.0,0.0,0.0,0.0,3.0,9,5,2,02/08/2024,2024-02-08,09:48:00
06/15/2024 09:00:00 PM,5.0,2,4,6,5,1,3,3,0,1,3,IMPROPER TURNING/NO SIGNAL,2,1,0.0,0.0,0.0,0.0,0.0,2.0,21,7,6,06/15/2024,2024-06-15,21:00:00
03/14/2024 04:08:00 PM,5.0,2,1,4,6,1,3,3,0,1,3,DISTRACTION - FROM INSIDE VEHICLE,2,1,0.0,0.0,0.0,0.0,0.0,4.0,16,5,3,03/14/2024,2024-03-14,16:08:00
06/07/2024 09:53:00 AM,5.0,2,1,13,5,1,3,3,1,1,1,UNABLE TO DETERMINE,2,2,1.0,0.0,0.0,0.0,1.0,1.0,9,6,6,06/07/2024,2024-06-07,09:53:00
08/01/2024 08:35:00 AM,5.0,4,1,6,6,1,4,1,1,1,2,FAILING TO YIELD RIGHT-OF-WAY,2,3,1.0,0.0,0.0,1.0,0.0,2.0,8,5,8,08/01/2024,2024-08-01,08:35:00
03/05/2024 08:30:00 AM,5.0,4,2,6,10,1,4,3,0,1,2,IMPROPER TURNING/NO SIGNAL,2,1,0.0,0.0,0.0,0.0,0.0,2.0,8,3,3,03/05/2024,2024-03-05,08:30:00
06/25/2024 11:47:00 AM,7.0,2,1,5,5,1,3,3,1,1,3,DISREGARDING STOP SIGN,2,3,2.0,0.0,0.0,2.0,0.0,2.0,11,3,6,06/25/2024,2024-06-25,11:47:00
07/26/2024 06:46:00 AM,5.0,2,1,14,6,1,3,3,1,1,1,FAILING TO YIELD RIGHT-OF-WAY,2,3,1.0,0.0,0.0,1.0,0.0,1.0,6,6,7,07/26/2024,2024-07-26,06:46:00
05/27/2024 08:40:00 PM,5.0,2,4,10,5,1,3,3,0,1,2,UNABLE TO DETERMINE,2,1,0.0,0.0,0.0,0.0,0.0,2.0,20,2,5,05/27/2024,2024-05-27,20:40:00
07/09/2024 01:05:00 PM,7.0,4,1,4,5,1,4,1,0,1,3,UNABLE TO DETERMINE,2,1,0.0,0.0,0.0,0.0,0.0,4.0,13,3,7,07/09/2024,2024-07-09,13:05:00
02/01/2024 04:30:00 PM,7.0,2,1,3,4,1,3,3,0,1,3,UNABLE TO DETERMINE,2,1,0.0,0.0,0.0,0.0,0.0,4.0,16,5,2,02/01/2024,2024-02-01,16:30:00
07/20/2024 07:20:00 PM,5.0,2,1,6,5,1,3,1,0,1,3,FAILING TO YIELD RIGHT-OF-WAY,2,1,0.0,0.0,0.0,0.0,0.0,2.0,19,7,7,07/20/2024,2024-07-20,19:20:00
07/10/2024 05:21:00 PM,5.0,2,1,14,5,1,3,3,1,1,3,FAILING TO YIELD RIGHT-OF-WAY,2,3,1.0,0.0,0.0,1.0,0.0,1.0,17,4,7,07/10/2024,2024-07-10,17:21:00
07/28/2024 11:10:00 PM,5.0,2,4,6,4,1,3,3,1,1,2,FAILING TO REDUCE SPEED TO AVOID CRASH,2,1,0.0,0.0,0.0,0.0,0.0,2.0,23,1,7,07/28/2024,2024-07-28,23:10:00
07/15/2024 05:00:00 PM,3.0,2,1,6,5,1,3,3,1,1,3,FAILING TO YIELD RIGHT-OF-WAY,2,1,0.0,0.0,0.0,0.0,0.0,3.0,17,2,7,07/15/2024,2024-07-15,17:00:00
04/09/2024 04:20:00 PM,7.0,2,1,5,4,1,3,3,0,1,3,FAILING TO YIELD RIGHT-OF-WAY,2,1,0.0,0.0,0.0,0.0,0.0,3.0,16,3,4,04/09/2024,2024-04-09,16:20:00
08/05/2024 05:15:00 PM,7.0,2,1,5,1,1,3,3,0,1,3,FAILING TO YIELD RIGHT-OF-WAY,2,1,0.0,0.0,0.0,0.0,0.0,2.0,17,2,8,08/05/2024,2024-08-05,17:15:00
03/04/2024 11:50:00 AM,5.0,4,1,3,5,1,4,3,0,1,3,UNABLE TO DETERMINE,2,1,0.0,0.0,0.0,0.0,0.0,2.0,11,2,3,03/04/2024,2024-03-04,11:50:00
03/22/2024 10:56:00 PM,1.0,2,1,5,5,1,1,1,0,1,3,UNABLE TO DETERMINE,2,1,0.0,0.0,0.0,0.0,0.0,2.0,22,6,3,03/22/2024,2024-03-22,22:56:00
02/21/2024 07:31:00 PM,5.0,2,4,6,5,1,3,3,0,1,2,DRIVING ON WRONG SIDE/WRONG WAY,2,1,0.0,0.0,0.0,0.0,0.0,3.0,19,4,2,02/21/2024,2024-02-21,19:31:00
03/21/2024 07:48:00 AM,7.0,2,1,5,5,1,3,1,0,1,3,FAILING TO YIELD RIGHT-OF-WAY,2,1,0.0,0.0,0.0,0.0,0.0,2.0,7,5,3,03/21/2024,2024-03-21,07:48:00
06/20/2024 11:15:00 PM,7.0,2,4,4,10,1,3,3,1,1,3,FOLLOWING TOO CLOSELY,2,3,1.0,0.0,0.0,1.0,0.0,2.0,23,5,6,06/20/2024,2024-06-20,23:15:00
04/15/2024 04:47:00 PM,7.0,2,1,6,7,1,4,3,1,1,3,UNABLE TO DETERMINE,2,3,2.0,0.0,0.0,2.0,0.0,1.0,16,2,4,04/15/2024,2024-04-15,16:47:00
07/02/2024 02:15:00 PM,5.0,2,1,4,5,1,3,3,0,1,3,UNABLE TO DETERMINE,2,1,0.0,0.0,0.0,0.0,0.0,2.0,14,3,7,07/02/2024,2024-07-02,14:15:00
03/22/2024 03:30:00 PM,1.0,2,1,4,6,1,1,1,0,1,3,UNABLE TO DETERMINE,2,1,0.0,0.0,0.0,0.0,0.0,2.0,15,6,3,03/22/2024,2024-03-22,15:30:00
04/16/2024 03:37:00 PM,5.0,2,1,4,7,1,3,1,0,1,3,FAILING TO YIELD RIGHT-OF-WAY,2,1,0.0,0.0,0.0,0.0,0.0,2.0,15,3,4,04/16/2024,2024-04-16,15:37:00
04/12/2024 04:00:00 PM,7.0,2,1,6,6,1,3,3,0,1,3,IMPROPER LANE USAGE,2,1,0.0,0.0,0.0,0.0,0.0,4.0,16,6,4,04/12/2024,2024-04-12,16:00:00
03/10/2024 12:30:00 PM,5.0,2,1,3,4,1,3,3,0,1,3,FAILING TO YIELD RIGHT-OF-WAY,2,1,0.0,0.0,0.0,0.0,0.0,2.0,12,1,3,03/10/2024,2024-03-10,12:30:00
04/11/2024 05:25:00 PM,5.0,2,1,11,5,1,3,3,0,1,2,UNABLE TO DETERMINE,2,1,0.0,0.0,0.0,0.0,0.0,1.0,17,5,4,04/11/2024,2024-04-11,17:25:00
05/07/2024 09:30:00 AM,7.0,4,1,5,5,1,4,1,0,1,3,WEATHER,2,1,0.0,0.0,0.0,0.0,0.0,2.0,9,3,5,05/07/2024,2024-05-07,09:30:00
03/15/2024 11:00:00 PM,3.0,2,4,6,6,1,3,3,0,1,3,IMPROPER TURNING/NO SIGNAL,2,1,0.0,0.0,0.0,0.0,0.0,2.0,23,6,3,03/15/2024,2024-03-15,23:00:00
04/14/2024 07:13:00 PM,5.0,2,3,4,6,1,3,3,0,1,3,FOLLOWING TOO CLOSELY,2,1,0.0,0.0,0.0,0.0,0.0,2.0,19,1,4,04/14/2024,2024-04-14,19:13:00
03/20/2024 09:22:00 AM,7.0,2,1,6,5,1,3,1,0,1,1,IMPROPER OVERTAKING/PASSING,2,1,0.0,0.0,0.0,0.0,0.0,2.0,9,4,3,03/20/2024,2024-03-20,09:22:00
04/12/2024 06:10:00 PM,5.0,2,1,5,6,1,1,3,0,1,3,DISREGARDING TRAFFIC SIGNALS,2,1,0.0,0.0,0.0,0.0,0.0,2.0,18,6,4,04/12/2024,2024-04-12,18:10:00
01/11/2024 08:21:00 PM,5.0,3,4,5,5,1,3,3,0,1,3,DISREGARDING TRAFFIC SIGNALS,2,1,0.0,0.0,0.0,0.0,0.0,2.0,20,5,1,01/11/2024,2024-01-11,20:21:00
04/27/2024 12:00:00 AM,5.0,2,4,6,5,1,3,3,0,1,3,IMPROPER TURNING/NO SIGNAL,2,1,0.0,0.0,0.0,0.0,0.0,5.0,0,7,4,04/27/2024,2024-04-27,00:00:00
08/02/2024 04:10:00 PM,5.0,2,1,3,5,1,3,3,0,1,2,FOLLOWING TOO CLOSELY,2,1,0.0,0.0,0.0,0.0,0.0,2.0,16,6,8,08/02/2024,2024-08-02,16:10:00
05/12/2024 01:53:00 PM,7.0,2,1,6,5,1,3,3,1,1,2,IMPROPER OVERTAKING/PASSING,2,1,0.0,0.0,0.0,0.0,0.0,4.0,13,1,5,05/12/2024,2024-05-12,13:53:00
07/15/2024 04:00:00 PM,5.0,2,1,4,4,1,3,3,0,1,2,DRIVING SKILLS/KNOWLEDGE/EXPERIENCE,2,1,0.0,0.0,0.0,0.0,0.0,4.0,16,2,7,07/15/2024,2024-07-15,16:00:00
05/14/2024 04:05:00 PM,7.0,2,1,6,5,1,3,1,0,1,3,NOT APPLICABLE,2,1,0.0,0.0,0.0,0.0,0.0,3.0,16,3,5,05/14/2024,2024-05-14,16:05:00
04/24/2024 06:10:00 PM,5.0,2,1,6,7,1,3,1,0,1,3,DRIVING SKILLS/KNOWLEDGE/EXPERIENCE,2,1,0.0,0.0,0.0,0.0,0.0,4.0,18,4,4,04/24/2024,2024-04-24,18:10:00
04/14/2024 05:50:00 PM,5.0,2,1,6,5,1,1,1,0,1,3,FOLLOWING TOO CLOSELY,2,1,0.0,0.0,0.0,0.0,0.0,2.0,17,1,4,04/14/2024,2024-04-14,17:50:00
03/04/2024 07:30:00 PM,5.0,2,4,6,5,1,3,3,0,1,3,IMPROPER TURNING/NO SIGNAL,2,1,0.0,0.0,0.0,0.0,0.0,3.0,19,2,3,03/04/2024,2024-03-04,19:30:00
06/28/2024 12:05:00 AM,7.0,2,4,5,5,1,3,3,0,1,1,DISREGARDING STOP SIGN,2,1,0.0,0.0,0.0,0.0,0.0,2.0,0,6,6,06/28/2024,2024-06-28,00:05:00
03/20/2024 01:49:00 AM,5.0,2,4,6,3,2,3,1,0,1,3,FAILING TO YIELD RIGHT-OF-WAY,2,1,0.0,0.0,0.0,0.0,0.0,3.0,1,4,3,03/20/2024,2024-03-20,01:49:00
04/19/2024 06:14:00 PM,5.0,2,1,5,5,1,3,1,0,1,3,UNABLE TO DETERMINE,2,1,0.0,0.0,0.0,0.0,0.0,2.0,18,6,4,04/19/2024,2024-04-19,18:14:00
04/28/2024 12:27:00 AM,5.0,2,4,4,5,1,3,3,1,1,3,UNABLE TO DETERMINE,2,2,1.0,0.0,0.0,0.0,1.0,2.0,0,1,4,04/28/2024,2024-04-28,00:27:00
01/05/2024 08:30:00 AM,5.0,2,1,8,5,1,1,1,0,1,3,IMPROPER BACKING,2,1,0.0,0.0,0.0,0.0,0.0,2.0,8,6,1,01/05/2024,2024-01-05,08:30:00
05/06/2024 01:17:00 PM,5.0,2,1,6,6,1,3,3,1,1,3,UNABLE TO DETERMINE,2,2,2.0,0.0,0.0,0.0,2.0,1.0,13,2,5,05/06/2024,2024-05-06,13:17:00
04/01/2024 09:17:00 PM,5.0,4,4,13,4,1,4,3,1,1,3,FAILING TO YIELD RIGHT-OF-WAY,2,3,1.0,0.0,0.0,1.0,0.0,1.0,21,2,4,04/01/2024,2024-04-01,21:17:00
07/03/2024 11:02:00 PM,7.0,2,4,3,6,1,3,3,1,1,3,UNABLE TO DETERMINE,2,1,0.0,0.0,0.0,0.0,0.0,2.0,23,4,7,07/03/2024,2024-07-03,23:02:00
07/23/2024 09:01:00 AM,7.0,2,1,5,6,1,3,3,0,1,3,DISTRACTION - FROM OUTSIDE VEHICLE,2,1,0.0,0.0,0.0,0.0,0.0,2.0,9,3,7,07/23/2024,2024-07-23,09:01:00
06/06/2024 09:15:00 AM,7.0,2,1,5,1,1,3,3,1,1,3,DISREGARDING STOP SIGN,2,1,0.0,0.0,0.0,0.0,0.0,2.0,9,5,6,06/06/2024,2024-06-06,09:15:00
04/02/2024 07:40:00 AM,5.0,4,1,6,6,1,4,3,0,1,3,IMPROPER TURNING/NO SIGNAL,2,1,0.0,0.0,0.0,0.0,0.0,3.0,7,3,4,04/02/2024,2024-04-02,07:40:00
04/24/2024 07:10:00 AM,7.0,3,1,6,7,1,3,3,0,1,2,IMPROPER TURNING/NO SIGNAL,2,1,0.0,0.0,0.0,0.0,0.0,2.0,7,4,4,04/24/2024,2024-04-24,07:10:00
03/30/2024 10:20:00 PM,3.0,2,4,4,4,1,1,7,0,1,3,NOT APPLICABLE,2,1,0.0,0.0,0.0,0.0,0.0,2.0,22,7,3,03/30/2024,2024-03-30,22:20:00
01/14/2024 03:30:00 AM,5.0,5,4,6,3,1,5,3,0,1,3,IMPROPER OVERTAKING/PASSING,2,1,0.0,0.0,0.0,0.0,0.0,2.0,3,1,1,01/14/2024,2024-01-14,03:30:00
04/18/2024 06:45:00 AM,3.0,2,1,5,5,1,3,3,0,1,1,FAILING TO YIELD RIGHT-OF-WAY,2,1,0.0,0.0,0.0,0.0,0.0,2.0,6,5,4,04/18/2024,2024-04-18,06:45:00
08/08/2024 10:20:00 AM,5.0,2,1,5,1,1,3,1,1,1,3,FAILING TO YIELD RIGHT-OF-WAY,2,2,2.0,0.0,0.0,0.0,2.0,3.0,10,5,8,08/08/2024,2024-08-08,10:20:00
06/09/2024 09:30:00 AM,3.0,2,1,11,16,1,3,3,0,1,2,NOT APPLICABLE,2,1,0.0,0.0,0.0,0.0,0.0,1.0,9,1,6,06/09/2024,2024-06-09,09:30:00
04/23/2024 07:39:00 AM,5.0,3,1,4,10,1,3,3,0,1,1,FOLLOWING TOO CLOSELY,2,1,0.0,0.0,0.0,0.0,0.0,3.0,7,3,4,04/23/2024,2024-04-23,07:39:00
05/22/2024 07:30:00 PM,5.0,2,5,3,4,1,3,3,0,1,3,IMPROPER OVERTAKING/PASSING,2,1,0.0,0.0,0.0,0.0,0.0,2.0,19,4,5,05/22/2024,2024-05-22,19:30:00
06/09/2024 05:15:00 PM,5.0,2,1,6,5,1,3,3,0,1,3,FAILING TO YIELD RIGHT-OF-WAY,2,1,0.0,0.0,0.0,0.0,0.0,2.0,17,1,6,06/09/2024,2024-06-09,17:15:00
03/14/2024 08:25:00 PM,5.0,2,4,6,7,1,3,3,0,1,3,IMPROPER TURNING/NO SIGNAL,2,1,0.0,0.0,0.0,0.0,0.0,2.0,20,5,3,03/14/2024,2024-03-14,20:25:00
03/08/2024 05:20:00 PM,5.0,4,1,4,3,1,4,3,0,1,3,FOLLOWING TOO CLOSELY,2,1,0.0,0.0,0.0,0.0,0.0,2.0,17,6,3,03/08/2024,2024-03-08,17:20:00
04/15/2024 04:35:00 PM,7.0,2,1,4,5,1,3,1,0,1,3,FAILING TO YIELD RIGHT-OF-WAY,2,1,0.0,0.0,0.0,0.0,0.0,2.0,16,2,4,04/15/2024,2024-04-15,16:35:00
06/06/2024 12:00:00 PM,7.0,2,1,5,13,1,3,3,1,1,3,FAILING TO YIELD RIGHT-OF-WAY,2,1,0.0,0.0,0.0,0.0,0.0,2.0,12,5,6,06/06/2024,2024-06-06,12:00:00
07/18/2024 08:30:00 AM,1.0,2,1,4,1,1,1,1,0,1,3,UNABLE TO DETERMINE,2,1,0.0,0.0,0.0,0.0,0.0,2.0,8,5,7,07/18/2024,2024-07-18,08:30:00
02/08/2024 11:00:00 PM,5.0,3,4,6,5,1,4,1,1,1,3,FAILING TO YIELD RIGHT-OF-WAY,2,3,1.0,0.0,0.0,1.0,0.0,1.0,23,5,2,02/08/2024,2024-02-08,23:00:00
05/31/2024 02:30:00 PM,7.0,2,1,5,6,1,3,1,0,1,2,FAILING TO YIELD RIGHT-OF-WAY,2,1,0.0,0.0,0.0,0.0,0.0,2.0,14,6,5,05/31/2024,2024-05-31,14:30:00
06/24/2024 11:30:00 AM,5.0,2,1,6,3,1,1,1,0,1,3,IMPROPER LANE USAGE,2,1,0.0,0.0,0.0,0.0,0.0,2.0,11,2,6,06/24/2024,2024-06-24,11:30:00
05/18/2024 04:35:00 PM,7.0,2,1,5,5,1,3,3,1,1,3,UNABLE TO DETERMINE,2,3,2.0,0.0,0.0,2.0,0.0,1.0,16,7,5,05/18/2024,2024-05-18,16:35:00
05/23/2024 04:54:00 PM,5.0,2,1,5,5,1,3,3,1,1,2,FAILING TO YIELD RIGHT-OF-WAY,2,2,1.0,0.0,0.0,0.0,1.0,3.0,16,5,5,05/23/2024,2024-05-23,16:54:00
06/30/2024 04:25:00 AM,5.0,2,1,11,6,1,3,3,1,0,3,FAILING TO REDUCE SPEED TO AVOID CRASH,2,4,1.0,0.0,1.0,0.0,0.0,0.0,4,1,6,06/30/2024,2024-06-30,04:25:00
07/23/2024 10:30:00 AM,7.0,2,1,6,7,1,3,1,1,1,3,FAILING TO YIELD RIGHT-OF-WAY,2,3,1.0,0.0,0.0,1.0,0.0,1.0,10,3,7,07/23/2024,2024-07-23,10:30:00
05/02/2024 12:00:00 PM,7.0,2,1,6,5,1,3,1,0,1,2,UNABLE TO DETERMINE,2,1,0.0,0.0,0.0,0.0,0.0,2.0,12,5,5,05/02/2024,2024-05-02,12:00:00
04/08/2024 08:15:00 AM,5.0,2,1,14,5,1,3,3,0,1,3,DISREGARDING TRAFFIC SIGNALS,2,1,0.0,0.0,0.0,0.0,0.0,2.0,8,2,4,04/08/2024,2024-04-08,08:15:00
06/16/2024 10:17:00 AM,5.0,2,1,14,7,1,3,3,1,1,2,DISREGARDING TRAFFIC SIGNALS,2,3,1.0,0.0,0.0,1.0,0.0,1.0,10,1,6,06/16/2024,2024-06-16,10:17:00
03/19/2024 06:04:00 PM,5.0,2,3,3,4,2,3,3,0,1,2,IMPROPER TURNING/NO SIGNAL,2,1,0.0,0.0,0.0,0.0,0.0,3.0,18,3,3,03/19/2024,2024-03-19,18:04:00
06/14/2024 05:25:00 PM,3.0,2,1,6,6,1,3,3,1,1,3,UNABLE TO DETERMINE,2,3,2.0,0.0,0.0,2.0,0.0,1.0,17,6,6,06/14/2024,2024-06-14,17:25:00
02/01/2024 03:55:00 PM,5.0,2,1,4,5,1,3,3,0,1,3,FOLLOWING TOO CLOSELY,2,1,0.0,0.0,0.0,0.0,0.0,2.0,15,5,2,02/01/2024,2024-02-01,15:55:00
03/25/2024 08:00:00 AM,5.0,3,1,3,5,1,3,3,0,1,3,FAILING TO YIELD RIGHT-OF-WAY,2,1,0.0,0.0,0.0,0.0,0.0,2.0,8,2,3,03/25/2024,2024-03-25,08:00:00
05/18/2024 07:13:00 AM,3.0,2,1,14,7,1,3,3,1,1,2,UNABLE TO DETERMINE,2,3,1.0,0.0,0.0,1.0,0.0,1.0,7,7,5,05/18/2024,2024-05-18,07:13:00
07/10/2024 07:15:00 PM,4.0,2,1,3,6,1,3,3,0,1,2,IMPROPER OVERTAKING/PASSING,2,1,0.0,0.0,0.0,0.0,0.0,2.0,19,4,7,07/10/2024,2024-07-10,19:15:00
04/18/2024 04:32:00 PM,5.0,2,1,6,5,1,3,3,0,1,2,FAILING TO YIELD RIGHT-OF-WAY,2,1,0.0,0.0,0.0,0.0,0.0,3.0,16,5,4,04/18/2024,2024-04-18,16:32:00
04/21/2024 06:05:00 PM,5.0,2,1,4,3,1,3,3,0,1,3,FOLLOWING TOO CLOSELY,2,1,0.0,0.0,0.0,0.0,0.0,6.0,18,1,4,04/21/2024,2024-04-21,18:05:00
01/08/2024 02:15:00 PM,5.0,2,1,13,7,1,3,3,1,0,1,FAILING TO YIELD RIGHT-OF-WAY,2,3,1.0,0.0,0.0,1.0,0.0,1.0,14,2,1,01/08/2024,2024-01-08,14:15:00
04/28/2024 10:00:00 PM,7.0,2,4,4,6,1,3,3,0,0,3,UNABLE TO DETERMINE,2,1,0.0,0.0,0.0,0.0,0.0,2.0,22,1,4,04/28/2024,2024-04-28,22:00:00
06/01/2024 07:15:00 PM,7.0,4,1,5,5,1,4,3,1,1,3,FAILING TO YIELD RIGHT-OF-WAY,2,1,0.0,0.0,0.0,0.0,0.0,2.0,19,7,6,06/01/2024,2024-06-01,19:15:00
03/22/2024 07:10:00 AM,5.0,5,1,5,4,1,4,3,0,1,2,DISREGARDING TRAFFIC SIGNALS,2,1,0.0,0.0,0.0,0.0,0.0,2.0,7,6,3,03/22/2024,2024-03-22,07:10:00
07/29/2024 12:08:00 AM,5.0,2,5,5,5,1,3,3,1,1,3,DISREGARDING TRAFFIC SIGNALS,2,1,0.0,0.0,0.0,0.0,0.0,3.0,0,2,7,07/29/2024,2024-07-29,00:08:00
05/01/2024 05:18:00 PM,5.0,2,1,5,5,1,3,3,1,1,3,DISREGARDING TRAFFIC SIGNALS,2,2,1.0,0.0,0.0,0.0,1.0,2.0,17,4,5,05/01/2024,2024-05-01,17:18:00
04/01/2024 05:52:00 PM,7.0,4,1,5,5,1,4,1,0,1,3,DRIVING SKILLS/KNOWLEDGE/EXPERIENCE,2,1,0.0,0.0,0.0,0.0,0.0,2.0,17,2,4,04/01/2024,2024-04-01,17:52:00
04/22/2024 08:20:00 AM,5.0,2,1,5,6,1,3,3,0,1,3,FAILING TO REDUCE SPEED TO AVOID CRASH,2,1,0.0,0.0,0.0,0.0,0.0,5.0,8,2,4,04/22/2024,2024-04-22,08:20:00
04/23/2024 01:00:00 PM,5.0,2,1,3,5,1,3,3,0,1,3,FAILING TO YIELD RIGHT-OF-WAY,2,1,0.0,0.0,0.0,0.0,0.0,2.0,13,3,4,04/23/2024,2024-04-23,13:00:00
03/26/2024 11:00:00 AM,5.0,2,1,3,5,1,1,1,0,1,3,"OPERATING VEHICLE IN ERRATIC, RECKLESS, CARELESS, NEGLIGENT OR AGGRESSIVE MANNER",2,1,0.0,0.0,0.0,0.0,0.0,2.0,11,3,3,03/26/2024,2024-03-26,11:00:00
07/13/2024 04:45:00 PM,5.0,2,1,5,5,1,3,3,1,1,3,FAILING TO YIELD RIGHT-OF-WAY,2,2,1.0,0.0,0.0,0.0,1.0,2.0,16,7,7,07/13/2024,2024-07-13,16:45:00
02/18/2024 08:20:00 AM,7.0,2,1,13,10,1,3,3,1,1,1,FAILING TO REDUCE SPEED TO AVOID CRASH,2,3,1.0,0.0,0.0,1.0,0.0,1.0,8,1,2,02/18/2024,2024-02-18,08:20:00
03/26/2024 03:05:00 PM,7.0,3,1,2,5,1,1,1,1,1,3,UNABLE TO DETERMINE,2,3,1.0,0.0,0.0,1.0,0.0,1.0,15,3,3,03/26/2024,2024-03-26,15:05:00
03/07/2024 03:40:00 PM,5.0,2,1,6,6,1,3,3,0,1,3,FAILING TO YIELD RIGHT-OF-WAY,2,1,0.0,0.0,0.0,0.0,0.0,2.0,15,5,3,03/07/2024,2024-03-07,15:40:00
03/27/2024 12:00:00 PM,5.0,2,1,3,10,1,3,3,0,0,1,EQUIPMENT - VEHICLE CONDITION,2,1,0.0,0.0,0.0,0.0,0.0,2.0,12,4,3,03/27/2024,2024-03-27,12:00:00
07/30/2024 11:24:00 AM,5.0,2,1,4,10,1,3,3,0,1,3,FOLLOWING TOO CLOSELY,2,1,0.0,0.0,0.0,0.0,0.0,6.0,11,3,7,07/30/2024,2024-07-30,11:24:00
07/24/2024 05:49:00 PM,5.0,2,1,5,5,1,3,3,1,1,3,DISREGARDING TRAFFIC SIGNALS,2,1,0.0,0.0,0.0,0.0,0.0,2.0,17,4,7,07/24/2024,2024-07-24,17:49:00
04/02/2024 09:30:00 AM,5.0,4,1,6,1,1,4,1,0,1,2,FAILING TO REDUCE SPEED TO AVOID CRASH,2,1,0.0,0.0,0.0,0.0,0.0,2.0,9,3,4,04/02/2024,2024-04-02,09:30:00
07/17/2024 04:00:00 PM,5.0,2,1,3,5,1,3,1,0,1,3,FAILING TO YIELD RIGHT-OF-WAY,2,1,0.0,0.0,0.0,0.0,0.0,2.0,16,4,7,07/17/2024,2024-07-17,16:00:00
05/18/2024 12:04:00 PM,5.0,2,1,4,5,1,3,1,1,1,3,FOLLOWING TOO CLOSELY,2,2,1.0,0.0,0.0,0.0,1.0,1.0,12,7,5,05/18/2024,2024-05-18,12:04:00
06/14/2024 03:36:00 PM,5.0,2,1,13,5,1,3,3,1,1,2,TURNING RIGHT ON RED,2,3,1.0,0.0,0.0,1.0,0.0,1.0,15,6,6,06/14/2024,2024-06-14,15:36:00
02/14/2024 08:20:00 AM,3.0,2,1,11,4,1,3,3,0,0,2,DRIVING SKILLS/KNOWLEDGE/EXPERIENCE,2,1,0.0,0.0,0.0,0.0,0.0,5.0,8,4,2,02/14/2024,2024-02-14,08:20:00
05/28/2024 12:40:00 AM,5.0,2,5,5,5,1,3,3,1,1,3,FAILING TO REDUCE SPEED TO AVOID CRASH,2,1,0.0,0.0,0.0,0.0,0.0,2.0,0,3,5,05/28/2024,2024-05-28,00:40:00