crash_date,traffic_control_device,weather_condition,lighting_condition,first_crash_type,trafficway_type,alignment,roadway_surface_cond,road_defect,crash_type,intersection_related_i,damage,prim_contributory_cause,num_units,most_severe_injury,injuries_total,injuries_fatal,injuries_incapacitating,injuries_non_incapacitating,injuries_reported_not_evident,injuries_no_indication,crash_hour,crash_day_of_week,crash_month,parsed_datetime,date,time
03/16/2024 11:40:00 AM,5.0,2,1,4,6,3,3,3,1,1,3,FOLLOWING TOO CLOSELY,2,2,1.0,0.0,0.0,0.0,1.0,1.0,11,7,3,03/16/2024,2024-03-16,11:40:00
07/07/2024 09:50:00 PM,5.0,2,4,6,5,1,3,3,1,1,3,UNABLE TO DETERMINE,2,1,0.0,0.0,0.0,0.0,0.0,2.0,21,1,7,07/07/2024,2024-07-07,21:50:00
01/11/2024 02:00:00 AM,5.0,2,4,4,5,1,3,3,0,1,3,NOT APPLICABLE,2,1,0.0,0.0,0.0,0.0,0.0,2.0,2,5,1,01/11/2024,2024-01-11,02:00:00
05/20/2024 08:00:00 AM,5.0,2,1,3,6,1,3,3,0,1,3,FAILING TO REDUCE SPEED TO AVOID CRASH,2,1,0.0,0.0,0.0,0.0,0.0,2.0,8,2,5,05/20/2024,2024-05-20,08:00:00
05/08/2024 01:49:00 PM,5.0,2,1,13,6,1,3,3,1,1,3,UNABLE TO DETERMINE,2,2,1.0,0.0,0.0,0.0,1.0,1.0,13,4,5,05/08/2024,2024-05-08,13:49:00
06/22/2024 05:30:00 PM,5.0,2,1,6,6,1,3,1,0,1,3,IMPROPER TURNING/NO SIGNAL,2,1,0.0,0.0,0.0,0.0,0.0,2.0,17,7,6,06/22/2024,2024-06-22,17:30:00
02/03/2024 06:00:00 PM,5.0,2,4,5,5,1,3,7,0,1,3,DISREGARDING TRAFFIC SIGNALS,2,1,0.0,0.0,0.0,0.0,0.0,2.0,18,7,2,02/03/2024,2024-02-03,18:00:00
05/31/2024 07:08:00 PM,3.0,2,1,4,6,1,3,3,0,1,3,NOT APPLICABLE,2,1,0.0,0.0,0.0,0.0,0.0,2.0,19,6,5,05/31/2024,2024-05-31,19:08:00
01/03/2024 01:44:00 PM,5.0,2,1,13,5,1,3,3,1,0,1,UNABLE TO DETERMINE,2,4,1.0,0.0,1.0,0.0,0.0,1.0,13,4,1,01/03/2024,2024-01-03,13:44:00
05/12/2024 04:28:00 PM,7.0,2,1,5,5,1,3,1,0,1,3,DISREGARDING STOP SIGN,2,1,0.0,0.0,0.0,0.0,0.0,3.0,16,1,5,05/12/2024,2024-05-12,16:28:00
03/27/2024 03:20:00 PM,5.0,2,1,5,5,1,3,1,1,1,3,"VISION OBSCURED (SIGNS, TREE LIMBS, BUILDINGS, ETC.)",2,2,1.0,0.0,0.0,0.0,1.0,3.0,15,4,3,03/27/2024,2024-03-27,15:20:00
06/30/2024 11:15:00 AM,5.0,2,1,3,5,1,3,3,0,1,1,FAILING TO YIELD RIGHT-OF-WAY,2,1,0.0,0.0,0.0,0.0,0.0,2.0,11,1,6,06/30/2024,2024-06-30,11:15:00
06/22/2024 05:30:00 AM,5.0,2,1,9,6,1,3,1,0,1,3,UNABLE TO DETERMINE,2,1,0.0,0.0,0.0,0.0,0.0,2.0,5,7,6,06/22/2024,2024-06-22,05:30:00
05/30/2024 06:20:00 PM,7.0,2,1,5,5,1,3,3,0,1,3,UNABLE TO DETERMINE,2,1,0.0,0.0,0.0,0.0,0.0,5.0,18,5,5,05/30/2024,2024-05-30,18:20:00
03/10/2024 12:05:00 PM,7.0,2,1,3,10,1,1,1,0,1,3,UNABLE TO DETERMINE,2,1,0.0,0.0,0.0,0.0,0.0,2.0,12,1,3,03/10/2024,2024-03-10,12:05:00
02/07/2024 08:07:00 AM,5.0,2,1,5,5,1,3,3,1,1,3,DISREGARDING TRAFFIC SIGNALS,2,1,0.0,0.0,0.0,0.0,0.0,4.0,8,4,2,02/07/2024,2024-02-07,08:07:00
01/18/2024 04:00:00 PM,5.0,2,1,6,2,1,1,3,0,1,3,FAILING TO YIELD RIGHT-OF-WAY,2,1,0.0,0.0,0.0,0.0,0.0,3.0,16,5,1,01/18/2024,2024-01-18,16:00:00
03/22/2024 04:14:00 PM,7.0,5,1,5,7,1,4,3,0,1,3,FAILING TO YIELD RIGHT-OF-WAY,2,1,0.0,0.0,0.0,0.0,0.0,3.0,16,6,3,03/22/2024,2024-03-22,16:14:00
04/11/2024 10:50:00 AM,7.0,4,1,6,4,1,4,3,1,1,2,FAILING TO YIELD RIGHT-OF-WAY,2,1,0.0,0.0,0.0,0.0,0.0,2.0,10,5,4,04/11/2024,2024-04-11,10:50:00
06/30/2024 11:45:00 PM,3.0,2,4,6,7,1,1,1,1,1,3,DISREGARDING STOP SIGN,2,1,0.0,0.0,0.0,0.0,0.0,2.0,23,1,6,06/30/2024,2024-06-30,23:45:00
06/30/2024 05:00:00 PM,5.0,2,1,6,5,1,3,1,1,1,3,IMPROPER TURNING/NO SIGNAL,2,1,0.0,0.0,0.0,0.0,0.0,4.0,17,1,6,06/30/2024,2024-06-30,17:00:00
01/15/2024 03:15:00 PM,5.0,2,1,6,4,1,4,3,0,1,3,UNABLE TO DETERMINE,2,1,0.0,0.0,0.0,0.0,0.0,3.0,15,2,1,01/15/2024,2024-01-15,15:15:00
04/02/2024 01:50:00 PM,5.0,2,1,6,7,2,3,3,0,1,2,IMPROPER OVERTAKING/PASSING,2,1,0.0,0.0,0.0,0.0,0.0,3.0,13,3,4,04/02/2024,2024-04-02,13:50:00
02/01/2024 09:30:00 AM,3.0,2,1,6,7,1,3,1,1,1,3,FAILING TO YIELD RIGHT-OF-WAY,2,2,2.0,0.0,0.0,0.0,2.0,1.0,9,5,2,02/01/2024,2024-02-01,09:30:00
06/13/2024 08:33:00 AM,5.0,4,1,13,5,1,4,1,1,1,1,FAILING TO YIELD RIGHT-OF-WAY,2,3,1.0,0.0,0.0,1.0,0.0,1.0,8,5,6,06/13/2024,2024-06-13,08:33:00
08/06/2024 10:20:00 AM,7.0,2,1,5,5,1,3,3,0,1,3,FAILING TO YIELD RIGHT-OF-WAY,2,1,0.0,0.0,0.0,0.0,0.0,3.0,10,3,8,08/06/2024,2024-08-06,10:20:00
05/05/2024 04:56:00 PM,5.0,2,1,6,4,1,3,3,0,1,3,IMPROPER TURNING/NO SIGNAL,2,1,0.0,0.0,0.0,0.0,0.0,2.0,16,1,5,05/05/2024,2024-05-05,16:56:00
01/19/2024 07:00:00 PM,1.0,2,1,4,5,1,1,1,0,1,3,UNABLE TO DETERMINE,2,1,0.0,0.0,0.0,0.0,0.0,2.0,19,6,1,01/19/2024,2024-01-19,19:00:00
04/06/2024 11:00:00 AM,5.0,2,1,4,6,1,3,3,0,1,3,FOLLOWING TOO CLOSELY,2,1,0.0,0.0,0.0,0.0,0.0,2.0,11,7,4,04/06/2024,2024-04-06,11:00:00
01/26/2024 08:06:00 AM,1.0,2,1,3,6,1,1,1,0,1,3,DRIVING SKILLS/KNOWLEDGE/EXPERIENCE,2,1,0.0,0.0,0.0,0.0,0.0,2.0,8,6,1,01/26/2024,2024-01-26,08:06:00
01/08/2024 12:05:00 PM,5.0,2,1,3,4,1,3,3,0,1,2,UNABLE TO DETERMINE,2,1,0.0,0.0,0.0,0.0,0.0,2.0,12,2,1,01/08/2024,2024-01-08,12:05:00
06/09/2024 03:30:00 PM,3.0,2,1,5,7,1,1,1,0,1,2,UNABLE TO DETERMINE,2,1,0.0,0.0,0.0,0.0,0.0,2.0,15,1,6,06/09/2024,2024-06-09,15:30:00
03/04/2024 09:45:00 AM,3.0,2,1,14,6,1,3,3,1,1,2,FAILING TO YIELD RIGHT-OF-WAY,2,3,1.0,0.0,0.0,1.0,0.0,1.0,9,2,3,03/04/2024,2024-03-04,09:45:00
04/21/2024 06:45:00 AM,5.0,2,1,4,6,1,3,3,0,1,3,FAILING TO REDUCE SPEED TO AVOID CRASH,2,1,0.0,0.0,0.0,0.0,0.0,2.0,6,1,4,04/21/2024,2024-04-21,06:45:00
03/27/2024 01:30:00 PM,5.0,2,1,6,5,1,3,3,0,1,3,IMPROPER TURNING/NO SIGNAL,2,1,0.0,0.0,0.0,0.0,0.0,3.0,13,4,3,03/27/2024,2024-03-27,13:30:00
05/13/2024 12:46:00 AM,5.0,2,4,6,5,1,3,1,1,1,3,DISREGARDING TRAFFIC SIGNALS,2,3,2.0,0.0,0.0,2.0,0.0,1.0,0,2,5,05/13/2024,2024-05-13,00:46:00
02/13/2024 07:55:00 AM,4.0,2,1,13,3,1,3,3,1,1,3,FAILING TO YIELD RIGHT-OF-WAY,2,3,1.0,0.0,0.0,1.0,0.0,1.0,7,3,2,02/13/2024,2024-02-13,07:55:00
05/20/2024 11:00:00 AM,7.0,2,1,11,5,1,3,1,0,1,3,UNABLE TO DETERMINE,2,1,0.0,0.0,0.0,0.0,0.0,1.0,11,2,5,05/20/2024,2024-05-20,11:00:00
03/12/2024 12:50:00 PM,5.0,2,1,4,6,1,3,3,0,1,3,DRIVING SKILLS/KNOWLEDGE/EXPERIENCE,2,1,0.0,0.0,0.0,0.0,0.0,5.0,12,3,3,03/12/2024,2024-03-12,12:50:00
03/23/2024 06:32:00 AM,5.0,2,1,6,5,1,3,3,0,1,3,IMPROPER TURNING/NO SIGNAL,2,1,0.0,0.0,0.0,0.0,0.0,2.0,6,7,3,03/23/2024,2024-03-23,06:32:00
04/26/2024 09:58:00 PM,5.0,2,4,6,5,1,3,3,1,1,3,FAILING TO YIELD RIGHT-OF-WAY,2,1,0.0,0.0,0.0,0.0,0.0,2.0,21,6,4,04/26/2024,2024-04-26,21:58:00
07/19/2024 02:55:00 PM,5.0,2,1,4,5,1,3,3,1,1,1,UNABLE TO DETERMINE,2,2,2.0,0.0,0.0,0.0,2.0,1.0,14,6,7,07/19/2024,2024-07-19,14:55:00
07/28/2024 05:19:00 PM,5.0,2,1,14,5,1,3,3,1,1,1,DISREGARDING TRAFFIC SIGNALS,2,2,1.0,0.0,0.0,0.0,1.0,1.0,17,1,7,07/28/2024,2024-07-28,17:19:00
05/03/2024 02:00:00 PM,7.0,2,1,4,6,1,3,3,0,1,3,FOLLOWING TOO CLOSELY,2,1,0.0,0.0,0.0,0.0,0.0,3.0,14,6,5,05/03/2024,2024-05-03,14:00:00
08/12/2024 03:50:00 PM,3.0,2,1,10,5,1,3,3,1,1,3,FOLLOWING TOO CLOSELY,2,1,0.0,0.0,0.0,0.0,0.0,2.0,15,2,8,08/12/2024,2024-08-12,15:50:00
02/11/2024 07:15:00 AM,5.0,2,1,6,7,1,3,3,1,1,3,DISREGARDING TRAFFIC SIGNALS,2,1,0.0,0.0,0.0,0.0,0.0,2.0,7,1,2,02/11/2024,2024-02-11,07:15:00
01/16/2024 07:40:00 AM,5.0,2,1,6,5,1,5,3,0,1,3,IMPROPER TURNING/NO SIGNAL,2,1,0.0,0.0,0.0,0.0,0.0,2.0,7,3,1,01/16/2024,2024-01-16,07:40:00
04/11/2024 11:50:00 AM,3.0,2,1,6,6,1,3,3,0,1,3,FAILING TO YIELD RIGHT-OF-WAY,2,1,0.0,0.0,0.0,0.0,0.0,2.0,11,5,4,04/11/2024,2024-04-11,11:50:00
07/02/2024 01:00:00 PM,1.0,2,1,3,6,1,1,1,0,1,1,FOLLOWING TOO CLOSELY,2,1,0.0,0.0,0.0,0.0,0.0,2.0,13,3,7,07/02/2024,2024-07-02,13:00:00
06/30/2024 02:25:00 AM,5.0,2,4,6,7,1,1,1,1,1,3,FAILING TO YIELD RIGHT-OF-WAY,2,3,1.0,0.0,0.0,1.0,0.0,4.0,2,1,6,06/30/2024,2024-06-30,02:25:00
04/15/2024 08:20:00 AM,3.0,2,1,6,4,1,3,3,0,1,3,FAILING TO YIELD RIGHT-OF-WAY,2,1,0.0,0.0,0.0,0.0,0.0,3.0,8,2,4,04/15/2024,2024-04-15,08:20:00
03/25/2024 12:00:00 PM,7.0,2,1,8,7,1,3,3,0,1,2,UNABLE TO DETERMINE,2,1,0.0,0.0,0.0,0.0,0.0,2.0,12,2,3,03/25/2024,2024-03-25,12:00:00
03/08/2024 03:35:00 PM,7.0,4,1,5,5,1,4,7,0,1,2,WEATHER,2,1,0.0,0.0,0.0,0.0,0.0,2.0,15,6,3,03/08/2024,2024-03-08,15:35:00
06/08/2024 08:15:00 PM,7.0,3,3,5,5,1,4,3,1,1,3,UNABLE TO DETERMINE,2,2,2.0,0.0,0.0,0.0,2.0,3.0,20,7,6,06/08/2024,2024-06-08,20:15:00
04/27/2024 11:02:00 AM,5.0,2,1,6,6,1,3,3,0,1,3,DISREGARDING TRAFFIC SIGNALS,2,1,0.0,0.0,0.0,0.0,0.0,3.0,11,7,4,04/27/2024,2024-04-27,11:02:00
04/09/2024 05:55:00 PM,5.0,2,1,5,5,1,3,3,1,1,3,DISREGARDING TRAFFIC SIGNALS,2,2,1.0,0.0,0.0,0.0,1.0,2.0,17,3,4,04/09/2024,2024-04-09,17:55:00
08/08/2024 10:23:00 PM,5.0,2,4,6,1,1,3,3,0,1,3,FAILING TO YIELD RIGHT-OF-WAY,2,1,0.0,0.0,0.0,0.0,0.0,2.0,22,5,8,08/08/2024,2024-08-08,22:23:00
05/14/2024 10:10:00 PM,5.0,2,4,4,3,1,3,3,1,1,3,FAILING TO REDUCE SPEED TO AVOID CRASH,2,3,1.0,0.0,0.0,1.0,0.0,1.0,22,3,5,05/14/2024,2024-05-14,22:10:00
01/30/2024 07:45:00 AM,5.0,4,2,4,5,1,4,3,0,1,3,FAILING TO REDUCE SPEED TO AVOID CRASH,2,1,0.0,0.0,0.0,0.0,0.0,2.0,7,3,1,01/30/2024,2024-01-30,07:45:00
06/01/2024 02:43:00 PM,5.0,4,1,6,4,1,4,1,1,1,3,UNABLE TO DETERMINE,2,3,1.0,0.0,0.0,1.0,0.0,2.0,14,7,6,06/01/2024,2024-06-01,14:43:00
05/09/2024 11:35:00 PM,3.0,2,5,5,5,1,1,1,0,1,3,"OPERATING VEHICLE IN ERRATIC, RECKLESS, CARELESS, NEGLIGENT OR AGGRESSIVE MANNER",2,1,0.0,0.0,0.0,0.0,0.0,5.0,23,5,5,05/09/2024,2024-05-09,23:35:00
06/17/2024 01:07:00 PM,5.0,2,1,4,5,1,3,3,0,1,3,FOLLOWING TOO CLOSELY,2,1,0.0,0.0,0.0,0.0,0.0,2.0,13,2,6,06/17/2024,2024-06-17,13:07:00
03/07/2024 10:50:00 AM,5.0,3,1,5,5,1,3,3,1,1,3,FAILING TO YIELD RIGHT-OF-WAY,2,1,0.0,0.0,0.0,0.0,0.0,2.0,10,5,3,03/07/2024,2024-03-07,10:50:00
02/15/2024 12:00:00 PM,5.0,2,1,13,5,1,3,3,1,1,3,UNABLE TO DETERMINE,2,3,1.0,0.0,0.0,1.0,0.0,1.0,12,5,2,02/15/2024,2024-02-15,12:00:00
08/09/2024 07:13:00 PM,7.0,2,1,5,2,1,3,3,1,1,3,FAILING TO YIELD RIGHT-OF-WAY,2,2,2.0,0.0,0.0,0.0,2.0,0.0,19,6,8,08/09/2024,2024-08-09,19:13:00
01/21/2024 06:24:00 PM,7.0,2,3,6,5,1,3,3,1,1,3,DISREGARDING TRAFFIC SIGNALS,2,1,0.0,0.0,0.0,0.0,0.0,2.0,18,1,1,01/21/2024,2024-01-21,18:24:00
06/26/2024 04:30:00 AM,3.0,2,1,6,5,1,1,1,0,1,3,IMPROPER TURNING/NO SIGNAL,2,1,0.0,0.0,0.0,0.0,0.0,2.0,4,4,6,06/26/2024,2024-06-26,04:30:00
02/27/2024 01:55:00 PM,7.0,2,1,5,7,1,3,3,1,1,3,FAILING TO YIELD RIGHT-OF-WAY,2,1,0.0,0.0,0.0,0.0,0.0,2.0,13,3,2,02/27/2024,2024-02-27,13:55:00
08/06/2024 12:54:00 AM,5.0,2,4,4,5,1,3,3,0,1,2,UNABLE TO DETERMINE,2,1,0.0,0.0,0.0,0.0,0.0,2.0,0,3,8,08/06/2024,2024-08-06,00:54:00
08/08/2024 06:50:00 PM,3.0,2,1,4,5,1,3,3,0,1,2,FOLLOWING TOO CLOSELY,2,1,0.0,0.0,0.0,0.0,0.0,4.0,18,5,8,08/08/2024,2024-08-08,18:50:00
05/13/2024 04:45:00 PM,7.0,4,1,6,7,1,4,3,1,1,3,EQUIPMENT - VEHICLE CONDITION,2,2,1.0,0.0,0.0,0.0,1.0,1.0,16,2,5,05/13/2024,2024-05-13,16:45:00
06/18/2024 10:45:00 AM,1.0,2,1,14,6,1,1,1,1,1,3,UNABLE TO DETERMINE,2,4,1.0,0.0,1.0,0.0,0.0,1.0,10,3,6,06/18/2024,2024-06-18,10:45:00
07/15/2024 12:46:00 PM,5.0,2,1,5,6,1,3,1,1,1,3,UNABLE TO DETERMINE,2,1,0.0,0.0,0.0,0.0,0.0,2.0,12,2,7,07/15/2024,2024-07-15,12:46:00
02/17/2024 02:08:00 PM,3.0,2,1,6,5,1,3,3,1,1,3,FAILING TO REDUCE SPEED TO AVOID CRASH,2,2,1.0,0.0,0.0,0.0,1.0,2.0,14,7,2,02/17/2024,2024-02-17,14:08:00
04/02/2024 06:12:00 PM,5.0,2,1,5,6,1,4,1,1,1,3,UNABLE TO DETERMINE,2,1,0.0,0.0,0.0,0.0,0.0,3.0,18,3,4,04/02/2024,2024-04-02,18:12:00
06/05/2024 04:24:00 PM,7.0,2,1,5,5,1,3,3,0,1,3,DRIVING SKILLS/KNOWLEDGE/EXPERIENCE,2,1,0.0,0.0,0.0,0.0,0.0,3.0,16,4,6,06/05/2024,2024-06-05,16:24:00
01/25/2024 12:20:00 PM,5.0,3,1,3,4,1,1,1,0,1,2,FAILING TO YIELD RIGHT-OF-WAY,2,1,0.0,0.0,0.0,0.0,0.0,2.0,12,5,1,01/25/2024,2024-01-25,12:20:00
02/05/2024 04:45:00 PM,5.0,2,3,3,5,1,3,3,0,1,3,IMPROPER LANE USAGE,2,1,0.0,0.0,0.0,0.0,0.0,2.0,16,2,2,02/05/2024,2024-02-05,16:45:00
04/28/2024 02:45:00 AM,7.0,4,4,11,5,1,4,3,1,1,3,UNABLE TO DETERMINE,2,3,1.0,0.0,0.0,1.0,0.0,0.0,2,1,4,04/28/2024,2024-04-28,02:45:00
06/22/2024 10:30:00 PM,5.0,2,4,4,6,1,3,3,0,1,2,FAILING TO REDUCE SPEED TO AVOID CRASH,2,1,0.0,0.0,0.0,0.0,0.0,3.0,22,7,6,06/22/2024,2024-06-22,22:30:00
04/09/2024 09:41:00 AM,3.0,2,1,6,6,2,3,3,0,0,1,UNABLE TO DETERMINE,2,1,0.0,0.0,0.0,0.0,0.0,2.0,9,3,4,04/09/2024,2024-04-09,09:41:00
06/23/2024 10:15:00 PM,5.0,2,4,6,5,1,3,3,0,1,3,UNABLE TO DETERMINE,2,1,0.0,0.0,0.0,0.0,0.0,3.0,22,1,6,06/23/2024,2024-06-23,22:15:00
05/30/2024 11:45:00 AM,5.0,2,1,3,6,1,3,3,0,1,3,UNABLE TO DETERMINE,2,1,0.0,0.0,0.0,0.0,0.0,2.0,11,5,5,05/30/2024,2024-05-30,11:45:00
06/23/2024 03:30:00 PM,7.0,2,1,6,7,1,3,3,0,1,3,FAILING TO YIELD RIGHT-OF-WAY,2,1,0.0,0.0,0.0,0.0,0.0,2.0,15,1,6,06/23/2024,2024-06-23,15:30:00
02/26/2024 05:20:00 PM,3.0,2,1,6,7,1,1,1,0,1,3,UNABLE TO DETERMINE,2,1,0.0,0.0,0.0,0.0,0.0,2.0,17,2,2,02/26/2024,2024-02-26,17:20:00
02/07/2024 08:16:00 AM,5.0,2,1,4,5,1,3,3,0,1,3,FOLLOWING TOO CLOSELY,2,1,0.0,0.0,0.0,0.0,0.0,2.0,8,4,2,02/07/2024,2024-02-07,08:16:00
04/14/2024 04:26:00 PM,5.0,2,1,13,4,1,3,3,1,1,2,FAILING TO YIELD RIGHT-OF-WAY,2,2,1.0,0.0,0.0,0.0,1.0,1.0,16,1,4,04/14/2024,2024-04-14,16:26:00
04/19/2024 05:31:00 PM,3.0,2,1,11,7,1,3,3,0,1,2,UNABLE TO DETERMINE,2,1,0.0,0.0,0.0,0.0,0.0,1.0,17,6,4,04/19/2024,2024-04-19,17:31:00
06/08/2024 06:30:00 PM,5.0,2,1,6,5,1,1,1,0,1,3,DISREGARDING TRAFFIC SIGNALS,2,1,0.0,0.0,0.0,0.0,0.0,2.0,18,7,6,06/08/2024,2024-06-08,18:30:00
07/06/2024 09:00:00 PM,5.0,2,4,6,5,1,3,1,0,1,1,IMPROPER TURNING/NO SIGNAL,2,1,0.0,0.0,0.0,0.0,0.0,4.0,21,7,7,07/06/2024,2024-07-06,21:00:00
04/18/2024 04:00:00 PM,7.0,2,1,5,6,1,3,3,1,1,3,"VISION OBSCURED (SIGNS, TREE LIMBS, BUILDINGS, ETC.)",2,2,1.0,0.0,0.0,0.0,1.0,1.0,16,5,4,04/18/2024,2024-04-18,16:00:00
03/14/2024 02:55:00 PM,5.0,2,1,3,6,1,4,3,1,1,3,FAILING TO YIELD RIGHT-OF-WAY,2,1,0.0,0.0,0.0,0.0,0.0,2.0,14,5,3,03/14/2024,2024-03-14,14:55:00
02/10/2024 01:30:00 PM,5.0,2,1,13,5,1,1,1,1,1,3,UNABLE TO DETERMINE,2,4,1.0,0.0,1.0,0.0,0.0,1.0,13,7,2,02/10/2024,2024-02-10,13:30:00
06/09/2024 03:21:00 AM,3.0,2,5,5,4,1,1,1,1,1,3,UNABLE TO DETERMINE,2,2,1.0,0.0,0.0,0.0,1.0,1.0,3,1,6,06/09/2024,2024-06-09,03:21:00
06/05/2024 07:55:00 AM,5.0,2,1,6,4,1,3,3,0,1,1,UNABLE TO DETERMINE,2,1,0.0,0.0,0.0,0.0,0.0,4.0,7,4,6,06/05/2024,2024-06-05,07:55:00
05/13/2024 04:51:00 PM,3.0,2,1,13,7,1,4,3,1,1,1,UNABLE TO DETERMINE,2,4,1.0,0.0,1.0,0.0,0.0,1.0,16,2,5,05/13/2024,2024-05-13,16:51:00
02/05/2024 02:00:00 PM,5.0,2,1,3,4,1,3,3,0,1,3,UNABLE TO DETERMINE,2,1,0.0,0.0,0.0,0.0,0.0,2.0,14,2,2,02/05/2024,2024-02-05,14:00:00
05/17/2024 05:44:00 AM,3.0,2,1,6,5,1,3,1,0,1,3,FAILING TO YIELD RIGHT-OF-WAY,2,1,0.0,0.0,0.0,0.0,0.0,2.0,5,6,5,05/17/2024,2024-05-17,05:44:00
06/13/2024 01:00:00 PM,5.0,2,1,3,5,1,3,3,0,1,3,IMPROPER OVERTAKING/PASSING,2,1,0.0,0.0,0.0,0.0,0.0,4.0,13,5,6,06/13/2024,2024-06-13,13:00:00
08/08/2024 10:05:00 AM,5.0,2,1,4,6,1,1,1,0,1,3,FOLLOWING TOO CLOSELY,2,1,0.0,0.0,0.0,0.0,0.0,2.0,10,5,8,08/08/2024,2024-08-08,10:05:00
03/06/2024 08:15:00 AM,5.0,2,1,4,5,1,3,3,0,1,3,FOLLOWING TOO CLOSELY,2,1,0.0,0.0,0.0,0.0,0.0,2.0,8,4,3,03/06/2024,2024-03-06,08:15:00
01/06/2024 01:02:00 AM,3.0,5,4,11,6,1,5,3,0,1,3,DISTRACTION - FROM INSIDE VEHICLE,2,1,0.0,0.0,0.0,0.0,0.0,1.0,1,7,1,01/06/2024,2024-01-06,01:02:00
07/13/2024 07:15:00 PM,5.0,2,1,5,5,1,3,3,0,1,3,DISREGARDING TRAFFIC SIGNALS,2,1,0.0,0.0,0.0,0.0,0.0,2.0,19,7,7,07/13/2024,2024-07-13,19:15:00
07/24/2024 05:30:00 PM,7.0,2,2,14,7,1,3,1,1,1,3,FAILING TO YIELD RIGHT-OF-WAY,2,3,1.0,0.0,0.0,1.0,0.0,1.0,17,4,7,07/24/2024,2024-07-24,17:30:00
02/07/2024 05:10:00 PM,5.0,2,1,3,5,1,3,3,0,1,2,NOT APPLICABLE,2,1,0.0,0.0,0.0,0.0,0.0,2.0,17,4,2,02/07/2024,2024-02-07,17:10:00
06/18/2024 10:15:00 AM,3.0,2,1,8,10,1,3,3,0,1,3,IMPROPER BACKING,2,1,0.0,0.0,0.0,0.0,0.0,3.0,10,3,6,06/18/2024,2024-06-18,10:15:00
03/12/2024 05:40:00 PM,5.0,2,1,6,5,1,3,3,1,1,3,DISREGARDING TRAFFIC SIGNALS,2,3,1.0,0.0,0.0,1.0,0.0,1.0,17,3,3,03/12/2024,2024-03-12,17:40:00
03/30/2024 10:15:00 PM,12.0,2,4,4,5,1,3,3,0,1,3,FAILING TO REDUCE SPEED TO AVOID CRASH,2,1,0.0,0.0,0.0,0.0,0.0,2.0,22,7,3,03/30/2024,2024-03-30,22:15:00
03/21/2024 05:55:00 PM,7.0,2,1,4,5,1,3,1,0,1,3,FOLLOWING TOO CLOSELY,2,1,0.0,0.0,0.0,0.0,0.0,3.0,17,5,3,03/21/2024,2024-03-21,17:55:00
05/24/2024 07:38:00 PM,3.0,2,3,5,5,1,3,1,0,1,3,FAILING TO YIELD RIGHT-OF-WAY,2,1,0.0,0.0,0.0,0.0,0.0,2.0,19,6,5,05/24/2024,2024-05-24,19:38:00
06/15/2024 03:35:00 PM,3.0,2,1,11,6,1,3,3,0,0,3,UNABLE TO DETERMINE,2,1,0.0,0.0,0.0,0.0,0.0,1.0,15,7,6,06/15/2024,2024-06-15,15:35:00
05/09/2024 05:30:00 PM,5.0,2,1,4,4,1,3,3,0,1,3,FOLLOWING TOO CLOSELY,2,1,0.0,0.0,0.0,0.0,0.0,2.0,17,5,5,05/09/2024,2024-05-09,17:30:00
04/04/2024 10:30:00 AM,5.0,2,1,6,5,1,3,3,1,1,3,DRIVING SKILLS/KNOWLEDGE/EXPERIENCE,2,1,0.0,0.0,0.0,0.0,0.0,2.0,10,5,4,04/04/2024,2024-04-04,10:30:00
04/19/2024 04:00:00 PM,3.0,2,1,4,7,2,3,1,0,1,3,UNABLE TO DETERMINE,2,1,0.0,0.0,0.0,0.0,0.0,2.0,16,6,4,04/19/2024,2024-04-19,16:00:00
04/11/2024 03:16:00 AM,3.0,2,4,11,4,1,4,3,1,0,3,UNABLE TO DETERMINE,2,3,2.0,0.0,0.0,2.0,0.0,0.0,3,5,4,04/11/2024,2024-04-11,03:16:00
05/31/2024 07:40:00 AM,5.0,2,1,6,5,1,3,3,0,1,3,UNABLE TO DETERMINE,2,1,0.0,0.0,0.0,0.0,0.0,2.0,7,6,5,05/31/2024,2024-05-31,07:40:00
07/27/2024 09:58:00 AM,5.0,2,1,5,5,1,3,3,0,1,3,UNABLE TO DETERMINE,2,1,0.0,0.0,0.0,0.0,0.0,3.0,9,7,7,07/27/2024,2024-07-27,09:58:00
01/24/2024 03:35:00 PM,5.0,3,1,6,5,1,1,1,0,1,3,DRIVING SKILLS/KNOWLEDGE/EXPERIENCE,2,1,0.0,0.0,0.0,0.0,0.0,3.0,15,4,1,01/24/2024,2024-01-24,15:35:00
08/09/2024 09:50:00 AM,5.0,2,1,6,6,1,3,3,1,1,3,IMPROPER TURNING/NO SIGNAL,2,1,0.0,0.0,0.0,0.0,0.0,2.0,9,6,8,08/09/2024,2024-08-09,09:50:00
06/20/2024 09:00:00 PM,5.0,2,4,6,5,1,3,3,1,1,2,IMPROPER TURNING/NO SIGNAL,2,3,1.0,0.0,0.0,1.0,0.0,1.0,21,5,6,06/20/2024,2024-06-20,21:00:00
01/15/2024 02:50:00 PM,5.0,2,1,4,6,1,3,3,0,1,3,FAILING TO REDUCE SPEED TO AVOID CRASH,2,1,0.0,0.0,0.0,0.0,0.0,2.0,14,2,1,01/15/2024,2024-01-15,14:50:00