crash_date,traffic_control_device,weather_condition,lighting_condition,first_crash_type,trafficway_type,alignment,roadway_surface_cond,road_defect,crash_type,intersection_related_i,damage,prim_contributory_cause,num_units,most_severe_injury,injuries_total,injuries_fatal,injuries_incapacitating,injuries_non_incapacitating,injuries_reported_not_evident,injuries_no_indication,crash_hour,crash_day_of_week,crash_month,parsed_datetime,date,time
04/03/2024 08:00:00 AM,5.0,5,1,6,13,2,4,3,1,1,3,FAILING TO YIELD RIGHT-OF-WAY,2,3,1.0,0.0,0.0,1.0,0.0,2.0,8,4,4,04/03/2024,2024-04-03,08:00:00
01/30/2024 08:10:00 AM,5.0,4,1,6,5,1,4,3,1,1,3,DRIVING SKILLS/KNOWLEDGE/EXPERIENCE,2,2,2.0,0.0,0.0,0.0,2.0,1.0,8,3,1,01/30/2024,2024-01-30,08:10:00
06/13/2024 07:05:00 AM,5.0,2,1,6,12,1,1,1,0,1,3,FAILING TO YIELD RIGHT-OF-WAY,2,1,0.0,0.0,0.0,0.0,0.0,2.0,7,5,6,06/13/2024,2024-06-13,07:05:00
05/01/2024 07:40:00 AM,7.0,2,1,6,5,1,3,1,1,1,3,UNABLE TO DETERMINE,2,2,1.0,0.0,0.0,0.0,1.0,5.0,7,4,5,05/01/2024,2024-05-01,07:40:00
06/14/2024 12:19:00 AM,5.0,2,4,5,5,1,3,3,1,1,3,DISREGARDING TRAFFIC SIGNALS,2,3,1.0,0.0,0.0,1.0,0.0,2.0,0,6,6,06/14/2024,2024-06-14,00:19:00
07/22/2024 11:05:00 PM,3.0,2,4,11,5,1,3,3,0,1,1,NOT APPLICABLE,2,1,0.0,0.0,0.0,0.0,0.0,1.0,23,2,7,07/22/2024,2024-07-22,23:05:00
06/12/2024 05:14:00 PM,5.0,2,1,6,6,1,3,3,1,1,3,FAILING TO YIELD RIGHT-OF-WAY,2,4,2.0,0.0,1.0,0.0,1.0,1.0,17,4,6,06/12/2024,2024-06-12,17:14:00
03/27/2024 11:30:00 PM,5.0,2,5,5,4,1,3,1,1,1,3,DISREGARDING TRAFFIC SIGNALS,2,1,0.0,0.0,0.0,0.0,0.0,2.0,23,4,3,03/27/2024,2024-03-27,23:30:00
05/19/2024 03:27:00 PM,3.0,2,1,6,7,1,3,3,1,1,3,IMPROPER TURNING/NO SIGNAL,2,3,1.0,0.0,0.0,1.0,0.0,1.0,15,1,5,05/19/2024,2024-05-19,15:27:00
08/08/2024 10:30:00 AM,5.0,2,1,4,3,1,3,3,1,1,3,DISTRACTION - FROM INSIDE VEHICLE,2,1,0.0,0.0,0.0,0.0,0.0,2.0,10,5,8,08/08/2024,2024-08-08,10:30:00
03/28/2024 07:50:00 PM,5.0,2,4,13,5,1,3,1,1,1,1,FAILING TO YIELD RIGHT-OF-WAY,2,3,1.0,0.0,0.0,1.0,0.0,1.0,19,5,3,03/28/2024,2024-03-28,19:50:00
02/29/2024 05:30:00 PM,5.0,2,1,4,5,1,1,1,0,1,3,FOLLOWING TOO CLOSELY,2,1,0.0,0.0,0.0,0.0,0.0,2.0,17,5,2,02/29/2024,2024-02-29,17:30:00
08/08/2024 09:30:00 AM,2.0,2,1,4,4,1,1,1,0,1,1,UNABLE TO DETERMINE,2,1,0.0,0.0,0.0,0.0,0.0,2.0,9,5,8,08/08/2024,2024-08-08,09:30:00
06/10/2024 05:16:00 PM,7.0,2,1,5,5,1,3,3,0,1,2,UNABLE TO DETERMINE,2,1,0.0,0.0,0.0,0.0,0.0,3.0,17,2,6,06/10/2024,2024-06-10,17:16:00
02/23/2024 02:17:00 PM,3.0,2,1,6,5,1,1,1,0,1,3,UNABLE TO DETERMINE,2,1,0.0,0.0,0.0,0.0,0.0,2.0,14,6,2,02/23/2024,2024-02-23,14:17:00
08/12/2024 10:35:00 AM,3.0,2,1,6,6,1,3,3,0,1,3,FOLLOWING TOO CLOSELY,2,1,0.0,0.0,0.0,0.0,0.0,3.0,10,2,8,08/12/2024,2024-08-12,10:35:00
02/27/2024 04:00:00 PM,7.0,2,1,5,5,1,3,1,1,1,3,DISREGARDING STOP SIGN,2,1,0.0,0.0,0.0,0.0,0.0,2.0,16,3,2,02/27/2024,2024-02-27,16:00:00
07/07/2024 05:18:00 PM,5.0,4,1,13,5,1,4,3,1,1,2,FAILING TO YIELD RIGHT-OF-WAY,2,3,1.0,0.0,0.0,1.0,0.0,1.0,17,1,7,07/07/2024,2024-07-07,17:18:00
06/30/2024 12:40:00 AM,5.0,2,4,4,7,1,3,3,1,0,3,FAILING TO REDUCE SPEED TO AVOID CRASH,2,3,2.0,0.0,0.0,2.0,0.0,1.0,0,1,6,06/30/2024,2024-06-30,00:40:00
04/29/2024 06:32:00 AM,3.0,4,1,6,4,1,4,3,1,1,3,FAILING TO YIELD RIGHT-OF-WAY,2,2,1.0,0.0,0.0,0.0,1.0,1.0,6,2,4,04/29/2024,2024-04-29,06:32:00
04/01/2024 05:27:00 PM,5.0,4,1,5,5,1,4,3,1,1,2,FAILING TO YIELD RIGHT-OF-WAY,2,1,0.0,0.0,0.0,0.0,0.0,3.0,17,2,4,04/01/2024,2024-04-01,17:27:00
01/22/2024 07:38:00 AM,7.0,2,1,5,7,1,3,3,0,1,3,FAILING TO YIELD RIGHT-OF-WAY,2,1,0.0,0.0,0.0,0.0,0.0,2.0,7,2,1,01/22/2024,2024-01-22,07:38:00
01/02/2024 09:50:00 AM,5.0,2,1,3,5,1,3,1,0,1,2,IMPROPER TURNING/NO SIGNAL,2,1,0.0,0.0,0.0,0.0,0.0,2.0,9,3,1,01/02/2024,2024-01-02,09:50:00
03/13/2024 09:29:00 PM,5.0,2,4,6,6,1,3,3,1,1,3,FAILING TO YIELD RIGHT-OF-WAY,2,1,0.0,0.0,0.0,0.0,0.0,3.0,21,4,3,03/13/2024,2024-03-13,21:29:00
07/25/2024 02:55:00 PM,7.0,2,1,5,5,1,3,3,1,1,3,UNABLE TO DETERMINE,2,2,2.0,0.0,0.0,0.0,2.0,0.0,14,5,7,07/25/2024,2024-07-25,14:55:00
06/21/2024 12:22:00 PM,5.0,2,1,13,5,1,3,3,1,1,2,UNABLE TO DETERMINE,2,3,1.0,0.0,0.0,1.0,0.0,1.0,12,6,6,06/21/2024,2024-06-21,12:22:00
04/15/2024 06:27:00 AM,3.0,2,2,6,6,1,3,3,0,1,3,"OPERATING VEHICLE IN ERRATIC, RECKLESS, CARELESS, NEGLIGENT OR AGGRESSIVE MANNER",2,1,0.0,0.0,0.0,0.0,0.0,2.0,6,2,4,04/15/2024,2024-04-15,06:27:00
03/30/2024 02:00:00 PM,7.0,2,1,13,6,1,3,3,0,1,3,FAILING TO YIELD RIGHT-OF-WAY,2,1,0.0,0.0,0.0,0.0,0.0,2.0,14,7,3,03/30/2024,2024-03-30,14:00:00
07/17/2024 02:30:00 PM,5.0,2,1,6,5,1,3,3,1,1,3,UNABLE TO DETERMINE,2,3,1.0,0.0,0.0,1.0,0.0,1.0,14,4,7,07/17/2024,2024-07-17,14:30:00
05/10/2024 07:47:00 AM,5.0,2,1,3,4,1,3,3,0,1,3,IMPROPER LANE USAGE,2,1,0.0,0.0,0.0,0.0,0.0,2.0,7,6,5,05/10/2024,2024-05-10,07:47:00
07/28/2024 07:00:00 PM,1.0,2,4,3,6,1,4,1,0,0,3,IMPROPER LANE USAGE,2,1,0.0,0.0,0.0,0.0,0.0,2.0,19,1,7,07/28/2024,2024-07-28,19:00:00
04/01/2024 06:30:00 PM,5.0,2,1,4,5,1,2,1,0,1,3,UNABLE TO DETERMINE,2,1,0.0,0.0,0.0,0.0,0.0,4.0,18,2,4,04/01/2024,2024-04-01,18:30:00
06/20/2024 12:40:00 PM,5.0,2,1,6,5,1,3,3,1,1,3,UNABLE TO DETERMINE,2,1,0.0,0.0,0.0,0.0,0.0,3.0,12,5,6,06/20/2024,2024-06-20,12:40:00
06/24/2024 05:15:00 PM,5.0,2,1,6,4,1,3,3,0,1,2,FAILING TO YIELD RIGHT-OF-WAY,2,1,0.0,0.0,0.0,0.0,0.0,2.0,17,2,6,06/24/2024,2024-06-24,17:15:00
04/12/2024 09:15:00 PM,1.0,2,1,6,6,1,1,1,0,1,3,UNABLE TO DETERMINE,2,1,0.0,0.0,0.0,0.0,0.0,3.0,21,6,4,04/12/2024,2024-04-12,21:15:00
07/30/2024 10:30:00 AM,5.0,2,1,6,1,1,3,3,0,1,3,IMPROPER TURNING/NO SIGNAL,2,1,0.0,0.0,0.0,0.0,0.0,2.0,10,3,7,07/30/2024,2024-07-30,10:30:00
03/14/2024 08:52:00 AM,7.0,4,1,5,5,1,4,1,1,1,3,FAILING TO YIELD RIGHT-OF-WAY,2,2,1.0,0.0,0.0,0.0,1.0,1.0,8,5,3,03/14/2024,2024-03-14,08:52:00
08/03/2024 12:25:00 PM,5.0,2,1,10,6,2,3,7,1,1,3,IMPROPER LANE USAGE,2,3,1.0,0.0,0.0,1.0,0.0,1.0,12,7,8,08/03/2024,2024-08-03,12:25:00
01/18/2024 02:57:00 PM,3.0,2,1,6,5,1,4,3,1,1,3,"VISION OBSCURED (SIGNS, TREE LIMBS, BUILDINGS, ETC.)",2,1,0.0,0.0,0.0,0.0,0.0,2.0,14,5,1,01/18/2024,2024-01-18,14:57:00
02/07/2024 06:37:00 PM,7.0,2,1,11,10,1,3,1,0,0,2,IMPROPER TURNING/NO SIGNAL,2,1,0.0,0.0,0.0,0.0,0.0,3.0,18,4,2,02/07/2024,2024-02-07,18:37:00
04/29/2024 07:23:00 PM,5.0,3,1,11,4,1,3,3,1,1,3,"OPERATING VEHICLE IN ERRATIC, RECKLESS, CARELESS, NEGLIGENT OR AGGRESSIVE MANNER",2,1,0.0,0.0,0.0,0.0,0.0,1.0,19,2,4,04/29/2024,2024-04-29,19:23:00
04/30/2024 10:25:00 AM,7.0,2,1,5,4,1,1,1,0,1,3,UNABLE TO DETERMINE,2,1,0.0,0.0,0.0,0.0,0.0,2.0,10,3,4,04/30/2024,2024-04-30,10:25:00
02/01/2024 10:35:00 AM,7.0,2,1,13,5,1,3,3,0,1,1,FAILING TO YIELD RIGHT-OF-WAY,2,1,0.0,0.0,0.0,0.0,0.0,2.0,10,5,2,02/01/2024,2024-02-01,10:35:00
04/01/2024 08:02:00 AM,5.0,2,1,4,6,1,3,3,0,0,3,FOLLOWING TOO CLOSELY,2,1,0.0,0.0,0.0,0.0,0.0,2.0,8,2,4,04/01/2024,2024-04-01,08:02:00
06/06/2024 07:45:00 PM,3.0,2,3,4,6,1,3,3,0,0,2,IMPROPER LANE USAGE,2,1,0.0,0.0,0.0,0.0,0.0,2.0,19,5,6,06/06/2024,2024-06-06,19:45:00
03/11/2024 03:10:00 PM,5.0,2,1,6,5,1,3,3,0,1,2,UNABLE TO DETERMINE,2,1,0.0,0.0,0.0,0.0,0.0,3.0,15,2,3,03/11/2024,2024-03-11,15:10:00
05/04/2024 01:00:00 PM,7.0,2,1,5,6,1,3,3,0,1,3,DISREGARDING STOP SIGN,2,1,0.0,0.0,0.0,0.0,0.0,2.0,13,7,5,05/04/2024,2024-05-04,13:00:00
05/29/2024 08:17:00 AM,3.0,2,1,3,5,1,3,3,1,1,3,UNABLE TO DETERMINE,2,1,0.0,0.0,0.0,0.0,0.0,6.0,8,4,5,05/29/2024,2024-05-29,08:17:00
01/16/2024 08:39:00 AM,5.0,2,1,5,6,1,3,3,0,1,3,DISREGARDING TRAFFIC SIGNALS,2,1,0.0,0.0,0.0,0.0,0.0,2.0,8,3,1,01/16/2024,2024-01-16,08:39:00
06/27/2024 02:27:00 PM,7.0,2,1,6,5,1,3,3,0,1,3,FAILING TO YIELD RIGHT-OF-WAY,2,1,0.0,0.0,0.0,0.0,0.0,5.0,14,5,6,06/27/2024,2024-06-27,14:27:00
05/01/2024 10:19:00 AM,5.0,2,1,5,5,1,3,1,0,1,2,"OPERATING VEHICLE IN ERRATIC, RECKLESS, CARELESS, NEGLIGENT OR AGGRESSIVE MANNER",2,1,0.0,0.0,0.0,0.0,0.0,2.0,10,4,5,05/01/2024,2024-05-01,10:19:00
03/12/2024 10:05:00 AM,3.0,2,1,3,5,1,3,3,0,1,3,"OPERATING VEHICLE IN ERRATIC, RECKLESS, CARELESS, NEGLIGENT OR AGGRESSIVE MANNER",2,1,0.0,0.0,0.0,0.0,0.0,2.0,10,3,3,03/12/2024,2024-03-12,10:05:00
07/02/2024 11:51:00 PM,5.0,2,4,6,5,1,3,3,1,1,1,IMPROPER TURNING/NO SIGNAL,2,3,1.0,0.0,0.0,1.0,0.0,1.0,23,3,7,07/02/2024,2024-07-02,23:51:00
06/13/2024 04:09:00 PM,5.0,2,1,13,5,1,3,3,1,1,3,IMPROPER TURNING/NO SIGNAL,2,3,1.0,0.0,0.0,1.0,0.0,1.0,16,5,6,06/13/2024,2024-06-13,16:09:00
07/03/2024 03:21:00 PM,5.0,2,1,13,5,1,3,3,1,1,1,FAILING TO YIELD RIGHT-OF-WAY,2,2,1.0,0.0,0.0,0.0,1.0,1.0,15,4,7,07/03/2024,2024-07-03,15:21:00
01/07/2024 04:43:00 AM,7.0,4,4,10,6,1,4,3,0,1,2,FOLLOWING TOO CLOSELY,2,1,0.0,0.0,0.0,0.0,0.0,2.0,4,1,1,01/07/2024,2024-01-07,04:43:00
04/30/2024 03:39:00 PM,7.0,2,1,6,6,1,3,3,1,1,3,NOT APPLICABLE,2,1,0.0,0.0,0.0,0.0,0.0,2.0,15,3,4,04/30/2024,2024-04-30,15:39:00
05/17/2024 04:00:00 PM,5.0,2,1,2,10,1,3,3,1,1,3,NOT APPLICABLE,2,3,1.0,0.0,0.0,1.0,0.0,1.0,16,6,5,05/17/2024,2024-05-17,16:00:00
01/23/2024 06:04:00 PM,5.0,5,5,5,5,1,4,3,1,1,3,UNABLE TO DETERMINE,2,3,1.0,0.0,0.0,1.0,0.0,4.0,18,3,1,01/23/2024,2024-01-23,18:04:00
05/13/2024 02:55:00 PM,5.0,4,1,6,3,1,4,3,0,1,3,FAILING TO YIELD RIGHT-OF-WAY,2,1,0.0,0.0,0.0,0.0,0.0,3.0,14,2,5,05/13/2024,2024-05-13,14:55:00
06/22/2024 01:45:00 PM,5.0,2,1,4,4,1,3,3,0,1,3,UNABLE TO DETERMINE,2,1,0.0,0.0,0.0,0.0,0.0,2.0,13,7,6,06/22/2024,2024-06-22,13:45:00
05/20/2024 05:30:00 AM,7.0,2,4,6,3,1,3,3,1,1,3,IMPROPER OVERTAKING/PASSING,2,1,0.0,0.0,0.0,0.0,0.0,2.0,5,2,5,05/20/2024,2024-05-20,05:30:00
07/13/2024 07:15:00 AM,5.0,2,1,5,5,1,3,3,0,1,3,UNABLE TO DETERMINE,2,1,0.0,0.0,0.0,0.0,0.0,2.0,7,7,7,07/13/2024,2024-07-13,07:15:00
03/16/2024 09:37:00 PM,5.0,2,4,6,1,1,3,3,1,1,3,FAILING TO YIELD RIGHT-OF-WAY,2,1,0.0,0.0,0.0,0.0,0.0,5.0,21,7,3,03/16/2024,2024-03-16,21:37:00
08/13/2024 09:00:00 AM,3.0,2,1,13,6,1,3,3,1,1,1,UNABLE TO DETERMINE,2,2,1.0,0.0,0.0,0.0,1.0,2.0,9,3,8,08/13/2024,2024-08-13,09:00:00
07/10/2024 04:48:00 PM,5.0,2,1,13,5,1,3,1,1,1,3,DISTRACTION - FROM OUTSIDE VEHICLE,2,3,1.0,0.0,0.0,1.0,0.0,1.0,16,4,7,07/10/2024,2024-07-10,16:48:00
01/08/2024 10:06:00 AM,5.0,2,1,6,6,1,3,3,1,1,3,FAILING TO YIELD RIGHT-OF-WAY,2,1,0.0,0.0,0.0,0.0,0.0,2.0,10,2,1,01/08/2024,2024-01-08,10:06:00
04/01/2024 06:02:00 PM,5.0,2,1,4,6,1,4,3,0,1,3,FOLLOWING TOO CLOSELY,2,1,0.0,0.0,0.0,0.0,0.0,2.0,18,2,4,04/01/2024,2024-04-01,18:02:00
07/06/2024 06:01:00 AM,7.0,2,1,5,5,1,3,3,1,1,3,FAILING TO YIELD RIGHT-OF-WAY,2,1,0.0,0.0,0.0,0.0,0.0,2.0,6,7,7,07/06/2024,2024-07-06,06:01:00
05/17/2024 05:25:00 AM,5.0,2,1,6,5,1,3,1,0,1,3,DISREGARDING TRAFFIC SIGNALS,2,1,0.0,0.0,0.0,0.0,0.0,2.0,5,6,5,05/17/2024,2024-05-17,05:25:00
02/17/2024 04:30:00 PM,5.0,2,1,4,6,1,3,3,0,1,3,FOLLOWING TOO CLOSELY,2,1,0.0,0.0,0.0,0.0,0.0,3.0,16,7,2,02/17/2024,2024-02-17,16:30:00
04/10/2024 08:05:00 PM,5.0,2,4,4,4,1,3,1,0,1,3,UNABLE TO DETERMINE,2,1,0.0,0.0,0.0,0.0,0.0,3.0,20,4,4,04/10/2024,2024-04-10,20:05:00
05/07/2024 11:15:00 PM,7.0,2,5,6,6,1,1,1,0,1,2,DISREGARDING STOP SIGN,2,1,0.0,0.0,0.0,0.0,0.0,2.0,23,3,5,05/07/2024,2024-05-07,23:15:00
06/17/2024 11:35:00 AM,5.0,2,1,3,5,1,3,1,0,1,3,UNABLE TO DETERMINE,2,1,0.0,0.0,0.0,0.0,0.0,2.0,11,2,6,06/17/2024,2024-06-17,11:35:00
02/22/2024 05:30:00 PM,3.0,2,1,11,7,1,1,1,0,0,1,UNABLE TO DETERMINE,2,1,0.0,0.0,0.0,0.0,0.0,2.0,17,5,2,02/22/2024,2024-02-22,17:30:00
01/06/2024 10:15:00 AM,7.0,5,1,6,7,1,4,3,0,1,3,UNABLE TO DETERMINE,2,1,0.0,0.0,0.0,0.0,0.0,3.0,10,7,1,01/06/2024,2024-01-06,10:15:00
01/01/2024 05:30:00 AM,7.0,1,5,5,7,1,4,1,1,1,3,FAILING TO YIELD RIGHT-OF-WAY,2,1,0.0,0.0,0.0,0.0,0.0,2.0,5,2,1,01/01/2024,2024-01-01,05:30:00
06/14/2024 06:24:00 AM,5.0,2,1,14,5,1,3,1,1,1,2,DRIVING SKILLS/KNOWLEDGE/EXPERIENCE,2,3,1.0,0.0,0.0,1.0,0.0,1.0,6,6,6,06/14/2024,2024-06-14,06:24:00
05/14/2024 04:52:00 PM,5.0,2,1,3,5,1,3,3,0,1,1,RELATED TO BUS STOP,2,1,0.0,0.0,0.0,0.0,0.0,2.0,16,3,5,05/14/2024,2024-05-14,16:52:00
03/11/2024 05:12:00 PM,5.0,2,1,4,5,1,3,3,0,1,1,FOLLOWING TOO CLOSELY,2,1,0.0,0.0,0.0,0.0,0.0,2.0,17,2,3,03/11/2024,2024-03-11,17:12:00
08/01/2024 07:15:00 AM,5.0,2,1,5,6,1,3,3,0,1,3,UNABLE TO DETERMINE,2,1,0.0,0.0,0.0,0.0,0.0,2.0,7,5,8,08/01/2024,2024-08-01,07:15:00
02/28/2024 04:10:00 PM,5.0,2,1,13,5,1,3,3,1,1,1,FAILING TO YIELD RIGHT-OF-WAY,2,3,1.0,0.0,0.0,1.0,0.0,1.0,16,4,2,02/28/2024,2024-02-28,16:10:00
03/15/2024 08:15:00 AM,5.0,2,1,3,5,1,3,3,0,1,3,UNABLE TO DETERMINE,2,1,0.0,0.0,0.0,0.0,0.0,2.0,8,6,3,03/15/2024,2024-03-15,08:15:00
05/19/2024 06:23:00 AM,5.0,2,1,6,4,1,3,1,1,1,3,"OPERATING VEHICLE IN ERRATIC, RECKLESS, CARELESS, NEGLIGENT OR AGGRESSIVE MANNER",2,1,0.0,0.0,0.0,0.0,0.0,3.0,6,1,5,05/19/2024,2024-05-19,06:23:00
03/27/2024 03:04:00 PM,7.0,2,1,5,5,1,3,3,1,1,3,UNABLE TO DETERMINE,2,2,1.0,0.0,0.0,0.0,1.0,2.0,15,4,3,03/27/2024,2024-03-27,15:04:00
05/19/2024 03:00:00 PM,5.0,2,1,5,6,1,3,3,1,1,3,DISREGARDING TRAFFIC SIGNALS,2,3,2.0,0.0,0.0,2.0,0.0,2.0,15,1,5,05/19/2024,2024-05-19,15:00:00
07/11/2024 03:00:00 PM,5.0,2,1,4,6,1,3,3,1,1,3,DRIVING SKILLS/KNOWLEDGE/EXPERIENCE,2,2,1.0,0.0,0.0,0.0,1.0,1.0,15,5,7,07/11/2024,2024-07-11,15:00:00
04/05/2024 03:17:00 PM,5.0,2,1,6,5,1,3,3,1,1,3,IMPROPER TURNING/NO SIGNAL,2,2,1.0,0.0,0.0,0.0,1.0,3.0,15,6,4,04/05/2024,2024-04-05,15:17:00
05/30/2024 08:27:00 AM,6.0,2,1,13,18,1,3,3,1,0,3,FAILING TO REDUCE SPEED TO AVOID CRASH,2,4,1.0,0.0,1.0,0.0,0.0,1.0,8,5,5,05/30/2024,2024-05-30,08:27:00
07/22/2024 06:22:00 PM,5.0,2,1,4,10,1,3,3,0,1,3,FOLLOWING TOO CLOSELY,2,1,0.0,0.0,0.0,0.0,0.0,2.0,18,2,7,07/22/2024,2024-07-22,18:22:00
07/20/2024 06:13:00 PM,7.0,2,1,5,5,1,1,1,0,1,3,FAILING TO YIELD RIGHT-OF-WAY,2,1,0.0,0.0,0.0,0.0,0.0,2.0,18,7,7,07/20/2024,2024-07-20,18:13:00
01/18/2024 04:40:00 PM,5.0,2,1,5,5,1,3,3,1,1,3,FAILING TO YIELD RIGHT-OF-WAY,2,1,0.0,0.0,0.0,0.0,0.0,5.0,16,5,1,01/18/2024,2024-01-18,16:40:00
07/02/2024 04:15:00 PM,5.0,2,1,5,1,1,1,1,0,1,3,UNABLE TO DETERMINE,2,1,0.0,0.0,0.0,0.0,0.0,2.0,16,3,7,07/02/2024,2024-07-02,16:15:00
06/13/2024 08:00:00 PM,3.0,2,1,6,16,1,3,3,0,1,3,UNABLE TO DETERMINE,2,1,0.0,0.0,0.0,0.0,0.0,5.0,20,5,6,06/13/2024,2024-06-13,20:00:00
07/04/2024 06:31:00 PM,5.0,2,1,4,6,1,3,3,1,1,2,UNABLE TO DETERMINE,2,3,2.0,0.0,0.0,2.0,0.0,1.0,18,5,7,07/04/2024,2024-07-04,18:31:00
05/13/2024 04:25:00 PM,7.0,4,1,5,5,1,4,3,0,1,2,FAILING TO YIELD RIGHT-OF-WAY,2,1,0.0,0.0,0.0,0.0,0.0,3.0,16,2,5,05/13/2024,2024-05-13,16:25:00
03/24/2024 12:05:00 AM,5.0,2,4,6,5,1,3,3,1,1,3,FAILING TO YIELD RIGHT-OF-WAY,2,2,1.0,0.0,0.0,0.0,1.0,3.0,0,1,3,03/24/2024,2024-03-24,00:05:00
03/27/2024 08:25:00 AM,5.0,2,1,4,5,1,3,1,0,1,3,NOT APPLICABLE,2,1,0.0,0.0,0.0,0.0,0.0,2.0,8,4,3,03/27/2024,2024-03-27,08:25:00
08/01/2024 03:05:00 PM,5.0,2,1,6,5,1,3,3,0,1,3,IMPROPER TURNING/NO SIGNAL,2,1,0.0,0.0,0.0,0.0,0.0,2.0,15,5,8,08/01/2024,2024-08-01,15:05:00
05/01/2024 04:52:00 PM,5.0,2,1,6,7,1,3,3,1,1,3,UNABLE TO DETERMINE,2,3,1.0,0.0,0.0,1.0,0.0,2.0,16,4,5,05/01/2024,2024-05-01,16:52:00
06/06/2024 03:00:00 PM,7.0,2,1,5,7,1,1,1,1,1,3,FAILING TO YIELD RIGHT-OF-WAY,2,3,1.0,0.0,0.0,1.0,0.0,1.0,15,5,6,06/06/2024,2024-06-06,15:00:00
04/26/2024 03:41:00 PM,3.0,4,2,6,6,1,4,3,0,1,3,FAILING TO YIELD RIGHT-OF-WAY,2,1,0.0,0.0,0.0,0.0,0.0,2.0,15,6,4,04/26/2024,2024-04-26,15:41:00
06/25/2024 05:52:00 PM,7.0,2,1,5,5,1,3,1,1,1,3,FAILING TO YIELD RIGHT-OF-WAY,2,1,0.0,0.0,0.0,0.0,0.0,2.0,17,3,6,06/25/2024,2024-06-25,17:52:00
05/18/2024 01:13:00 PM,5.0,2,1,5,6,1,3,3,1,1,3,FAILING TO YIELD RIGHT-OF-WAY,2,1,0.0,0.0,0.0,0.0,0.0,3.0,13,7,5,05/18/2024,2024-05-18,13:13:00
06/15/2024 07:10:00 AM,5.0,2,1,6,5,1,3,3,1,1,3,IMPROPER TURNING/NO SIGNAL,2,4,1.0,0.0,1.0,0.0,0.0,1.0,7,7,6,06/15/2024,2024-06-15,07:10:00
04/24/2024 05:24:00 PM,7.0,2,1,4,6,1,1,1,0,1,3,FOLLOWING TOO CLOSELY,2,1,0.0,0.0,0.0,0.0,0.0,2.0,17,4,4,04/24/2024,2024-04-24,17:24:00
05/27/2024 07:00:00 AM,5.0,2,4,3,5,1,3,1,0,1,3,DRIVING SKILLS/KNOWLEDGE/EXPERIENCE,2,1,0.0,0.0,0.0,0.0,0.0,2.0,7,2,5,05/27/2024,2024-05-27,07:00:00
02/03/2024 11:32:00 PM,7.0,2,4,5,5,1,3,3,1,1,3,DISREGARDING STOP SIGN,2,1,0.0,0.0,0.0,0.0,0.0,3.0,23,7,2,02/03/2024,2024-02-03,23:32:00
02/07/2024 05:50:00 PM,3.0,2,4,6,4,1,3,3,1,1,3,UNABLE TO DETERMINE,2,1,0.0,0.0,0.0,0.0,0.0,2.0,17,4,2,02/07/2024,2024-02-07,17:50:00
01/01/2024 07:35:00 AM,5.0,2,1,5,5,1,4,3,1,1,3,UNABLE TO DETERMINE,2,1,0.0,0.0,0.0,0.0,0.0,2.0,7,2,1,01/01/2024,2024-01-01,07:35:00
01/20/2024 01:00:00 PM,5.0,2,1,5,5,1,5,3,1,1,3,FAILING TO YIELD RIGHT-OF-WAY,2,1,0.0,0.0,0.0,0.0,0.0,4.0,13,7,1,01/20/2024,2024-01-20,13:00:00
07/22/2024 12:34:00 AM,5.0,2,4,6,4,1,3,1,1,1,3,FAILING TO YIELD RIGHT-OF-WAY,2,3,1.0,0.0,0.0,1.0,0.0,2.0,0,2,7,07/22/2024,2024-07-22,00:34:00
04/27/2024 08:00:00 AM,5.0,2,1,5,5,1,3,3,1,1,3,DISREGARDING TRAFFIC SIGNALS,2,1,0.0,0.0,0.0,0.0,0.0,3.0,8,7,4,04/27/2024,2024-04-27,08:00:00
04/13/2024 06:30:00 PM,1.0,2,1,7,5,1,1,1,0,1,3,UNABLE TO DETERMINE,2,1,0.0,0.0,0.0,0.0,0.0,2.0,18,7,4,04/13/2024,2024-04-13,18:30:00
08/02/2024 03:13:00 PM,7.0,2,1,5,6,1,3,3,1,1,3,UNABLE TO DETERMINE,2,1,0.0,0.0,0.0,0.0,0.0,3.0,15,6,8,08/02/2024,2024-08-02,15:13:00
04/23/2024 06:50:00 AM,5.0,2,1,3,6,1,3,3,0,1,2,FAILING TO YIELD RIGHT-OF-WAY,2,1,0.0,0.0,0.0,0.0,0.0,2.0,6,3,4,04/23/2024,2024-04-23,06:50:00
02/13/2024 05:40:00 PM,5.0,2,4,6,5,1,3,3,0,1,3,"VISION OBSCURED (SIGNS, TREE LIMBS, BUILDINGS, ETC.)",2,1,0.0,0.0,0.0,0.0,0.0,2.0,17,3,2,02/13/2024,2024-02-13,17:40:00
05/05/2024 03:30:00 PM,5.0,2,1,6,6,1,3,3,0,1,2,FAILING TO REDUCE SPEED TO AVOID CRASH,2,1,0.0,0.0,0.0,0.0,0.0,2.0,15,1,5,05/05/2024,2024-05-05,15:30:00
07/31/2024 09:20:00 AM,3.0,2,1,3,3,1,3,1,0,1,3,IMPROPER OVERTAKING/PASSING,2,1,0.0,0.0,0.0,0.0,0.0,2.0,9,4,7,07/31/2024,2024-07-31,09:20:00
04/18/2024 03:36:00 PM,5.0,3,1,5,6,1,3,1,0,1,3,NOT APPLICABLE,2,1,0.0,0.0,0.0,0.0,0.0,2.0,15,5,4,04/18/2024,2024-04-18,15:36:00
08/05/2024 08:40:00 AM,3.0,4,1,4,5,1,4,3,0,1,3,FOLLOWING TOO CLOSELY,2,1,0.0,0.0,0.0,0.0,0.0,2.0,8,2,8,08/05/2024,2024-08-05,08:40:00