crash_date,traffic_control_device,weather_condition,lighting_condition,first_crash_type,trafficway_type,alignment,roadway_surface_cond,road_defect,crash_type,intersection_related_i,damage,prim_contributory_cause,num_units,most_severe_injury,injuries_total,injuries_fatal,injuries_incapacitating,injuries_non_incapacitating,injuries_reported_not_evident,injuries_no_indication,crash_hour,crash_day_of_week,crash_month,parsed_datetime,date,time
03/08/2024 05:46:00 PM,5.0,4,4,4,5,1,4,1,0,1,3,FOLLOWING TOO CLOSELY,2,1,0.0,0.0,0.0,0.0,0.0,3.0,17,6,3,03/08/2024,2024-03-08,17:46:00
07/03/2024 11:28:00 AM,5.0,2,1,6,5,1,3,1,0,1,3,IMPROPER TURNING/NO SIGNAL,2,1,0.0,0.0,0.0,0.0,0.0,2.0,11,4,7,07/03/2024,2024-07-03,11:28:00
01/17/2024 06:00:00 PM,5.0,2,1,4,5,1,3,3,0,1,2,UNABLE TO DETERMINE,2,1,0.0,0.0,0.0,0.0,0.0,2.0,18,4,1,01/17/2024,2024-01-17,18:00:00
03/17/2024 05:25:00 PM,4.0,2,1,5,5,1,3,1,1,1,3,FAILING TO REDUCE SPEED TO AVOID CRASH,2,1,0.0,0.0,0.0,0.0,0.0,2.0,17,1,3,03/17/2024,2024-03-17,17:25:00
07/06/2024 08:50:00 PM,5.0,2,4,6,3,1,3,1,1,1,3,IMPROPER TURNING/NO SIGNAL,2,1,0.0,0.0,0.0,0.0,0.0,2.0,20,7,7,07/06/2024,2024-07-06,20:50:00
08/11/2024 02:30:00 PM,5.0,2,1,3,5,1,3,3,0,1,2,FAILING TO YIELD RIGHT-OF-WAY,2,1,0.0,0.0,0.0,0.0,0.0,5.0,14,1,8,08/11/2024,2024-08-11,14:30:00
07/22/2024 09:59:00 AM,5.0,2,1,6,5,1,3,3,1,1,3,FAILING TO YIELD RIGHT-OF-WAY,2,1,0.0,0.0,0.0,0.0,0.0,2.0,9,2,7,07/22/2024,2024-07-22,09:59:00
06/21/2024 07:50:00 AM,7.0,2,1,5,5,1,3,3,0,1,3,UNABLE TO DETERMINE,2,1,0.0,0.0,0.0,0.0,0.0,2.0,7,6,6,06/21/2024,2024-06-21,07:50:00
02/23/2024 08:50:00 PM,7.0,5,4,13,5,1,5,3,1,1,1,FAILING TO YIELD RIGHT-OF-WAY,2,3,1.0,0.0,0.0,1.0,0.0,1.0,20,6,2,02/23/2024,2024-02-23,20:50:00
05/04/2024 09:40:00 AM,5.0,2,1,9,5,1,3,1,0,1,3,DRIVING ON WRONG SIDE/WRONG WAY,2,1,0.0,0.0,0.0,0.0,0.0,2.0,9,7,5,05/04/2024,2024-05-04,09:40:00
04/03/2024 08:25:00 AM,7.0,5,1,5,2,1,4,1,1,1,2,UNABLE TO DETERMINE,2,1,0.0,0.0,0.0,0.0,0.0,3.0,8,4,4,04/03/2024,2024-04-03,08:25:00
05/23/2024 04:40:00 PM,3.0,2,1,6,5,1,3,3,0,1,3,CELL PHONE USE OTHER THAN TEXTING,2,1,0.0,0.0,0.0,0.0,0.0,2.0,16,5,5,05/23/2024,2024-05-23,16:40:00
01/29/2024 06:25:00 PM,7.0,2,5,14,5,1,3,3,1,1,3,FAILING TO YIELD RIGHT-OF-WAY,2,2,1.0,0.0,0.0,0.0,1.0,1.0,18,2,1,01/29/2024,2024-01-29,18:25:00
04/12/2024 08:25:00 PM,7.0,2,3,5,5,1,4,3,1,1,3,FAILING TO YIELD RIGHT-OF-WAY,2,1,0.0,0.0,0.0,0.0,0.0,7.0,20,6,4,04/12/2024,2024-04-12,20:25:00
01/17/2024 01:00:00 PM,5.0,2,1,5,6,1,1,1,0,1,3,DISREGARDING TRAFFIC SIGNALS,2,1,0.0,0.0,0.0,0.0,0.0,2.0,13,4,1,01/17/2024,2024-01-17,13:00:00
07/30/2024 03:43:00 PM,3.0,2,1,5,6,1,3,3,1,0,3,FAILING TO YIELD RIGHT-OF-WAY,2,3,1.0,0.0,0.0,1.0,0.0,1.0,15,3,7,07/30/2024,2024-07-30,15:43:00
05/22/2024 08:45:00 AM,3.0,2,1,5,6,1,3,3,1,1,3,NOT APPLICABLE,2,2,1.0,0.0,0.0,0.0,1.0,3.0,8,4,5,05/22/2024,2024-05-22,08:45:00
04/03/2024 01:13:00 PM,5.0,4,1,6,5,1,4,3,1,1,3,FAILING TO YIELD RIGHT-OF-WAY,2,2,1.0,0.0,0.0,0.0,1.0,1.0,13,4,4,04/03/2024,2024-04-03,13:13:00
06/02/2024 09:46:00 PM,7.0,2,4,5,5,1,3,3,1,1,3,FAILING TO YIELD RIGHT-OF-WAY,2,3,1.0,0.0,0.0,1.0,0.0,2.0,21,1,6,06/02/2024,2024-06-02,21:46:00
01/25/2024 07:10:00 PM,7.0,4,4,14,5,1,4,1,1,1,1,WEATHER,2,4,1.0,0.0,1.0,0.0,0.0,1.0,19,5,1,01/25/2024,2024-01-25,19:10:00
05/23/2024 04:45:00 PM,5.0,2,1,4,6,1,3,1,0,1,3,UNABLE TO DETERMINE,2,1,0.0,0.0,0.0,0.0,0.0,3.0,16,5,5,05/23/2024,2024-05-23,16:45:00
04/22/2024 09:20:00 AM,5.0,2,1,4,6,1,3,3,0,1,3,FAILING TO REDUCE SPEED TO AVOID CRASH,2,1,0.0,0.0,0.0,0.0,0.0,2.0,9,2,4,04/22/2024,2024-04-22,09:20:00
08/05/2024 04:15:00 PM,7.0,2,1,6,1,1,3,3,1,1,3,UNABLE TO DETERMINE,2,1,0.0,0.0,0.0,0.0,0.0,2.0,16,2,8,08/05/2024,2024-08-05,16:15:00
03/30/2024 07:25:00 PM,1.0,2,4,3,10,1,1,7,0,0,3,IMPROPER OVERTAKING/PASSING,2,1,0.0,0.0,0.0,0.0,0.0,2.0,19,7,3,03/30/2024,2024-03-30,19:25:00
05/12/2024 01:52:00 AM,5.0,2,4,5,5,1,3,1,1,1,3,DISREGARDING TRAFFIC SIGNALS,2,3,1.0,0.0,0.0,1.0,0.0,2.0,1,1,5,05/12/2024,2024-05-12,01:52:00
02/06/2024 06:55:00 AM,3.0,2,1,7,10,1,3,3,0,1,1,IMPROPER BACKING,2,1,0.0,0.0,0.0,0.0,0.0,2.0,6,3,2,02/06/2024,2024-02-06,06:55:00
02/24/2024 02:05:00 PM,5.0,2,1,3,1,1,3,3,0,1,3,"OPERATING VEHICLE IN ERRATIC, RECKLESS, CARELESS, NEGLIGENT OR AGGRESSIVE MANNER",2,1,0.0,0.0,0.0,0.0,0.0,2.0,14,7,2,02/24/2024,2024-02-24,14:05:00
06/15/2024 06:30:00 PM,5.0,2,1,3,1,1,3,3,0,1,1,UNABLE TO DETERMINE,2,1,0.0,0.0,0.0,0.0,0.0,2.0,18,7,6,06/15/2024,2024-06-15,18:30:00
08/10/2024 01:00:00 PM,3.0,2,1,4,6,1,3,1,1,1,3,FAILING TO REDUCE SPEED TO AVOID CRASH,2,2,1.0,0.0,0.0,0.0,1.0,1.0,13,7,8,08/10/2024,2024-08-10,13:00:00
03/07/2024 06:20:00 PM,5.0,2,4,10,5,1,1,1,0,1,3,UNABLE TO DETERMINE,2,1,0.0,0.0,0.0,0.0,0.0,2.0,18,5,3,03/07/2024,2024-03-07,18:20:00
02/27/2024 11:30:00 PM,7.0,2,4,6,3,1,4,3,1,1,3,FAILING TO YIELD RIGHT-OF-WAY,2,1,0.0,0.0,0.0,0.0,0.0,2.0,23,3,2,02/27/2024,2024-02-27,23:30:00
03/22/2024 08:48:00 AM,5.0,3,1,3,5,1,4,3,0,0,3,UNABLE TO DETERMINE,2,1,0.0,0.0,0.0,0.0,0.0,2.0,8,6,3,03/22/2024,2024-03-22,08:48:00
04/22/2024 10:11:00 AM,7.0,2,1,11,6,1,3,3,1,1,3,EQUIPMENT - VEHICLE CONDITION,2,1,0.0,0.0,0.0,0.0,0.0,4.0,10,2,4,04/22/2024,2024-04-22,10:11:00
01/30/2024 04:40:00 PM,5.0,2,1,4,6,1,3,3,0,1,3,FOLLOWING TOO CLOSELY,2,1,0.0,0.0,0.0,0.0,0.0,3.0,16,3,1,01/30/2024,2024-01-30,16:40:00
01/24/2024 07:19:00 PM,7.0,4,4,5,5,1,4,3,0,1,3,UNABLE TO DETERMINE,2,1,0.0,0.0,0.0,0.0,0.0,2.0,19,4,1,01/24/2024,2024-01-24,19:19:00
03/10/2024 07:10:00 PM,5.0,2,4,5,1,1,3,3,1,1,3,DISREGARDING TRAFFIC SIGNALS,2,1,0.0,0.0,0.0,0.0,0.0,5.0,19,1,3,03/10/2024,2024-03-10,19:10:00
02/07/2024 09:50:00 AM,5.0,2,1,3,6,1,3,3,0,1,3,IMPROPER LANE USAGE,2,1,0.0,0.0,0.0,0.0,0.0,2.0,9,4,2,02/07/2024,2024-02-07,09:50:00
03/17/2024 05:18:00 AM,5.0,2,4,5,13,1,3,1,0,1,3,DISREGARDING TRAFFIC SIGNALS,2,1,0.0,0.0,0.0,0.0,0.0,2.0,5,1,3,03/17/2024,2024-03-17,05:18:00
01/27/2024 05:04:00 PM,7.0,4,5,5,6,1,4,3,1,1,3,FAILING TO YIELD RIGHT-OF-WAY,2,2,2.0,0.0,0.0,0.0,2.0,0.0,17,7,1,01/27/2024,2024-01-27,17:04:00
02/28/2024 01:00:00 AM,7.0,2,4,5,5,1,3,3,0,1,3,FAILING TO YIELD RIGHT-OF-WAY,2,1,0.0,0.0,0.0,0.0,0.0,2.0,1,4,2,02/28/2024,2024-02-28,01:00:00
04/12/2024 03:50:00 PM,7.0,4,1,5,5,1,4,3,1,1,3,FAILING TO YIELD RIGHT-OF-WAY,2,1,0.0,0.0,0.0,0.0,0.0,2.0,15,6,4,04/12/2024,2024-04-12,15:50:00
08/06/2024 02:15:00 PM,7.0,2,1,5,4,1,3,3,0,1,3,UNABLE TO DETERMINE,2,1,0.0,0.0,0.0,0.0,0.0,2.0,14,3,8,08/06/2024,2024-08-06,14:15:00
05/16/2024 09:10:00 AM,1.0,2,1,3,1,1,1,1,0,1,2,UNABLE TO DETERMINE,2,1,0.0,0.0,0.0,0.0,0.0,2.0,9,5,5,05/16/2024,2024-05-16,09:10:00
07/12/2024 02:50:00 PM,7.0,2,1,5,5,1,3,3,1,1,3,UNABLE TO DETERMINE,2,2,1.0,0.0,0.0,0.0,1.0,1.0,14,6,7,07/12/2024,2024-07-12,14:50:00
02/22/2024 05:04:00 PM,5.0,2,1,4,3,1,3,3,1,1,3,FOLLOWING TOO CLOSELY,2,2,1.0,0.0,0.0,0.0,1.0,1.0,17,5,2,02/22/2024,2024-02-22,17:04:00
07/18/2024 11:53:00 PM,5.0,2,3,4,4,1,3,3,0,1,3,FAILING TO REDUCE SPEED TO AVOID CRASH,2,1,0.0,0.0,0.0,0.0,0.0,3.0,23,5,7,07/18/2024,2024-07-18,23:53:00
03/28/2024 12:15:00 PM,3.0,2,1,8,6,1,3,3,0,1,3,UNABLE TO DETERMINE,2,1,0.0,0.0,0.0,0.0,0.0,2.0,12,5,3,03/28/2024,2024-03-28,12:15:00
06/01/2024 11:35:00 AM,5.0,4,1,6,12,1,4,3,0,1,2,UNABLE TO DETERMINE,2,1,0.0,0.0,0.0,0.0,0.0,2.0,11,7,6,06/01/2024,2024-06-01,11:35:00
03/12/2024 09:33:00 PM,7.0,2,4,14,5,1,3,1,1,1,3,UNABLE TO DETERMINE,2,4,1.0,0.0,1.0,0.0,0.0,1.0,21,3,3,03/12/2024,2024-03-12,21:33:00
06/12/2024 05:13:00 PM,3.0,2,1,12,4,1,3,3,1,1,3,UNABLE TO DETERMINE,2,2,2.0,0.0,0.0,0.0,2.0,1.0,17,4,6,06/12/2024,2024-06-12,17:13:00
01/14/2024 05:29:00 PM,5.0,5,4,6,4,1,5,1,0,1,1,FOLLOWING TOO CLOSELY,2,1,0.0,0.0,0.0,0.0,0.0,3.0,17,1,1,01/14/2024,2024-01-14,17:29:00
06/28/2024 08:04:00 PM,7.0,2,4,5,6,1,3,3,0,1,3,FAILING TO YIELD RIGHT-OF-WAY,2,1,0.0,0.0,0.0,0.0,0.0,3.0,20,6,6,06/28/2024,2024-06-28,20:04:00
03/18/2024 08:33:00 PM,5.0,2,4,6,6,1,3,3,1,1,3,FAILING TO YIELD RIGHT-OF-WAY,2,3,2.0,0.0,0.0,2.0,0.0,2.0,20,2,3,03/18/2024,2024-03-18,20:33:00
01/12/2024 06:00:00 PM,7.0,3,4,5,6,1,4,3,1,1,3,UNABLE TO DETERMINE,2,2,2.0,0.0,0.0,0.0,2.0,1.0,18,6,1,01/12/2024,2024-01-12,18:00:00
01/04/2024 06:00:00 PM,5.0,2,5,4,7,1,1,1,0,1,1,DISREGARDING TRAFFIC SIGNALS,2,1,0.0,0.0,0.0,0.0,0.0,3.0,18,5,1,01/04/2024,2024-01-04,18:00:00
01/21/2024 10:49:00 PM,5.0,1,4,5,6,1,3,2,1,1,3,FAILING TO YIELD RIGHT-OF-WAY,2,2,1.0,0.0,0.0,0.0,1.0,2.0,22,1,1,01/21/2024,2024-01-21,22:49:00
01/22/2024 05:25:00 PM,5.0,1,4,13,4,1,4,3,1,1,1,FAILING TO YIELD RIGHT-OF-WAY,2,2,1.0,0.0,0.0,0.0,1.0,1.0,17,2,1,01/22/2024,2024-01-22,17:25:00
07/22/2024 10:23:00 AM,7.0,2,1,5,1,1,3,3,1,1,3,FAILING TO YIELD RIGHT-OF-WAY,2,2,1.0,0.0,0.0,0.0,1.0,2.0,10,2,7,07/22/2024,2024-07-22,10:23:00
01/13/2024 10:15:00 AM,5.0,2,4,6,7,1,3,3,0,1,3,IMPROPER TURNING/NO SIGNAL,2,1,0.0,0.0,0.0,0.0,0.0,6.0,10,7,1,01/13/2024,2024-01-13,10:15:00
06/15/2024 12:07:00 AM,5.0,2,4,4,6,1,3,1,0,1,3,FAILING TO REDUCE SPEED TO AVOID CRASH,2,1,0.0,0.0,0.0,0.0,0.0,2.0,0,7,6,06/15/2024,2024-06-15,00:07:00
04/20/2024 05:53:00 AM,3.0,2,2,5,5,1,3,1,0,1,3,DISREGARDING TRAFFIC SIGNALS,2,1,0.0,0.0,0.0,0.0,0.0,3.0,5,7,4,04/20/2024,2024-04-20,05:53:00
02/11/2024 11:15:00 AM,3.0,2,1,4,6,1,3,3,0,1,2,FOLLOWING TOO CLOSELY,2,1,0.0,0.0,0.0,0.0,0.0,3.0,11,1,2,02/11/2024,2024-02-11,11:15:00
05/18/2024 06:25:00 PM,5.0,2,1,6,5,1,1,1,0,1,3,UNABLE TO DETERMINE,2,1,0.0,0.0,0.0,0.0,0.0,2.0,18,7,5,05/18/2024,2024-05-18,18:25:00
07/21/2024 09:30:00 PM,5.0,2,4,4,6,1,3,3,0,1,3,UNABLE TO DETERMINE,2,1,0.0,0.0,0.0,0.0,0.0,2.0,21,1,7,07/21/2024,2024-07-21,21:30:00
05/08/2024 03:40:00 PM,7.0,2,1,13,5,1,3,3,0,1,3,FAILING TO YIELD RIGHT-OF-WAY,2,1,0.0,0.0,0.0,0.0,0.0,2.0,15,4,5,05/08/2024,2024-05-08,15:40:00
08/11/2024 04:50:00 PM,5.0,2,1,6,5,2,3,3,0,1,3,UNABLE TO DETERMINE,2,1,0.0,0.0,0.0,0.0,0.0,2.0,16,1,8,08/11/2024,2024-08-11,16:50:00
08/09/2024 11:25:00 PM,5.0,2,4,6,5,1,3,2,0,1,3,UNABLE TO DETERMINE,2,1,0.0,0.0,0.0,0.0,0.0,2.0,23,6,8,08/09/2024,2024-08-09,23:25:00
07/02/2024 12:10:00 PM,5.0,2,1,6,7,1,4,3,1,1,3,IMPROPER LANE USAGE,2,1,0.0,0.0,0.0,0.0,0.0,2.0,12,3,7,07/02/2024,2024-07-02,12:10:00
05/20/2024 08:00:00 AM,7.0,2,1,5,5,1,3,3,1,1,3,FAILING TO YIELD RIGHT-OF-WAY,2,1,0.0,0.0,0.0,0.0,0.0,2.0,8,2,5,05/20/2024,2024-05-20,08:00:00
04/22/2024 09:10:00 AM,5.0,2,1,5,5,1,3,3,1,1,3,DISREGARDING TRAFFIC SIGNALS,2,3,2.0,0.0,0.0,2.0,0.0,0.0,9,2,4,04/22/2024,2024-04-22,09:10:00
07/29/2024 06:00:00 PM,3.0,2,1,5,4,1,3,3,1,1,2,FAILING TO YIELD RIGHT-OF-WAY,2,2,2.0,0.0,0.0,0.0,2.0,2.0,18,2,7,07/29/2024,2024-07-29,18:00:00
01/12/2024 05:15:00 PM,5.0,5,4,3,5,1,5,3,0,1,1,IMPROPER OVERTAKING/PASSING,2,1,0.0,0.0,0.0,0.0,0.0,5.0,17,6,1,01/12/2024,2024-01-12,17:15:00
07/02/2024 03:45:00 PM,5.0,2,1,3,5,1,3,3,0,1,2,UNABLE TO DETERMINE,2,1,0.0,0.0,0.0,0.0,0.0,4.0,15,3,7,07/02/2024,2024-07-02,15:45:00
03/05/2024 08:45:00 AM,5.0,3,1,3,6,1,4,3,0,1,3,UNABLE TO DETERMINE,2,1,0.0,0.0,0.0,0.0,0.0,2.0,8,3,3,03/05/2024,2024-03-05,08:45:00
06/17/2024 06:04:00 PM,5.0,2,1,5,5,1,3,1,0,1,3,DRIVING SKILLS/KNOWLEDGE/EXPERIENCE,2,1,0.0,0.0,0.0,0.0,0.0,2.0,18,2,6,06/17/2024,2024-06-17,18:04:00
05/07/2024 10:37:00 AM,7.0,2,1,5,7,1,4,3,1,1,3,UNABLE TO DETERMINE,2,1,0.0,0.0,0.0,0.0,0.0,2.0,10,3,5,05/07/2024,2024-05-07,10:37:00
05/08/2024 07:04:00 PM,5.0,2,1,6,3,1,3,3,1,1,3,UNABLE TO DETERMINE,2,3,2.0,0.0,0.0,2.0,0.0,1.0,19,4,5,05/08/2024,2024-05-08,19:04:00
07/16/2024 01:20:00 PM,7.0,2,1,5,7,4,3,1,1,1,3,FAILING TO YIELD RIGHT-OF-WAY,2,3,2.0,0.0,0.0,2.0,0.0,2.0,13,3,7,07/16/2024,2024-07-16,13:20:00
01/30/2024 08:40:00 AM,3.0,2,1,11,6,1,3,3,0,1,3,UNABLE TO DETERMINE,2,1,0.0,0.0,0.0,0.0,0.0,2.0,8,3,1,01/30/2024,2024-01-30,08:40:00
04/15/2024 04:03:00 PM,5.0,2,1,5,5,1,3,3,1,1,3,DISREGARDING TRAFFIC SIGNALS,2,1,0.0,0.0,0.0,0.0,0.0,2.0,16,2,4,04/15/2024,2024-04-15,16:03:00
04/16/2024 01:35:00 PM,5.0,3,1,14,5,1,3,3,0,1,3,DRIVING ON WRONG SIDE/WRONG WAY,2,1,0.0,0.0,0.0,0.0,0.0,2.0,13,3,4,04/16/2024,2024-04-16,13:35:00
02/21/2024 05:03:00 PM,5.0,2,1,3,4,1,3,1,0,1,3,IMPROPER OVERTAKING/PASSING,2,1,0.0,0.0,0.0,0.0,0.0,3.0,17,4,2,02/21/2024,2024-02-21,17:03:00
05/22/2024 04:42:00 PM,7.0,2,1,5,5,1,3,3,1,1,2,UNABLE TO DETERMINE,2,1,0.0,0.0,0.0,0.0,0.0,2.0,16,4,5,05/22/2024,2024-05-22,16:42:00
04/13/2024 12:40:00 PM,3.0,2,1,6,6,1,3,3,0,1,2,FAILING TO YIELD RIGHT-OF-WAY,2,1,0.0,0.0,0.0,0.0,0.0,2.0,12,7,4,04/13/2024,2024-04-13,12:40:00
02/24/2024 12:20:00 PM,1.0,2,1,6,5,1,3,1,0,1,3,UNABLE TO DETERMINE,2,1,0.0,0.0,0.0,0.0,0.0,3.0,12,7,2,02/24/2024,2024-02-24,12:20:00
06/07/2024 04:50:00 PM,5.0,2,1,3,7,1,1,1,0,1,1,UNABLE TO DETERMINE,2,1,0.0,0.0,0.0,0.0,0.0,2.0,16,6,6,06/07/2024,2024-06-07,16:50:00
05/13/2024 02:40:00 PM,5.0,2,1,4,6,1,3,3,0,1,3,FOLLOWING TOO CLOSELY,2,1,0.0,0.0,0.0,0.0,0.0,2.0,14,2,5,05/13/2024,2024-05-13,14:40:00
03/15/2024 04:00:00 PM,7.0,2,1,5,6,1,3,3,1,1,3,FAILING TO REDUCE SPEED TO AVOID CRASH,2,2,1.0,0.0,0.0,0.0,1.0,2.0,16,6,3,03/15/2024,2024-03-15,16:00:00
07/26/2024 01:30:00 PM,7.0,2,1,6,4,1,3,3,0,1,3,UNABLE TO DETERMINE,2,1,0.0,0.0,0.0,0.0,0.0,4.0,13,6,7,07/26/2024,2024-07-26,13:30:00
06/27/2024 11:22:00 AM,3.0,2,1,6,6,1,3,3,0,1,3,UNABLE TO DETERMINE,2,1,0.0,0.0,0.0,0.0,0.0,2.0,11,5,6,06/27/2024,2024-06-27,11:22:00
04/07/2024 02:30:00 PM,7.0,4,1,6,9,1,4,3,1,1,3,FAILING TO YIELD RIGHT-OF-WAY,2,1,0.0,0.0,0.0,0.0,0.0,2.0,14,1,4,04/07/2024,2024-04-07,14:30:00
08/11/2024 07:02:00 PM,5.0,2,1,5,5,1,3,1,1,1,3,DISREGARDING TRAFFIC SIGNALS,2,1,0.0,0.0,0.0,0.0,0.0,2.0,19,1,8,08/11/2024,2024-08-11,19:02:00
06/06/2024 08:00:00 AM,7.0,2,1,5,5,1,3,3,0,1,3,DISREGARDING STOP SIGN,2,1,0.0,0.0,0.0,0.0,0.0,2.0,8,5,6,06/06/2024,2024-06-06,08:00:00
06/05/2024 05:47:00 PM,5.0,2,1,3,10,1,3,3,0,1,3,IMPROPER OVERTAKING/PASSING,2,1,0.0,0.0,0.0,0.0,0.0,3.0,17,4,6,06/05/2024,2024-06-05,17:47:00
06/22/2024 06:54:00 PM,1.0,2,1,6,13,1,3,3,1,1,3,FAILING TO YIELD RIGHT-OF-WAY,2,1,0.0,0.0,0.0,0.0,0.0,4.0,18,7,6,06/22/2024,2024-06-22,18:54:00
07/25/2024 09:20:00 AM,5.0,2,1,14,5,1,3,3,0,1,2,DRIVING SKILLS/KNOWLEDGE/EXPERIENCE,2,1,0.0,0.0,0.0,0.0,0.0,2.0,9,5,7,07/25/2024,2024-07-25,09:20:00
03/15/2024 11:12:00 PM,5.0,2,4,6,7,1,3,3,0,1,1,IMPROPER OVERTAKING/PASSING,2,1,0.0,0.0,0.0,0.0,0.0,4.0,23,6,3,03/15/2024,2024-03-15,23:12:00
07/08/2024 01:00:00 PM,5.0,2,1,13,7,1,3,3,1,1,3,FAILING TO YIELD RIGHT-OF-WAY,2,3,1.0,0.0,0.0,1.0,0.0,1.0,13,2,7,07/08/2024,2024-07-08,13:00:00
01/04/2024 06:20:00 PM,3.0,2,1,14,5,1,1,1,1,1,3,UNABLE TO DETERMINE,2,3,1.0,0.0,0.0,1.0,0.0,1.0,18,5,1,01/04/2024,2024-01-04,18:20:00
03/01/2024 06:45:00 PM,5.0,2,4,5,6,1,3,3,0,1,3,FAILING TO YIELD RIGHT-OF-WAY,2,1,0.0,0.0,0.0,0.0,0.0,3.0,18,6,3,03/01/2024,2024-03-01,18:45:00
03/31/2024 08:01:00 PM,5.0,4,4,5,5,1,4,1,1,1,3,UNABLE TO DETERMINE,2,2,1.0,0.0,0.0,0.0,1.0,3.0,20,1,3,03/31/2024,2024-03-31,20:01:00
07/09/2024 10:06:00 PM,5.0,4,4,4,10,1,4,3,1,1,2,FOLLOWING TOO CLOSELY,2,1,0.0,0.0,0.0,0.0,0.0,3.0,22,3,7,07/09/2024,2024-07-09,22:06:00
05/02/2024 05:20:00 PM,5.0,2,1,4,6,1,4,3,0,1,2,FOLLOWING TOO CLOSELY,2,1,0.0,0.0,0.0,0.0,0.0,2.0,17,5,5,05/02/2024,2024-05-02,17:20:00
04/05/2024 11:50:00 AM,5.0,2,1,6,3,1,3,3,0,1,1,UNABLE TO DETERMINE,2,1,0.0,0.0,0.0,0.0,0.0,2.0,11,6,4,04/05/2024,2024-04-05,11:50:00
08/11/2024 12:30:00 AM,5.0,2,4,6,9,5,3,1,0,1,3,UNDER THE INFLUENCE OF ALCOHOL/DRUGS (USE WHEN ARREST IS EFFECTED),2,1,0.0,0.0,0.0,0.0,0.0,4.0,0,1,8,08/11/2024,2024-08-11,00:30:00
05/04/2024 11:05:00 PM,5.0,2,4,6,5,1,3,3,1,1,3,FAILING TO REDUCE SPEED TO AVOID CRASH,2,1,0.0,0.0,0.0,0.0,0.0,5.0,23,7,5,05/04/2024,2024-05-04,23:05:00
05/28/2024 06:30:00 PM,7.0,4,1,6,4,1,4,1,0,1,3,UNABLE TO DETERMINE,2,1,0.0,0.0,0.0,0.0,0.0,3.0,18,3,5,05/28/2024,2024-05-28,18:30:00
03/05/2024 05:36:00 PM,7.0,3,3,6,6,1,3,3,1,1,3,FAILING TO YIELD RIGHT-OF-WAY,2,1,0.0,0.0,0.0,0.0,0.0,3.0,17,3,3,03/05/2024,2024-03-05,17:36:00
07/26/2024 09:30:00 PM,7.0,2,4,6,5,1,3,3,0,1,3,UNABLE TO DETERMINE,2,1,0.0,0.0,0.0,0.0,0.0,4.0,21,6,7,07/26/2024,2024-07-26,21:30:00
02/04/2024 09:11:00 AM,5.0,2,1,5,14,1,3,3,1,1,3,FAILING TO YIELD RIGHT-OF-WAY,2,2,1.0,0.0,0.0,0.0,1.0,3.0,9,1,2,02/04/2024,2024-02-04,09:11:00
04/13/2024 11:15:00 PM,5.0,2,4,6,5,1,1,1,0,1,2,IMPROPER TURNING/NO SIGNAL,2,1,0.0,0.0,0.0,0.0,0.0,2.0,23,7,4,04/13/2024,2024-04-13,23:15:00
08/02/2024 06:37:00 PM,5.0,2,3,6,5,1,3,3,1,1,3,FAILING TO YIELD RIGHT-OF-WAY,2,2,2.0,0.0,0.0,0.0,2.0,1.0,18,6,8,08/02/2024,2024-08-02,18:37:00
04/12/2024 12:45:00 AM,5.0,2,5,6,5,1,1,1,0,1,1,IMPROPER LANE USAGE,2,1,0.0,0.0,0.0,0.0,0.0,2.0,0,6,4,04/12/2024,2024-04-12,00:45:00
07/09/2024 08:40:00 AM,5.0,2,1,4,18,3,3,1,0,1,2,FOLLOWING TOO CLOSELY,2,1,0.0,0.0,0.0,0.0,0.0,2.0,8,3,7,07/09/2024,2024-07-09,08:40:00
05/24/2024 09:50:00 AM,5.0,2,1,6,5,1,3,3,1,1,3,FAILING TO YIELD RIGHT-OF-WAY,2,1,0.0,0.0,0.0,0.0,0.0,2.0,9,6,5,05/24/2024,2024-05-24,09:50:00
04/12/2024 11:47:00 AM,7.0,2,1,6,5,1,3,3,0,1,3,IMPROPER OVERTAKING/PASSING,2,1,0.0,0.0,0.0,0.0,0.0,2.0,11,6,4,04/12/2024,2024-04-12,11:47:00
06/29/2024 04:31:00 PM,3.0,2,1,14,5,1,3,3,1,1,2,UNABLE TO DETERMINE,2,2,1.0,0.0,0.0,0.0,1.0,1.0,16,7,6,06/29/2024,2024-06-29,16:31:00
02/10/2024 06:25:00 AM,5.0,2,2,10,10,1,3,3,0,1,3,DRIVING ON WRONG SIDE/WRONG WAY,2,1,0.0,0.0,0.0,0.0,0.0,2.0,6,7,2,02/10/2024,2024-02-10,06:25:00
03/23/2024 01:28:00 PM,5.0,2,1,6,14,1,3,3,0,1,2,IMPROPER OVERTAKING/PASSING,2,1,0.0,0.0,0.0,0.0,0.0,2.0,13,7,3,03/23/2024,2024-03-23,13:28:00
03/07/2024 09:55:00 AM,5.0,3,1,6,5,1,3,3,0,1,1,UNABLE TO DETERMINE,2,1,0.0,0.0,0.0,0.0,0.0,2.0,9,5,3,03/07/2024,2024-03-07,09:55:00
02/18/2024 08:45:00 PM,7.0,2,4,5,13,2,3,3,1,1,3,FAILING TO REDUCE SPEED TO AVOID CRASH,2,2,1.0,0.0,0.0,0.0,1.0,2.0,20,1,2,02/18/2024,2024-02-18,20:45:00