crash_date,traffic_control_device,weather_condition,lighting_condition,first_crash_type,trafficway_type,alignment,roadway_surface_cond,road_defect,crash_type,intersection_related_i,damage,prim_contributory_cause,num_units,most_severe_injury,injuries_total,injuries_fatal,injuries_incapacitating,injuries_non_incapacitating,injuries_reported_not_evident,injuries_no_indication,crash_hour,crash_day_of_week,crash_month,parsed_datetime,date,time
01/27/2024 11:55:00 PM,5.0,4,4,4,5,1,4,1,0,1,3,UNABLE TO DETERMINE,2,1,0.0,0.0,0.0,0.0,0.0,2.0,23,7,1,01/27/2024,2024-01-27,23:55:00
07/14/2024 10:10:00 AM,5.0,4,1,13,5,1,4,3,0,1,1,NOT APPLICABLE,2,1,0.0,0.0,0.0,0.0,0.0,2.0,10,1,7,07/14/2024,2024-07-14,10:10:00
04/04/2024 12:40:00 PM,3.0,4,1,6,7,1,4,3,1,1,1,FOLLOWING TOO CLOSELY,2,1,0.0,0.0,0.0,0.0,0.0,2.0,12,5,4,04/04/2024,2024-04-04,12:40:00
07/27/2024 02:50:00 PM,5.0,2,1,6,6,1,3,3,1,1,3,FAILING TO YIELD RIGHT-OF-WAY,2,4,2.0,0.0,1.0,1.0,0.0,1.0,14,7,7,07/27/2024,2024-07-27,14:50:00
01/15/2024 11:00:00 AM,1.0,2,1,10,6,1,6,1,0,1,1,UNABLE TO DETERMINE,2,1,0.0,0.0,0.0,0.0,0.0,3.0,11,2,1,01/15/2024,2024-01-15,11:00:00
02/29/2024 07:18:00 AM,7.0,2,2,6,5,1,3,3,0,1,3,FAILING TO YIELD RIGHT-OF-WAY,2,1,0.0,0.0,0.0,0.0,0.0,3.0,7,5,2,02/29/2024,2024-02-29,07:18:00
05/15/2024 07:50:00 AM,7.0,2,1,14,5,1,1,1,1,0,3,UNABLE TO DETERMINE,2,3,1.0,0.0,0.0,1.0,0.0,1.0,7,4,5,05/15/2024,2024-05-15,07:50:00
07/13/2024 06:50:00 PM,5.0,2,1,3,5,1,1,1,0,1,2,UNABLE TO DETERMINE,2,1,0.0,0.0,0.0,0.0,0.0,2.0,18,7,7,07/13/2024,2024-07-13,18:50:00
06/21/2024 10:30:00 AM,5.0,2,1,4,6,1,3,1,0,1,1,FOLLOWING TOO CLOSELY,2,1,0.0,0.0,0.0,0.0,0.0,5.0,10,6,6,06/21/2024,2024-06-21,10:30:00
03/01/2024 07:45:00 AM,13.0,2,1,4,6,1,3,3,0,1,1,DRIVING SKILLS/KNOWLEDGE/EXPERIENCE,2,1,0.0,0.0,0.0,0.0,0.0,2.0,7,6,3,03/01/2024,2024-03-01,07:45:00
07/02/2024 11:00:00 AM,5.0,4,1,5,6,1,4,1,0,1,3,UNABLE TO DETERMINE,2,1,0.0,0.0,0.0,0.0,0.0,2.0,11,3,7,07/02/2024,2024-07-02,11:00:00
03/30/2024 09:00:00 PM,5.0,3,5,5,10,1,3,3,1,1,3,UNABLE TO DETERMINE,2,2,1.0,0.0,0.0,0.0,1.0,1.0,21,7,3,03/30/2024,2024-03-30,21:00:00
08/02/2024 01:55:00 PM,7.0,2,1,4,4,1,3,3,1,1,3,IMPROPER OVERTAKING/PASSING,2,1,0.0,0.0,0.0,0.0,0.0,2.0,13,6,8,08/02/2024,2024-08-02,13:55:00
07/16/2024 09:16:00 PM,5.0,2,5,5,5,2,3,1,1,1,3,FAILING TO REDUCE SPEED TO AVOID CRASH,2,3,1.0,0.0,0.0,1.0,0.0,1.0,21,3,7,07/16/2024,2024-07-16,21:16:00
03/15/2024 01:30:00 PM,5.0,2,1,3,5,1,3,1,0,1,3,IMPROPER LANE USAGE,2,1,0.0,0.0,0.0,0.0,0.0,2.0,13,6,3,03/15/2024,2024-03-15,13:30:00
06/02/2024 12:30:00 AM,3.0,4,4,11,10,1,4,3,0,1,3,DISTRACTION - FROM OUTSIDE VEHICLE,2,1,0.0,0.0,0.0,0.0,0.0,1.0,0,1,6,06/02/2024,2024-06-02,00:30:00
07/07/2024 05:40:00 PM,7.0,4,1,4,6,1,4,3,0,1,2,UNABLE TO DETERMINE,2,1,0.0,0.0,0.0,0.0,0.0,2.0,17,1,7,07/07/2024,2024-07-07,17:40:00
07/20/2024 10:00:00 PM,5.0,2,4,3,5,1,3,1,0,1,3,UNABLE TO DETERMINE,2,1,0.0,0.0,0.0,0.0,0.0,2.0,22,7,7,07/20/2024,2024-07-20,22:00:00
02/24/2024 02:15:00 AM,5.0,5,5,6,5,1,5,3,0,1,3,UNABLE TO DETERMINE,2,1,0.0,0.0,0.0,0.0,0.0,2.0,2,7,2,02/24/2024,2024-02-24,02:15:00
07/13/2024 01:10:00 PM,5.0,2,1,4,5,1,1,1,0,1,2,UNABLE TO DETERMINE,2,1,0.0,0.0,0.0,0.0,0.0,3.0,13,7,7,07/13/2024,2024-07-13,13:10:00
05/03/2024 04:30:00 PM,5.0,2,1,6,12,1,1,1,0,1,2,UNABLE TO DETERMINE,2,1,0.0,0.0,0.0,0.0,0.0,2.0,16,6,5,05/03/2024,2024-05-03,16:30:00
03/24/2024 08:50:00 PM,5.0,2,4,8,5,1,3,1,1,1,3,UNABLE TO DETERMINE,2,2,2.0,0.0,0.0,0.0,2.0,1.0,20,1,3,03/24/2024,2024-03-24,20:50:00
02/25/2024 04:05:00 AM,5.0,2,4,4,6,1,3,3,0,1,3,NOT APPLICABLE,2,1,0.0,0.0,0.0,0.0,0.0,2.0,4,1,2,02/25/2024,2024-02-25,04:05:00
01/16/2024 10:48:00 AM,7.0,2,1,5,5,1,5,3,1,1,3,DISREGARDING STOP SIGN,2,1,0.0,0.0,0.0,0.0,0.0,2.0,10,3,1,01/16/2024,2024-01-16,10:48:00
03/24/2024 11:00:00 PM,5.0,2,4,5,5,1,3,3,0,1,3,FAILING TO YIELD RIGHT-OF-WAY,2,1,0.0,0.0,0.0,0.0,0.0,2.0,23,1,3,03/24/2024,2024-03-24,23:00:00
01/15/2024 07:20:00 PM,5.0,2,4,5,6,1,3,3,1,1,3,UNABLE TO DETERMINE,2,3,2.0,0.0,0.0,2.0,0.0,3.0,19,2,1,01/15/2024,2024-01-15,19:20:00
06/30/2024 01:54:00 AM,5.0,2,4,6,5,1,3,1,0,1,3,UNABLE TO DETERMINE,2,1,0.0,0.0,0.0,0.0,0.0,2.0,1,1,6,06/30/2024,2024-06-30,01:54:00
05/04/2024 02:35:00 PM,5.0,2,1,5,5,1,3,3,1,1,3,UNABLE TO DETERMINE,2,1,0.0,0.0,0.0,0.0,0.0,4.0,14,7,5,05/04/2024,2024-05-04,14:35:00
05/22/2024 02:06:00 AM,5.0,2,2,5,5,1,3,3,1,1,3,FAILING TO REDUCE SPEED TO AVOID CRASH,2,1,0.0,0.0,0.0,0.0,0.0,2.0,2,4,5,05/22/2024,2024-05-22,02:06:00
03/29/2024 04:30:00 PM,5.0,2,1,6,5,1,3,3,0,1,2,UNABLE TO DETERMINE,2,1,0.0,0.0,0.0,0.0,0.0,3.0,16,6,3,03/29/2024,2024-03-29,16:30:00
02/18/2024 09:41:00 PM,3.0,2,4,6,7,1,3,3,1,1,3,UNABLE TO DETERMINE,2,1,0.0,0.0,0.0,0.0,0.0,5.0,21,1,2,02/18/2024,2024-02-18,21:41:00
02/05/2024 06:20:00 AM,5.0,2,2,13,5,1,3,3,1,1,1,FAILING TO YIELD RIGHT-OF-WAY,2,3,1.0,0.0,0.0,1.0,0.0,1.0,6,2,2,02/05/2024,2024-02-05,06:20:00
03/11/2024 08:30:00 AM,7.0,2,1,5,7,1,3,3,1,1,3,FAILING TO YIELD RIGHT-OF-WAY,2,1,0.0,0.0,0.0,0.0,0.0,2.0,8,2,3,03/11/2024,2024-03-11,08:30:00
05/22/2024 08:20:00 AM,3.0,2,1,4,6,1,3,3,1,1,3,UNABLE TO DETERMINE,2,1,0.0,0.0,0.0,0.0,0.0,2.0,8,4,5,05/22/2024,2024-05-22,08:20:00
04/10/2024 07:52:00 PM,5.0,2,5,6,5,1,3,3,1,1,3,FAILING TO YIELD RIGHT-OF-WAY,2,3,1.0,0.0,0.0,1.0,0.0,3.0,19,4,4,04/10/2024,2024-04-10,19:52:00
07/20/2024 04:28:00 PM,7.0,2,1,5,6,1,3,3,1,1,3,"VISION OBSCURED (SIGNS, TREE LIMBS, BUILDINGS, ETC.)",2,1,0.0,0.0,0.0,0.0,0.0,4.0,16,7,7,07/20/2024,2024-07-20,16:28:00
03/13/2024 06:20:00 AM,7.0,2,1,5,2,1,3,3,1,1,3,UNABLE TO DETERMINE,2,1,0.0,0.0,0.0,0.0,0.0,2.0,6,4,3,03/13/2024,2024-03-13,06:20:00
01/28/2024 09:00:00 AM,5.0,2,1,6,3,1,1,1,0,1,3,IMPROPER LANE USAGE,2,1,0.0,0.0,0.0,0.0,0.0,2.0,9,1,1,01/28/2024,2024-01-28,09:00:00
07/31/2024 09:00:00 AM,5.0,2,1,6,6,1,3,3,1,1,3,FAILING TO YIELD RIGHT-OF-WAY,2,2,1.0,0.0,0.0,0.0,1.0,1.0,9,4,7,07/31/2024,2024-07-31,09:00:00
05/04/2024 12:07:00 PM,3.0,2,1,3,5,1,3,3,0,1,3,IMPROPER OVERTAKING/PASSING,2,1,0.0,0.0,0.0,0.0,0.0,3.0,12,7,5,05/04/2024,2024-05-04,12:07:00
06/07/2024 05:30:00 PM,5.0,2,1,5,4,1,3,1,0,1,3,UNABLE TO DETERMINE,2,1,0.0,0.0,0.0,0.0,0.0,8.0,17,6,6,06/07/2024,2024-06-07,17:30:00
07/05/2024 06:54:00 PM,5.0,2,1,6,5,1,3,3,0,1,3,IMPROPER TURNING/NO SIGNAL,2,1,0.0,0.0,0.0,0.0,0.0,2.0,18,6,7,07/05/2024,2024-07-05,18:54:00
01/31/2024 11:10:00 AM,5.0,2,1,5,10,1,3,7,1,1,3,UNABLE TO DETERMINE,2,2,2.0,0.0,0.0,0.0,2.0,0.0,11,4,1,01/31/2024,2024-01-31,11:10:00
03/17/2024 05:30:00 PM,5.0,2,1,6,5,1,1,1,0,1,3,UNABLE TO DETERMINE,2,1,0.0,0.0,0.0,0.0,0.0,2.0,17,1,3,03/17/2024,2024-03-17,17:30:00
07/10/2024 02:23:00 PM,3.0,2,1,7,5,1,3,3,1,1,3,FAILING TO YIELD RIGHT-OF-WAY,2,1,0.0,0.0,0.0,0.0,0.0,2.0,14,4,7,07/10/2024,2024-07-10,14:23:00
06/08/2024 11:20:00 PM,7.0,2,4,5,5,1,3,3,0,1,3,DISREGARDING STOP SIGN,2,1,0.0,0.0,0.0,0.0,0.0,6.0,23,7,6,06/08/2024,2024-06-08,23:20:00
01/27/2024 10:20:00 AM,3.0,4,1,11,4,1,4,1,1,1,3,UNABLE TO DETERMINE,2,1,0.0,0.0,0.0,0.0,0.0,1.0,10,7,1,01/27/2024,2024-01-27,10:20:00
04/15/2024 06:15:00 PM,5.0,2,1,13,5,1,3,3,1,1,1,"VISION OBSCURED (SIGNS, TREE LIMBS, BUILDINGS, ETC.)",2,2,1.0,0.0,0.0,0.0,1.0,1.0,18,2,4,04/15/2024,2024-04-15,18:15:00
03/02/2024 03:00:00 PM,7.0,2,1,5,6,1,3,3,1,1,3,DISREGARDING STOP SIGN,2,3,1.0,0.0,0.0,1.0,0.0,1.0,15,7,3,03/02/2024,2024-03-02,15:00:00
01/25/2024 06:50:00 PM,7.0,4,5,5,5,1,4,3,0,1,2,FAILING TO YIELD RIGHT-OF-WAY,2,1,0.0,0.0,0.0,0.0,0.0,2.0,18,5,1,01/25/2024,2024-01-25,18:50:00
03/28/2024 07:05:00 PM,7.0,2,4,5,5,1,3,3,0,1,3,FAILING TO YIELD RIGHT-OF-WAY,2,1,0.0,0.0,0.0,0.0,0.0,3.0,19,5,3,03/28/2024,2024-03-28,19:05:00
08/03/2024 01:20:00 PM,5.0,2,1,4,7,2,3,3,1,1,3,FAILING TO REDUCE SPEED TO AVOID CRASH,2,2,1.0,0.0,0.0,0.0,1.0,1.0,13,7,8,08/03/2024,2024-08-03,13:20:00
08/05/2024 06:50:00 PM,5.0,2,1,5,9,1,3,3,0,1,3,UNABLE TO DETERMINE,2,1,0.0,0.0,0.0,0.0,0.0,6.0,18,2,8,08/05/2024,2024-08-05,18:50:00
05/02/2024 12:20:00 PM,1.0,2,1,3,5,1,1,1,0,1,3,UNABLE TO DETERMINE,2,1,0.0,0.0,0.0,0.0,0.0,2.0,12,5,5,05/02/2024,2024-05-02,12:20:00
07/26/2024 07:00:00 PM,7.0,2,1,5,5,1,3,3,0,1,3,UNABLE TO DETERMINE,2,1,0.0,0.0,0.0,0.0,0.0,2.0,19,6,7,07/26/2024,2024-07-26,19:00:00
05/26/2024 07:36:00 PM,5.0,2,1,4,5,1,1,1,0,1,3,FAILING TO REDUCE SPEED TO AVOID CRASH,2,1,0.0,0.0,0.0,0.0,0.0,2.0,19,1,5,05/26/2024,2024-05-26,19:36:00
03/04/2024 05:24:00 PM,7.0,2,4,5,5,1,3,3,0,1,3,DISREGARDING STOP SIGN,2,1,0.0,0.0,0.0,0.0,0.0,2.0,17,2,3,03/04/2024,2024-03-04,17:24:00
05/08/2024 11:20:00 PM,5.0,2,4,6,3,1,3,3,0,1,3,DISREGARDING TRAFFIC SIGNALS,2,1,0.0,0.0,0.0,0.0,0.0,2.0,23,4,5,05/08/2024,2024-05-08,23:20:00
04/18/2024 10:29:00 PM,5.0,4,4,5,5,1,4,3,1,1,3,DISREGARDING TRAFFIC SIGNALS,2,2,1.0,0.0,0.0,0.0,1.0,2.0,22,5,4,04/18/2024,2024-04-18,22:29:00
07/10/2024 11:44:00 PM,5.0,2,4,5,5,1,3,1,1,1,3,DISREGARDING TRAFFIC SIGNALS,2,1,0.0,0.0,0.0,0.0,0.0,2.0,23,4,7,07/10/2024,2024-07-10,23:44:00
06/28/2024 09:00:00 PM,3.0,4,4,11,6,1,4,3,0,0,3,IMPROPER TURNING/NO SIGNAL,2,1,0.0,0.0,0.0,0.0,0.0,2.0,21,6,6,06/28/2024,2024-06-28,21:00:00
08/06/2024 10:51:00 AM,5.0,2,1,10,5,1,1,3,0,1,3,IMPROPER TURNING/NO SIGNAL,2,1,0.0,0.0,0.0,0.0,0.0,2.0,10,3,8,08/06/2024,2024-08-06,10:51:00
03/04/2024 09:10:00 PM,5.0,4,4,5,6,1,4,3,0,1,3,DISREGARDING TRAFFIC SIGNALS,2,1,0.0,0.0,0.0,0.0,0.0,2.0,21,2,3,03/04/2024,2024-03-04,21:10:00
08/10/2024 06:18:00 PM,5.0,2,1,13,6,1,3,3,1,1,1,DISREGARDING TRAFFIC SIGNALS,2,3,1.0,0.0,0.0,1.0,0.0,1.0,18,7,8,08/10/2024,2024-08-10,18:18:00
03/11/2024 11:40:00 AM,3.0,2,1,6,1,1,3,3,1,1,3,IMPROPER OVERTAKING/PASSING,2,1,0.0,0.0,0.0,0.0,0.0,2.0,11,2,3,03/11/2024,2024-03-11,11:40:00
05/31/2024 04:30:00 PM,5.0,2,1,6,4,1,3,3,0,1,1,UNABLE TO DETERMINE,2,1,0.0,0.0,0.0,0.0,0.0,2.0,16,6,5,05/31/2024,2024-05-31,16:30:00
06/22/2024 08:00:00 AM,5.0,2,1,3,9,1,3,3,0,1,3,IMPROPER OVERTAKING/PASSING,2,1,0.0,0.0,0.0,0.0,0.0,3.0,8,7,6,06/22/2024,2024-06-22,08:00:00
02/25/2024 09:08:00 PM,5.0,2,4,5,4,1,3,1,1,1,3,DISREGARDING OTHER TRAFFIC SIGNS,2,1,0.0,0.0,0.0,0.0,0.0,2.0,21,1,2,02/25/2024,2024-02-25,21:08:00
07/08/2024 01:00:00 AM,7.0,2,5,11,10,1,4,3,0,1,3,UNABLE TO DETERMINE,2,1,0.0,0.0,0.0,0.0,0.0,1.0,1,2,7,07/08/2024,2024-07-08,01:00:00
05/25/2024 10:30:00 PM,5.0,2,4,14,10,1,3,3,0,1,1,DISREGARDING TRAFFIC SIGNALS,2,1,0.0,0.0,0.0,0.0,0.0,2.0,22,7,5,05/25/2024,2024-05-25,22:30:00
05/20/2024 06:00:00 PM,7.0,2,1,6,7,1,1,1,0,1,2,"VISION OBSCURED (SIGNS, TREE LIMBS, BUILDINGS, ETC.)",2,1,0.0,0.0,0.0,0.0,0.0,4.0,18,2,5,05/20/2024,2024-05-20,18:00:00
02/14/2024 08:00:00 AM,5.0,2,1,13,6,1,3,3,1,0,1,DISREGARDING TRAFFIC SIGNALS,2,3,1.0,0.0,0.0,1.0,0.0,1.0,8,4,2,02/14/2024,2024-02-14,08:00:00
05/09/2024 10:40:00 AM,5.0,2,1,6,5,1,3,3,0,0,2,UNABLE TO DETERMINE,2,1,0.0,0.0,0.0,0.0,0.0,2.0,10,5,5,05/09/2024,2024-05-09,10:40:00
01/08/2024 09:10:00 PM,5.0,2,4,6,5,1,3,3,1,1,3,UNABLE TO DETERMINE,2,1,0.0,0.0,0.0,0.0,0.0,2.0,21,2,1,01/08/2024,2024-01-08,21:10:00
08/05/2024 05:30:00 PM,7.0,4,1,5,7,1,4,3,1,1,3,FAILING TO YIELD RIGHT-OF-WAY,2,4,2.0,0.0,2.0,0.0,0.0,1.0,17,2,8,08/05/2024,2024-08-05,17:30:00
01/06/2024 11:58:00 AM,5.0,5,1,3,5,1,5,3,1,1,3,FAILING TO YIELD RIGHT-OF-WAY,2,1,0.0,0.0,0.0,0.0,0.0,2.0,11,7,1,01/06/2024,2024-01-06,11:58:00
04/16/2024 04:45:00 PM,7.0,2,1,5,5,1,3,3,0,1,2,FAILING TO YIELD RIGHT-OF-WAY,2,1,0.0,0.0,0.0,0.0,0.0,3.0,16,3,4,04/16/2024,2024-04-16,16:45:00
01/17/2024 11:29:00 PM,3.0,2,4,11,5,1,1,1,0,1,2,NOT APPLICABLE,2,1,0.0,0.0,0.0,0.0,0.0,1.0,23,4,1,01/17/2024,2024-01-17,23:29:00
04/13/2024 07:41:00 PM,5.0,2,3,6,14,1,3,3,1,1,3,FAILING TO YIELD RIGHT-OF-WAY,2,3,2.0,0.0,0.0,2.0,0.0,0.0,19,7,4,04/13/2024,2024-04-13,19:41:00
05/13/2024 07:15:00 PM,5.0,3,1,13,5,1,4,3,1,1,3,FAILING TO YIELD RIGHT-OF-WAY,2,3,1.0,0.0,0.0,1.0,0.0,1.0,19,2,5,05/13/2024,2024-05-13,19:15:00
06/11/2024 07:17:00 PM,5.0,3,3,4,6,1,3,3,1,1,2,EQUIPMENT - VEHICLE CONDITION,2,2,1.0,0.0,0.0,0.0,1.0,1.0,19,3,6,06/11/2024,2024-06-11,19:17:00
06/27/2024 01:20:00 PM,3.0,2,1,13,5,1,3,3,1,1,1,UNABLE TO DETERMINE,2,2,1.0,0.0,0.0,0.0,1.0,1.0,13,5,6,06/27/2024,2024-06-27,13:20:00
06/27/2024 09:30:00 AM,5.0,2,1,5,5,1,3,3,1,1,3,FAILING TO REDUCE SPEED TO AVOID CRASH,2,1,0.0,0.0,0.0,0.0,0.0,2.0,9,5,6,06/27/2024,2024-06-27,09:30:00
07/09/2024 10:47:00 PM,5.0,4,4,5,6,1,4,3,1,1,3,FAILING TO YIELD RIGHT-OF-WAY,2,3,1.0,0.0,0.0,1.0,0.0,2.0,22,3,7,07/09/2024,2024-07-09,22:47:00
07/11/2024 12:39:00 PM,5.0,2,1,6,10,1,3,3,1,1,3,IMPROPER TURNING/NO SIGNAL,2,1,0.0,0.0,0.0,0.0,0.0,3.0,12,5,7,07/11/2024,2024-07-11,12:39:00
02/25/2024 12:02:00 PM,5.0,2,1,3,4,1,3,3,0,1,1,RELATED TO BUS STOP,2,1,0.0,0.0,0.0,0.0,0.0,3.0,12,1,2,02/25/2024,2024-02-25,12:02:00
05/25/2024 01:30:00 PM,5.0,2,1,13,5,1,3,1,0,0,3,NOT APPLICABLE,2,1,0.0,0.0,0.0,0.0,0.0,2.0,13,7,5,05/25/2024,2024-05-25,13:30:00
04/28/2024 10:29:00 PM,7.0,2,4,5,5,1,3,3,0,1,3,FAILING TO YIELD RIGHT-OF-WAY,2,1,0.0,0.0,0.0,0.0,0.0,3.0,22,1,4,04/28/2024,2024-04-28,22:29:00
08/10/2024 12:17:00 PM,3.0,2,1,4,4,1,3,3,1,1,3,DRIVING SKILLS/KNOWLEDGE/EXPERIENCE,2,1,0.0,0.0,0.0,0.0,0.0,3.0,12,7,8,08/10/2024,2024-08-10,12:17:00
02/16/2024 07:43:00 PM,5.0,2,4,5,5,1,3,1,1,1,3,UNABLE TO DETERMINE,2,3,1.0,0.0,0.0,1.0,0.0,2.0,19,6,2,02/16/2024,2024-02-16,19:43:00
06/15/2024 01:00:00 PM,7.0,2,1,5,4,1,3,3,1,1,3,UNABLE TO DETERMINE,2,2,1.0,0.0,0.0,0.0,1.0,3.0,13,7,6,06/15/2024,2024-06-15,13:00:00
01/10/2024 11:35:00 PM,5.0,2,1,6,1,1,1,1,0,1,3,UNABLE TO DETERMINE,2,1,0.0,0.0,0.0,0.0,0.0,2.0,23,4,1,01/10/2024,2024-01-10,23:35:00
03/08/2024 06:12:00 PM,5.0,4,4,3,2,1,4,3,0,0,3,IMPROPER LANE USAGE,2,1,0.0,0.0,0.0,0.0,0.0,2.0,18,6,3,03/08/2024,2024-03-08,18:12:00
04/15/2024 07:35:00 AM,5.0,2,1,6,6,1,3,3,1,1,3,IMPROPER OVERTAKING/PASSING,2,1,0.0,0.0,0.0,0.0,0.0,3.0,7,2,4,04/15/2024,2024-04-15,07:35:00
07/17/2024 10:08:00 PM,7.0,2,4,5,6,1,3,3,0,1,3,DISREGARDING STOP SIGN,2,1,0.0,0.0,0.0,0.0,0.0,3.0,22,4,7,07/17/2024,2024-07-17,22:08:00
07/05/2024 11:30:00 PM,5.0,2,4,6,5,1,1,1,0,1,3,UNABLE TO DETERMINE,2,1,0.0,0.0,0.0,0.0,0.0,3.0,23,6,7,07/05/2024,2024-07-05,23:30:00
01/03/2024 04:45:00 PM,7.0,2,4,5,2,1,3,3,1,1,3,DISREGARDING STOP SIGN,2,2,2.0,0.0,0.0,0.0,2.0,0.0,16,4,1,01/03/2024,2024-01-03,16:45:00
01/22/2024 03:33:00 PM,7.0,4,4,6,6,1,4,1,1,1,3,FAILING TO YIELD RIGHT-OF-WAY,2,1,0.0,0.0,0.0,0.0,0.0,3.0,15,2,1,01/22/2024,2024-01-22,15:33:00
07/11/2024 07:30:00 PM,5.0,2,1,6,5,1,3,3,0,1,3,UNABLE TO DETERMINE,2,1,0.0,0.0,0.0,0.0,0.0,2.0,19,5,7,07/11/2024,2024-07-11,19:30:00
03/29/2024 07:23:00 AM,5.0,2,3,6,6,1,3,3,1,1,3,"VISION OBSCURED (SIGNS, TREE LIMBS, BUILDINGS, ETC.)",2,1,0.0,0.0,0.0,0.0,0.0,2.0,7,6,3,03/29/2024,2024-03-29,07:23:00
06/05/2024 12:51:00 AM,5.0,4,4,5,4,1,4,3,1,1,3,FAILING TO YIELD RIGHT-OF-WAY,2,2,1.0,0.0,0.0,0.0,1.0,2.0,0,4,6,06/05/2024,2024-06-05,00:51:00
03/19/2024 02:35:00 PM,5.0,2,1,4,5,1,3,3,0,1,3,FOLLOWING TOO CLOSELY,2,1,0.0,0.0,0.0,0.0,0.0,2.0,14,3,3,03/19/2024,2024-03-19,14:35:00
04/30/2024 01:10:00 PM,1.0,2,1,13,6,1,3,3,1,1,3,UNABLE TO DETERMINE,2,3,1.0,0.0,0.0,1.0,0.0,1.0,13,3,4,04/30/2024,2024-04-30,13:10:00
07/12/2024 06:50:00 PM,7.0,2,1,14,5,1,3,3,1,1,1,DRIVING ON WRONG SIDE/WRONG WAY,2,3,1.0,0.0,0.0,1.0,0.0,1.0,18,6,7,07/12/2024,2024-07-12,18:50:00
02/20/2024 03:10:00 PM,5.0,2,1,11,6,1,3,3,0,1,2,UNABLE TO DETERMINE,2,1,0.0,0.0,0.0,0.0,0.0,1.0,15,3,2,02/20/2024,2024-02-20,15:10:00
03/16/2024 11:00:00 PM,5.0,2,4,5,5,1,3,3,1,1,3,DISREGARDING TRAFFIC SIGNALS,2,1,0.0,0.0,0.0,0.0,0.0,2.0,23,7,3,03/16/2024,2024-03-16,23:00:00
03/28/2024 02:40:00 PM,5.0,2,1,3,10,1,3,3,0,1,2,IMPROPER OVERTAKING/PASSING,2,1,0.0,0.0,0.0,0.0,0.0,2.0,14,5,3,03/28/2024,2024-03-28,14:40:00
03/11/2024 05:00:00 PM,5.0,2,1,6,5,1,3,3,0,1,3,FAILING TO YIELD RIGHT-OF-WAY,2,1,0.0,0.0,0.0,0.0,0.0,3.0,17,2,3,03/11/2024,2024-03-11,17:00:00
08/06/2024 07:10:00 PM,5.0,2,1,6,6,1,3,3,0,1,2,IMPROPER OVERTAKING/PASSING,2,1,0.0,0.0,0.0,0.0,0.0,3.0,19,3,8,08/06/2024,2024-08-06,19:10:00
05/16/2024 06:05:00 PM,5.0,2,1,5,13,1,3,3,1,1,2,DISREGARDING TRAFFIC SIGNALS,2,3,1.0,0.0,0.0,1.0,0.0,1.0,18,5,5,05/16/2024,2024-05-16,18:05:00
04/02/2024 11:10:00 AM,5.0,2,1,3,6,1,4,3,0,1,3,DRIVING SKILLS/KNOWLEDGE/EXPERIENCE,2,1,0.0,0.0,0.0,0.0,0.0,2.0,11,3,4,04/02/2024,2024-04-02,11:10:00
04/02/2024 06:18:00 PM,5.0,4,1,5,5,1,4,3,1,1,3,UNABLE TO DETERMINE,2,2,1.0,0.0,0.0,0.0,1.0,4.0,18,3,4,04/02/2024,2024-04-02,18:18:00
02/04/2024 03:00:00 AM,7.0,2,4,5,5,1,3,3,1,1,3,DISREGARDING STOP SIGN,2,2,1.0,0.0,0.0,0.0,1.0,2.0,3,1,2,02/04/2024,2024-02-04,03:00:00
05/24/2024 02:46:00 PM,3.0,3,1,4,6,1,3,3,0,1,3,FAILING TO REDUCE SPEED TO AVOID CRASH,2,1,0.0,0.0,0.0,0.0,0.0,4.0,14,6,5,05/24/2024,2024-05-24,14:46:00
01/01/2024 05:00:00 AM,3.0,2,3,11,6,1,4,3,0,1,3,NOT APPLICABLE,2,1,0.0,0.0,0.0,0.0,0.0,1.0,5,2,1,01/01/2024,2024-01-01,05:00:00
01/22/2024 01:35:00 AM,3.0,7,1,4,6,1,4,1,1,1,3,UNABLE TO DETERMINE,2,1,0.0,0.0,0.0,0.0,0.0,3.0,1,2,1,01/22/2024,2024-01-22,01:35:00
03/29/2024 02:39:00 PM,5.0,2,1,14,6,1,3,3,1,0,1,IMPROPER OVERTAKING/PASSING,2,2,1.0,0.0,0.0,0.0,1.0,1.0,14,6,3,03/29/2024,2024-03-29,14:39:00
02/23/2024 05:00:00 PM,3.0,2,1,11,5,1,3,3,1,1,3,UNABLE TO DETERMINE,2,1,0.0,0.0,0.0,0.0,0.0,1.0,17,6,2,02/23/2024,2024-02-23,17:00:00
02/05/2024 03:17:00 PM,5.0,2,1,13,6,1,3,3,1,1,1,FAILING TO YIELD RIGHT-OF-WAY,2,2,1.0,0.0,0.0,0.0,1.0,1.0,15,2,2,02/05/2024,2024-02-05,15:17:00
06/30/2024 08:45:00 PM,5.0,2,4,6,4,1,3,3,0,1,3,FAILING TO YIELD RIGHT-OF-WAY,2,1,0.0,0.0,0.0,0.0,0.0,6.0,20,1,6,06/30/2024,2024-06-30,20:45:00
02/15/2024 11:07:00 AM,5.0,2,1,6,5,1,3,3,0,1,2,IMPROPER OVERTAKING/PASSING,2,1,0.0,0.0,0.0,0.0,0.0,4.0,11,5,2,02/15/2024,2024-02-15,11:07:00