crash_date,traffic_control_device,weather_condition,lighting_condition,first_crash_type,trafficway_type,alignment,roadway_surface_cond,road_defect,crash_type,intersection_related_i,damage,prim_contributory_cause,num_units,most_severe_injury,injuries_total,injuries_fatal,injuries_incapacitating,injuries_non_incapacitating,injuries_reported_not_evident,injuries_no_indication,crash_hour,crash_day_of_week,crash_month,parsed_datetime,date,time
08/28/2024 04:30:00 PM,7.0,2,1,5,6,1,3,3,1,1,3,FAILING TO YIELD RIGHT-OF-WAY,2,3,2.0,0.0,0.0,2.0,0.0,1.0,16,4,8,08/28/2024,2024-08-28,16:30:00
08/15/2024 01:22:00 PM,5.0,4,1,6,3,1,4,3,1,1,3,FAILING TO YIELD RIGHT-OF-WAY,2,3,2.0,0.0,0.0,2.0,0.0,1.0,13,5,8,08/15/2024,2024-08-15,13:22:00
08/15/2024 12:08:00 PM,5.0,2,1,4,6,1,4,3,0,1,3,UNABLE TO DETERMINE,2,1,0.0,0.0,0.0,0.0,0.0,4.0,12,5,8,08/15/2024,2024-08-15,12:08:00
08/15/2024 07:00:00 AM,3.0,4,1,6,6,1,4,3,0,1,3,WEATHER,2,1,0.0,0.0,0.0,0.0,0.0,2.0,7,5,8,08/15/2024,2024-08-15,07:00:00
08/15/2024 11:24:00 AM,7.0,4,5,5,7,1,4,3,0,1,2,NOT APPLICABLE,2,1,0.0,0.0,0.0,0.0,0.0,2.0,11,5,8,08/15/2024,2024-08-15,11:24:00
08/15/2024 02:24:00 PM,3.0,4,1,9,4,1,4,3,0,1,3,DRIVING ON WRONG SIDE/WRONG WAY,2,1,0.0,0.0,0.0,0.0,0.0,2.0,14,5,8,08/15/2024,2024-08-15,14:24:00
08/15/2024 02:30:00 PM,5.0,3,1,6,6,1,3,5,1,1,3,FAILING TO YIELD RIGHT-OF-WAY,2,1,0.0,0.0,0.0,0.0,0.0,5.0,14,5,8,08/15/2024,2024-08-15,14:30:00
08/15/2024 12:30:00 PM,6.0,4,1,4,6,1,4,3,1,1,3,WEATHER,2,1,0.0,0.0,0.0,0.0,0.0,3.0,12,5,8,08/15/2024,2024-08-15,12:30:00
08/15/2024 08:53:00 PM,7.0,2,4,14,5,1,3,3,1,1,3,IMPROPER TURNING/NO SIGNAL,2,3,1.0,0.0,0.0,1.0,0.0,1.0,20,5,8,08/15/2024,2024-08-15,20:53:00
08/15/2024 06:29:00 PM,5.0,2,1,5,6,1,3,3,0,1,3,FAILING TO YIELD RIGHT-OF-WAY,2,1,0.0,0.0,0.0,0.0,0.0,3.0,18,5,8,08/15/2024,2024-08-15,18:29:00
08/15/2024 01:30:00 PM,5.0,4,1,4,7,1,4,3,0,0,3,FAILING TO REDUCE SPEED TO AVOID CRASH,2,1,0.0,0.0,0.0,0.0,0.0,2.0,13,5,8,08/15/2024,2024-08-15,13:30:00
08/15/2024 07:30:00 PM,3.0,2,3,11,7,1,3,3,0,1,3,IMPROPER BACKING,2,1,0.0,0.0,0.0,0.0,0.0,1.0,19,5,8,08/15/2024,2024-08-15,19:30:00
08/15/2024 06:26:00 PM,7.0,2,1,5,4,1,3,3,1,1,3,IMPROPER OVERTAKING/PASSING,2,3,2.0,0.0,0.0,2.0,0.0,1.0,18,5,8,08/15/2024,2024-08-15,18:26:00
08/15/2024 08:40:00 AM,5.0,4,1,3,10,1,4,1,0,1,3,IMPROPER OVERTAKING/PASSING,2,1,0.0,0.0,0.0,0.0,0.0,2.0,8,5,8,08/15/2024,2024-08-15,08:40:00
08/15/2024 09:43:00 AM,5.0,4,1,4,6,1,4,3,1,0,3,FAILING TO REDUCE SPEED TO AVOID CRASH,2,2,2.0,0.0,0.0,0.0,2.0,0.0,9,5,8,08/15/2024,2024-08-15,09:43:00
08/15/2024 02:00:00 PM,7.0,4,1,6,5,1,4,1,1,1,3,FAILING TO YIELD RIGHT-OF-WAY,2,1,0.0,0.0,0.0,0.0,0.0,2.0,14,5,8,08/15/2024,2024-08-15,14:00:00
08/15/2024 08:25:00 AM,7.0,4,1,5,6,1,4,1,0,1,3,UNABLE TO DETERMINE,2,1,0.0,0.0,0.0,0.0,0.0,2.0,8,5,8,08/15/2024,2024-08-15,08:25:00
08/15/2024 09:10:00 AM,5.0,4,1,6,6,1,4,3,0,1,3,UNABLE TO DETERMINE,2,1,0.0,0.0,0.0,0.0,0.0,3.0,9,5,8,08/15/2024,2024-08-15,09:10:00
08/15/2024 08:00:00 PM,5.0,4,4,4,7,1,4,3,1,1,2,FOLLOWING TOO CLOSELY,2,2,1.0,0.0,0.0,0.0,1.0,2.0,20,5,8,08/15/2024,2024-08-15,20:00:00
08/15/2024 12:34:00 PM,5.0,4,1,4,4,1,4,3,1,1,3,FOLLOWING TOO CLOSELY,2,1,0.0,0.0,0.0,0.0,0.0,2.0,12,5,8,08/15/2024,2024-08-15,12:34:00
08/15/2024 06:42:00 AM,5.0,4,1,4,3,1,4,1,0,1,3,WEATHER,2,1,0.0,0.0,0.0,0.0,0.0,2.0,6,5,8,08/15/2024,2024-08-15,06:42:00
08/15/2024 08:55:00 AM,1.0,2,1,5,6,1,1,1,0,1,1,UNABLE TO DETERMINE,2,1,0.0,0.0,0.0,0.0,0.0,2.0,8,5,8,08/15/2024,2024-08-15,08:55:00
08/15/2024 07:30:00 AM,3.0,4,1,5,7,1,4,3,1,1,3,FAILING TO YIELD RIGHT-OF-WAY,2,1,0.0,0.0,0.0,0.0,0.0,3.0,7,5,8,08/15/2024,2024-08-15,07:30:00
08/15/2024 03:30:00 PM,7.0,4,1,6,5,1,4,1,1,1,3,FAILING TO YIELD RIGHT-OF-WAY,2,3,1.0,0.0,0.0,1.0,0.0,1.0,15,5,8,08/15/2024,2024-08-15,15:30:00
08/15/2024 10:49:00 AM,5.0,4,1,3,5,1,4,1,0,1,3,UNABLE TO DETERMINE,2,1,0.0,0.0,0.0,0.0,0.0,2.0,10,5,8,08/15/2024,2024-08-15,10:49:00
08/15/2024 07:07:00 PM,5.0,2,1,6,9,1,4,3,1,1,3,"OPERATING VEHICLE IN ERRATIC, RECKLESS, CARELESS, NEGLIGENT OR AGGRESSIVE MANNER",2,1,0.0,0.0,0.0,0.0,0.0,2.0,19,5,8,08/15/2024,2024-08-15,19:07:00
08/15/2024 08:20:00 AM,5.0,4,1,4,6,1,4,3,1,1,3,FOLLOWING TOO CLOSELY,2,2,1.0,0.0,0.0,0.0,1.0,1.0,8,5,8,08/15/2024,2024-08-15,08:20:00
08/15/2024 03:19:00 PM,7.0,4,1,6,5,1,4,3,1,1,3,FAILING TO YIELD RIGHT-OF-WAY,2,3,1.0,0.0,0.0,1.0,0.0,4.0,15,5,8,08/15/2024,2024-08-15,15:19:00
08/15/2024 05:40:00 PM,7.0,3,1,5,7,3,4,3,0,1,3,FAILING TO YIELD RIGHT-OF-WAY,2,1,0.0,0.0,0.0,0.0,0.0,2.0,17,5,8,08/15/2024,2024-08-15,17:40:00
08/15/2024 08:00:00 AM,7.0,3,4,11,5,1,3,1,0,1,3,UNABLE TO DETERMINE,2,1,0.0,0.0,0.0,0.0,0.0,1.0,8,5,8,08/15/2024,2024-08-15,08:00:00
08/15/2024 06:08:00 PM,5.0,2,1,6,5,1,3,3,1,1,3,IMPROPER TURNING/NO SIGNAL,2,1,0.0,0.0,0.0,0.0,0.0,2.0,18,5,8,08/15/2024,2024-08-15,18:08:00
08/15/2024 05:31:00 AM,5.0,4,3,6,6,1,4,3,1,1,3,UNABLE TO DETERMINE,2,2,1.0,0.0,0.0,0.0,1.0,1.0,5,5,8,08/15/2024,2024-08-15,05:31:00
08/15/2024 04:30:00 PM,5.0,4,1,5,5,1,4,3,0,1,3,EQUIPMENT - VEHICLE CONDITION,2,1,0.0,0.0,0.0,0.0,0.0,2.0,16,5,8,08/15/2024,2024-08-15,16:30:00
07/10/2024 08:27:00 AM,5.0,3,1,6,12,1,4,3,1,1,3,IMPROPER LANE USAGE,2,3,1.0,0.0,0.0,1.0,0.0,2.0,8,4,7,07/10/2024,2024-07-10,08:27:00
08/15/2024 09:10:00 AM,7.0,4,1,14,6,1,4,3,1,1,3,DISREGARDING STOP SIGN,2,3,1.0,0.0,0.0,1.0,0.0,1.0,9,5,8,08/15/2024,2024-08-15,09:10:00
08/15/2024 01:43:00 PM,3.0,4,1,6,6,1,4,1,1,1,3,IMPROPER TURNING/NO SIGNAL,2,3,1.0,0.0,0.0,1.0,0.0,3.0,13,5,8,08/15/2024,2024-08-15,13:43:00
08/15/2024 02:40:00 PM,5.0,2,1,6,10,1,4,1,0,1,3,NOT APPLICABLE,2,1,0.0,0.0,0.0,0.0,0.0,2.0,14,5,8,08/15/2024,2024-08-15,14:40:00
08/15/2024 08:00:00 PM,7.0,2,4,3,5,1,3,3,1,1,3,UNABLE TO DETERMINE,2,2,1.0,0.0,0.0,0.0,1.0,1.0,20,5,8,08/15/2024,2024-08-15,20:00:00
08/15/2024 12:35:00 PM,5.0,4,1,4,6,1,4,3,0,1,3,WEATHER,2,1,0.0,0.0,0.0,0.0,0.0,2.0,12,5,8,08/15/2024,2024-08-15,12:35:00
08/15/2024 02:15:00 PM,5.0,4,1,4,6,1,4,3,0,1,3,FOLLOWING TOO CLOSELY,2,1,0.0,0.0,0.0,0.0,0.0,2.0,14,5,8,08/15/2024,2024-08-15,14:15:00
08/15/2024 08:38:00 AM,5.0,4,1,5,5,1,4,3,1,1,3,FAILING TO YIELD RIGHT-OF-WAY,2,3,1.0,0.0,0.0,1.0,0.0,1.0,8,5,8,08/15/2024,2024-08-15,08:38:00
08/15/2024 12:05:00 PM,5.0,4,1,6,6,1,4,3,1,1,3,FOLLOWING TOO CLOSELY,2,2,1.0,0.0,0.0,0.0,1.0,2.0,12,5,8,08/15/2024,2024-08-15,12:05:00
08/15/2024 02:38:00 PM,5.0,4,1,6,6,1,4,3,1,1,3,FAILING TO YIELD RIGHT-OF-WAY,2,3,1.0,0.0,0.0,1.0,0.0,2.0,14,5,8,08/15/2024,2024-08-15,14:38:00
08/15/2024 09:00:00 AM,7.0,4,1,6,6,1,4,3,0,1,2,UNABLE TO DETERMINE,2,1,0.0,0.0,0.0,0.0,0.0,2.0,9,5,8,08/15/2024,2024-08-15,09:00:00
08/15/2024 02:15:00 PM,5.0,2,1,6,6,1,3,3,0,1,3,IMPROPER OVERTAKING/PASSING,2,1,0.0,0.0,0.0,0.0,0.0,2.0,14,5,8,08/15/2024,2024-08-15,14:15:00
08/30/2024 04:35:00 PM,5.0,2,1,3,5,1,3,3,0,1,2,IMPROPER OVERTAKING/PASSING,2,1,0.0,0.0,0.0,0.0,0.0,3.0,16,6,8,08/30/2024,2024-08-30,16:35:00
08/30/2024 03:30:00 PM,5.0,2,1,3,5,1,3,3,0,1,3,FOLLOWING TOO CLOSELY,2,1,0.0,0.0,0.0,0.0,0.0,2.0,15,6,8,08/30/2024,2024-08-30,15:30:00
08/30/2024 11:00:00 AM,5.0,2,1,4,10,1,3,3,0,1,3,FOLLOWING TOO CLOSELY,2,1,0.0,0.0,0.0,0.0,0.0,2.0,11,6,8,08/30/2024,2024-08-30,11:00:00
08/30/2024 11:45:00 AM,5.0,2,1,4,6,1,3,3,0,1,3,FOLLOWING TOO CLOSELY,2,1,0.0,0.0,0.0,0.0,0.0,2.0,11,6,8,08/30/2024,2024-08-30,11:45:00
08/30/2024 01:30:00 PM,3.0,2,1,4,3,1,3,3,0,1,2,UNABLE TO DETERMINE,2,1,0.0,0.0,0.0,0.0,0.0,2.0,13,6,8,08/30/2024,2024-08-30,13:30:00
08/27/2024 09:13:00 PM,5.0,4,4,6,6,1,4,3,0,1,3,UNABLE TO DETERMINE,2,1,0.0,0.0,0.0,0.0,0.0,2.0,21,3,8,08/27/2024,2024-08-27,21:13:00
08/28/2024 11:00:00 AM,5.0,2,1,3,3,1,3,3,0,1,3,IMPROPER LANE USAGE,2,1,0.0,0.0,0.0,0.0,0.0,2.0,11,4,8,08/28/2024,2024-08-28,11:00:00
08/10/2024 10:14:00 PM,7.0,2,5,5,6,1,3,1,1,1,3,DISREGARDING STOP SIGN,2,2,2.0,0.0,0.0,0.0,2.0,4.0,22,7,8,08/10/2024,2024-08-10,22:14:00
08/30/2024 08:30:00 AM,5.0,2,1,5,5,1,3,1,1,1,3,UNABLE TO DETERMINE,2,3,2.0,0.0,0.0,2.0,0.0,6.0,8,6,8,08/30/2024,2024-08-30,08:30:00
08/30/2024 02:00:00 PM,7.0,2,1,5,6,1,3,3,0,1,3,FAILING TO YIELD RIGHT-OF-WAY,2,1,0.0,0.0,0.0,0.0,0.0,2.0,14,6,8,08/30/2024,2024-08-30,14:00:00
08/28/2024 10:19:00 PM,2.0,2,4,13,6,1,3,3,1,1,3,UNABLE TO DETERMINE,2,4,1.0,0.0,1.0,0.0,0.0,2.0,22,4,8,08/28/2024,2024-08-28,22:19:00
08/30/2024 08:23:00 AM,3.0,2,1,6,4,1,4,3,1,1,3,FAILING TO YIELD RIGHT-OF-WAY,2,1,0.0,0.0,0.0,0.0,0.0,2.0,8,6,8,08/30/2024,2024-08-30,08:23:00
08/30/2024 06:20:00 AM,5.0,4,1,4,5,1,4,1,0,1,3,FOLLOWING TOO CLOSELY,2,1,0.0,0.0,0.0,0.0,0.0,6.0,6,6,8,08/30/2024,2024-08-30,06:20:00
08/29/2024 11:52:00 PM,5.0,2,5,6,6,1,3,3,1,1,3,IMPROPER TURNING/NO SIGNAL,2,1,0.0,0.0,0.0,0.0,0.0,2.0,23,5,8,08/29/2024,2024-08-29,23:52:00
08/29/2024 10:11:00 AM,5.0,2,1,6,4,1,3,3,1,1,3,FAILING TO REDUCE SPEED TO AVOID CRASH,2,1,0.0,0.0,0.0,0.0,0.0,2.0,10,5,8,08/29/2024,2024-08-29,10:11:00
08/29/2024 12:00:00 PM,5.0,2,1,5,5,1,3,3,0,1,2,EQUIPMENT - VEHICLE CONDITION,2,1,0.0,0.0,0.0,0.0,0.0,2.0,12,5,8,08/29/2024,2024-08-29,12:00:00
08/30/2024 10:20:00 AM,3.0,2,1,6,7,1,3,3,1,1,2,UNABLE TO DETERMINE,2,1,0.0,0.0,0.0,0.0,0.0,2.0,10,6,8,08/30/2024,2024-08-30,10:20:00
08/30/2024 01:30:00 PM,5.0,2,1,6,6,1,3,3,0,1,2,UNABLE TO DETERMINE,2,1,0.0,0.0,0.0,0.0,0.0,2.0,13,6,8,08/30/2024,2024-08-30,13:30:00
08/29/2024 06:23:00 AM,5.0,2,1,14,4,2,3,3,1,1,2,FAILING TO YIELD RIGHT-OF-WAY,2,3,1.0,0.0,0.0,1.0,0.0,1.0,6,5,8,08/29/2024,2024-08-29,06:23:00
08/30/2024 09:04:00 AM,5.0,2,1,11,10,1,3,3,0,1,3,UNABLE TO DETERMINE,2,1,0.0,0.0,0.0,0.0,0.0,4.0,9,6,8,08/30/2024,2024-08-30,09:04:00
08/29/2024 10:20:00 AM,5.0,2,1,4,5,1,3,3,0,1,3,FOLLOWING TOO CLOSELY,2,1,0.0,0.0,0.0,0.0,0.0,5.0,10,5,8,08/29/2024,2024-08-29,10:20:00
08/30/2024 09:15:00 AM,7.0,2,1,5,5,1,3,3,1,1,3,DISREGARDING STOP SIGN,2,1,0.0,0.0,0.0,0.0,0.0,3.0,9,6,8,08/30/2024,2024-08-30,09:15:00
08/28/2024 06:00:00 PM,7.0,2,1,6,13,1,3,3,0,1,2,IMPROPER TURNING/NO SIGNAL,2,1,0.0,0.0,0.0,0.0,0.0,2.0,18,4,8,08/28/2024,2024-08-28,18:00:00
08/29/2024 09:08:00 PM,5.0,2,5,4,5,1,3,1,0,1,1,UNABLE TO DETERMINE,2,1,0.0,0.0,0.0,0.0,0.0,4.0,21,5,8,08/29/2024,2024-08-29,21:08:00
08/30/2024 08:30:00 PM,5.0,2,4,4,5,1,3,3,0,1,2,UNABLE TO DETERMINE,2,1,0.0,0.0,0.0,0.0,0.0,2.0,20,6,8,08/30/2024,2024-08-30,20:30:00
08/30/2024 02:58:00 PM,3.0,2,1,10,5,1,1,1,0,0,2,UNABLE TO DETERMINE,2,1,0.0,0.0,0.0,0.0,0.0,2.0,14,6,8,08/30/2024,2024-08-30,14:58:00
08/30/2024 10:00:00 AM,7.0,3,1,12,6,1,4,1,0,1,3,DRIVING SKILLS/KNOWLEDGE/EXPERIENCE,2,1,0.0,0.0,0.0,0.0,0.0,2.0,10,6,8,08/30/2024,2024-08-30,10:00:00
08/25/2024 11:15:00 PM,5.0,2,4,6,5,1,3,3,0,1,3,IMPROPER TURNING/NO SIGNAL,2,1,0.0,0.0,0.0,0.0,0.0,3.0,23,1,8,08/25/2024,2024-08-25,23:15:00
08/30/2024 07:00:00 AM,5.0,4,1,13,5,1,4,3,1,1,1,UNABLE TO DETERMINE,2,3,1.0,0.0,0.0,1.0,0.0,1.0,7,6,8,08/30/2024,2024-08-30,07:00:00
08/29/2024 07:35:00 PM,7.0,2,1,5,6,1,3,3,0,1,3,DISREGARDING STOP SIGN,2,1,0.0,0.0,0.0,0.0,0.0,2.0,19,5,8,08/29/2024,2024-08-29,19:35:00
08/30/2024 08:50:00 AM,5.0,2,1,4,6,1,4,3,0,0,2,WEATHER,2,1,0.0,0.0,0.0,0.0,0.0,2.0,8,6,8,08/30/2024,2024-08-30,08:50:00
08/31/2024 01:05:00 AM,7.0,2,4,5,5,1,3,3,0,1,3,UNABLE TO DETERMINE,2,1,0.0,0.0,0.0,0.0,0.0,7.0,1,7,8,08/31/2024,2024-08-31,01:05:00
08/29/2024 12:40:00 PM,5.0,2,1,6,5,1,3,3,1,1,3,IMPROPER OVERTAKING/PASSING,2,3,1.0,0.0,0.0,1.0,0.0,3.0,12,5,8,08/29/2024,2024-08-29,12:40:00
08/30/2024 06:45:00 AM,12.0,2,1,7,5,1,4,3,0,1,3,UNABLE TO DETERMINE,2,1,0.0,0.0,0.0,0.0,0.0,2.0,6,6,8,08/30/2024,2024-08-30,06:45:00
08/30/2024 08:45:00 PM,7.0,2,4,5,5,1,3,3,0,1,2,FAILING TO YIELD RIGHT-OF-WAY,2,1,0.0,0.0,0.0,0.0,0.0,2.0,20,6,8,08/30/2024,2024-08-30,20:45:00
08/28/2024 01:25:00 PM,5.0,2,1,6,5,1,3,3,1,1,3,IMPROPER TURNING/NO SIGNAL,2,2,2.0,0.0,0.0,0.0,2.0,4.0,13,4,8,08/28/2024,2024-08-28,13:25:00
08/29/2024 11:44:00 PM,5.0,2,5,4,6,1,3,3,0,1,3,FOLLOWING TOO CLOSELY,2,1,0.0,0.0,0.0,0.0,0.0,2.0,23,5,8,08/29/2024,2024-08-29,23:44:00
08/29/2024 05:00:00 PM,7.0,2,1,6,6,1,3,3,0,0,2,UNABLE TO DETERMINE,2,1,0.0,0.0,0.0,0.0,0.0,2.0,17,5,8,08/29/2024,2024-08-29,17:00:00
08/30/2024 04:05:00 AM,5.0,2,5,5,5,1,3,1,1,1,3,DISREGARDING TRAFFIC SIGNALS,2,3,1.0,0.0,0.0,1.0,0.0,1.0,4,6,8,08/30/2024,2024-08-30,04:05:00
08/16/2024 05:04:00 PM,5.0,2,1,6,5,1,3,3,0,1,3,IMPROPER TURNING/NO SIGNAL,2,1,0.0,0.0,0.0,0.0,0.0,2.0,17,6,8,08/16/2024,2024-08-16,17:04:00
08/16/2024 03:00:00 PM,5.0,2,1,5,5,1,3,3,0,1,3,DISREGARDING TRAFFIC SIGNALS,2,1,0.0,0.0,0.0,0.0,0.0,2.0,15,6,8,08/16/2024,2024-08-16,15:00:00
08/16/2024 05:20:00 PM,3.0,2,1,5,6,1,3,1,1,1,3,DISREGARDING TRAFFIC SIGNALS,2,1,0.0,0.0,0.0,0.0,0.0,2.0,17,6,8,08/16/2024,2024-08-16,17:20:00
08/16/2024 10:06:00 AM,5.0,2,1,13,3,1,3,3,1,1,3,UNABLE TO DETERMINE,2,3,1.0,0.0,0.0,1.0,0.0,1.0,10,6,8,08/16/2024,2024-08-16,10:06:00
08/16/2024 02:11:00 PM,7.0,2,1,6,5,1,3,3,1,1,3,FOLLOWING TOO CLOSELY,2,1,0.0,0.0,0.0,0.0,0.0,2.0,14,6,8,08/16/2024,2024-08-16,14:11:00
08/16/2024 05:09:00 PM,7.0,2,1,5,5,1,3,3,1,1,3,DISREGARDING STOP SIGN,2,2,2.0,0.0,0.0,0.0,2.0,1.0,17,6,8,08/16/2024,2024-08-16,17:09:00
08/16/2024 10:30:00 AM,3.0,2,1,6,6,1,3,3,1,1,3,FAILING TO YIELD RIGHT-OF-WAY,2,3,1.0,0.0,0.0,1.0,0.0,1.0,10,6,8,08/16/2024,2024-08-16,10:30:00
08/16/2024 07:40:00 PM,7.0,2,4,6,5,1,3,3,0,1,3,IMPROPER TURNING/NO SIGNAL,2,1,0.0,0.0,0.0,0.0,0.0,2.0,19,6,8,08/16/2024,2024-08-16,19:40:00
08/16/2024 01:48:00 PM,5.0,2,1,13,12,1,3,1,1,1,3,UNABLE TO DETERMINE,2,4,1.0,0.0,1.0,0.0,0.0,1.0,13,6,8,08/16/2024,2024-08-16,13:48:00
08/16/2024 12:31:00 PM,7.0,2,1,6,4,1,3,3,1,1,3,DISREGARDING ROAD MARKINGS,2,1,0.0,0.0,0.0,0.0,0.0,3.0,12,6,8,08/16/2024,2024-08-16,12:31:00
08/16/2024 07:45:00 PM,5.0,4,5,6,5,1,4,3,0,1,3,FAILING TO YIELD RIGHT-OF-WAY,2,1,0.0,0.0,0.0,0.0,0.0,2.0,19,6,8,08/16/2024,2024-08-16,19:45:00
08/16/2024 08:30:00 PM,7.0,2,4,6,7,1,3,3,0,1,3,UNABLE TO DETERMINE,2,1,0.0,0.0,0.0,0.0,0.0,2.0,20,6,8,08/16/2024,2024-08-16,20:30:00
08/16/2024 07:58:00 AM,7.0,2,1,5,5,1,4,3,0,1,3,DISREGARDING STOP SIGN,2,1,0.0,0.0,0.0,0.0,0.0,3.0,7,6,8,08/16/2024,2024-08-16,07:58:00
08/16/2024 03:15:00 PM,5.0,2,1,3,6,1,3,3,0,1,1,UNABLE TO DETERMINE,2,1,0.0,0.0,0.0,0.0,0.0,2.0,15,6,8,08/16/2024,2024-08-16,15:15:00
08/16/2024 06:30:00 PM,5.0,2,1,4,5,1,3,3,0,1,3,FOLLOWING TOO CLOSELY,2,1,0.0,0.0,0.0,0.0,0.0,3.0,18,6,8,08/16/2024,2024-08-16,18:30:00
08/16/2024 01:30:00 PM,1.0,2,1,14,5,1,3,3,1,1,3,FAILING TO YIELD RIGHT-OF-WAY,2,3,2.0,0.0,0.0,2.0,0.0,0.0,13,6,8,08/16/2024,2024-08-16,13:30:00
08/16/2024 08:00:00 PM,5.0,4,4,4,4,1,4,3,0,1,3,UNABLE TO DETERMINE,2,1,0.0,0.0,0.0,0.0,0.0,4.0,20,6,8,08/16/2024,2024-08-16,20:00:00
08/16/2024 01:50:00 PM,5.0,2,1,5,5,1,3,3,0,1,2,DISREGARDING TRAFFIC SIGNALS,2,1,0.0,0.0,0.0,0.0,0.0,2.0,13,6,8,08/16/2024,2024-08-16,13:50:00
08/16/2024 08:15:00 PM,5.0,4,5,13,5,1,4,3,1,1,3,FAILING TO REDUCE SPEED TO AVOID CRASH,2,3,1.0,0.0,0.0,1.0,0.0,1.0,20,6,8,08/16/2024,2024-08-16,20:15:00
08/16/2024 11:45:00 PM,5.0,2,4,13,6,1,3,3,1,1,3,UNABLE TO DETERMINE,2,3,1.0,0.0,0.0,1.0,0.0,1.0,23,6,8,08/16/2024,2024-08-16,23:45:00
08/16/2024 02:19:00 PM,5.0,2,1,4,5,1,3,3,0,1,3,FOLLOWING TOO CLOSELY,2,1,0.0,0.0,0.0,0.0,0.0,5.0,14,6,8,08/16/2024,2024-08-16,14:19:00
08/16/2024 11:30:00 PM,5.0,2,4,13,5,1,4,1,1,1,3,UNABLE TO DETERMINE,2,2,1.0,0.0,0.0,0.0,1.0,1.0,23,6,8,08/16/2024,2024-08-16,23:30:00
08/16/2024 02:53:00 PM,7.0,2,1,5,5,1,3,1,1,1,3,UNABLE TO DETERMINE,2,3,2.0,0.0,0.0,2.0,0.0,0.0,14,6,8,08/16/2024,2024-08-16,14:53:00
08/16/2024 08:30:00 PM,3.0,4,4,13,6,1,4,3,1,1,3,FAILING TO YIELD RIGHT-OF-WAY,2,3,1.0,0.0,0.0,1.0,0.0,1.0,20,6,8,08/16/2024,2024-08-16,20:30:00
08/16/2024 11:00:00 AM,5.0,2,1,4,5,1,3,3,0,1,2,UNABLE TO DETERMINE,2,1,0.0,0.0,0.0,0.0,0.0,2.0,11,6,8,08/16/2024,2024-08-16,11:00:00
08/16/2024 12:10:00 PM,5.0,2,1,5,3,1,3,3,1,1,3,DISREGARDING TRAFFIC SIGNALS,2,1,0.0,0.0,0.0,0.0,0.0,3.0,12,6,8,08/16/2024,2024-08-16,12:10:00
08/16/2024 03:35:00 PM,7.0,2,1,6,7,1,3,3,0,1,3,FAILING TO YIELD RIGHT-OF-WAY,2,1,0.0,0.0,0.0,0.0,0.0,2.0,15,6,8,08/16/2024,2024-08-16,15:35:00
08/16/2024 05:27:00 PM,5.0,2,1,5,5,1,3,3,0,1,3,DISREGARDING TRAFFIC SIGNALS,2,1,0.0,0.0,0.0,0.0,0.0,2.0,17,6,8,08/16/2024,2024-08-16,17:27:00
08/16/2024 08:41:00 PM,7.0,4,4,5,6,1,4,3,1,1,2,UNABLE TO DETERMINE,2,1,0.0,0.0,0.0,0.0,0.0,2.0,20,6,8,08/16/2024,2024-08-16,20:41:00
08/16/2024 05:17:00 PM,5.0,4,1,14,10,1,4,1,1,1,1,FAILING TO YIELD RIGHT-OF-WAY,2,3,1.0,0.0,0.0,1.0,0.0,1.0,17,6,8,08/16/2024,2024-08-16,17:17:00
08/16/2024 06:49:00 PM,7.0,4,3,5,5,1,4,1,1,1,3,FAILING TO YIELD RIGHT-OF-WAY,2,3,1.0,0.0,0.0,1.0,0.0,1.0,18,6,8,08/16/2024,2024-08-16,18:49:00
08/16/2024 03:30:00 PM,5.0,2,1,8,6,1,3,3,0,1,3,DISTRACTION - FROM OUTSIDE VEHICLE,2,1,0.0,0.0,0.0,0.0,0.0,2.0,15,6,8,08/16/2024,2024-08-16,15:30:00
08/16/2024 01:00:00 AM,5.0,2,3,2,6,1,3,3,0,1,1,IMPROPER LANE USAGE,2,1,0.0,0.0,0.0,0.0,0.0,2.0,1,6,8,08/16/2024,2024-08-16,01:00:00
08/16/2024 04:48:00 PM,7.0,4,1,5,5,2,4,1,0,1,3,UNABLE TO DETERMINE,2,1,0.0,0.0,0.0,0.0,0.0,2.0,16,6,8,08/16/2024,2024-08-16,16:48:00
08/16/2024 03:40:00 PM,5.0,2,1,3,6,1,3,7,1,1,3,DRIVING SKILLS/KNOWLEDGE/EXPERIENCE,2,1,0.0,0.0,0.0,0.0,0.0,2.0,15,6,8,08/16/2024,2024-08-16,15:40:00
08/16/2024 02:05:00 PM,1.0,2,1,4,5,1,3,1,0,1,3,UNABLE TO DETERMINE,2,1,0.0,0.0,0.0,0.0,0.0,3.0,14,6,8,08/16/2024,2024-08-16,14:05:00
08/16/2024 12:32:00 AM,5.0,2,4,5,5,1,3,3,1,1,3,DISREGARDING TRAFFIC SIGNALS,2,3,1.0,0.0,0.0,1.0,0.0,1.0,0,6,8,08/16/2024,2024-08-16,00:32:00
08/16/2024 04:20:00 PM,5.0,2,1,6,3,1,3,3,0,1,2,FAILING TO YIELD RIGHT-OF-WAY,2,1,0.0,0.0,0.0,0.0,0.0,2.0,16,6,8,08/16/2024,2024-08-16,16:20:00
08/16/2024 09:10:00 AM,5.0,2,1,6,1,1,1,1,0,1,3,UNABLE TO DETERMINE,2,1,0.0,0.0,0.0,0.0,0.0,2.0,9,6,8,08/16/2024,2024-08-16,09:10:00