crash_date,traffic_control_device,weather_condition,lighting_condition,first_crash_type,trafficway_type,alignment,roadway_surface_cond,road_defect,crash_type,intersection_related_i,damage,prim_contributory_cause,num_units,most_severe_injury,injuries_total,injuries_fatal,injuries_incapacitating,injuries_non_incapacitating,injuries_reported_not_evident,injuries_no_indication,crash_hour,crash_day_of_week,crash_month,parsed_datetime,date,time
08/23/2024 08:50:00 PM,5.0,2,4,4,4,1,3,3,0,1,3,UNABLE TO DETERMINE,2,1,0.0,0.0,0.0,0.0,0.0,2.0,20,6,8,08/23/2024,2024-08-23,20:50:00
08/23/2024 07:50:00 AM,5.0,2,1,4,6,1,3,3,0,1,2,UNABLE TO DETERMINE,2,1,0.0,0.0,0.0,0.0,0.0,2.0,7,6,8,08/23/2024,2024-08-23,07:50:00
08/23/2024 09:05:00 PM,5.0,2,4,10,12,1,3,3,1,1,3,DRIVING ON WRONG SIDE/WRONG WAY,2,3,2.0,0.0,0.0,2.0,0.0,1.0,21,6,8,08/23/2024,2024-08-23,21:05:00
08/23/2024 08:45:00 AM,5.0,2,1,3,5,1,3,3,0,1,3,DRIVING SKILLS/KNOWLEDGE/EXPERIENCE,2,1,0.0,0.0,0.0,0.0,0.0,2.0,8,6,8,08/23/2024,2024-08-23,08:45:00
08/23/2024 08:35:00 PM,5.0,2,4,11,6,1,3,3,0,1,3,UNABLE TO DETERMINE,2,1,0.0,0.0,0.0,0.0,0.0,2.0,20,6,8,08/23/2024,2024-08-23,20:35:00
08/23/2024 08:40:00 AM,5.0,2,1,6,5,1,1,1,0,1,3,UNABLE TO DETERMINE,2,1,0.0,0.0,0.0,0.0,0.0,2.0,8,6,8,08/23/2024,2024-08-23,08:40:00
08/23/2024 08:38:00 AM,5.0,2,1,5,5,1,3,3,1,1,3,"VISION OBSCURED (SIGNS, TREE LIMBS, BUILDINGS, ETC.)",2,3,2.0,0.0,0.0,2.0,0.0,0.0,8,6,8,08/23/2024,2024-08-23,08:38:00
08/23/2024 07:30:00 AM,5.0,2,1,6,5,1,3,3,0,1,3,UNABLE TO DETERMINE,2,1,0.0,0.0,0.0,0.0,0.0,2.0,7,6,8,08/23/2024,2024-08-23,07:30:00
08/24/2024 12:00:00 AM,5.0,2,2,3,5,1,3,1,1,1,3,IMPROPER OVERTAKING/PASSING,2,3,1.0,0.0,0.0,1.0,0.0,1.0,0,7,8,08/24/2024,2024-08-24,00:00:00
08/23/2024 12:30:00 PM,7.0,2,1,14,6,1,3,1,1,1,2,UNABLE TO DETERMINE,2,3,1.0,0.0,0.0,1.0,0.0,1.0,12,6,8,08/23/2024,2024-08-23,12:30:00
08/23/2024 12:21:00 PM,7.0,2,1,6,4,1,3,3,0,1,3,FAILING TO REDUCE SPEED TO AVOID CRASH,2,1,0.0,0.0,0.0,0.0,0.0,2.0,12,6,8,08/23/2024,2024-08-23,12:21:00
08/23/2024 07:40:00 AM,7.0,2,1,5,5,1,3,3,1,1,3,"VISION OBSCURED (SIGNS, TREE LIMBS, BUILDINGS, ETC.)",2,1,0.0,0.0,0.0,0.0,0.0,2.0,7,6,8,08/23/2024,2024-08-23,07:40:00
08/23/2024 03:50:00 PM,5.0,2,1,14,6,1,3,3,1,1,1,DISTRACTION - FROM INSIDE VEHICLE,2,3,1.0,0.0,0.0,1.0,0.0,1.0,15,6,8,08/23/2024,2024-08-23,15:50:00
08/23/2024 01:05:00 PM,5.0,2,1,4,5,1,3,3,0,1,3,FOLLOWING TOO CLOSELY,2,1,0.0,0.0,0.0,0.0,0.0,4.0,13,6,8,08/23/2024,2024-08-23,13:05:00
08/23/2024 01:12:00 PM,7.0,2,1,5,5,1,3,3,0,1,3,UNABLE TO DETERMINE,2,1,0.0,0.0,0.0,0.0,0.0,2.0,13,6,8,08/23/2024,2024-08-23,13:12:00
08/23/2024 10:15:00 PM,3.0,2,4,3,4,1,3,3,0,0,3,UNABLE TO DETERMINE,2,1,0.0,0.0,0.0,0.0,0.0,2.0,22,6,8,08/23/2024,2024-08-23,22:15:00
08/23/2024 09:50:00 PM,7.0,2,4,6,7,1,3,3,1,1,3,FAILING TO YIELD RIGHT-OF-WAY,2,1,0.0,0.0,0.0,0.0,0.0,2.0,21,6,8,08/23/2024,2024-08-23,21:50:00
08/23/2024 03:30:00 PM,7.0,2,1,6,10,1,3,3,0,1,3,UNABLE TO DETERMINE,2,1,0.0,0.0,0.0,0.0,0.0,3.0,15,6,8,08/23/2024,2024-08-23,15:30:00
08/23/2024 03:17:00 PM,3.0,2,1,5,10,1,3,3,0,1,3,IMPROPER LANE USAGE,2,1,0.0,0.0,0.0,0.0,0.0,2.0,15,6,8,08/23/2024,2024-08-23,15:17:00
09/06/2024 02:00:00 PM,7.0,2,1,3,7,1,3,1,0,1,2,UNABLE TO DETERMINE,2,1,0.0,0.0,0.0,0.0,0.0,2.0,14,6,9,09/06/2024,2024-09-06,14:00:00
09/09/2024 04:45:00 PM,7.0,2,1,6,7,1,3,1,0,1,3,IMPROPER OVERTAKING/PASSING,2,1,0.0,0.0,0.0,0.0,0.0,3.0,16,2,9,09/09/2024,2024-09-09,16:45:00
08/23/2024 09:20:00 AM,5.0,2,1,6,5,1,3,3,0,1,3,IMPROPER LANE USAGE,2,1,0.0,0.0,0.0,0.0,0.0,2.0,9,6,8,08/23/2024,2024-08-23,09:20:00
08/23/2024 10:20:00 PM,5.0,2,4,4,9,1,3,3,0,1,3,"OPERATING VEHICLE IN ERRATIC, RECKLESS, CARELESS, NEGLIGENT OR AGGRESSIVE MANNER",2,1,0.0,0.0,0.0,0.0,0.0,2.0,22,6,8,08/23/2024,2024-08-23,22:20:00
07/15/2024 06:46:00 PM,7.0,2,1,14,5,1,3,3,1,1,3,FAILING TO YIELD RIGHT-OF-WAY,2,3,1.0,0.0,0.0,1.0,0.0,1.0,18,2,7,07/15/2024,2024-07-15,18:46:00
08/23/2024 04:30:00 PM,3.0,2,1,6,6,1,3,1,0,1,2,FAILING TO YIELD RIGHT-OF-WAY,2,1,0.0,0.0,0.0,0.0,0.0,3.0,16,6,8,08/23/2024,2024-08-23,16:30:00
08/23/2024 05:48:00 PM,5.0,2,1,6,5,1,3,3,1,1,2,FAILING TO YIELD RIGHT-OF-WAY,2,1,0.0,0.0,0.0,0.0,0.0,3.0,17,6,8,08/23/2024,2024-08-23,17:48:00
08/23/2024 11:30:00 PM,7.0,2,4,5,6,1,3,1,0,1,3,FAILING TO YIELD RIGHT-OF-WAY,2,1,0.0,0.0,0.0,0.0,0.0,2.0,23,6,8,08/23/2024,2024-08-23,23:30:00
08/23/2024 11:25:00 PM,3.0,2,4,6,5,1,3,3,0,1,3,UNABLE TO DETERMINE,2,1,0.0,0.0,0.0,0.0,0.0,2.0,23,6,8,08/23/2024,2024-08-23,23:25:00
08/23/2024 05:00:00 PM,5.0,2,1,5,5,1,3,3,0,1,3,FAILING TO REDUCE SPEED TO AVOID CRASH,2,1,0.0,0.0,0.0,0.0,0.0,6.0,17,6,8,08/23/2024,2024-08-23,17:00:00
08/23/2024 05:57:00 AM,7.0,2,2,14,6,1,3,3,0,1,3,FAILING TO YIELD RIGHT-OF-WAY,2,1,0.0,0.0,0.0,0.0,0.0,2.0,5,6,8,08/23/2024,2024-08-23,05:57:00
08/23/2024 05:15:00 PM,5.0,2,1,4,4,1,3,6,0,1,1,FAILING TO REDUCE SPEED TO AVOID CRASH,2,1,0.0,0.0,0.0,0.0,0.0,2.0,17,6,8,08/23/2024,2024-08-23,17:15:00
08/23/2024 05:30:00 AM,5.0,2,2,6,4,1,3,3,1,1,3,IMPROPER TURNING/NO SIGNAL,2,2,1.0,0.0,0.0,0.0,1.0,2.0,5,6,8,08/23/2024,2024-08-23,05:30:00
08/23/2024 06:29:00 PM,5.0,2,1,6,5,1,3,3,1,1,3,DISREGARDING TRAFFIC SIGNALS,2,3,1.0,0.0,0.0,1.0,0.0,1.0,18,6,8,08/23/2024,2024-08-23,18:29:00
08/23/2024 02:58:00 PM,5.0,2,1,4,6,1,3,3,0,1,3,FOLLOWING TOO CLOSELY,2,1,0.0,0.0,0.0,0.0,0.0,2.0,14,6,8,08/23/2024,2024-08-23,14:58:00
08/23/2024 02:00:00 PM,5.0,2,1,4,6,1,3,3,0,1,3,UNABLE TO DETERMINE,2,1,0.0,0.0,0.0,0.0,0.0,2.0,14,6,8,08/23/2024,2024-08-23,14:00:00
08/23/2024 08:10:00 PM,7.0,2,4,13,7,1,3,3,1,1,2,FAILING TO YIELD RIGHT-OF-WAY,2,3,1.0,0.0,0.0,1.0,0.0,1.0,20,6,8,08/23/2024,2024-08-23,20:10:00
08/23/2024 09:40:00 PM,5.0,2,1,3,5,1,1,1,0,1,2,NOT APPLICABLE,2,1,0.0,0.0,0.0,0.0,0.0,3.0,21,6,8,08/23/2024,2024-08-23,21:40:00
08/23/2024 08:45:00 AM,5.0,2,1,4,5,1,3,1,0,1,3,FOLLOWING TOO CLOSELY,2,1,0.0,0.0,0.0,0.0,0.0,2.0,8,6,8,08/23/2024,2024-08-23,08:45:00
08/23/2024 01:00:00 PM,7.0,2,1,11,6,1,3,3,0,1,3,IMPROPER BACKING,2,1,0.0,0.0,0.0,0.0,0.0,1.0,13,6,8,08/23/2024,2024-08-23,13:00:00
08/23/2024 09:35:00 PM,5.0,2,5,5,6,1,3,3,0,1,3,UNABLE TO DETERMINE,2,1,0.0,0.0,0.0,0.0,0.0,4.0,21,6,8,08/23/2024,2024-08-23,21:35:00
08/23/2024 09:15:00 PM,7.0,2,4,5,6,1,3,3,0,1,3,FAILING TO YIELD RIGHT-OF-WAY,2,1,0.0,0.0,0.0,0.0,0.0,2.0,21,6,8,08/23/2024,2024-08-23,21:15:00
08/23/2024 07:03:00 PM,5.0,2,1,6,5,1,3,3,1,1,3,IMPROPER TURNING/NO SIGNAL,2,2,1.0,0.0,0.0,0.0,1.0,1.0,19,6,8,08/23/2024,2024-08-23,19:03:00
08/23/2024 12:40:00 PM,3.0,2,1,4,6,1,3,3,0,1,3,UNABLE TO DETERMINE,2,1,0.0,0.0,0.0,0.0,0.0,2.0,12,6,8,08/23/2024,2024-08-23,12:40:00
08/23/2024 06:00:00 PM,5.0,2,1,6,6,1,3,3,1,1,3,FAILING TO YIELD RIGHT-OF-WAY,2,3,2.0,0.0,0.0,2.0,0.0,1.0,18,6,8,08/23/2024,2024-08-23,18:00:00
08/23/2024 04:35:00 PM,5.0,2,1,6,12,1,3,3,1,1,3,DISREGARDING STOP SIGN,2,1,0.0,0.0,0.0,0.0,0.0,3.0,16,6,8,08/23/2024,2024-08-23,16:35:00
08/23/2024 02:50:00 PM,3.0,2,1,6,7,1,3,3,1,1,1,FAILING TO YIELD RIGHT-OF-WAY,2,3,1.0,0.0,0.0,1.0,0.0,1.0,14,6,8,08/23/2024,2024-08-23,14:50:00
08/23/2024 01:30:00 PM,5.0,2,1,4,5,1,3,3,0,1,2,DRIVING SKILLS/KNOWLEDGE/EXPERIENCE,2,1,0.0,0.0,0.0,0.0,0.0,3.0,13,6,8,08/23/2024,2024-08-23,13:30:00
08/23/2024 02:05:00 PM,5.0,2,1,10,5,1,3,6,0,1,1,FAILING TO YIELD RIGHT-OF-WAY,2,1,0.0,0.0,0.0,0.0,0.0,2.0,14,6,8,08/23/2024,2024-08-23,14:05:00
08/23/2024 06:23:00 PM,5.0,2,1,2,5,1,3,3,1,1,1,UNABLE TO DETERMINE,2,3,1.0,0.0,0.0,1.0,0.0,1.0,18,6,8,08/23/2024,2024-08-23,18:23:00
08/23/2024 05:57:00 PM,7.0,2,1,14,5,1,3,3,1,1,1,UNABLE TO DETERMINE,2,3,1.0,0.0,0.0,1.0,0.0,2.0,17,6,8,08/23/2024,2024-08-23,17:57:00
09/01/2024 10:30:00 PM,1.0,2,5,6,18,1,1,1,1,1,3,IMPROPER OVERTAKING/PASSING,2,2,2.0,0.0,0.0,0.0,2.0,1.0,22,1,9,09/01/2024,2024-09-01,22:30:00
09/03/2024 07:24:00 AM,7.0,2,1,5,5,1,3,3,0,1,2,FAILING TO YIELD RIGHT-OF-WAY,2,1,0.0,0.0,0.0,0.0,0.0,2.0,7,3,9,09/03/2024,2024-09-03,07:24:00
09/07/2024 10:50:00 AM,5.0,2,1,4,6,1,3,3,0,1,3,FOLLOWING TOO CLOSELY,2,1,0.0,0.0,0.0,0.0,0.0,2.0,10,7,9,09/07/2024,2024-09-07,10:50:00
09/07/2024 05:40:00 PM,3.0,2,1,4,6,1,3,1,0,0,3,UNABLE TO DETERMINE,2,1,0.0,0.0,0.0,0.0,0.0,4.0,17,7,9,09/07/2024,2024-09-07,17:40:00
09/06/2024 08:00:00 PM,7.0,2,5,14,5,1,3,1,1,1,2,UNABLE TO DETERMINE,2,3,1.0,0.0,0.0,1.0,0.0,1.0,20,6,9,09/06/2024,2024-09-06,20:00:00
09/06/2024 07:30:00 PM,5.0,2,3,6,4,1,3,1,0,1,2,IMPROPER LANE USAGE,2,1,0.0,0.0,0.0,0.0,0.0,2.0,19,6,9,09/06/2024,2024-09-06,19:30:00
09/07/2024 10:37:00 AM,5.0,2,1,4,5,1,3,3,0,1,2,FOLLOWING TOO CLOSELY,2,1,0.0,0.0,0.0,0.0,0.0,2.0,10,7,9,09/07/2024,2024-09-07,10:37:00
09/07/2024 08:55:00 AM,5.0,2,1,6,6,1,3,3,0,1,2,FAILING TO YIELD RIGHT-OF-WAY,2,1,0.0,0.0,0.0,0.0,0.0,3.0,8,7,9,09/07/2024,2024-09-07,08:55:00
09/07/2024 06:06:00 PM,7.0,2,1,6,7,1,3,3,1,1,3,"VISION OBSCURED (SIGNS, TREE LIMBS, BUILDINGS, ETC.)",2,1,0.0,0.0,0.0,0.0,0.0,2.0,18,7,9,09/07/2024,2024-09-07,18:06:00
09/04/2024 06:00:00 PM,5.0,2,1,3,10,1,3,3,1,1,3,IMPROPER OVERTAKING/PASSING,2,3,1.0,0.0,0.0,1.0,0.0,1.0,18,4,9,09/04/2024,2024-09-04,18:00:00
09/06/2024 04:33:00 PM,5.0,2,1,9,6,1,3,3,1,1,3,UNABLE TO DETERMINE,2,1,0.0,0.0,0.0,0.0,0.0,5.0,16,6,9,09/06/2024,2024-09-06,16:33:00
09/07/2024 09:40:00 AM,5.0,2,1,6,4,1,3,3,1,1,3,UNABLE TO DETERMINE,2,1,0.0,0.0,0.0,0.0,0.0,2.0,9,7,9,09/07/2024,2024-09-07,09:40:00
08/31/2024 09:45:00 PM,5.0,2,4,5,5,1,3,3,0,1,3,UNABLE TO DETERMINE,2,1,0.0,0.0,0.0,0.0,0.0,2.0,21,7,8,08/31/2024,2024-08-31,21:45:00
09/07/2024 04:10:00 PM,5.0,2,1,13,5,1,3,1,1,1,3,FAILING TO YIELD RIGHT-OF-WAY,2,2,1.0,0.0,0.0,0.0,1.0,1.0,16,7,9,09/07/2024,2024-09-07,16:10:00
09/07/2024 08:30:00 PM,5.0,2,4,6,5,1,3,3,0,1,3,UNABLE TO DETERMINE,2,1,0.0,0.0,0.0,0.0,0.0,2.0,20,7,9,09/07/2024,2024-09-07,20:30:00
09/05/2024 09:40:00 AM,5.0,2,1,6,7,1,3,3,0,1,3,IMPROPER LANE USAGE,2,1,0.0,0.0,0.0,0.0,0.0,2.0,9,5,9,09/05/2024,2024-09-05,09:40:00
09/07/2024 12:54:00 PM,5.0,2,1,6,5,1,3,3,0,1,3,FAILING TO YIELD RIGHT-OF-WAY,2,1,0.0,0.0,0.0,0.0,0.0,2.0,12,7,9,09/07/2024,2024-09-07,12:54:00
09/06/2024 11:30:00 PM,3.0,1,5,11,6,1,4,3,0,1,3,UNABLE TO DETERMINE,2,1,0.0,0.0,0.0,0.0,0.0,3.0,23,6,9,09/06/2024,2024-09-06,23:30:00
09/06/2024 12:30:00 PM,3.0,2,1,3,7,1,3,3,1,1,3,UNABLE TO DETERMINE,2,1,0.0,0.0,0.0,0.0,0.0,3.0,12,6,9,09/06/2024,2024-09-06,12:30:00
09/07/2024 05:47:00 PM,5.0,2,1,6,4,1,3,1,0,1,3,DISREGARDING TRAFFIC SIGNALS,2,1,0.0,0.0,0.0,0.0,0.0,5.0,17,7,9,09/07/2024,2024-09-07,17:47:00
09/08/2024 02:46:00 AM,5.0,2,4,6,10,1,3,3,0,1,2,DISREGARDING TRAFFIC SIGNALS,2,1,0.0,0.0,0.0,0.0,0.0,2.0,2,1,9,09/08/2024,2024-09-08,02:46:00
08/25/2024 04:55:00 PM,7.0,2,3,4,5,1,1,1,0,1,3,UNABLE TO DETERMINE,2,1,0.0,0.0,0.0,0.0,0.0,2.0,16,1,8,08/25/2024,2024-08-25,16:55:00
08/29/2024 04:10:00 PM,3.0,2,1,10,5,1,3,5,1,1,3,"OPERATING VEHICLE IN ERRATIC, RECKLESS, CARELESS, NEGLIGENT OR AGGRESSIVE MANNER",2,1,0.0,0.0,0.0,0.0,0.0,3.0,16,5,8,08/29/2024,2024-08-29,16:10:00
08/30/2024 03:40:00 PM,5.0,2,1,6,6,1,3,3,0,1,3,NOT APPLICABLE,2,1,0.0,0.0,0.0,0.0,0.0,2.0,15,6,8,08/30/2024,2024-08-30,15:40:00
09/07/2024 06:55:00 AM,5.0,2,1,4,6,1,3,3,1,1,3,"VISION OBSCURED (SIGNS, TREE LIMBS, BUILDINGS, ETC.)",2,1,0.0,0.0,0.0,0.0,0.0,2.0,6,7,9,09/07/2024,2024-09-07,06:55:00
08/24/2024 09:30:00 PM,3.0,2,5,4,6,1,3,3,1,1,3,UNABLE TO DETERMINE,2,2,1.0,0.0,0.0,0.0,1.0,1.0,21,7,8,08/24/2024,2024-08-24,21:30:00
08/24/2024 06:20:00 PM,7.0,2,1,6,6,1,3,1,0,1,3,IMPROPER TURNING/NO SIGNAL,2,1,0.0,0.0,0.0,0.0,0.0,4.0,18,7,8,08/24/2024,2024-08-24,18:20:00
08/24/2024 01:45:00 AM,5.0,2,1,5,5,1,1,1,0,1,3,DISREGARDING TRAFFIC SIGNALS,2,1,0.0,0.0,0.0,0.0,0.0,3.0,1,7,8,08/24/2024,2024-08-24,01:45:00
08/24/2024 02:30:00 AM,5.0,2,4,5,5,1,3,3,0,1,3,DISREGARDING TRAFFIC SIGNALS,2,1,0.0,0.0,0.0,0.0,0.0,4.0,2,7,8,08/24/2024,2024-08-24,02:30:00
08/24/2024 07:00:00 PM,5.0,2,1,4,4,1,3,3,0,1,2,FAILING TO REDUCE SPEED TO AVOID CRASH,2,1,0.0,0.0,0.0,0.0,0.0,2.0,19,7,8,08/24/2024,2024-08-24,19:00:00
08/24/2024 03:45:00 AM,3.0,2,4,5,6,1,3,1,1,1,3,FAILING TO YIELD RIGHT-OF-WAY,2,5,2.0,1.0,0.0,0.0,1.0,1.0,3,7,8,08/24/2024,2024-08-24,03:45:00
08/24/2024 12:40:00 PM,5.0,2,1,6,4,1,3,3,1,1,3,UNABLE TO DETERMINE,2,3,2.0,0.0,0.0,1.0,1.0,4.0,12,7,8,08/24/2024,2024-08-24,12:40:00
08/24/2024 12:55:00 PM,5.0,2,1,4,6,1,3,3,0,1,3,FOLLOWING TOO CLOSELY,2,1,0.0,0.0,0.0,0.0,0.0,5.0,12,7,8,08/24/2024,2024-08-24,12:55:00
08/24/2024 07:55:00 AM,1.0,2,1,5,5,1,1,1,1,1,3,UNABLE TO DETERMINE,2,1,0.0,0.0,0.0,0.0,0.0,2.0,7,7,8,08/24/2024,2024-08-24,07:55:00
08/24/2024 10:45:00 AM,3.0,2,1,6,6,1,1,1,0,1,3,UNABLE TO DETERMINE,2,1,0.0,0.0,0.0,0.0,0.0,3.0,10,7,8,08/24/2024,2024-08-24,10:45:00
08/24/2024 08:40:00 PM,3.0,2,4,6,4,1,3,3,0,1,3,IMPROPER TURNING/NO SIGNAL,2,1,0.0,0.0,0.0,0.0,0.0,3.0,20,7,8,08/24/2024,2024-08-24,20:40:00
08/24/2024 03:34:00 PM,5.0,2,1,4,5,1,3,3,1,1,3,NOT APPLICABLE,2,2,1.0,0.0,0.0,0.0,1.0,2.0,15,7,8,08/24/2024,2024-08-24,15:34:00
08/24/2024 11:00:00 PM,5.0,2,4,6,1,1,3,3,0,1,3,UNABLE TO DETERMINE,2,1,0.0,0.0,0.0,0.0,0.0,2.0,23,7,8,08/24/2024,2024-08-24,23:00:00
08/24/2024 09:55:00 PM,7.0,2,4,5,4,1,3,3,0,1,3,UNABLE TO DETERMINE,2,1,0.0,0.0,0.0,0.0,0.0,2.0,21,7,8,08/24/2024,2024-08-24,21:55:00
08/24/2024 01:00:00 PM,7.0,2,1,5,5,1,3,1,0,1,3,UNABLE TO DETERMINE,2,1,0.0,0.0,0.0,0.0,0.0,2.0,13,7,8,08/24/2024,2024-08-24,13:00:00
08/24/2024 01:58:00 PM,5.0,2,1,6,6,1,3,3,0,1,2,IMPROPER TURNING/NO SIGNAL,2,1,0.0,0.0,0.0,0.0,0.0,2.0,13,7,8,08/24/2024,2024-08-24,13:58:00
08/24/2024 03:00:00 PM,5.0,2,1,6,5,1,3,3,0,1,3,FAILING TO YIELD RIGHT-OF-WAY,2,1,0.0,0.0,0.0,0.0,0.0,2.0,15,7,8,08/24/2024,2024-08-24,15:00:00
08/24/2024 03:45:00 PM,5.0,2,1,6,4,1,3,3,0,1,1,IMPROPER TURNING/NO SIGNAL,2,1,0.0,0.0,0.0,0.0,0.0,2.0,15,7,8,08/24/2024,2024-08-24,15:45:00
08/24/2024 04:30:00 PM,5.0,2,1,3,7,1,3,3,0,1,3,TURNING RIGHT ON RED,2,1,0.0,0.0,0.0,0.0,0.0,2.0,16,7,8,08/24/2024,2024-08-24,16:30:00
08/24/2024 03:32:00 AM,5.0,2,4,5,5,1,3,3,1,1,3,FAILING TO YIELD RIGHT-OF-WAY,2,2,1.0,0.0,0.0,0.0,1.0,1.0,3,7,8,08/24/2024,2024-08-24,03:32:00
08/24/2024 06:52:00 PM,5.0,2,1,6,5,1,3,7,1,1,3,DRIVING SKILLS/KNOWLEDGE/EXPERIENCE,2,1,0.0,0.0,0.0,0.0,0.0,6.0,18,7,8,08/24/2024,2024-08-24,18:52:00
08/24/2024 01:15:00 PM,5.0,2,1,5,5,1,3,3,0,1,3,FAILING TO YIELD RIGHT-OF-WAY,2,1,0.0,0.0,0.0,0.0,0.0,3.0,13,7,8,08/24/2024,2024-08-24,13:15:00
08/24/2024 10:41:00 PM,3.0,2,4,6,6,1,3,3,0,0,3,NOT APPLICABLE,2,1,0.0,0.0,0.0,0.0,0.0,3.0,22,7,8,08/24/2024,2024-08-24,22:41:00
08/24/2024 10:05:00 AM,5.0,2,1,6,5,1,3,3,1,1,1,NOT APPLICABLE,2,3,1.0,0.0,0.0,1.0,0.0,1.0,10,7,8,08/24/2024,2024-08-24,10:05:00
08/24/2024 03:55:00 AM,9.0,2,4,4,6,1,3,3,1,1,2,PHYSICAL CONDITION OF DRIVER,2,2,1.0,0.0,0.0,0.0,1.0,1.0,3,7,8,08/24/2024,2024-08-24,03:55:00
08/24/2024 12:18:00 AM,5.0,2,4,13,5,1,3,1,1,1,3,UNABLE TO DETERMINE,2,3,1.0,0.0,0.0,1.0,0.0,1.0,0,7,8,08/24/2024,2024-08-24,00:18:00
08/24/2024 01:50:00 PM,7.0,2,1,5,5,1,1,1,0,1,3,UNABLE TO DETERMINE,2,1,0.0,0.0,0.0,0.0,0.0,2.0,13,7,8,08/24/2024,2024-08-24,13:50:00
08/24/2024 09:15:00 PM,5.0,2,4,4,5,1,3,1,0,1,1,UNABLE TO DETERMINE,2,1,0.0,0.0,0.0,0.0,0.0,2.0,21,7,8,08/24/2024,2024-08-24,21:15:00
08/24/2024 11:12:00 AM,7.0,2,1,14,5,1,3,1,1,1,1,FAILING TO YIELD RIGHT-OF-WAY,2,3,1.0,0.0,0.0,1.0,0.0,1.0,11,7,8,08/24/2024,2024-08-24,11:12:00
08/24/2024 01:58:00 PM,7.0,2,1,6,6,1,3,3,1,1,3,FAILING TO YIELD RIGHT-OF-WAY,2,3,1.0,0.0,0.0,1.0,0.0,2.0,13,7,8,08/24/2024,2024-08-24,13:58:00
08/24/2024 08:45:00 PM,5.0,2,4,4,4,1,3,3,0,1,3,FOLLOWING TOO CLOSELY,2,1,0.0,0.0,0.0,0.0,0.0,2.0,20,7,8,08/24/2024,2024-08-24,20:45:00
08/24/2024 07:45:00 PM,5.0,2,3,3,4,1,1,1,0,0,3,UNABLE TO DETERMINE,2,1,0.0,0.0,0.0,0.0,0.0,2.0,19,7,8,08/24/2024,2024-08-24,19:45:00
08/24/2024 04:40:00 PM,5.0,2,1,4,10,1,3,3,0,1,3,FAILING TO YIELD RIGHT-OF-WAY,2,1,0.0,0.0,0.0,0.0,0.0,2.0,16,7,8,08/24/2024,2024-08-24,16:40:00
08/24/2024 02:06:00 PM,7.0,2,1,4,7,1,3,1,1,1,3,UNABLE TO DETERMINE,2,2,1.0,0.0,0.0,0.0,1.0,3.0,14,7,8,08/24/2024,2024-08-24,14:06:00
08/24/2024 10:55:00 AM,7.0,2,1,4,5,1,3,3,1,0,3,FAILING TO REDUCE SPEED TO AVOID CRASH,2,2,2.0,0.0,0.0,0.0,2.0,3.0,10,7,8,08/24/2024,2024-08-24,10:55:00
08/24/2024 01:30:00 PM,7.0,2,1,5,5,1,4,3,1,1,3,FAILING TO YIELD RIGHT-OF-WAY,2,4,2.0,0.0,1.0,1.0,0.0,1.0,13,7,8,08/24/2024,2024-08-24,13:30:00
08/24/2024 11:15:00 AM,5.0,2,1,3,5,1,3,3,0,1,3,UNABLE TO DETERMINE,2,1,0.0,0.0,0.0,0.0,0.0,2.0,11,7,8,08/24/2024,2024-08-24,11:15:00
08/24/2024 09:21:00 PM,7.0,2,5,5,5,1,3,3,1,1,3,FAILING TO YIELD RIGHT-OF-WAY,2,2,2.0,0.0,0.0,0.0,2.0,1.0,21,7,8,08/24/2024,2024-08-24,21:21:00
09/06/2024 05:45:00 PM,3.0,2,1,6,7,1,3,3,0,0,3,UNABLE TO DETERMINE,2,1,0.0,0.0,0.0,0.0,0.0,2.0,17,6,9,09/06/2024,2024-09-06,17:45:00
09/13/2024 05:25:00 PM,13.0,2,1,8,6,1,3,3,0,1,3,IMPROPER BACKING,2,1,0.0,0.0,0.0,0.0,0.0,4.0,17,6,9,09/13/2024,2024-09-13,17:25:00
08/24/2024 03:00:00 PM,3.0,2,1,4,6,2,3,3,0,1,3,IMPROPER OVERTAKING/PASSING,2,1,0.0,0.0,0.0,0.0,0.0,2.0,15,7,8,08/24/2024,2024-08-24,15:00:00
08/24/2024 11:05:00 PM,5.0,2,4,4,3,1,3,3,0,1,3,UNABLE TO DETERMINE,2,1,0.0,0.0,0.0,0.0,0.0,4.0,23,7,8,08/24/2024,2024-08-24,23:05:00
08/24/2024 11:29:00 PM,5.0,2,4,4,5,1,3,3,1,1,3,UNDER THE INFLUENCE OF ALCOHOL/DRUGS (USE WHEN ARREST IS EFFECTED),2,3,2.0,0.0,0.0,2.0,0.0,2.0,23,7,8,08/24/2024,2024-08-24,23:29:00
08/24/2024 02:20:00 PM,5.0,2,1,4,5,1,3,3,0,1,2,UNABLE TO DETERMINE,2,1,0.0,0.0,0.0,0.0,0.0,5.0,14,7,8,08/24/2024,2024-08-24,14:20:00
08/24/2024 12:30:00 PM,5.0,2,1,6,5,1,3,1,1,1,3,DRIVING SKILLS/KNOWLEDGE/EXPERIENCE,2,1,0.0,0.0,0.0,0.0,0.0,3.0,12,7,8,08/24/2024,2024-08-24,12:30:00
08/24/2024 04:25:00 PM,5.0,2,1,6,5,1,3,3,0,1,3,FAILING TO YIELD RIGHT-OF-WAY,2,1,0.0,0.0,0.0,0.0,0.0,2.0,16,7,8,08/24/2024,2024-08-24,16:25:00