crash_date,traffic_control_device,weather_condition,lighting_condition,first_crash_type,trafficway_type,alignment,roadway_surface_cond,road_defect,crash_type,intersection_related_i,damage,prim_contributory_cause,num_units,most_severe_injury,injuries_total,injuries_fatal,injuries_incapacitating,injuries_non_incapacitating,injuries_reported_not_evident,injuries_no_indication,crash_hour,crash_day_of_week,crash_month,parsed_datetime,date,time
09/01/2024 12:30:00 PM,7.0,2,1,12,5,1,3,1,1,1,3,NOT APPLICABLE,2,1,0.0,0.0,0.0,0.0,0.0,2.0,12,1,9,09/01/2024,2024-09-01,12:30:00
09/01/2024 06:27:00 AM,5.0,2,1,5,5,1,3,3,1,1,3,DISREGARDING TRAFFIC SIGNALS,2,3,2.0,0.0,0.0,1.0,1.0,0.0,6,1,9,09/01/2024,2024-09-01,06:27:00
09/01/2024 11:00:00 PM,5.0,2,4,6,7,1,3,3,0,1,2,UNABLE TO DETERMINE,2,1,0.0,0.0,0.0,0.0,0.0,3.0,23,1,9,09/01/2024,2024-09-01,23:00:00
09/01/2024 06:35:00 AM,5.0,2,1,5,5,1,3,3,1,1,3,DISREGARDING TRAFFIC SIGNALS,2,3,1.0,0.0,0.0,1.0,0.0,1.0,6,1,9,09/01/2024,2024-09-01,06:35:00
09/01/2024 10:19:00 AM,5.0,2,1,3,10,1,3,3,0,1,3,IMPROPER OVERTAKING/PASSING,2,1,0.0,0.0,0.0,0.0,0.0,2.0,10,1,9,09/01/2024,2024-09-01,10:19:00
09/01/2024 07:54:00 PM,5.0,2,4,6,2,1,3,3,1,1,3,IMPROPER TURNING/NO SIGNAL,2,1,0.0,0.0,0.0,0.0,0.0,3.0,19,1,9,09/01/2024,2024-09-01,19:54:00
09/01/2024 02:38:00 PM,5.0,2,1,14,6,1,3,3,1,1,3,FAILING TO YIELD RIGHT-OF-WAY,2,3,1.0,0.0,0.0,1.0,0.0,1.0,14,1,9,09/01/2024,2024-09-01,14:38:00
09/01/2024 08:45:00 PM,7.0,2,4,5,5,1,3,3,0,1,3,FAILING TO YIELD RIGHT-OF-WAY,2,1,0.0,0.0,0.0,0.0,0.0,2.0,20,1,9,09/01/2024,2024-09-01,20:45:00
09/01/2024 09:07:00 PM,3.0,2,4,5,5,1,3,1,1,1,3,UNABLE TO DETERMINE,2,3,1.0,0.0,0.0,1.0,0.0,3.0,21,1,9,09/01/2024,2024-09-01,21:07:00
09/01/2024 05:45:00 PM,5.0,2,1,3,6,1,3,3,0,1,1,UNABLE TO DETERMINE,2,1,0.0,0.0,0.0,0.0,0.0,2.0,17,1,9,09/01/2024,2024-09-01,17:45:00
09/01/2024 09:17:00 PM,5.0,2,4,5,5,1,3,3,1,1,3,UNABLE TO DETERMINE,2,1,0.0,0.0,0.0,0.0,0.0,3.0,21,1,9,09/01/2024,2024-09-01,21:17:00
09/01/2024 02:30:00 PM,5.0,2,1,6,5,1,3,3,1,1,3,FAILING TO YIELD RIGHT-OF-WAY,2,3,2.0,0.0,0.0,2.0,0.0,2.0,14,1,9,09/01/2024,2024-09-01,14:30:00
09/01/2024 11:21:00 PM,7.0,2,5,5,5,1,3,1,1,1,3,UNABLE TO DETERMINE,2,3,1.0,0.0,0.0,1.0,0.0,4.0,23,1,9,09/01/2024,2024-09-01,23:21:00
09/01/2024 01:10:00 PM,5.0,2,1,6,6,1,3,3,1,1,3,UNABLE TO DETERMINE,2,1,0.0,0.0,0.0,0.0,0.0,3.0,13,1,9,09/01/2024,2024-09-01,13:10:00
09/01/2024 06:00:00 PM,5.0,2,1,4,5,1,3,3,0,1,2,FOLLOWING TOO CLOSELY,2,1,0.0,0.0,0.0,0.0,0.0,2.0,18,1,9,09/01/2024,2024-09-01,18:00:00
09/01/2024 10:40:00 AM,7.0,2,1,5,5,1,3,1,1,1,3,FAILING TO YIELD RIGHT-OF-WAY,2,1,0.0,0.0,0.0,0.0,0.0,2.0,10,1,9,09/01/2024,2024-09-01,10:40:00
09/01/2024 12:00:00 PM,5.0,2,1,6,10,1,1,1,0,0,3,UNABLE TO DETERMINE,2,1,0.0,0.0,0.0,0.0,0.0,5.0,12,1,9,09/01/2024,2024-09-01,12:00:00
09/01/2024 05:37:00 PM,5.0,2,1,4,5,1,3,3,0,1,2,UNABLE TO DETERMINE,2,1,0.0,0.0,0.0,0.0,0.0,3.0,17,1,9,09/01/2024,2024-09-01,17:37:00
09/01/2024 02:30:00 PM,3.0,2,1,5,6,1,3,3,0,1,3,FAILING TO YIELD RIGHT-OF-WAY,2,1,0.0,0.0,0.0,0.0,0.0,2.0,14,1,9,09/01/2024,2024-09-01,14:30:00
09/01/2024 02:30:00 AM,1.0,2,4,5,10,1,1,1,1,1,3,DRIVING ON WRONG SIDE/WRONG WAY,2,2,2.0,0.0,0.0,0.0,2.0,1.0,2,1,9,09/01/2024,2024-09-01,02:30:00
09/01/2024 10:40:00 AM,3.0,2,1,5,4,1,3,3,1,1,3,FAILING TO YIELD RIGHT-OF-WAY,2,1,0.0,0.0,0.0,0.0,0.0,2.0,10,1,9,09/01/2024,2024-09-01,10:40:00
09/01/2024 03:51:00 PM,5.0,2,1,5,6,1,3,3,1,1,3,DISREGARDING TRAFFIC SIGNALS,2,1,0.0,0.0,0.0,0.0,0.0,5.0,15,1,9,09/01/2024,2024-09-01,15:51:00
09/01/2024 02:24:00 PM,5.0,2,1,4,5,1,3,3,0,1,3,UNABLE TO DETERMINE,2,1,0.0,0.0,0.0,0.0,0.0,2.0,14,1,9,09/01/2024,2024-09-01,14:24:00
09/16/2024 11:15:00 AM,5.0,2,1,4,4,1,3,3,0,1,3,FOLLOWING TOO CLOSELY,2,1,0.0,0.0,0.0,0.0,0.0,3.0,11,2,9,09/16/2024,2024-09-16,11:15:00
09/13/2024 08:28:00 AM,5.0,2,1,6,5,1,3,3,0,1,3,FAILING TO YIELD RIGHT-OF-WAY,2,1,0.0,0.0,0.0,0.0,0.0,2.0,8,6,9,09/13/2024,2024-09-13,08:28:00
09/15/2024 10:50:00 AM,5.0,2,1,6,14,1,3,3,0,1,3,FAILING TO YIELD RIGHT-OF-WAY,2,1,0.0,0.0,0.0,0.0,0.0,2.0,10,1,9,09/15/2024,2024-09-15,10:50:00
09/16/2024 10:17:00 PM,5.0,2,4,6,5,1,3,3,0,1,3,FAILING TO YIELD RIGHT-OF-WAY,2,1,0.0,0.0,0.0,0.0,0.0,3.0,22,2,9,09/16/2024,2024-09-16,22:17:00
09/16/2024 03:15:00 AM,7.0,2,1,6,11,1,3,7,0,1,3,FAILING TO REDUCE SPEED TO AVOID CRASH,2,1,0.0,0.0,0.0,0.0,0.0,4.0,3,2,9,09/16/2024,2024-09-16,03:15:00
09/14/2024 04:35:00 PM,7.0,2,1,5,7,1,3,3,1,1,3,FAILING TO YIELD RIGHT-OF-WAY,2,1,0.0,0.0,0.0,0.0,0.0,2.0,16,7,9,09/14/2024,2024-09-14,16:35:00
09/15/2024 02:30:00 AM,5.0,2,5,5,4,1,3,3,1,1,3,DISREGARDING TRAFFIC SIGNALS,2,2,1.0,0.0,0.0,0.0,1.0,2.0,2,1,9,09/15/2024,2024-09-15,02:30:00
09/16/2024 03:30:00 PM,7.0,2,1,5,5,1,3,3,0,1,3,FAILING TO REDUCE SPEED TO AVOID CRASH,2,1,0.0,0.0,0.0,0.0,0.0,2.0,15,2,9,09/16/2024,2024-09-16,15:30:00
09/14/2024 01:00:00 AM,5.0,2,5,3,5,1,3,1,0,1,3,FAILING TO YIELD RIGHT-OF-WAY,2,1,0.0,0.0,0.0,0.0,0.0,2.0,1,7,9,09/14/2024,2024-09-14,01:00:00
09/16/2024 06:53:00 PM,7.0,2,1,5,5,1,3,3,0,1,3,FAILING TO YIELD RIGHT-OF-WAY,2,1,0.0,0.0,0.0,0.0,0.0,2.0,18,2,9,09/16/2024,2024-09-16,18:53:00
09/14/2024 04:55:00 PM,7.0,2,1,14,5,1,3,3,1,1,3,UNABLE TO DETERMINE,2,3,1.0,0.0,0.0,1.0,0.0,2.0,16,7,9,09/14/2024,2024-09-14,16:55:00
09/01/2024 12:00:00 PM,7.0,2,1,4,5,1,1,1,0,0,3,FOLLOWING TOO CLOSELY,2,1,0.0,0.0,0.0,0.0,0.0,2.0,12,1,9,09/01/2024,2024-09-01,12:00:00
09/15/2024 04:47:00 AM,7.0,2,4,6,7,1,3,3,1,1,3,FAILING TO YIELD RIGHT-OF-WAY,2,1,0.0,0.0,0.0,0.0,0.0,2.0,4,1,9,09/15/2024,2024-09-15,04:47:00
09/11/2024 10:00:00 AM,7.0,2,1,6,1,1,3,3,1,1,3,DISREGARDING STOP SIGN,2,3,1.0,0.0,0.0,1.0,0.0,2.0,10,4,9,09/11/2024,2024-09-11,10:00:00
09/16/2024 09:15:00 AM,5.0,2,1,6,5,1,3,3,0,1,3,IMPROPER TURNING/NO SIGNAL,2,1,0.0,0.0,0.0,0.0,0.0,2.0,9,2,9,09/16/2024,2024-09-16,09:15:00
09/09/2024 01:05:00 PM,7.0,2,1,5,6,1,3,3,0,1,2,FAILING TO YIELD RIGHT-OF-WAY,2,1,0.0,0.0,0.0,0.0,0.0,2.0,13,2,9,09/09/2024,2024-09-09,13:05:00
09/10/2024 09:31:00 PM,5.0,2,3,6,7,1,3,3,1,1,3,FAILING TO YIELD RIGHT-OF-WAY,2,1,0.0,0.0,0.0,0.0,0.0,2.0,21,3,9,09/10/2024,2024-09-10,21:31:00
09/16/2024 04:50:00 PM,7.0,2,1,5,5,1,3,3,0,1,3,FAILING TO YIELD RIGHT-OF-WAY,2,1,0.0,0.0,0.0,0.0,0.0,2.0,16,2,9,09/16/2024,2024-09-16,16:50:00
09/13/2024 03:20:00 PM,5.0,2,1,3,14,1,3,3,0,1,3,IMPROPER OVERTAKING/PASSING,2,1,0.0,0.0,0.0,0.0,0.0,2.0,15,6,9,09/13/2024,2024-09-13,15:20:00
09/16/2024 11:30:00 AM,5.0,2,1,14,3,1,3,3,1,1,2,UNABLE TO DETERMINE,2,2,1.0,0.0,0.0,0.0,1.0,1.0,11,2,9,09/16/2024,2024-09-16,11:30:00
09/16/2024 11:50:00 AM,5.0,2,1,3,5,1,3,3,0,1,3,DISTRACTION - FROM OUTSIDE VEHICLE,2,1,0.0,0.0,0.0,0.0,0.0,2.0,11,2,9,09/16/2024,2024-09-16,11:50:00
09/11/2024 05:34:00 PM,5.0,2,1,6,5,1,3,3,1,1,3,FAILING TO YIELD RIGHT-OF-WAY,2,1,0.0,0.0,0.0,0.0,0.0,3.0,17,4,9,09/11/2024,2024-09-11,17:34:00
09/15/2024 07:54:00 AM,5.0,2,1,6,5,1,3,3,1,1,3,FAILING TO YIELD RIGHT-OF-WAY,2,1,0.0,0.0,0.0,0.0,0.0,2.0,7,1,9,09/15/2024,2024-09-15,07:54:00
09/15/2024 09:00:00 PM,3.0,2,4,6,5,1,3,3,0,1,3,UNABLE TO DETERMINE,2,1,0.0,0.0,0.0,0.0,0.0,2.0,21,1,9,09/15/2024,2024-09-15,21:00:00
09/16/2024 03:00:00 PM,5.0,2,1,6,6,1,3,3,0,1,2,FOLLOWING TOO CLOSELY,2,1,0.0,0.0,0.0,0.0,0.0,3.0,15,2,9,09/16/2024,2024-09-16,15:00:00
09/16/2024 01:55:00 PM,7.0,2,1,5,6,1,1,1,0,1,3,FAILING TO YIELD RIGHT-OF-WAY,2,1,0.0,0.0,0.0,0.0,0.0,2.0,13,2,9,09/16/2024,2024-09-16,13:55:00
09/16/2024 04:10:00 PM,5.0,2,1,4,6,1,3,1,0,0,3,UNABLE TO DETERMINE,2,1,0.0,0.0,0.0,0.0,0.0,2.0,16,2,9,09/16/2024,2024-09-16,16:10:00
09/14/2024 08:30:00 PM,5.0,2,4,6,12,1,3,3,0,1,3,FAILING TO REDUCE SPEED TO AVOID CRASH,2,1,0.0,0.0,0.0,0.0,0.0,3.0,20,7,9,09/14/2024,2024-09-14,20:30:00
09/15/2024 11:30:00 AM,5.0,2,1,4,4,1,3,3,1,1,3,FOLLOWING TOO CLOSELY,2,3,1.0,0.0,0.0,1.0,0.0,1.0,11,1,9,09/15/2024,2024-09-15,11:30:00
09/15/2024 08:25:00 PM,7.0,2,4,10,6,1,3,3,0,1,3,FAILING TO YIELD RIGHT-OF-WAY,2,1,0.0,0.0,0.0,0.0,0.0,2.0,20,1,9,09/15/2024,2024-09-15,20:25:00
09/16/2024 01:15:00 PM,7.0,2,1,6,5,1,3,3,0,1,3,IMPROPER TURNING/NO SIGNAL,2,1,0.0,0.0,0.0,0.0,0.0,2.0,13,2,9,09/16/2024,2024-09-16,13:15:00
09/16/2024 03:39:00 PM,7.0,2,1,5,5,1,3,1,1,1,3,FAILING TO YIELD RIGHT-OF-WAY,2,1,0.0,0.0,0.0,0.0,0.0,4.0,15,2,9,09/16/2024,2024-09-16,15:39:00
09/11/2024 08:26:00 AM,7.0,2,1,5,5,1,3,3,1,1,3,DISREGARDING TRAFFIC SIGNALS,2,3,2.0,0.0,0.0,2.0,0.0,2.0,8,4,9,09/11/2024,2024-09-11,08:26:00
09/15/2024 06:00:00 PM,5.0,2,1,5,5,1,3,1,1,1,3,UNABLE TO DETERMINE,2,3,2.0,0.0,0.0,1.0,1.0,1.0,18,1,9,09/15/2024,2024-09-15,18:00:00
09/14/2024 03:10:00 PM,7.0,2,1,5,1,1,3,3,0,1,3,UNABLE TO DETERMINE,2,1,0.0,0.0,0.0,0.0,0.0,2.0,15,7,9,09/14/2024,2024-09-14,15:10:00
09/15/2024 03:45:00 PM,7.0,2,1,14,6,1,3,3,0,1,3,FAILING TO YIELD RIGHT-OF-WAY,2,1,0.0,0.0,0.0,0.0,0.0,5.0,15,1,9,09/15/2024,2024-09-15,15:45:00
09/16/2024 02:15:00 PM,7.0,2,1,5,6,1,3,3,1,1,3,FAILING TO YIELD RIGHT-OF-WAY,2,2,1.0,0.0,0.0,0.0,1.0,1.0,14,2,9,09/16/2024,2024-09-16,14:15:00
09/16/2024 07:30:00 AM,3.0,2,1,6,5,1,3,3,0,1,3,IMPROPER TURNING/NO SIGNAL,2,1,0.0,0.0,0.0,0.0,0.0,2.0,7,2,9,09/16/2024,2024-09-16,07:30:00
09/16/2024 07:30:00 AM,5.0,2,1,6,5,1,1,1,0,1,2,IMPROPER TURNING/NO SIGNAL,2,1,0.0,0.0,0.0,0.0,0.0,2.0,7,2,9,09/16/2024,2024-09-16,07:30:00
09/16/2024 08:15:00 AM,5.0,2,4,3,2,1,3,3,0,1,3,IMPROPER LANE USAGE,2,1,0.0,0.0,0.0,0.0,0.0,2.0,8,2,9,09/16/2024,2024-09-16,08:15:00
09/16/2024 11:50:00 AM,5.0,2,1,6,5,1,3,3,0,1,3,UNABLE TO DETERMINE,2,1,0.0,0.0,0.0,0.0,0.0,2.0,11,2,9,09/16/2024,2024-09-16,11:50:00
09/03/2024 10:30:00 AM,3.0,2,1,6,6,1,3,3,1,1,3,UNABLE TO DETERMINE,2,3,1.0,0.0,0.0,1.0,0.0,2.0,10,3,9,09/03/2024,2024-09-03,10:30:00
09/03/2024 10:10:00 AM,7.0,2,1,5,5,1,3,3,0,1,3,DISREGARDING STOP SIGN,2,1,0.0,0.0,0.0,0.0,0.0,2.0,10,3,9,09/03/2024,2024-09-03,10:10:00
09/03/2024 10:17:00 PM,5.0,2,4,6,5,1,3,3,0,1,3,FAILING TO YIELD RIGHT-OF-WAY,2,1,0.0,0.0,0.0,0.0,0.0,2.0,22,3,9,09/03/2024,2024-09-03,22:17:00
09/03/2024 03:21:00 PM,7.0,2,1,6,7,1,3,3,1,1,3,FAILING TO YIELD RIGHT-OF-WAY,2,1,0.0,0.0,0.0,0.0,0.0,2.0,15,3,9,09/03/2024,2024-09-03,15:21:00
09/03/2024 06:55:00 AM,5.0,2,1,14,5,1,3,3,1,1,2,"OPERATING VEHICLE IN ERRATIC, RECKLESS, CARELESS, NEGLIGENT OR AGGRESSIVE MANNER",2,3,1.0,0.0,0.0,1.0,0.0,1.0,6,3,9,09/03/2024,2024-09-03,06:55:00
09/03/2024 10:34:00 AM,7.0,2,1,4,2,1,3,3,1,1,3,UNABLE TO DETERMINE,2,2,1.0,0.0,0.0,0.0,1.0,1.0,10,3,9,09/03/2024,2024-09-03,10:34:00
09/03/2024 03:44:00 PM,3.0,2,1,6,3,1,3,3,1,1,3,IMPROPER LANE USAGE,2,1,0.0,0.0,0.0,0.0,0.0,2.0,15,3,9,09/03/2024,2024-09-03,15:44:00
09/03/2024 01:30:00 PM,7.0,2,1,5,5,1,3,1,0,1,3,FAILING TO YIELD RIGHT-OF-WAY,2,1,0.0,0.0,0.0,0.0,0.0,2.0,13,3,9,09/03/2024,2024-09-03,13:30:00
09/03/2024 08:20:00 AM,5.0,2,1,13,6,1,3,3,1,1,2,FAILING TO YIELD RIGHT-OF-WAY,2,3,1.0,0.0,0.0,1.0,0.0,1.0,8,3,9,09/03/2024,2024-09-03,08:20:00
09/03/2024 02:09:00 PM,1.0,2,1,11,6,1,1,1,1,1,3,UNABLE TO DETERMINE,2,2,1.0,0.0,0.0,0.0,1.0,0.0,14,3,9,09/03/2024,2024-09-03,14:09:00
09/03/2024 07:40:00 AM,7.0,2,1,6,7,1,3,3,0,1,2,IMPROPER TURNING/NO SIGNAL,2,1,0.0,0.0,0.0,0.0,0.0,2.0,7,3,9,09/03/2024,2024-09-03,07:40:00
09/03/2024 11:10:00 AM,7.0,2,1,4,6,1,3,3,1,1,3,NOT APPLICABLE,2,1,0.0,0.0,0.0,0.0,0.0,3.0,11,3,9,09/03/2024,2024-09-03,11:10:00
09/03/2024 09:15:00 AM,3.0,2,1,11,7,1,3,3,0,1,1,UNABLE TO DETERMINE,2,1,0.0,0.0,0.0,0.0,0.0,1.0,9,3,9,09/03/2024,2024-09-03,09:15:00
09/02/2024 07:15:00 PM,3.0,2,1,6,15,1,1,1,0,1,3,UNABLE TO DETERMINE,2,1,0.0,0.0,0.0,0.0,0.0,2.0,19,2,9,09/02/2024,2024-09-02,19:15:00
09/03/2024 07:45:00 AM,5.0,2,1,4,5,1,1,1,0,1,3,UNABLE TO DETERMINE,2,1,0.0,0.0,0.0,0.0,0.0,2.0,7,3,9,09/03/2024,2024-09-03,07:45:00
09/03/2024 07:45:00 AM,5.0,2,1,13,5,1,3,3,1,1,1,"VISION OBSCURED (SIGNS, TREE LIMBS, BUILDINGS, ETC.)",2,3,1.0,0.0,0.0,1.0,0.0,1.0,7,3,9,09/03/2024,2024-09-03,07:45:00
09/03/2024 01:59:00 PM,5.0,2,1,4,4,1,3,3,0,1,3,FOLLOWING TOO CLOSELY,2,1,0.0,0.0,0.0,0.0,0.0,3.0,13,3,9,09/03/2024,2024-09-03,13:59:00
09/02/2024 08:18:00 PM,7.0,2,4,6,5,1,3,3,1,1,3,DRIVING SKILLS/KNOWLEDGE/EXPERIENCE,2,1,0.0,0.0,0.0,0.0,0.0,4.0,20,2,9,09/02/2024,2024-09-02,20:18:00
09/03/2024 03:50:00 PM,5.0,2,1,3,10,1,3,3,0,1,1,IMPROPER LANE USAGE,2,1,0.0,0.0,0.0,0.0,0.0,2.0,15,3,9,09/03/2024,2024-09-03,15:50:00
09/03/2024 01:00:00 PM,5.0,2,4,4,6,1,3,3,0,1,3,FOLLOWING TOO CLOSELY,2,1,0.0,0.0,0.0,0.0,0.0,2.0,13,3,9,09/03/2024,2024-09-03,13:00:00
09/03/2024 04:41:00 PM,5.0,2,1,3,6,1,3,3,0,1,3,NOT APPLICABLE,2,1,0.0,0.0,0.0,0.0,0.0,2.0,16,3,9,09/03/2024,2024-09-03,16:41:00
09/03/2024 05:51:00 PM,5.0,2,1,5,4,1,3,3,1,1,3,DISREGARDING TRAFFIC SIGNALS,2,2,1.0,0.0,0.0,0.0,1.0,5.0,17,3,9,09/03/2024,2024-09-03,17:51:00
09/03/2024 02:08:00 AM,5.0,2,4,3,10,1,3,3,0,1,2,UNABLE TO DETERMINE,2,1,0.0,0.0,0.0,0.0,0.0,2.0,2,3,9,09/03/2024,2024-09-03,02:08:00
09/02/2024 06:50:00 PM,7.0,2,3,5,4,1,3,3,1,1,3,FAILING TO YIELD RIGHT-OF-WAY,2,1,0.0,0.0,0.0,0.0,0.0,2.0,18,2,9,09/02/2024,2024-09-02,18:50:00
09/03/2024 07:55:00 AM,7.0,2,1,6,5,1,3,3,1,1,3,FAILING TO REDUCE SPEED TO AVOID CRASH,2,1,0.0,0.0,0.0,0.0,0.0,3.0,7,3,9,09/03/2024,2024-09-03,07:55:00
09/03/2024 09:59:00 PM,7.0,2,4,5,7,1,3,3,1,1,3,FAILING TO YIELD RIGHT-OF-WAY,2,3,1.0,0.0,0.0,1.0,0.0,3.0,21,3,9,09/03/2024,2024-09-03,21:59:00
09/03/2024 08:34:00 AM,9.0,2,1,6,12,1,3,3,0,1,3,IMPROPER LANE USAGE,2,1,0.0,0.0,0.0,0.0,0.0,2.0,8,3,9,09/03/2024,2024-09-03,08:34:00
09/03/2024 08:31:00 AM,7.0,2,1,6,5,1,3,3,1,1,3,FAILING TO YIELD RIGHT-OF-WAY,2,1,0.0,0.0,0.0,0.0,0.0,2.0,8,3,9,09/03/2024,2024-09-03,08:31:00
09/03/2024 04:39:00 PM,7.0,2,1,13,5,1,3,3,1,1,1,"VISION OBSCURED (SIGNS, TREE LIMBS, BUILDINGS, ETC.)",2,3,1.0,0.0,0.0,1.0,0.0,1.0,16,3,9,09/03/2024,2024-09-03,16:39:00
09/02/2024 05:30:00 AM,3.0,2,2,9,4,1,3,1,1,1,2,UNABLE TO DETERMINE,2,1,0.0,0.0,0.0,0.0,0.0,2.0,5,2,9,09/02/2024,2024-09-02,05:30:00
09/03/2024 03:30:00 PM,5.0,2,1,6,6,1,3,3,0,1,3,DISTRACTION - FROM OUTSIDE VEHICLE,2,1,0.0,0.0,0.0,0.0,0.0,2.0,15,3,9,09/03/2024,2024-09-03,15:30:00
09/02/2024 06:06:00 PM,7.0,2,1,5,5,1,3,3,1,1,3,FAILING TO YIELD RIGHT-OF-WAY,2,1,0.0,0.0,0.0,0.0,0.0,3.0,18,2,9,09/02/2024,2024-09-02,18:06:00
09/03/2024 02:35:00 PM,3.0,2,1,6,4,1,3,3,0,1,3,IMPROPER TURNING/NO SIGNAL,2,1,0.0,0.0,0.0,0.0,0.0,4.0,14,3,9,09/03/2024,2024-09-03,14:35:00
09/03/2024 06:30:00 AM,5.0,2,1,14,18,1,3,3,0,1,1,FAILING TO REDUCE SPEED TO AVOID CRASH,2,1,0.0,0.0,0.0,0.0,0.0,2.0,6,3,9,09/03/2024,2024-09-03,06:30:00
09/03/2024 06:05:00 PM,7.0,2,1,14,7,1,3,3,1,1,1,UNABLE TO DETERMINE,2,3,1.0,0.0,0.0,1.0,0.0,1.0,18,3,9,09/03/2024,2024-09-03,18:05:00
09/03/2024 05:30:00 PM,5.0,2,1,4,4,1,3,3,1,1,2,UNABLE TO DETERMINE,2,2,1.0,0.0,0.0,0.0,1.0,1.0,17,3,9,09/03/2024,2024-09-03,17:30:00
09/02/2024 07:42:00 PM,7.0,2,4,5,6,1,3,3,0,1,3,"OPERATING VEHICLE IN ERRATIC, RECKLESS, CARELESS, NEGLIGENT OR AGGRESSIVE MANNER",2,1,0.0,0.0,0.0,0.0,0.0,3.0,19,2,9,09/02/2024,2024-09-02,19:42:00
09/03/2024 12:00:00 PM,5.0,2,1,6,4,1,3,3,0,1,3,UNABLE TO DETERMINE,2,1,0.0,0.0,0.0,0.0,0.0,2.0,12,3,9,09/03/2024,2024-09-03,12:00:00
09/03/2024 07:20:00 AM,5.0,2,1,14,5,1,3,3,1,0,3,"OPERATING VEHICLE IN ERRATIC, RECKLESS, CARELESS, NEGLIGENT OR AGGRESSIVE MANNER",2,3,1.0,0.0,0.0,1.0,0.0,2.0,7,3,9,09/03/2024,2024-09-03,07:20:00
09/03/2024 07:50:00 AM,5.0,2,1,4,7,1,3,3,0,1,3,FOLLOWING TOO CLOSELY,2,1,0.0,0.0,0.0,0.0,0.0,2.0,7,3,9,09/03/2024,2024-09-03,07:50:00
09/03/2024 04:00:00 PM,1.0,2,1,13,6,1,3,1,0,1,1,NOT APPLICABLE,2,1,0.0,0.0,0.0,0.0,0.0,2.0,16,3,9,09/03/2024,2024-09-03,16:00:00
09/03/2024 11:00:00 AM,3.0,2,1,6,4,1,3,1,1,1,3,UNABLE TO DETERMINE,2,3,2.0,0.0,0.0,2.0,0.0,1.0,11,3,9,09/03/2024,2024-09-03,11:00:00
09/03/2024 02:05:00 PM,3.0,2,1,6,10,1,3,3,0,1,3,DRIVING ON WRONG SIDE/WRONG WAY,2,1,0.0,0.0,0.0,0.0,0.0,3.0,14,3,9,09/03/2024,2024-09-03,14:05:00
09/02/2024 02:03:00 AM,7.0,2,4,5,5,1,3,3,1,1,3,DISREGARDING STOP SIGN,2,2,2.0,0.0,0.0,0.0,2.0,1.0,2,2,9,09/02/2024,2024-09-02,02:03:00
09/03/2024 08:00:00 AM,5.0,2,1,3,5,1,3,3,0,1,3,FAILING TO YIELD RIGHT-OF-WAY,2,1,0.0,0.0,0.0,0.0,0.0,2.0,8,3,9,09/03/2024,2024-09-03,08:00:00
09/02/2024 07:24:00 AM,3.0,2,1,6,6,1,3,1,0,1,3,NOT APPLICABLE,2,1,0.0,0.0,0.0,0.0,0.0,2.0,7,2,9,09/02/2024,2024-09-02,07:24:00
09/03/2024 11:40:00 AM,5.0,2,1,4,4,1,3,3,0,1,2,FOLLOWING TOO CLOSELY,2,1,0.0,0.0,0.0,0.0,0.0,2.0,11,3,9,09/03/2024,2024-09-03,11:40:00
09/03/2024 12:45:00 PM,7.0,2,1,5,5,1,3,3,0,1,3,UNABLE TO DETERMINE,2,1,0.0,0.0,0.0,0.0,0.0,2.0,12,3,9,09/03/2024,2024-09-03,12:45:00
09/03/2024 12:00:00 PM,3.0,2,1,14,5,1,3,3,0,1,3,BICYCLE ADVANCING LEGALLY ON RED LIGHT,2,1,0.0,0.0,0.0,0.0,0.0,2.0,12,3,9,09/03/2024,2024-09-03,12:00:00
09/03/2024 06:57:00 AM,5.0,2,1,5,5,1,3,3,1,1,3,FAILING TO YIELD RIGHT-OF-WAY,2,2,1.0,0.0,0.0,0.0,1.0,1.0,6,3,9,09/03/2024,2024-09-03,06:57:00
09/03/2024 07:30:00 PM,5.0,2,4,5,5,1,3,1,1,1,3,FAILING TO YIELD RIGHT-OF-WAY,2,3,2.0,0.0,0.0,2.0,0.0,2.0,19,3,9,09/03/2024,2024-09-03,19:30:00
09/02/2024 10:40:00 PM,5.0,2,4,11,5,1,3,3,0,1,2,DISTRACTION - FROM INSIDE VEHICLE,2,1,0.0,0.0,0.0,0.0,0.0,2.0,22,2,9,09/02/2024,2024-09-02,22:40:00
09/03/2024 03:54:00 PM,7.0,2,1,6,5,1,3,3,0,1,3,UNABLE TO DETERMINE,2,1,0.0,0.0,0.0,0.0,0.0,2.0,15,3,9,09/03/2024,2024-09-03,15:54:00
09/02/2024 01:58:00 PM,3.0,2,1,6,5,1,3,3,1,1,3,FAILING TO YIELD RIGHT-OF-WAY,2,1,0.0,0.0,0.0,0.0,0.0,2.0,13,2,9,09/02/2024,2024-09-02,13:58:00
09/03/2024 01:50:00 PM,5.0,2,1,6,5,1,3,7,0,1,3,UNABLE TO DETERMINE,2,1,0.0,0.0,0.0,0.0,0.0,2.0,13,3,9,09/03/2024,2024-09-03,13:50:00
09/03/2024 07:48:00 PM,3.0,2,4,11,6,1,3,3,0,1,3,UNABLE TO DETERMINE,2,1,0.0,0.0,0.0,0.0,0.0,1.0,19,3,9,09/03/2024,2024-09-03,19:48:00
09/03/2024 02:45:00 PM,5.0,2,1,5,6,1,3,3,0,1,3,UNABLE TO DETERMINE,2,1,0.0,0.0,0.0,0.0,0.0,2.0,14,3,9,09/03/2024,2024-09-03,14:45:00