crash_date,traffic_control_device,weather_condition,lighting_condition,first_crash_type,trafficway_type,alignment,roadway_surface_cond,road_defect,crash_type,intersection_related_i,damage,prim_contributory_cause,num_units,most_severe_injury,injuries_total,injuries_fatal,injuries_incapacitating,injuries_non_incapacitating,injuries_reported_not_evident,injuries_no_indication,crash_hour,crash_day_of_week,crash_month,parsed_datetime,date,time
09/02/2024 11:45:00 PM,1.0,2,4,5,1,1,1,1,1,1,3,DRIVING SKILLS/KNOWLEDGE/EXPERIENCE,2,1,0.0,0.0,0.0,0.0,0.0,5.0,23,2,9,09/02/2024,2024-09-02,23:45:00
09/03/2024 05:46:00 PM,7.0,2,1,5,5,1,3,1,1,1,3,UNABLE TO DETERMINE,2,1,0.0,0.0,0.0,0.0,0.0,5.0,17,3,9,09/03/2024,2024-09-03,17:46:00
09/03/2024 12:35:00 AM,5.0,2,4,5,5,1,3,3,1,1,3,DISREGARDING TRAFFIC SIGNALS,2,1,0.0,0.0,0.0,0.0,0.0,4.0,0,3,9,09/03/2024,2024-09-03,00:35:00
09/03/2024 06:58:00 PM,7.0,2,2,4,10,1,1,1,0,1,3,IMPROPER BACKING,2,1,0.0,0.0,0.0,0.0,0.0,2.0,18,3,9,09/03/2024,2024-09-03,18:58:00
09/03/2024 02:59:00 PM,7.0,2,1,5,6,1,3,1,1,1,3,FAILING TO YIELD RIGHT-OF-WAY,2,3,1.0,0.0,0.0,1.0,0.0,1.0,14,3,9,09/03/2024,2024-09-03,14:59:00
09/02/2024 03:46:00 PM,6.0,2,1,13,3,1,3,3,1,1,3,"VISION OBSCURED (SIGNS, TREE LIMBS, BUILDINGS, ETC.)",2,3,1.0,0.0,0.0,1.0,0.0,1.0,15,2,9,09/02/2024,2024-09-02,15:46:00
09/02/2024 06:45:00 AM,7.0,2,1,8,6,1,3,3,1,0,3,DISREGARDING STOP SIGN,2,2,1.0,0.0,0.0,0.0,1.0,1.0,6,2,9,09/02/2024,2024-09-02,06:45:00
09/03/2024 02:35:00 PM,5.0,2,1,9,5,1,3,1,0,1,3,UNABLE TO DETERMINE,2,1,0.0,0.0,0.0,0.0,0.0,2.0,14,3,9,09/03/2024,2024-09-03,14:35:00
09/02/2024 01:58:00 AM,4.0,2,4,4,7,1,3,3,0,1,1,FOLLOWING TOO CLOSELY,2,1,0.0,0.0,0.0,0.0,0.0,3.0,1,2,9,09/02/2024,2024-09-02,01:58:00
09/03/2024 11:10:00 AM,5.0,2,1,13,5,1,3,3,0,1,1,UNABLE TO DETERMINE,2,1,0.0,0.0,0.0,0.0,0.0,2.0,11,3,9,09/03/2024,2024-09-03,11:10:00
09/03/2024 08:58:00 AM,5.0,2,1,12,4,1,3,3,1,1,3,DISREGARDING OTHER TRAFFIC SIGNS,2,3,1.0,0.0,0.0,1.0,0.0,2.0,8,3,9,09/03/2024,2024-09-03,08:58:00
09/03/2024 06:15:00 PM,5.0,2,1,6,6,1,3,3,0,1,1,IMPROPER TURNING/NO SIGNAL,2,1,0.0,0.0,0.0,0.0,0.0,3.0,18,3,9,09/03/2024,2024-09-03,18:15:00
09/03/2024 05:06:00 PM,5.0,2,1,13,5,1,3,1,1,1,3,FAILING TO YIELD RIGHT-OF-WAY,2,3,1.0,0.0,0.0,1.0,0.0,1.0,17,3,9,09/03/2024,2024-09-03,17:06:00
09/03/2024 07:50:00 AM,7.0,2,1,5,7,1,1,1,1,1,3,UNABLE TO DETERMINE,2,1,0.0,0.0,0.0,0.0,0.0,2.0,7,3,9,09/03/2024,2024-09-03,07:50:00
09/02/2024 03:00:00 PM,7.0,2,1,5,5,1,3,3,0,1,3,FAILING TO YIELD RIGHT-OF-WAY,2,1,0.0,0.0,0.0,0.0,0.0,2.0,15,2,9,09/02/2024,2024-09-02,15:00:00
09/03/2024 09:24:00 AM,5.0,2,1,4,5,1,3,1,0,1,1,FOLLOWING TOO CLOSELY,2,1,0.0,0.0,0.0,0.0,0.0,2.0,9,3,9,09/03/2024,2024-09-03,09:24:00
09/03/2024 04:24:00 PM,3.0,2,1,13,5,1,3,3,0,1,2,UNABLE TO DETERMINE,2,1,0.0,0.0,0.0,0.0,0.0,2.0,16,3,9,09/03/2024,2024-09-03,16:24:00
09/02/2024 09:26:00 PM,5.0,2,2,6,5,1,3,3,1,1,3,UNABLE TO DETERMINE,2,3,1.0,0.0,0.0,1.0,0.0,1.0,21,2,9,09/02/2024,2024-09-02,21:26:00
08/13/2024 03:10:00 PM,7.0,2,1,5,6,1,3,3,1,1,3,FAILING TO YIELD RIGHT-OF-WAY,2,1,0.0,0.0,0.0,0.0,0.0,2.0,15,3,8,08/13/2024,2024-08-13,15:10:00
09/02/2024 04:12:00 AM,3.0,2,4,13,5,1,3,1,1,1,3,UNABLE TO DETERMINE,2,4,1.0,0.0,1.0,0.0,0.0,1.0,4,2,9,09/02/2024,2024-09-02,04:12:00
09/03/2024 05:35:00 PM,5.0,2,1,6,5,1,3,1,1,1,3,IMPROPER LANE USAGE,2,2,1.0,0.0,0.0,0.0,1.0,2.0,17,3,9,09/03/2024,2024-09-03,17:35:00
09/03/2024 12:31:00 PM,7.0,2,1,6,6,1,3,1,0,1,3,UNABLE TO DETERMINE,2,1,0.0,0.0,0.0,0.0,0.0,2.0,12,3,9,09/03/2024,2024-09-03,12:31:00
09/03/2024 10:37:00 AM,5.0,2,1,6,5,1,3,3,1,1,3,FAILING TO REDUCE SPEED TO AVOID CRASH,2,1,0.0,0.0,0.0,0.0,0.0,2.0,10,3,9,09/03/2024,2024-09-03,10:37:00
09/03/2024 07:02:00 AM,5.0,2,1,6,5,1,3,3,1,1,3,DRIVING SKILLS/KNOWLEDGE/EXPERIENCE,2,1,0.0,0.0,0.0,0.0,0.0,4.0,7,3,9,09/03/2024,2024-09-03,07:02:00
09/02/2024 02:00:00 PM,5.0,2,1,3,5,1,3,3,0,1,2,"EVASIVE ACTION DUE TO ANIMAL, OBJECT, NONMOTORIST",2,1,0.0,0.0,0.0,0.0,0.0,2.0,14,2,9,09/02/2024,2024-09-02,14:00:00
09/03/2024 12:30:00 PM,1.0,2,1,14,7,1,1,1,0,1,3,IMPROPER LANE USAGE,2,1,0.0,0.0,0.0,0.0,0.0,2.0,12,3,9,09/03/2024,2024-09-03,12:30:00
09/03/2024 01:15:00 PM,5.0,2,1,4,4,1,3,1,0,0,1,UNABLE TO DETERMINE,2,1,0.0,0.0,0.0,0.0,0.0,2.0,13,3,9,09/03/2024,2024-09-03,13:15:00
09/03/2024 07:50:00 AM,7.0,2,1,6,7,1,3,1,1,1,1,FAILING TO YIELD RIGHT-OF-WAY,2,3,2.0,0.0,0.0,2.0,0.0,0.0,7,3,9,09/03/2024,2024-09-03,07:50:00
09/02/2024 12:30:00 AM,3.0,2,4,5,5,1,1,1,0,1,3,UNABLE TO DETERMINE,2,1,0.0,0.0,0.0,0.0,0.0,2.0,0,2,9,09/02/2024,2024-09-02,00:30:00
09/02/2024 01:00:00 PM,5.0,2,1,8,6,1,3,1,0,0,2,FOLLOWING TOO CLOSELY,2,1,0.0,0.0,0.0,0.0,0.0,3.0,13,2,9,09/02/2024,2024-09-02,13:00:00
09/03/2024 07:48:00 AM,7.0,2,1,5,5,1,3,1,0,1,3,DISREGARDING STOP SIGN,2,1,0.0,0.0,0.0,0.0,0.0,2.0,7,3,9,09/03/2024,2024-09-03,07:48:00
09/02/2024 04:30:00 PM,3.0,2,1,4,10,1,3,3,0,1,3,DRIVING SKILLS/KNOWLEDGE/EXPERIENCE,2,1,0.0,0.0,0.0,0.0,0.0,2.0,16,2,9,09/02/2024,2024-09-02,16:30:00
09/02/2024 05:58:00 AM,3.0,2,1,6,6,1,3,3,1,1,3,UNABLE TO DETERMINE,2,1,0.0,0.0,0.0,0.0,0.0,3.0,5,2,9,09/02/2024,2024-09-02,05:58:00
09/03/2024 07:53:00 AM,7.0,2,1,14,13,1,3,3,1,1,1,FAILING TO YIELD RIGHT-OF-WAY,2,2,1.0,0.0,0.0,0.0,1.0,1.0,7,3,9,09/03/2024,2024-09-03,07:53:00
09/02/2024 11:44:00 AM,5.0,2,1,6,5,1,3,3,0,1,2,IMPROPER LANE USAGE,2,1,0.0,0.0,0.0,0.0,0.0,4.0,11,2,9,09/02/2024,2024-09-02,11:44:00
09/03/2024 04:00:00 PM,7.0,2,1,6,5,1,3,3,1,1,3,FAILING TO YIELD RIGHT-OF-WAY,2,2,1.0,0.0,0.0,0.0,1.0,2.0,16,3,9,09/03/2024,2024-09-03,16:00:00
09/03/2024 08:10:00 AM,5.0,2,1,3,5,1,3,3,1,1,3,IMPROPER OVERTAKING/PASSING,2,1,0.0,0.0,0.0,0.0,0.0,2.0,8,3,9,09/03/2024,2024-09-03,08:10:00
09/16/2024 09:30:00 AM,5.0,2,1,6,6,1,3,3,0,1,3,IMPROPER TURNING/NO SIGNAL,2,1,0.0,0.0,0.0,0.0,0.0,2.0,9,2,9,09/16/2024,2024-09-16,09:30:00
09/18/2024 07:49:00 AM,7.0,2,1,5,5,1,3,3,0,1,3,UNABLE TO DETERMINE,2,1,0.0,0.0,0.0,0.0,0.0,5.0,7,4,9,09/18/2024,2024-09-18,07:49:00
09/18/2024 01:35:00 PM,3.0,2,1,3,4,1,3,3,0,1,3,IMPROPER LANE USAGE,2,1,0.0,0.0,0.0,0.0,0.0,2.0,13,4,9,09/18/2024,2024-09-18,13:35:00
09/16/2024 12:17:00 PM,5.0,2,1,6,5,1,3,3,0,1,3,IMPROPER LANE USAGE,2,1,0.0,0.0,0.0,0.0,0.0,2.0,12,2,9,09/16/2024,2024-09-16,12:17:00
09/17/2024 09:10:00 AM,7.0,2,1,4,5,1,3,1,1,1,3,FOLLOWING TOO CLOSELY,2,2,1.0,0.0,0.0,0.0,1.0,1.0,9,3,9,09/17/2024,2024-09-17,09:10:00
09/18/2024 05:20:00 PM,5.0,2,1,6,6,1,3,3,0,1,3,IMPROPER OVERTAKING/PASSING,2,1,0.0,0.0,0.0,0.0,0.0,2.0,17,4,9,09/18/2024,2024-09-18,17:20:00
09/14/2024 08:40:00 PM,5.0,2,3,6,2,1,3,1,0,1,3,UNABLE TO DETERMINE,2,1,0.0,0.0,0.0,0.0,0.0,2.0,20,7,9,09/14/2024,2024-09-14,20:40:00
09/18/2024 02:52:00 PM,5.0,2,1,6,5,1,3,1,1,1,3,DISREGARDING TRAFFIC SIGNALS,2,1,0.0,0.0,0.0,0.0,0.0,2.0,14,4,9,09/18/2024,2024-09-18,14:52:00
09/16/2024 06:00:00 PM,7.0,2,1,4,6,1,3,3,1,1,3,FOLLOWING TOO CLOSELY,2,2,1.0,0.0,0.0,0.0,1.0,1.0,18,2,9,09/16/2024,2024-09-16,18:00:00
09/18/2024 06:55:00 AM,3.0,2,1,6,6,1,3,3,0,1,1,UNABLE TO DETERMINE,2,1,0.0,0.0,0.0,0.0,0.0,2.0,6,4,9,09/18/2024,2024-09-18,06:55:00
09/18/2024 12:22:00 PM,3.0,2,1,6,10,1,3,3,0,0,3,UNABLE TO DETERMINE,2,1,0.0,0.0,0.0,0.0,0.0,2.0,12,4,9,09/18/2024,2024-09-18,12:22:00
09/17/2024 02:30:00 PM,5.0,2,1,4,6,1,3,3,0,1,2,FOLLOWING TOO CLOSELY,2,1,0.0,0.0,0.0,0.0,0.0,2.0,14,3,9,09/17/2024,2024-09-17,14:30:00
08/29/2024 07:22:00 PM,5.0,2,4,6,6,1,3,3,1,1,3,IMPROPER OVERTAKING/PASSING,2,4,1.0,0.0,1.0,0.0,0.0,1.0,19,5,8,08/29/2024,2024-08-29,19:22:00
09/16/2024 06:45:00 PM,5.0,2,1,4,4,1,3,3,0,1,2,FAILING TO REDUCE SPEED TO AVOID CRASH,2,1,0.0,0.0,0.0,0.0,0.0,2.0,18,2,9,09/16/2024,2024-09-16,18:45:00
09/17/2024 04:45:00 PM,5.0,2,1,6,7,1,3,1,1,1,3,FAILING TO YIELD RIGHT-OF-WAY,2,1,0.0,0.0,0.0,0.0,0.0,2.0,16,3,9,09/17/2024,2024-09-17,16:45:00
09/18/2024 06:30:00 AM,5.0,2,1,3,10,1,3,3,0,1,2,IMPROPER OVERTAKING/PASSING,2,1,0.0,0.0,0.0,0.0,0.0,2.0,6,4,9,09/18/2024,2024-09-18,06:30:00
09/15/2024 07:30:00 PM,7.0,2,4,4,5,1,3,3,0,1,2,FAILING TO REDUCE SPEED TO AVOID CRASH,2,1,0.0,0.0,0.0,0.0,0.0,2.0,19,1,9,09/15/2024,2024-09-15,19:30:00
09/18/2024 06:35:00 AM,5.0,2,1,5,5,1,3,3,0,1,3,UNABLE TO DETERMINE,2,1,0.0,0.0,0.0,0.0,0.0,2.0,6,4,9,09/18/2024,2024-09-18,06:35:00
09/17/2024 05:16:00 PM,3.0,2,1,6,6,1,3,3,0,1,3,FAILING TO YIELD RIGHT-OF-WAY,2,1,0.0,0.0,0.0,0.0,0.0,2.0,17,3,9,09/17/2024,2024-09-17,17:16:00
09/18/2024 11:00:00 PM,5.0,2,4,4,14,1,3,3,0,1,3,UNABLE TO DETERMINE,2,1,0.0,0.0,0.0,0.0,0.0,2.0,23,4,9,09/18/2024,2024-09-18,23:00:00
09/16/2024 10:29:00 PM,5.0,2,4,14,5,1,3,3,1,1,1,NOT APPLICABLE,2,3,1.0,0.0,0.0,1.0,0.0,3.0,22,2,9,09/16/2024,2024-09-16,22:29:00
09/17/2024 08:25:00 PM,3.0,2,1,14,13,1,3,3,1,1,1,FAILING TO YIELD RIGHT-OF-WAY,2,2,1.0,0.0,0.0,0.0,1.0,1.0,20,3,9,09/17/2024,2024-09-17,20:25:00
09/17/2024 02:00:00 PM,5.0,2,1,6,13,1,3,1,0,1,2,UNABLE TO DETERMINE,2,1,0.0,0.0,0.0,0.0,0.0,2.0,14,3,9,09/17/2024,2024-09-17,14:00:00
09/17/2024 07:40:00 PM,5.0,2,4,5,5,1,3,3,1,1,3,UNABLE TO DETERMINE,2,4,1.0,0.0,1.0,0.0,0.0,1.0,19,3,9,09/17/2024,2024-09-17,19:40:00
09/18/2024 06:21:00 PM,3.0,2,3,6,6,1,3,3,0,0,2,FAILING TO YIELD RIGHT-OF-WAY,2,1,0.0,0.0,0.0,0.0,0.0,4.0,18,4,9,09/18/2024,2024-09-18,18:21:00
09/17/2024 07:39:00 PM,5.0,2,2,11,6,1,3,3,0,1,2,NOT APPLICABLE,2,1,0.0,0.0,0.0,0.0,0.0,1.0,19,3,9,09/17/2024,2024-09-17,19:39:00
09/18/2024 10:30:00 AM,3.0,2,1,4,3,1,1,1,1,0,3,FOLLOWING TOO CLOSELY,2,3,1.0,0.0,0.0,1.0,0.0,1.0,10,4,9,09/18/2024,2024-09-18,10:30:00
09/13/2024 07:15:00 PM,7.0,2,3,4,5,1,3,3,1,1,3,FOLLOWING TOO CLOSELY,2,3,1.0,0.0,0.0,1.0,0.0,1.0,19,6,9,09/13/2024,2024-09-13,19:15:00
09/17/2024 05:46:00 PM,5.0,2,1,6,5,1,1,1,0,1,3,FAILING TO YIELD RIGHT-OF-WAY,2,1,0.0,0.0,0.0,0.0,0.0,2.0,17,3,9,09/17/2024,2024-09-17,17:46:00
09/18/2024 11:50:00 AM,5.0,2,1,5,5,1,3,1,1,1,3,FAILING TO REDUCE SPEED TO AVOID CRASH,2,1,0.0,0.0,0.0,0.0,0.0,2.0,11,4,9,09/18/2024,2024-09-18,11:50:00
09/16/2024 12:40:00 PM,5.0,2,1,5,5,1,3,3,1,1,3,UNABLE TO DETERMINE,2,3,1.0,0.0,0.0,1.0,0.0,2.0,12,2,9,09/16/2024,2024-09-16,12:40:00
09/16/2024 09:18:00 PM,5.0,2,5,4,6,1,3,3,1,1,3,UNABLE TO DETERMINE,2,3,1.0,0.0,0.0,1.0,0.0,1.0,21,2,9,09/16/2024,2024-09-16,21:18:00
09/16/2024 08:41:00 PM,5.0,2,5,5,4,1,3,3,1,1,3,DISREGARDING TRAFFIC SIGNALS,2,1,0.0,0.0,0.0,0.0,0.0,2.0,20,2,9,09/16/2024,2024-09-16,20:41:00
09/18/2024 09:42:00 AM,5.0,2,1,4,5,1,3,3,1,1,3,FOLLOWING TOO CLOSELY,2,1,0.0,0.0,0.0,0.0,0.0,2.0,9,4,9,09/18/2024,2024-09-18,09:42:00
09/16/2024 11:45:00 AM,5.0,2,1,6,5,1,3,1,0,1,3,IMPROPER TURNING/NO SIGNAL,2,1,0.0,0.0,0.0,0.0,0.0,2.0,11,2,9,09/16/2024,2024-09-16,11:45:00
09/17/2024 01:02:00 PM,7.0,2,1,4,6,1,3,3,1,1,3,UNABLE TO DETERMINE,2,1,0.0,0.0,0.0,0.0,0.0,3.0,13,3,9,09/17/2024,2024-09-17,13:02:00
09/13/2024 10:30:00 PM,5.0,2,1,6,6,1,3,3,1,1,3,IMPROPER TURNING/NO SIGNAL,2,2,1.0,0.0,0.0,0.0,1.0,2.0,22,6,9,09/13/2024,2024-09-13,22:30:00
09/17/2024 09:20:00 AM,3.0,2,2,6,5,1,3,3,0,1,1,IMPROPER OVERTAKING/PASSING,2,1,0.0,0.0,0.0,0.0,0.0,2.0,9,3,9,09/17/2024,2024-09-17,09:20:00
09/17/2024 05:05:00 PM,5.0,2,1,11,6,1,3,3,0,1,2,UNABLE TO DETERMINE,2,1,0.0,0.0,0.0,0.0,0.0,3.0,17,3,9,09/17/2024,2024-09-17,17:05:00
09/18/2024 09:00:00 AM,5.0,2,1,4,14,1,1,1,1,1,3,UNABLE TO DETERMINE,2,2,2.0,0.0,0.0,0.0,2.0,1.0,9,4,9,09/18/2024,2024-09-18,09:00:00
09/18/2024 06:00:00 AM,3.0,2,4,3,3,1,3,3,0,1,3,UNABLE TO DETERMINE,2,1,0.0,0.0,0.0,0.0,0.0,2.0,6,4,9,09/18/2024,2024-09-18,06:00:00
09/17/2024 05:00:00 PM,7.0,2,1,6,5,1,3,3,0,1,3,DISREGARDING STOP SIGN,2,1,0.0,0.0,0.0,0.0,0.0,6.0,17,3,9,09/17/2024,2024-09-17,17:00:00
09/17/2024 12:14:00 PM,5.0,2,1,11,6,1,3,3,0,1,3,IMPROPER TURNING/NO SIGNAL,2,1,0.0,0.0,0.0,0.0,0.0,1.0,12,3,9,09/17/2024,2024-09-17,12:14:00
09/17/2024 06:30:00 AM,5.0,2,1,6,5,1,3,1,0,1,2,UNABLE TO DETERMINE,2,1,0.0,0.0,0.0,0.0,0.0,2.0,6,3,9,09/17/2024,2024-09-17,06:30:00
09/15/2024 01:23:00 PM,7.0,2,1,4,6,1,3,3,0,1,3,NOT APPLICABLE,2,1,0.0,0.0,0.0,0.0,0.0,2.0,13,1,9,09/15/2024,2024-09-15,13:23:00
09/18/2024 02:20:00 PM,5.0,2,1,6,5,1,3,1,0,0,3,IMPROPER TURNING/NO SIGNAL,2,1,0.0,0.0,0.0,0.0,0.0,2.0,14,4,9,09/18/2024,2024-09-18,14:20:00
09/15/2024 10:54:00 PM,3.0,2,4,3,10,1,3,1,0,0,3,IMPROPER OVERTAKING/PASSING,2,1,0.0,0.0,0.0,0.0,0.0,2.0,22,1,9,09/15/2024,2024-09-15,22:54:00
09/18/2024 02:42:00 PM,7.0,2,1,5,3,1,3,3,1,1,3,DISREGARDING STOP SIGN,2,3,2.0,0.0,0.0,2.0,0.0,1.0,14,4,9,09/18/2024,2024-09-18,14:42:00
09/14/2024 02:41:00 PM,5.0,2,1,10,6,1,3,3,0,1,1,"EVASIVE ACTION DUE TO ANIMAL, OBJECT, NONMOTORIST",2,1,0.0,0.0,0.0,0.0,0.0,2.0,14,7,9,09/14/2024,2024-09-14,14:41:00
09/17/2024 06:30:00 PM,7.0,2,1,5,5,1,3,3,1,1,3,FAILING TO YIELD RIGHT-OF-WAY,2,2,1.0,0.0,0.0,0.0,1.0,1.0,18,3,9,09/17/2024,2024-09-17,18:30:00
09/18/2024 11:10:00 AM,7.0,2,1,6,6,1,3,3,0,1,3,FAILING TO YIELD RIGHT-OF-WAY,2,1,0.0,0.0,0.0,0.0,0.0,2.0,11,4,9,09/18/2024,2024-09-18,11:10:00
09/18/2024 03:28:00 PM,5.0,2,1,4,5,1,3,1,0,1,3,UNABLE TO DETERMINE,2,1,0.0,0.0,0.0,0.0,0.0,2.0,15,4,9,09/18/2024,2024-09-18,15:28:00
09/16/2024 08:30:00 AM,5.0,2,1,3,6,1,3,3,1,1,2,IMPROPER TURNING/NO SIGNAL,2,1,0.0,0.0,0.0,0.0,0.0,2.0,8,2,9,09/16/2024,2024-09-16,08:30:00
09/17/2024 01:30:00 PM,3.0,2,1,6,6,1,3,3,0,1,3,IMPROPER TURNING/NO SIGNAL,2,1,0.0,0.0,0.0,0.0,0.0,2.0,13,3,9,09/17/2024,2024-09-17,13:30:00
09/17/2024 10:08:00 AM,3.0,2,1,6,6,1,3,3,0,1,3,IMPROPER TURNING/NO SIGNAL,2,1,0.0,0.0,0.0,0.0,0.0,2.0,10,3,9,09/17/2024,2024-09-17,10:08:00
09/17/2024 11:05:00 AM,5.0,2,1,6,5,1,3,3,1,1,1,UNABLE TO DETERMINE,2,3,1.0,0.0,0.0,1.0,0.0,1.0,11,3,9,09/17/2024,2024-09-17,11:05:00
09/18/2024 08:18:00 AM,5.0,2,1,5,7,1,3,3,1,1,3,NOT APPLICABLE,2,3,1.0,0.0,0.0,1.0,0.0,1.0,8,4,9,09/18/2024,2024-09-18,08:18:00
09/18/2024 12:18:00 PM,7.0,2,1,6,5,1,3,3,0,1,3,IMPROPER OVERTAKING/PASSING,2,1,0.0,0.0,0.0,0.0,0.0,2.0,12,4,9,09/18/2024,2024-09-18,12:18:00
09/16/2024 06:30:00 PM,5.0,2,1,4,5,1,3,3,0,1,3,FAILING TO REDUCE SPEED TO AVOID CRASH,2,1,0.0,0.0,0.0,0.0,0.0,2.0,18,2,9,09/16/2024,2024-09-16,18:30:00
09/18/2024 07:33:00 PM,5.0,2,4,5,5,1,3,1,1,1,3,UNABLE TO DETERMINE,2,3,1.0,0.0,0.0,1.0,0.0,1.0,19,4,9,09/18/2024,2024-09-18,19:33:00
09/16/2024 11:29:00 PM,3.0,2,4,14,6,1,3,3,0,1,2,FAILING TO REDUCE SPEED TO AVOID CRASH,2,1,0.0,0.0,0.0,0.0,0.0,2.0,23,2,9,09/16/2024,2024-09-16,23:29:00
09/17/2024 09:00:00 AM,3.0,2,1,6,5,1,3,3,0,1,3,FAILING TO YIELD RIGHT-OF-WAY,2,1,0.0,0.0,0.0,0.0,0.0,2.0,9,3,9,09/17/2024,2024-09-17,09:00:00
09/16/2024 10:16:00 PM,5.0,2,4,13,6,1,3,3,0,1,1,NOT APPLICABLE,2,1,0.0,0.0,0.0,0.0,0.0,2.0,22,2,9,09/16/2024,2024-09-16,22:16:00
09/18/2024 03:20:00 PM,7.0,2,1,5,5,1,3,3,0,1,3,FAILING TO YIELD RIGHT-OF-WAY,2,1,0.0,0.0,0.0,0.0,0.0,4.0,15,4,9,09/18/2024,2024-09-18,15:20:00
09/18/2024 11:10:00 AM,5.0,2,1,4,6,1,3,3,0,1,3,FOLLOWING TOO CLOSELY,2,1,0.0,0.0,0.0,0.0,0.0,2.0,11,4,9,09/18/2024,2024-09-18,11:10:00
09/18/2024 06:25:00 PM,5.0,2,3,4,5,1,3,3,0,1,3,UNABLE TO DETERMINE,2,1,0.0,0.0,0.0,0.0,0.0,2.0,18,4,9,09/18/2024,2024-09-18,18:25:00
09/18/2024 05:20:00 PM,7.0,2,3,5,5,1,1,1,0,1,2,FAILING TO YIELD RIGHT-OF-WAY,2,1,0.0,0.0,0.0,0.0,0.0,2.0,17,4,9,09/18/2024,2024-09-18,17:20:00
09/16/2024 08:20:00 PM,5.0,2,5,6,5,1,3,3,0,1,3,UNABLE TO DETERMINE,2,1,0.0,0.0,0.0,0.0,0.0,2.0,20,2,9,09/16/2024,2024-09-16,20:20:00
09/18/2024 09:33:00 AM,5.0,2,1,6,5,1,3,1,1,1,3,FOLLOWING TOO CLOSELY,2,1,0.0,0.0,0.0,0.0,0.0,2.0,9,4,9,09/18/2024,2024-09-18,09:33:00
09/18/2024 06:50:00 AM,7.0,2,1,14,5,1,3,3,1,1,1,UNABLE TO DETERMINE,2,3,1.0,0.0,0.0,1.0,0.0,1.0,6,4,9,09/18/2024,2024-09-18,06:50:00
09/16/2024 07:00:00 AM,3.0,2,1,6,6,1,3,3,0,1,3,UNABLE TO DETERMINE,2,1,0.0,0.0,0.0,0.0,0.0,2.0,7,2,9,09/16/2024,2024-09-16,07:00:00
09/17/2024 08:25:00 AM,5.0,2,1,3,6,1,3,3,0,1,2,UNABLE TO DETERMINE,2,1,0.0,0.0,0.0,0.0,0.0,4.0,8,3,9,09/17/2024,2024-09-17,08:25:00
09/17/2024 03:30:00 PM,5.0,2,1,6,6,1,3,3,0,1,3,UNABLE TO DETERMINE,2,1,0.0,0.0,0.0,0.0,0.0,3.0,15,3,9,09/17/2024,2024-09-17,15:30:00
09/18/2024 09:30:00 AM,7.0,2,1,6,4,1,3,3,0,1,3,UNABLE TO DETERMINE,2,1,0.0,0.0,0.0,0.0,0.0,2.0,9,4,9,09/18/2024,2024-09-18,09:30:00
09/18/2024 06:11:00 PM,5.0,2,2,13,4,1,3,3,0,1,1,FOLLOWING TOO CLOSELY,2,1,0.0,0.0,0.0,0.0,0.0,5.0,18,4,9,09/18/2024,2024-09-18,18:11:00
09/15/2024 05:12:00 PM,5.0,2,1,5,6,1,3,3,1,1,3,DISREGARDING TRAFFIC SIGNALS,2,1,0.0,0.0,0.0,0.0,0.0,4.0,17,1,9,09/15/2024,2024-09-15,17:12:00
09/17/2024 05:13:00 PM,7.0,2,1,14,10,1,3,3,1,1,1,IMPROPER TURNING/NO SIGNAL,2,3,1.0,0.0,0.0,1.0,0.0,1.0,17,3,9,09/17/2024,2024-09-17,17:13:00
09/18/2024 08:47:00 AM,5.0,2,1,5,5,1,3,3,1,1,3,FAILING TO YIELD RIGHT-OF-WAY,2,3,1.0,0.0,0.0,1.0,0.0,2.0,8,4,9,09/18/2024,2024-09-18,08:47:00
09/18/2024 07:55:00 PM,7.0,2,4,5,6,1,3,3,0,1,3,FAILING TO YIELD RIGHT-OF-WAY,2,1,0.0,0.0,0.0,0.0,0.0,2.0,19,4,9,09/18/2024,2024-09-18,19:55:00
09/16/2024 07:14:00 PM,5.0,2,1,6,1,1,1,1,0,1,3,UNABLE TO DETERMINE,2,1,0.0,0.0,0.0,0.0,0.0,4.0,19,2,9,09/16/2024,2024-09-16,19:14:00
09/18/2024 09:00:00 PM,7.0,2,4,6,5,1,3,3,1,1,3,FAILING TO YIELD RIGHT-OF-WAY,2,3,1.0,0.0,0.0,1.0,0.0,3.0,21,4,9,09/18/2024,2024-09-18,21:00:00
09/18/2024 04:22:00 PM,3.0,2,1,6,6,1,3,3,1,1,3,FAILING TO YIELD RIGHT-OF-WAY,2,1,0.0,0.0,0.0,0.0,0.0,2.0,16,4,9,09/18/2024,2024-09-18,16:22:00
09/16/2024 07:56:00 AM,7.0,2,1,5,6,1,3,3,1,1,3,FAILING TO YIELD RIGHT-OF-WAY,2,1,0.0,0.0,0.0,0.0,0.0,2.0,7,2,9,09/16/2024,2024-09-16,07:56:00
09/04/2024 11:05:00 PM,5.0,2,4,3,13,1,3,3,1,1,3,FAILING TO REDUCE SPEED TO AVOID CRASH,2,3,1.0,0.0,0.0,1.0,0.0,3.0,23,4,9,09/04/2024,2024-09-04,23:05:00
09/04/2024 12:48:00 PM,5.0,2,1,14,6,1,3,3,0,1,1,BICYCLE ADVANCING LEGALLY ON RED LIGHT,2,1,0.0,0.0,0.0,0.0,0.0,2.0,12,4,9,09/04/2024,2024-09-04,12:48:00