crash_date,traffic_control_device,weather_condition,lighting_condition,first_crash_type,trafficway_type,alignment,roadway_surface_cond,road_defect,crash_type,intersection_related_i,damage,prim_contributory_cause,num_units,most_severe_injury,injuries_total,injuries_fatal,injuries_incapacitating,injuries_non_incapacitating,injuries_reported_not_evident,injuries_no_indication,crash_hour,crash_day_of_week,crash_month,parsed_datetime,date,time
09/05/2024 04:43:00 PM,5.0,2,1,14,4,1,3,3,1,0,3,DISREGARDING TRAFFIC SIGNALS,2,3,1.0,0.0,0.0,1.0,0.0,2.0,16,5,9,09/05/2024,2024-09-05,16:43:00
09/05/2024 04:11:00 PM,5.0,2,1,8,5,1,3,3,0,1,3,UNABLE TO DETERMINE,2,1,0.0,0.0,0.0,0.0,0.0,3.0,16,5,9,09/05/2024,2024-09-05,16:11:00
09/05/2024 03:35:00 PM,3.0,4,1,10,5,1,3,3,0,1,2,UNABLE TO DETERMINE,2,1,0.0,0.0,0.0,0.0,0.0,2.0,15,5,9,09/05/2024,2024-09-05,15:35:00
09/05/2024 07:30:00 AM,5.0,2,1,4,7,1,3,3,0,1,3,FOLLOWING TOO CLOSELY,2,1,0.0,0.0,0.0,0.0,0.0,3.0,7,5,9,09/05/2024,2024-09-05,07:30:00
09/05/2024 01:35:00 PM,5.0,2,1,4,5,1,3,3,1,1,2,DRIVING SKILLS/KNOWLEDGE/EXPERIENCE,2,2,1.0,0.0,0.0,0.0,1.0,3.0,13,5,9,09/05/2024,2024-09-05,13:35:00
09/05/2024 11:58:00 AM,5.0,2,1,4,6,1,3,3,0,1,3,FAILING TO REDUCE SPEED TO AVOID CRASH,2,1,0.0,0.0,0.0,0.0,0.0,2.0,11,5,9,09/05/2024,2024-09-05,11:58:00
09/05/2024 12:39:00 PM,5.0,2,1,6,7,2,3,3,0,1,3,FAILING TO YIELD RIGHT-OF-WAY,2,1,0.0,0.0,0.0,0.0,0.0,3.0,12,5,9,09/05/2024,2024-09-05,12:39:00
09/05/2024 05:30:00 PM,5.0,2,1,4,6,1,3,3,0,1,3,FOLLOWING TOO CLOSELY,2,1,0.0,0.0,0.0,0.0,0.0,2.0,17,5,9,09/05/2024,2024-09-05,17:30:00
09/05/2024 09:00:00 AM,5.0,2,1,4,10,1,3,1,1,1,3,FOLLOWING TOO CLOSELY,2,3,1.0,0.0,0.0,1.0,0.0,1.0,9,5,9,09/05/2024,2024-09-05,09:00:00
09/05/2024 01:22:00 PM,5.0,2,1,6,5,1,3,1,0,1,3,IMPROPER LANE USAGE,2,1,0.0,0.0,0.0,0.0,0.0,2.0,13,5,9,09/05/2024,2024-09-05,13:22:00
09/05/2024 08:55:00 AM,3.0,2,1,6,6,1,3,3,0,1,3,FAILING TO YIELD RIGHT-OF-WAY,2,1,0.0,0.0,0.0,0.0,0.0,2.0,8,5,9,09/05/2024,2024-09-05,08:55:00
09/05/2024 08:23:00 AM,7.0,2,1,6,6,1,3,3,0,1,2,UNABLE TO DETERMINE,2,1,0.0,0.0,0.0,0.0,0.0,4.0,8,5,9,09/05/2024,2024-09-05,08:23:00
09/05/2024 06:20:00 PM,3.0,2,1,5,5,1,1,1,1,1,3,FAILING TO REDUCE SPEED TO AVOID CRASH,2,4,1.0,0.0,1.0,0.0,0.0,1.0,18,5,9,09/05/2024,2024-09-05,18:20:00
09/05/2024 04:30:00 PM,5.0,2,1,5,5,1,3,3,0,1,3,FAILING TO YIELD RIGHT-OF-WAY,2,1,0.0,0.0,0.0,0.0,0.0,2.0,16,5,9,09/05/2024,2024-09-05,16:30:00
09/05/2024 08:20:00 AM,5.0,2,1,3,5,1,3,1,0,1,2,IMPROPER OVERTAKING/PASSING,2,1,0.0,0.0,0.0,0.0,0.0,2.0,8,5,9,09/05/2024,2024-09-05,08:20:00
09/05/2024 09:00:00 AM,5.0,2,1,3,14,1,3,1,1,1,3,UNABLE TO DETERMINE,2,3,1.0,0.0,0.0,1.0,0.0,1.0,9,5,9,09/05/2024,2024-09-05,09:00:00
09/05/2024 08:00:00 PM,5.0,2,1,5,5,1,1,3,0,1,3,DISREGARDING TRAFFIC SIGNALS,2,1,0.0,0.0,0.0,0.0,0.0,2.0,20,5,9,09/05/2024,2024-09-05,20:00:00
09/05/2024 08:00:00 PM,5.0,2,4,9,9,1,3,1,1,1,3,FAILING TO YIELD RIGHT-OF-WAY,2,2,1.0,0.0,0.0,0.0,1.0,3.0,20,5,9,09/05/2024,2024-09-05,20:00:00
09/05/2024 02:13:00 PM,7.0,2,1,6,6,1,3,1,1,1,3,UNABLE TO DETERMINE,2,1,0.0,0.0,0.0,0.0,0.0,2.0,14,5,9,09/05/2024,2024-09-05,14:13:00
09/05/2024 09:00:00 PM,1.0,2,1,4,6,1,1,1,0,1,3,UNABLE TO DETERMINE,2,1,0.0,0.0,0.0,0.0,0.0,3.0,21,5,9,09/05/2024,2024-09-05,21:00:00
09/05/2024 06:05:00 PM,7.0,2,1,6,6,1,3,3,1,1,3,IMPROPER OVERTAKING/PASSING,2,3,1.0,0.0,0.0,1.0,0.0,1.0,18,5,9,09/05/2024,2024-09-05,18:05:00
09/05/2024 10:50:00 AM,7.0,2,1,11,7,1,3,3,1,1,3,IMPROPER OVERTAKING/PASSING,2,1,0.0,0.0,0.0,0.0,0.0,1.0,10,5,9,09/05/2024,2024-09-05,10:50:00
09/05/2024 09:52:00 PM,7.0,2,4,5,6,1,3,1,0,1,3,FAILING TO YIELD RIGHT-OF-WAY,2,1,0.0,0.0,0.0,0.0,0.0,2.0,21,5,9,09/05/2024,2024-09-05,21:52:00
09/23/2024 01:07:00 AM,3.0,2,4,6,5,1,3,3,1,1,3,IMPROPER TURNING/NO SIGNAL,2,3,1.0,0.0,0.0,1.0,0.0,1.0,1,2,9,09/23/2024,2024-09-23,01:07:00
09/05/2024 07:48:00 AM,3.0,2,1,6,5,1,3,1,1,1,3,FAILING TO YIELD RIGHT-OF-WAY,2,3,1.0,0.0,0.0,1.0,0.0,2.0,7,5,9,09/05/2024,2024-09-05,07:48:00
09/05/2024 05:45:00 AM,5.0,2,4,6,6,1,3,3,0,1,3,UNABLE TO DETERMINE,2,1,0.0,0.0,0.0,0.0,0.0,3.0,5,5,9,09/05/2024,2024-09-05,05:45:00
09/24/2024 05:36:00 PM,4.0,4,3,5,5,1,4,3,0,1,3,FAILING TO YIELD RIGHT-OF-WAY,2,1,0.0,0.0,0.0,0.0,0.0,2.0,17,3,9,09/24/2024,2024-09-24,17:36:00
09/20/2024 07:40:00 PM,3.0,2,1,8,7,1,3,7,0,1,3,IMPROPER BACKING,2,1,0.0,0.0,0.0,0.0,0.0,2.0,19,6,9,09/20/2024,2024-09-20,19:40:00
09/18/2024 03:54:00 PM,5.0,2,1,4,6,1,3,1,0,1,3,UNABLE TO DETERMINE,2,1,0.0,0.0,0.0,0.0,0.0,3.0,15,4,9,09/18/2024,2024-09-18,15:54:00
09/18/2024 12:50:00 PM,3.0,2,1,5,4,1,3,3,0,1,3,UNABLE TO DETERMINE,2,1,0.0,0.0,0.0,0.0,0.0,2.0,12,4,9,09/18/2024,2024-09-18,12:50:00
09/18/2024 04:30:00 PM,7.0,2,1,5,1,1,1,1,0,1,3,UNABLE TO DETERMINE,2,1,0.0,0.0,0.0,0.0,0.0,2.0,16,4,9,09/18/2024,2024-09-18,16:30:00
09/19/2024 10:12:00 PM,5.0,2,2,6,10,1,3,1,0,1,2,UNABLE TO DETERMINE,2,1,0.0,0.0,0.0,0.0,0.0,2.0,22,5,9,09/19/2024,2024-09-19,22:12:00
09/20/2024 01:56:00 PM,5.0,2,1,4,5,1,3,3,0,1,3,FAILING TO YIELD RIGHT-OF-WAY,2,1,0.0,0.0,0.0,0.0,0.0,2.0,13,6,9,09/20/2024,2024-09-20,13:56:00
09/20/2024 08:24:00 AM,7.0,2,1,5,6,1,3,3,1,1,3,FAILING TO YIELD RIGHT-OF-WAY,2,1,0.0,0.0,0.0,0.0,0.0,2.0,8,6,9,09/20/2024,2024-09-20,08:24:00
09/19/2024 04:00:00 PM,3.0,2,3,4,6,1,3,3,0,1,2,IMPROPER LANE USAGE,2,1,0.0,0.0,0.0,0.0,0.0,2.0,16,5,9,09/19/2024,2024-09-19,16:00:00
09/20/2024 06:00:00 PM,5.0,2,1,4,4,1,3,3,0,1,2,FOLLOWING TOO CLOSELY,2,1,0.0,0.0,0.0,0.0,0.0,2.0,18,6,9,09/20/2024,2024-09-20,18:00:00
09/21/2024 12:10:00 AM,3.0,2,4,14,1,1,3,3,1,1,3,HAD BEEN DRINKING (USE WHEN ARREST IS NOT MADE),2,4,1.0,0.0,1.0,0.0,0.0,0.0,0,7,9,09/21/2024,2024-09-21,00:10:00
09/21/2024 02:00:00 AM,5.0,2,4,4,5,1,1,1,0,1,2,UNABLE TO DETERMINE,2,1,0.0,0.0,0.0,0.0,0.0,3.0,2,7,9,09/21/2024,2024-09-21,02:00:00
09/16/2024 09:44:00 PM,7.0,2,4,5,6,1,3,3,1,1,3,FAILING TO YIELD RIGHT-OF-WAY,2,1,0.0,0.0,0.0,0.0,0.0,3.0,21,2,9,09/16/2024,2024-09-16,21:44:00
08/22/2024 12:06:00 PM,3.0,2,1,5,6,1,3,3,1,1,3,FAILING TO YIELD RIGHT-OF-WAY,2,1,0.0,0.0,0.0,0.0,0.0,2.0,12,5,8,08/22/2024,2024-08-22,12:06:00
09/20/2024 07:53:00 AM,7.0,2,1,14,5,1,3,3,1,1,2,UNABLE TO DETERMINE,2,3,2.0,0.0,0.0,1.0,1.0,3.0,7,6,9,09/20/2024,2024-09-20,07:53:00
09/20/2024 05:53:00 PM,5.0,2,1,6,5,1,3,3,0,1,3,FAILING TO YIELD RIGHT-OF-WAY,2,1,0.0,0.0,0.0,0.0,0.0,5.0,17,6,9,09/20/2024,2024-09-20,17:53:00
09/13/2024 03:30:00 PM,7.0,2,1,4,4,1,3,3,0,1,3,FOLLOWING TOO CLOSELY,2,1,0.0,0.0,0.0,0.0,0.0,2.0,15,6,9,09/13/2024,2024-09-13,15:30:00
09/19/2024 10:10:00 PM,3.0,2,3,4,6,1,1,3,0,1,2,IMPROPER LANE USAGE,2,1,0.0,0.0,0.0,0.0,0.0,2.0,22,5,9,09/19/2024,2024-09-19,22:10:00
09/20/2024 07:40:00 AM,5.0,2,1,6,5,1,3,3,0,1,3,FAILING TO YIELD RIGHT-OF-WAY,2,1,0.0,0.0,0.0,0.0,0.0,9.0,7,6,9,09/20/2024,2024-09-20,07:40:00
09/19/2024 10:58:00 PM,5.0,2,4,7,5,1,3,3,1,1,2,FAILING TO YIELD RIGHT-OF-WAY,2,1,0.0,0.0,0.0,0.0,0.0,2.0,22,5,9,09/19/2024,2024-09-19,22:58:00
09/19/2024 11:37:00 AM,7.0,2,1,6,5,1,3,3,0,1,3,FAILING TO YIELD RIGHT-OF-WAY,2,1,0.0,0.0,0.0,0.0,0.0,2.0,11,5,9,09/19/2024,2024-09-19,11:37:00
09/18/2024 07:30:00 PM,7.0,2,5,13,5,1,3,3,0,1,3,FAILING TO YIELD RIGHT-OF-WAY,2,1,0.0,0.0,0.0,0.0,0.0,3.0,19,4,9,09/18/2024,2024-09-18,19:30:00
09/20/2024 03:17:00 PM,5.0,2,1,2,5,1,3,3,1,1,3,DISREGARDING TRAFFIC SIGNALS,2,3,1.0,0.0,0.0,1.0,0.0,1.0,15,6,9,09/20/2024,2024-09-20,15:17:00
09/18/2024 03:20:00 PM,3.0,2,1,4,6,1,3,3,0,1,3,FOLLOWING TOO CLOSELY,2,1,0.0,0.0,0.0,0.0,0.0,3.0,15,4,9,09/18/2024,2024-09-18,15:20:00
09/20/2024 07:35:00 PM,5.0,2,4,14,6,1,3,1,1,1,2,FAILING TO YIELD RIGHT-OF-WAY,2,3,1.0,0.0,0.0,1.0,0.0,1.0,19,6,9,09/20/2024,2024-09-20,19:35:00
09/19/2024 06:25:00 PM,3.0,2,1,4,6,1,3,3,0,1,3,FOLLOWING TOO CLOSELY,2,1,0.0,0.0,0.0,0.0,0.0,2.0,18,5,9,09/19/2024,2024-09-19,18:25:00
09/21/2024 12:04:00 AM,5.0,2,4,6,5,1,3,3,1,1,3,DRIVING SKILLS/KNOWLEDGE/EXPERIENCE,2,1,0.0,0.0,0.0,0.0,0.0,2.0,0,7,9,09/21/2024,2024-09-21,00:04:00
09/20/2024 06:20:00 AM,5.0,2,2,13,6,1,3,1,1,1,1,FAILING TO YIELD RIGHT-OF-WAY,2,3,2.0,0.0,0.0,2.0,0.0,0.0,6,6,9,09/20/2024,2024-09-20,06:20:00
09/20/2024 03:40:00 PM,5.0,2,1,13,5,1,3,3,1,1,1,FAILING TO YIELD RIGHT-OF-WAY,2,2,1.0,0.0,0.0,0.0,1.0,1.0,15,6,9,09/20/2024,2024-09-20,15:40:00
09/19/2024 11:45:00 AM,5.0,2,1,3,6,1,3,3,0,1,1,UNABLE TO DETERMINE,2,1,0.0,0.0,0.0,0.0,0.0,2.0,11,5,9,09/19/2024,2024-09-19,11:45:00
09/20/2024 05:00:00 PM,5.0,2,1,5,5,1,3,3,0,1,3,FAILING TO YIELD RIGHT-OF-WAY,2,1,0.0,0.0,0.0,0.0,0.0,4.0,17,6,9,09/20/2024,2024-09-20,17:00:00
09/20/2024 04:08:00 PM,5.0,2,1,5,5,1,3,1,1,1,3,DISREGARDING TRAFFIC SIGNALS,2,1,0.0,0.0,0.0,0.0,0.0,3.0,16,6,9,09/20/2024,2024-09-20,16:08:00
09/20/2024 03:40:00 PM,5.0,2,1,6,5,1,3,7,0,1,3,FOLLOWING TOO CLOSELY,2,1,0.0,0.0,0.0,0.0,0.0,2.0,15,6,9,09/20/2024,2024-09-20,15:40:00
09/20/2024 09:20:00 AM,3.0,2,1,4,5,1,3,3,0,1,2,FOLLOWING TOO CLOSELY,2,1,0.0,0.0,0.0,0.0,0.0,2.0,9,6,9,09/20/2024,2024-09-20,09:20:00
09/20/2024 06:02:00 PM,5.0,2,1,6,5,1,3,1,0,0,1,UNABLE TO DETERMINE,2,1,0.0,0.0,0.0,0.0,0.0,4.0,18,6,9,09/20/2024,2024-09-20,18:02:00
09/20/2024 03:39:00 PM,5.0,2,1,6,5,1,3,3,1,1,3,IMPROPER TURNING/NO SIGNAL,2,1,0.0,0.0,0.0,0.0,0.0,4.0,15,6,9,09/20/2024,2024-09-20,15:39:00
09/20/2024 02:00:00 PM,7.0,2,1,6,5,1,3,3,1,1,3,IMPROPER TURNING/NO SIGNAL,2,3,1.0,0.0,0.0,1.0,0.0,1.0,14,6,9,09/20/2024,2024-09-20,14:00:00
09/19/2024 08:05:00 AM,5.0,2,1,4,5,1,3,3,0,1,3,FOLLOWING TOO CLOSELY,2,1,0.0,0.0,0.0,0.0,0.0,2.0,8,5,9,09/19/2024,2024-09-19,08:05:00
09/19/2024 12:49:00 PM,1.0,2,1,6,6,1,1,1,0,1,2,DRIVING SKILLS/KNOWLEDGE/EXPERIENCE,2,1,0.0,0.0,0.0,0.0,0.0,2.0,12,5,9,09/19/2024,2024-09-19,12:49:00
09/20/2024 07:35:00 AM,7.0,2,1,5,6,1,3,3,1,1,3,FAILING TO YIELD RIGHT-OF-WAY,2,2,1.0,0.0,0.0,0.0,1.0,1.0,7,6,9,09/20/2024,2024-09-20,07:35:00
09/20/2024 04:20:00 PM,5.0,2,1,13,5,1,3,3,1,1,1,FAILING TO REDUCE SPEED TO AVOID CRASH,2,4,1.0,0.0,1.0,0.0,0.0,1.0,16,6,9,09/20/2024,2024-09-20,16:20:00
09/06/2024 04:14:00 PM,5.0,2,1,10,14,1,3,1,1,1,3,FAILING TO YIELD RIGHT-OF-WAY,2,1,0.0,0.0,0.0,0.0,0.0,4.0,16,6,9,09/06/2024,2024-09-06,16:14:00
09/24/2024 07:30:00 PM,5.0,2,4,10,6,1,3,3,0,1,3,NOT APPLICABLE,2,1,0.0,0.0,0.0,0.0,0.0,2.0,19,3,9,09/24/2024,2024-09-24,19:30:00
09/25/2024 02:38:00 PM,3.0,2,1,5,5,1,3,3,1,1,3,UNABLE TO DETERMINE,2,3,1.0,0.0,0.0,1.0,0.0,2.0,14,4,9,09/25/2024,2024-09-25,14:38:00
09/06/2024 12:52:00 PM,5.0,2,1,13,1,1,3,3,1,1,1,FAILING TO YIELD RIGHT-OF-WAY,2,3,1.0,0.0,0.0,1.0,0.0,2.0,12,6,9,09/06/2024,2024-09-06,12:52:00
09/06/2024 08:44:00 AM,3.0,2,1,3,10,1,3,3,0,0,3,FAILING TO YIELD RIGHT-OF-WAY,2,1,0.0,0.0,0.0,0.0,0.0,3.0,8,6,9,09/06/2024,2024-09-06,08:44:00
09/25/2024 12:30:00 PM,3.0,2,1,4,5,1,3,3,0,1,3,FOLLOWING TOO CLOSELY,2,1,0.0,0.0,0.0,0.0,0.0,2.0,12,4,9,09/25/2024,2024-09-25,12:30:00
09/06/2024 09:15:00 AM,5.0,2,1,6,5,1,4,3,0,1,2,FAILING TO YIELD RIGHT-OF-WAY,2,1,0.0,0.0,0.0,0.0,0.0,2.0,9,6,9,09/06/2024,2024-09-06,09:15:00
09/06/2024 03:20:00 PM,7.0,2,1,4,10,1,1,1,0,1,3,UNABLE TO DETERMINE,2,1,0.0,0.0,0.0,0.0,0.0,2.0,15,6,9,09/06/2024,2024-09-06,15:20:00
09/25/2024 10:35:00 AM,3.0,2,1,11,6,1,3,3,0,1,1,UNABLE TO DETERMINE,2,1,0.0,0.0,0.0,0.0,0.0,1.0,10,4,9,09/25/2024,2024-09-25,10:35:00
09/06/2024 03:22:00 PM,1.0,2,1,6,3,1,3,3,0,1,3,FAILING TO YIELD RIGHT-OF-WAY,2,1,0.0,0.0,0.0,0.0,0.0,3.0,15,6,9,09/06/2024,2024-09-06,15:22:00
09/06/2024 03:40:00 PM,5.0,2,1,3,5,1,3,3,0,1,2,UNABLE TO DETERMINE,2,1,0.0,0.0,0.0,0.0,0.0,2.0,15,6,9,09/06/2024,2024-09-06,15:40:00
09/06/2024 08:30:00 PM,5.0,2,4,6,5,1,3,3,0,1,2,FAILING TO REDUCE SPEED TO AVOID CRASH,2,1,0.0,0.0,0.0,0.0,0.0,2.0,20,6,9,09/06/2024,2024-09-06,20:30:00
09/06/2024 07:38:00 PM,5.0,2,4,13,5,1,3,3,1,1,3,FAILING TO YIELD RIGHT-OF-WAY,2,3,1.0,0.0,0.0,1.0,0.0,1.0,19,6,9,09/06/2024,2024-09-06,19:38:00
09/06/2024 03:50:00 PM,5.0,2,1,5,6,1,3,3,0,1,3,DISREGARDING TRAFFIC SIGNALS,2,1,0.0,0.0,0.0,0.0,0.0,2.0,15,6,9,09/06/2024,2024-09-06,15:50:00
09/06/2024 05:20:00 PM,5.0,2,1,6,6,1,1,1,0,1,2,FAILING TO YIELD RIGHT-OF-WAY,2,1,0.0,0.0,0.0,0.0,0.0,4.0,17,6,9,09/06/2024,2024-09-06,17:20:00
09/06/2024 02:40:00 PM,5.0,2,1,14,6,1,3,3,0,1,1,UNABLE TO DETERMINE,2,1,0.0,0.0,0.0,0.0,0.0,2.0,14,6,9,09/06/2024,2024-09-06,14:40:00
09/26/2024 03:47:00 PM,7.0,2,1,4,6,1,3,1,1,1,3,FOLLOWING TOO CLOSELY,2,1,0.0,0.0,0.0,0.0,0.0,3.0,15,5,9,09/26/2024,2024-09-26,15:47:00
09/26/2024 07:55:00 AM,5.0,2,1,6,5,1,3,3,0,1,3,FAILING TO YIELD RIGHT-OF-WAY,2,1,0.0,0.0,0.0,0.0,0.0,3.0,7,5,9,09/26/2024,2024-09-26,07:55:00
09/06/2024 08:40:00 AM,7.0,2,1,11,6,1,3,3,0,0,3,FOLLOWING TOO CLOSELY,2,1,0.0,0.0,0.0,0.0,0.0,1.0,8,6,9,09/06/2024,2024-09-06,08:40:00
09/06/2024 07:45:00 AM,5.0,2,1,6,6,2,3,3,0,1,2,FAILING TO YIELD RIGHT-OF-WAY,2,1,0.0,0.0,0.0,0.0,0.0,2.0,7,6,9,09/06/2024,2024-09-06,07:45:00
09/06/2024 08:40:00 AM,5.0,2,1,3,7,1,3,3,0,1,3,UNABLE TO DETERMINE,2,1,0.0,0.0,0.0,0.0,0.0,2.0,8,6,9,09/06/2024,2024-09-06,08:40:00
09/06/2024 04:30:00 PM,5.0,2,1,4,12,1,3,1,0,1,3,FOLLOWING TOO CLOSELY,2,1,0.0,0.0,0.0,0.0,0.0,2.0,16,6,9,09/06/2024,2024-09-06,16:30:00
09/06/2024 05:29:00 PM,3.0,2,1,13,5,1,3,3,1,1,3,DRIVING ON WRONG SIDE/WRONG WAY,2,2,1.0,0.0,0.0,0.0,1.0,2.0,17,6,9,09/06/2024,2024-09-06,17:29:00
09/06/2024 05:20:00 PM,5.0,2,1,4,7,1,3,3,0,1,2,FOLLOWING TOO CLOSELY,2,1,0.0,0.0,0.0,0.0,0.0,3.0,17,6,9,09/06/2024,2024-09-06,17:20:00
09/06/2024 03:00:00 PM,3.0,3,1,6,12,1,3,3,1,1,3,UNABLE TO DETERMINE,2,3,2.0,0.0,0.0,2.0,0.0,1.0,15,6,9,09/06/2024,2024-09-06,15:00:00
09/06/2024 12:50:00 PM,5.0,2,1,5,4,1,1,1,0,1,3,FAILING TO YIELD RIGHT-OF-WAY,2,1,0.0,0.0,0.0,0.0,0.0,2.0,12,6,9,09/06/2024,2024-09-06,12:50:00
09/06/2024 12:00:00 PM,5.0,2,1,6,7,1,3,3,0,1,3,IMPROPER TURNING/NO SIGNAL,2,1,0.0,0.0,0.0,0.0,0.0,2.0,12,6,9,09/06/2024,2024-09-06,12:00:00
09/06/2024 06:31:00 PM,5.0,2,1,6,5,1,3,3,1,1,3,FAILING TO REDUCE SPEED TO AVOID CRASH,2,1,0.0,0.0,0.0,0.0,0.0,2.0,18,6,9,09/06/2024,2024-09-06,18:31:00
09/06/2024 08:45:00 AM,5.0,2,1,3,6,1,3,1,0,1,3,IMPROPER OVERTAKING/PASSING,2,1,0.0,0.0,0.0,0.0,0.0,2.0,8,6,9,09/06/2024,2024-09-06,08:45:00
09/06/2024 05:56:00 PM,5.0,2,1,5,5,1,3,3,1,1,3,DISREGARDING TRAFFIC SIGNALS,2,1,0.0,0.0,0.0,0.0,0.0,2.0,17,6,9,09/06/2024,2024-09-06,17:56:00
09/06/2024 01:02:00 AM,3.0,2,5,10,6,1,3,3,1,0,2,UNABLE TO DETERMINE,2,1,0.0,0.0,0.0,0.0,0.0,3.0,1,6,9,09/06/2024,2024-09-06,01:02:00
09/06/2024 02:35:00 PM,7.0,3,1,6,7,1,3,3,0,1,3,IMPROPER TURNING/NO SIGNAL,2,1,0.0,0.0,0.0,0.0,0.0,2.0,14,6,9,09/06/2024,2024-09-06,14:35:00
09/06/2024 07:40:00 AM,5.0,2,1,6,5,1,3,3,0,1,1,IMPROPER TURNING/NO SIGNAL,2,1,0.0,0.0,0.0,0.0,0.0,2.0,7,6,9,09/06/2024,2024-09-06,07:40:00
09/06/2024 09:45:00 AM,5.0,2,1,5,5,1,3,3,1,1,3,UNABLE TO DETERMINE,2,1,0.0,0.0,0.0,0.0,0.0,2.0,9,6,9,09/06/2024,2024-09-06,09:45:00
09/06/2024 07:38:00 AM,7.0,2,1,5,6,1,3,3,1,1,3,DISREGARDING STOP SIGN,2,1,0.0,0.0,0.0,0.0,0.0,3.0,7,6,9,09/06/2024,2024-09-06,07:38:00
09/06/2024 05:21:00 PM,7.0,2,1,6,7,1,3,1,0,1,3,DRIVING SKILLS/KNOWLEDGE/EXPERIENCE,2,1,0.0,0.0,0.0,0.0,0.0,4.0,17,6,9,09/06/2024,2024-09-06,17:21:00
09/06/2024 12:22:00 PM,10.0,2,1,3,6,1,3,1,0,0,3,UNABLE TO DETERMINE,2,1,0.0,0.0,0.0,0.0,0.0,3.0,12,6,9,09/06/2024,2024-09-06,12:22:00
09/24/2024 05:20:00 PM,3.0,2,1,5,17,2,3,3,0,0,3,FAILING TO YIELD RIGHT-OF-WAY,2,1,0.0,0.0,0.0,0.0,0.0,2.0,17,3,9,09/24/2024,2024-09-24,17:20:00
09/27/2024 12:57:00 AM,5.0,2,4,5,5,1,3,1,1,1,3,DISREGARDING TRAFFIC SIGNALS,2,4,2.0,0.0,1.0,1.0,0.0,1.0,0,6,9,09/27/2024,2024-09-27,00:57:00
09/20/2024 08:54:00 PM,5.0,2,4,14,5,1,3,3,1,1,3,FAILING TO YIELD RIGHT-OF-WAY,2,3,1.0,0.0,0.0,1.0,0.0,1.0,20,6,9,09/20/2024,2024-09-20,20:54:00
09/21/2024 03:00:00 PM,5.0,2,1,4,5,1,3,3,0,1,3,FAILING TO REDUCE SPEED TO AVOID CRASH,2,1,0.0,0.0,0.0,0.0,0.0,2.0,15,7,9,09/21/2024,2024-09-21,15:00:00
09/21/2024 05:00:00 PM,5.0,2,1,4,5,1,3,1,1,1,3,UNABLE TO DETERMINE,2,3,1.0,0.0,0.0,1.0,0.0,1.0,17,7,9,09/21/2024,2024-09-21,17:00:00
09/20/2024 05:50:00 PM,7.0,2,1,5,5,1,3,3,0,1,3,FAILING TO YIELD RIGHT-OF-WAY,2,1,0.0,0.0,0.0,0.0,0.0,2.0,17,6,9,09/20/2024,2024-09-20,17:50:00
09/21/2024 05:46:00 PM,5.0,2,1,6,5,1,3,3,1,1,3,IMPROPER TURNING/NO SIGNAL,2,2,2.0,0.0,0.0,0.0,2.0,2.0,17,7,9,09/21/2024,2024-09-21,17:46:00
09/21/2024 02:48:00 AM,5.0,2,4,6,9,5,1,1,0,1,3,DRIVING ON WRONG SIDE/WRONG WAY,2,1,0.0,0.0,0.0,0.0,0.0,3.0,2,7,9,09/21/2024,2024-09-21,02:48:00
09/20/2024 02:20:00 AM,5.0,2,4,5,4,1,1,1,1,1,3,UNABLE TO DETERMINE,2,3,2.0,0.0,0.0,1.0,1.0,2.0,2,6,9,09/20/2024,2024-09-20,02:20:00
09/21/2024 04:59:00 AM,5.0,2,5,5,5,1,1,1,1,1,3,DISREGARDING TRAFFIC SIGNALS,2,3,1.0,0.0,0.0,1.0,0.0,1.0,4,7,9,09/21/2024,2024-09-21,04:59:00
09/18/2024 05:00:00 PM,5.0,2,1,10,3,1,3,1,0,1,3,NOT APPLICABLE,2,1,0.0,0.0,0.0,0.0,0.0,2.0,17,4,9,09/18/2024,2024-09-18,17:00:00
09/21/2024 03:05:00 PM,7.0,2,1,5,5,1,3,3,0,1,3,FAILING TO YIELD RIGHT-OF-WAY,2,1,0.0,0.0,0.0,0.0,0.0,3.0,15,7,9,09/21/2024,2024-09-21,15:05:00
09/20/2024 04:51:00 AM,5.0,2,4,5,6,1,3,3,1,1,3,UNABLE TO DETERMINE,2,1,0.0,0.0,0.0,0.0,0.0,2.0,4,6,9,09/20/2024,2024-09-20,04:51:00
09/21/2024 06:41:00 PM,5.0,2,1,6,5,1,3,3,0,1,3,UNABLE TO DETERMINE,2,1,0.0,0.0,0.0,0.0,0.0,3.0,18,7,9,09/21/2024,2024-09-21,18:41:00
09/21/2024 01:00:00 AM,7.0,2,4,3,4,1,3,3,0,1,3,FAILING TO YIELD RIGHT-OF-WAY,2,1,0.0,0.0,0.0,0.0,0.0,2.0,1,7,9,09/21/2024,2024-09-21,01:00:00
09/21/2024 05:40:00 PM,5.0,2,1,4,4,1,3,3,0,1,3,NOT APPLICABLE,2,1,0.0,0.0,0.0,0.0,0.0,2.0,17,7,9,09/21/2024,2024-09-21,17:40:00
09/20/2024 10:25:00 PM,7.0,2,4,6,5,1,3,3,1,1,3,DISREGARDING STOP SIGN,2,2,1.0,0.0,0.0,0.0,1.0,3.0,22,6,9,09/20/2024,2024-09-20,22:25:00
09/21/2024 11:55:00 AM,5.0,2,1,5,5,1,3,1,0,0,2,FAILING TO YIELD RIGHT-OF-WAY,2,1,0.0,0.0,0.0,0.0,0.0,2.0,11,7,9,09/21/2024,2024-09-21,11:55:00