crash_date,traffic_control_device,weather_condition,lighting_condition,first_crash_type,trafficway_type,alignment,roadway_surface_cond,road_defect,crash_type,intersection_related_i,damage,prim_contributory_cause,num_units,most_severe_injury,injuries_total,injuries_fatal,injuries_incapacitating,injuries_non_incapacitating,injuries_reported_not_evident,injuries_no_indication,crash_hour,crash_day_of_week,crash_month,parsed_datetime,date,time
09/23/2024 10:29:00 AM,5.0,2,1,14,5,1,3,3,1,1,2,UNABLE TO DETERMINE,2,2,1.0,0.0,0.0,0.0,1.0,1.0,10,2,9,09/23/2024,2024-09-23,10:29:00
09/14/2024 08:00:00 PM,1.0,2,1,5,5,1,1,1,0,1,3,FAILING TO YIELD RIGHT-OF-WAY,2,1,0.0,0.0,0.0,0.0,0.0,2.0,20,7,9,09/14/2024,2024-09-14,20:00:00
09/18/2024 07:30:00 AM,5.0,2,1,6,6,1,3,1,0,1,3,UNABLE TO DETERMINE,2,1,0.0,0.0,0.0,0.0,0.0,2.0,7,4,9,09/18/2024,2024-09-18,07:30:00
09/21/2024 01:30:00 PM,5.0,2,1,4,14,1,3,1,0,1,3,FAILING TO YIELD RIGHT-OF-WAY,2,1,0.0,0.0,0.0,0.0,0.0,3.0,13,7,9,09/21/2024,2024-09-21,13:30:00
09/22/2024 03:00:00 PM,5.0,2,1,6,7,1,4,1,0,1,3,IMPROPER TURNING/NO SIGNAL,2,1,0.0,0.0,0.0,0.0,0.0,2.0,15,1,9,09/22/2024,2024-09-22,15:00:00
09/23/2024 12:55:00 PM,5.0,2,1,5,5,1,3,1,0,1,3,DISREGARDING TRAFFIC SIGNALS,2,1,0.0,0.0,0.0,0.0,0.0,2.0,12,2,9,09/23/2024,2024-09-23,12:55:00
09/23/2024 05:37:00 PM,1.0,3,1,13,6,1,3,1,1,1,1,NOT APPLICABLE,2,3,1.0,0.0,0.0,1.0,0.0,1.0,17,2,9,09/23/2024,2024-09-23,17:37:00
09/22/2024 06:15:00 PM,3.0,3,1,11,7,1,3,3,0,1,3,IMPROPER TURNING/NO SIGNAL,2,1,0.0,0.0,0.0,0.0,0.0,2.0,18,1,9,09/22/2024,2024-09-22,18:15:00
09/23/2024 06:30:00 AM,5.0,2,1,6,6,1,3,3,0,1,3,FAILING TO YIELD RIGHT-OF-WAY,2,1,0.0,0.0,0.0,0.0,0.0,4.0,6,2,9,09/23/2024,2024-09-23,06:30:00
09/23/2024 07:04:00 PM,3.0,2,4,4,6,2,3,3,1,1,2,FOLLOWING TOO CLOSELY,2,3,2.0,0.0,0.0,2.0,0.0,1.0,19,2,9,09/23/2024,2024-09-23,19:04:00
09/22/2024 09:50:00 AM,5.0,2,4,4,5,1,4,1,0,1,3,UNABLE TO DETERMINE,2,1,0.0,0.0,0.0,0.0,0.0,2.0,9,1,9,09/22/2024,2024-09-22,09:50:00
09/23/2024 07:40:00 AM,5.0,2,1,4,4,1,3,1,0,1,3,UNABLE TO DETERMINE,2,1,0.0,0.0,0.0,0.0,0.0,2.0,7,2,9,09/23/2024,2024-09-23,07:40:00
09/23/2024 01:50:00 PM,3.0,2,1,5,7,1,3,1,1,1,3,UNABLE TO DETERMINE,2,1,0.0,0.0,0.0,0.0,0.0,2.0,13,2,9,09/23/2024,2024-09-23,13:50:00
09/23/2024 10:00:00 AM,3.0,2,2,7,6,1,3,3,0,1,2,IMPROPER LANE USAGE,2,1,0.0,0.0,0.0,0.0,0.0,2.0,10,2,9,09/23/2024,2024-09-23,10:00:00
09/21/2024 12:30:00 PM,5.0,2,1,4,6,1,1,1,0,1,2,UNABLE TO DETERMINE,2,1,0.0,0.0,0.0,0.0,0.0,2.0,12,7,9,09/21/2024,2024-09-21,12:30:00
09/23/2024 08:15:00 AM,7.0,2,1,5,7,1,3,3,0,1,3,FAILING TO YIELD RIGHT-OF-WAY,2,1,0.0,0.0,0.0,0.0,0.0,3.0,8,2,9,09/23/2024,2024-09-23,08:15:00
09/17/2024 07:47:00 PM,5.0,2,5,6,5,1,3,1,1,1,3,FAILING TO YIELD RIGHT-OF-WAY,2,3,2.0,0.0,0.0,2.0,0.0,1.0,19,3,9,09/17/2024,2024-09-17,19:47:00
09/22/2024 07:40:00 AM,5.0,2,1,4,5,1,1,1,0,1,3,FAILING TO YIELD RIGHT-OF-WAY,2,1,0.0,0.0,0.0,0.0,0.0,2.0,7,1,9,09/22/2024,2024-09-22,07:40:00
09/22/2024 08:46:00 AM,5.0,4,1,4,2,1,4,3,0,1,3,FOLLOWING TOO CLOSELY,2,1,0.0,0.0,0.0,0.0,0.0,3.0,8,1,9,09/22/2024,2024-09-22,08:46:00
09/23/2024 04:35:00 PM,7.0,2,1,5,5,1,3,3,0,1,3,DRIVING ON WRONG SIDE/WRONG WAY,2,1,0.0,0.0,0.0,0.0,0.0,2.0,16,2,9,09/23/2024,2024-09-23,16:35:00
09/22/2024 07:24:00 PM,5.0,2,4,13,3,1,3,3,1,1,1,UNABLE TO DETERMINE,2,4,1.0,0.0,1.0,0.0,0.0,2.0,19,1,9,09/22/2024,2024-09-22,19:24:00
09/04/2024 02:17:00 PM,5.0,2,1,13,6,1,1,1,1,1,2,UNABLE TO DETERMINE,2,2,1.0,0.0,0.0,0.0,1.0,1.0,14,4,9,09/04/2024,2024-09-04,14:17:00
09/23/2024 10:13:00 AM,5.0,2,1,6,12,1,3,3,0,1,3,IMPROPER TURNING/NO SIGNAL,2,1,0.0,0.0,0.0,0.0,0.0,2.0,10,2,9,09/23/2024,2024-09-23,10:13:00
09/21/2024 10:16:00 PM,5.0,2,1,6,5,1,1,1,0,1,3,UNABLE TO DETERMINE,2,1,0.0,0.0,0.0,0.0,0.0,2.0,22,7,9,09/21/2024,2024-09-21,22:16:00
09/23/2024 03:00:00 PM,7.0,3,1,6,7,1,3,1,0,1,2,UNABLE TO DETERMINE,2,1,0.0,0.0,0.0,0.0,0.0,2.0,15,2,9,09/23/2024,2024-09-23,15:00:00
09/23/2024 11:50:00 AM,7.0,2,1,7,6,1,3,3,1,1,3,NOT APPLICABLE,2,1,0.0,0.0,0.0,0.0,0.0,6.0,11,2,9,09/23/2024,2024-09-23,11:50:00
09/23/2024 08:06:00 AM,7.0,2,1,14,5,1,3,1,1,1,3,FAILING TO REDUCE SPEED TO AVOID CRASH,2,3,2.0,0.0,0.0,1.0,1.0,0.0,8,2,9,09/23/2024,2024-09-23,08:06:00
09/20/2024 08:15:00 AM,5.0,2,1,4,6,1,3,3,1,1,3,FOLLOWING TOO CLOSELY,2,3,1.0,0.0,0.0,1.0,0.0,2.0,8,6,9,09/20/2024,2024-09-20,08:15:00
09/21/2024 06:30:00 PM,3.0,2,3,3,6,1,3,3,0,1,2,IMPROPER LANE USAGE,2,1,0.0,0.0,0.0,0.0,0.0,2.0,18,7,9,09/21/2024,2024-09-21,18:30:00
09/22/2024 03:20:00 AM,7.0,2,4,5,13,1,3,3,0,1,3,FAILING TO YIELD RIGHT-OF-WAY,2,1,0.0,0.0,0.0,0.0,0.0,2.0,3,1,9,09/22/2024,2024-09-22,03:20:00
09/23/2024 03:00:00 PM,5.0,2,1,4,5,1,3,3,0,1,3,FOLLOWING TOO CLOSELY,2,1,0.0,0.0,0.0,0.0,0.0,2.0,15,2,9,09/23/2024,2024-09-23,15:00:00
09/17/2024 04:15:00 PM,3.0,2,1,10,10,1,3,3,0,1,3,UNABLE TO DETERMINE,2,1,0.0,0.0,0.0,0.0,0.0,3.0,16,3,9,09/17/2024,2024-09-17,16:15:00
09/09/2024 01:10:00 PM,7.0,2,1,11,4,1,3,3,1,1,3,UNABLE TO DETERMINE,2,1,0.0,0.0,0.0,0.0,0.0,1.0,13,2,9,09/09/2024,2024-09-09,13:10:00
09/09/2024 03:38:00 PM,7.0,2,1,5,7,1,3,3,1,1,3,FAILING TO YIELD RIGHT-OF-WAY,2,1,0.0,0.0,0.0,0.0,0.0,2.0,15,2,9,09/09/2024,2024-09-09,15:38:00
09/09/2024 10:32:00 PM,7.0,2,4,4,5,1,3,3,1,1,3,DISREGARDING STOP SIGN,2,2,2.0,0.0,0.0,0.0,2.0,1.0,22,2,9,09/09/2024,2024-09-09,22:32:00
09/09/2024 12:05:00 PM,5.0,2,1,6,5,1,3,3,0,1,3,UNABLE TO DETERMINE,2,1,0.0,0.0,0.0,0.0,0.0,2.0,12,2,9,09/09/2024,2024-09-09,12:05:00
09/09/2024 05:10:00 PM,3.0,2,1,6,6,1,3,3,0,1,3,FAILING TO YIELD RIGHT-OF-WAY,2,1,0.0,0.0,0.0,0.0,0.0,2.0,17,2,9,09/09/2024,2024-09-09,17:10:00
09/09/2024 08:30:00 AM,7.0,2,1,5,5,1,3,3,1,1,3,FAILING TO YIELD RIGHT-OF-WAY,2,2,1.0,0.0,0.0,0.0,1.0,5.0,8,2,9,09/09/2024,2024-09-09,08:30:00
09/09/2024 06:00:00 AM,5.0,2,2,14,5,1,3,3,1,1,1,DISREGARDING TRAFFIC SIGNALS,2,2,1.0,0.0,0.0,0.0,1.0,1.0,6,2,9,09/09/2024,2024-09-09,06:00:00
09/21/2024 04:30:00 AM,5.0,2,4,5,4,1,3,3,1,1,3,UNABLE TO DETERMINE,2,3,2.0,0.0,0.0,2.0,0.0,0.0,4,7,9,09/21/2024,2024-09-21,04:30:00
09/09/2024 05:40:00 PM,5.0,2,1,4,4,1,3,3,1,1,3,FOLLOWING TOO CLOSELY,2,2,2.0,0.0,0.0,0.0,2.0,1.0,17,2,9,09/09/2024,2024-09-09,17:40:00
09/09/2024 08:40:00 AM,5.0,2,1,4,5,1,3,3,0,1,3,UNABLE TO DETERMINE,2,1,0.0,0.0,0.0,0.0,0.0,2.0,8,2,9,09/09/2024,2024-09-09,08:40:00
09/09/2024 01:05:00 PM,5.0,2,1,13,5,1,3,3,1,1,1,UNABLE TO DETERMINE,2,3,2.0,0.0,0.0,2.0,0.0,0.0,13,2,9,09/09/2024,2024-09-09,13:05:00
09/09/2024 12:45:00 AM,5.0,2,4,6,5,1,3,3,0,1,3,UNABLE TO DETERMINE,2,1,0.0,0.0,0.0,0.0,0.0,3.0,0,2,9,09/09/2024,2024-09-09,00:45:00
09/09/2024 08:53:00 PM,3.0,2,4,6,5,1,3,3,0,1,3,FAILING TO YIELD RIGHT-OF-WAY,2,1,0.0,0.0,0.0,0.0,0.0,2.0,20,2,9,09/09/2024,2024-09-09,20:53:00
09/09/2024 05:04:00 PM,5.0,2,1,3,5,1,3,3,0,1,3,IMPROPER TURNING/NO SIGNAL,2,1,0.0,0.0,0.0,0.0,0.0,2.0,17,2,9,09/09/2024,2024-09-09,17:04:00
09/09/2024 05:45:00 PM,7.0,2,1,5,5,1,3,3,0,1,3,UNABLE TO DETERMINE,2,1,0.0,0.0,0.0,0.0,0.0,2.0,17,2,9,09/09/2024,2024-09-09,17:45:00
09/09/2024 07:45:00 AM,7.0,2,1,4,5,1,3,1,0,1,3,UNABLE TO DETERMINE,2,1,0.0,0.0,0.0,0.0,0.0,2.0,7,2,9,09/09/2024,2024-09-09,07:45:00
09/09/2024 02:40:00 PM,3.0,2,1,6,10,1,3,3,0,1,2,DRIVING SKILLS/KNOWLEDGE/EXPERIENCE,2,1,0.0,0.0,0.0,0.0,0.0,2.0,14,2,9,09/09/2024,2024-09-09,14:40:00
09/09/2024 07:13:00 PM,5.0,2,1,6,5,1,3,3,1,1,1,UNABLE TO DETERMINE,2,4,1.0,0.0,1.0,0.0,0.0,1.0,19,2,9,09/09/2024,2024-09-09,19:13:00
09/09/2024 10:36:00 PM,5.0,2,4,5,5,1,3,3,1,1,3,DISREGARDING TRAFFIC SIGNALS,2,3,1.0,0.0,0.0,1.0,0.0,1.0,22,2,9,09/09/2024,2024-09-09,22:36:00
09/09/2024 04:38:00 PM,5.0,2,1,3,5,1,3,1,0,1,2,FAILING TO YIELD RIGHT-OF-WAY,2,1,0.0,0.0,0.0,0.0,0.0,2.0,16,2,9,09/09/2024,2024-09-09,16:38:00
09/09/2024 01:40:00 PM,5.0,2,1,14,5,1,3,1,1,1,2,FAILING TO YIELD RIGHT-OF-WAY,2,4,1.0,0.0,1.0,0.0,0.0,2.0,13,2,9,09/09/2024,2024-09-09,13:40:00
09/09/2024 02:40:00 PM,5.0,2,1,5,6,1,3,3,1,1,3,DRIVING ON WRONG SIDE/WRONG WAY,2,1,0.0,0.0,0.0,0.0,0.0,2.0,14,2,9,09/09/2024,2024-09-09,14:40:00
09/09/2024 03:10:00 PM,5.0,2,1,4,6,1,3,3,0,1,2,FOLLOWING TOO CLOSELY,2,1,0.0,0.0,0.0,0.0,0.0,3.0,15,2,9,09/09/2024,2024-09-09,15:10:00
09/09/2024 05:15:00 PM,5.0,2,1,6,7,1,3,3,0,1,3,FAILING TO YIELD RIGHT-OF-WAY,2,1,0.0,0.0,0.0,0.0,0.0,2.0,17,2,9,09/09/2024,2024-09-09,17:15:00
09/09/2024 04:10:00 PM,5.0,2,1,6,5,1,3,3,1,1,3,FOLLOWING TOO CLOSELY,2,3,1.0,0.0,0.0,1.0,0.0,1.0,16,2,9,09/09/2024,2024-09-09,16:10:00
09/09/2024 08:35:00 AM,5.0,2,1,4,5,1,3,3,0,1,3,UNABLE TO DETERMINE,2,1,0.0,0.0,0.0,0.0,0.0,2.0,8,2,9,09/09/2024,2024-09-09,08:35:00
09/24/2024 12:15:00 AM,5.0,4,4,6,5,1,4,1,1,1,3,NOT APPLICABLE,2,3,2.0,0.0,0.0,2.0,0.0,2.0,0,3,9,09/24/2024,2024-09-24,00:15:00
09/09/2024 03:15:00 PM,5.0,2,1,6,5,1,3,3,0,1,2,TEXTING,2,1,0.0,0.0,0.0,0.0,0.0,2.0,15,2,9,09/09/2024,2024-09-09,15:15:00
09/09/2024 07:42:00 AM,5.0,2,1,6,7,1,3,3,0,1,3,FAILING TO YIELD RIGHT-OF-WAY,2,1,0.0,0.0,0.0,0.0,0.0,2.0,7,2,9,09/09/2024,2024-09-09,07:42:00
09/09/2024 03:20:00 PM,3.0,2,1,5,4,1,3,3,0,1,3,FAILING TO YIELD RIGHT-OF-WAY,2,1,0.0,0.0,0.0,0.0,0.0,2.0,15,2,9,09/09/2024,2024-09-09,15:20:00
09/09/2024 08:15:00 AM,5.0,2,1,6,5,1,3,3,1,1,2,UNABLE TO DETERMINE,2,3,1.0,0.0,0.0,1.0,0.0,2.0,8,2,9,09/09/2024,2024-09-09,08:15:00
09/09/2024 04:55:00 PM,5.0,2,1,3,9,1,3,3,0,1,2,UNABLE TO DETERMINE,2,1,0.0,0.0,0.0,0.0,0.0,2.0,16,2,9,09/09/2024,2024-09-09,16:55:00
09/09/2024 03:15:00 PM,5.0,2,1,6,5,1,3,3,0,1,2,IMPROPER TURNING/NO SIGNAL,2,1,0.0,0.0,0.0,0.0,0.0,2.0,15,2,9,09/09/2024,2024-09-09,15:15:00
09/22/2024 10:48:00 AM,5.0,4,1,5,5,1,4,1,0,1,3,UNABLE TO DETERMINE,2,1,0.0,0.0,0.0,0.0,0.0,2.0,10,1,9,09/22/2024,2024-09-22,10:48:00
09/09/2024 08:15:00 PM,7.0,2,4,5,6,1,3,3,1,1,3,FAILING TO YIELD RIGHT-OF-WAY,2,1,0.0,0.0,0.0,0.0,0.0,3.0,20,2,9,09/09/2024,2024-09-09,20:15:00
09/09/2024 08:57:00 AM,5.0,2,1,4,5,1,3,3,0,1,3,FAILING TO REDUCE SPEED TO AVOID CRASH,2,1,0.0,0.0,0.0,0.0,0.0,6.0,8,2,9,09/09/2024,2024-09-09,08:57:00
09/09/2024 03:30:00 PM,5.0,2,1,3,5,1,3,3,0,1,3,UNABLE TO DETERMINE,2,1,0.0,0.0,0.0,0.0,0.0,2.0,15,2,9,09/09/2024,2024-09-09,15:30:00
09/09/2024 03:40:00 PM,5.0,2,1,5,5,1,3,2,0,1,2,DISREGARDING TRAFFIC SIGNALS,2,1,0.0,0.0,0.0,0.0,0.0,2.0,15,2,9,09/09/2024,2024-09-09,15:40:00
09/09/2024 04:30:00 AM,7.0,2,4,5,5,1,3,3,1,1,3,DISREGARDING STOP SIGN,2,2,1.0,0.0,0.0,0.0,1.0,3.0,4,2,9,09/09/2024,2024-09-09,04:30:00
09/09/2024 05:38:00 AM,5.0,2,1,6,10,1,3,1,1,1,2,UNABLE TO DETERMINE,2,3,1.0,0.0,0.0,1.0,0.0,3.0,5,2,9,09/09/2024,2024-09-09,05:38:00
09/23/2024 12:25:00 PM,5.0,2,1,5,5,1,3,3,1,1,3,UNABLE TO DETERMINE,2,1,0.0,0.0,0.0,0.0,0.0,2.0,12,2,9,09/23/2024,2024-09-23,12:25:00
09/24/2024 09:11:00 PM,7.0,2,4,13,5,1,4,3,1,1,1,UNABLE TO DETERMINE,2,2,1.0,0.0,0.0,0.0,1.0,1.0,21,3,9,09/24/2024,2024-09-24,21:11:00
09/22/2024 10:40:00 PM,5.0,4,5,9,5,1,4,1,0,1,3,UNABLE TO DETERMINE,2,1,0.0,0.0,0.0,0.0,0.0,3.0,22,1,9,09/22/2024,2024-09-22,22:40:00
09/21/2024 11:30:00 PM,5.0,2,3,3,6,1,3,3,0,0,2,IMPROPER LANE USAGE,2,1,0.0,0.0,0.0,0.0,0.0,6.0,23,7,9,09/21/2024,2024-09-21,23:30:00
09/23/2024 05:16:00 AM,5.0,2,4,5,5,1,3,3,1,1,3,DISREGARDING TRAFFIC SIGNALS,2,2,1.0,0.0,0.0,0.0,1.0,2.0,5,2,9,09/23/2024,2024-09-23,05:16:00
09/24/2024 03:00:00 PM,5.0,4,1,5,5,1,4,7,1,1,3,UNABLE TO DETERMINE,2,1,0.0,0.0,0.0,0.0,0.0,2.0,15,3,9,09/24/2024,2024-09-24,15:00:00
09/19/2024 09:13:00 AM,5.0,2,1,12,10,1,3,3,1,1,1,FOLLOWING TOO CLOSELY,2,1,0.0,0.0,0.0,0.0,0.0,2.0,9,5,9,09/19/2024,2024-09-19,09:13:00
09/18/2024 11:28:00 AM,5.0,2,1,4,9,1,3,3,0,1,3,UNABLE TO DETERMINE,2,1,0.0,0.0,0.0,0.0,0.0,2.0,11,4,9,09/18/2024,2024-09-18,11:28:00
09/20/2024 06:00:00 PM,5.0,2,1,6,6,1,3,3,0,1,3,IMPROPER OVERTAKING/PASSING,2,1,0.0,0.0,0.0,0.0,0.0,2.0,18,6,9,09/20/2024,2024-09-20,18:00:00
09/24/2024 01:46:00 PM,5.0,4,1,6,5,1,4,3,1,1,3,FAILING TO YIELD RIGHT-OF-WAY,2,1,0.0,0.0,0.0,0.0,0.0,2.0,13,3,9,09/24/2024,2024-09-24,13:46:00
09/23/2024 08:05:00 PM,3.0,2,5,3,6,1,1,1,0,1,3,FAILING TO YIELD RIGHT-OF-WAY,2,1,0.0,0.0,0.0,0.0,0.0,2.0,20,2,9,09/23/2024,2024-09-23,20:05:00
09/23/2024 05:00:00 PM,5.0,2,1,6,7,1,3,3,0,1,3,UNABLE TO DETERMINE,2,1,0.0,0.0,0.0,0.0,0.0,2.0,17,2,9,09/23/2024,2024-09-23,17:00:00
09/23/2024 08:57:00 PM,5.0,2,4,5,5,1,3,3,1,1,3,DISREGARDING TRAFFIC SIGNALS,2,3,1.0,0.0,0.0,1.0,0.0,1.0,20,2,9,09/23/2024,2024-09-23,20:57:00
09/19/2024 11:51:00 AM,5.0,2,1,14,6,1,3,3,1,1,3,UNABLE TO DETERMINE,2,3,1.0,0.0,0.0,1.0,0.0,1.0,11,5,9,09/19/2024,2024-09-19,11:51:00
09/22/2024 01:29:00 PM,5.0,4,1,5,3,1,4,3,1,1,3,NOT APPLICABLE,2,3,2.0,0.0,0.0,1.0,1.0,3.0,13,1,9,09/22/2024,2024-09-22,13:29:00
09/22/2024 03:49:00 PM,5.0,2,1,4,5,1,3,3,0,1,3,FOLLOWING TOO CLOSELY,2,1,0.0,0.0,0.0,0.0,0.0,2.0,15,1,9,09/22/2024,2024-09-22,15:49:00
09/12/2024 05:51:00 PM,5.0,2,1,13,13,1,3,3,1,1,1,FAILING TO YIELD RIGHT-OF-WAY,2,2,1.0,0.0,0.0,0.0,1.0,1.0,17,5,9,09/12/2024,2024-09-12,17:51:00
09/24/2024 09:08:00 AM,3.0,4,1,3,6,1,4,3,1,1,3,IMPROPER TURNING/NO SIGNAL,2,1,0.0,0.0,0.0,0.0,0.0,2.0,9,3,9,09/24/2024,2024-09-24,09:08:00
09/24/2024 05:35:00 AM,5.0,2,4,10,6,1,4,3,0,1,2,UNABLE TO DETERMINE,2,1,0.0,0.0,0.0,0.0,0.0,2.0,5,3,9,09/24/2024,2024-09-24,05:35:00
09/24/2024 06:15:00 PM,7.0,4,1,5,5,1,4,3,1,1,3,DISREGARDING STOP SIGN,2,1,0.0,0.0,0.0,0.0,0.0,2.0,18,3,9,09/24/2024,2024-09-24,18:15:00
09/24/2024 12:32:00 PM,5.0,4,1,6,6,1,4,3,0,1,3,UNABLE TO DETERMINE,2,1,0.0,0.0,0.0,0.0,0.0,2.0,12,3,9,09/24/2024,2024-09-24,12:32:00
09/22/2024 05:15:00 PM,7.0,2,1,5,6,1,3,3,0,1,3,DISREGARDING STOP SIGN,2,1,0.0,0.0,0.0,0.0,0.0,2.0,17,1,9,09/22/2024,2024-09-22,17:15:00
09/23/2024 05:45:00 PM,7.0,2,1,6,7,1,3,3,0,1,2,IMPROPER TURNING/NO SIGNAL,2,1,0.0,0.0,0.0,0.0,0.0,2.0,17,2,9,09/23/2024,2024-09-23,17:45:00
09/24/2024 04:54:00 PM,5.0,4,1,6,3,1,4,3,0,0,2,IMPROPER OVERTAKING/PASSING,2,1,0.0,0.0,0.0,0.0,0.0,2.0,16,3,9,09/24/2024,2024-09-24,16:54:00
09/23/2024 11:00:00 AM,7.0,2,1,6,5,1,3,3,0,1,3,FAILING TO YIELD RIGHT-OF-WAY,2,1,0.0,0.0,0.0,0.0,0.0,2.0,11,2,9,09/23/2024,2024-09-23,11:00:00
09/13/2024 07:10:00 PM,5.0,2,3,3,4,1,3,1,0,1,3,UNABLE TO DETERMINE,2,1,0.0,0.0,0.0,0.0,0.0,2.0,19,6,9,09/13/2024,2024-09-13,19:10:00
09/24/2024 06:00:00 PM,5.0,4,3,4,6,1,4,1,0,1,2,UNABLE TO DETERMINE,2,1,0.0,0.0,0.0,0.0,0.0,2.0,18,3,9,09/24/2024,2024-09-24,18:00:00
09/24/2024 11:21:00 AM,7.0,4,1,4,5,1,4,3,1,1,3,FAILING TO REDUCE SPEED TO AVOID CRASH,2,4,2.0,0.0,1.0,1.0,0.0,1.0,11,3,9,09/24/2024,2024-09-24,11:21:00
09/20/2024 04:55:00 PM,7.0,2,1,5,4,1,3,3,1,1,3,FAILING TO YIELD RIGHT-OF-WAY,2,3,1.0,0.0,0.0,1.0,0.0,1.0,16,6,9,09/20/2024,2024-09-20,16:55:00
09/24/2024 05:27:00 AM,5.0,4,2,5,5,1,4,3,1,1,3,UNABLE TO DETERMINE,2,1,0.0,0.0,0.0,0.0,0.0,2.0,5,3,9,09/24/2024,2024-09-24,05:27:00
09/23/2024 10:01:00 AM,3.0,2,1,11,6,1,3,1,0,0,3,UNABLE TO DETERMINE,2,1,0.0,0.0,0.0,0.0,0.0,1.0,10,2,9,09/23/2024,2024-09-23,10:01:00
09/23/2024 11:14:00 AM,5.0,2,1,3,10,1,3,3,0,1,3,IMPROPER OVERTAKING/PASSING,2,1,0.0,0.0,0.0,0.0,0.0,2.0,11,2,9,09/23/2024,2024-09-23,11:14:00
09/10/2024 11:05:00 AM,3.0,2,1,4,4,1,3,3,1,1,1,PHYSICAL CONDITION OF DRIVER,2,4,1.0,0.0,1.0,0.0,0.0,1.0,11,3,9,09/10/2024,2024-09-10,11:05:00
09/10/2024 05:56:00 AM,5.0,2,3,6,5,1,3,3,1,1,3,IMPROPER LANE USAGE,2,3,1.0,0.0,0.0,1.0,0.0,1.0,5,3,9,09/10/2024,2024-09-10,05:56:00
09/10/2024 05:12:00 PM,7.0,2,1,13,5,1,3,3,1,1,1,UNABLE TO DETERMINE,2,2,1.0,0.0,0.0,0.0,1.0,1.0,17,3,9,09/10/2024,2024-09-10,17:12:00
09/10/2024 03:56:00 PM,5.0,2,1,6,6,1,3,3,0,1,2,UNABLE TO DETERMINE,2,1,0.0,0.0,0.0,0.0,0.0,2.0,15,3,9,09/10/2024,2024-09-10,15:56:00
09/10/2024 12:12:00 PM,5.0,2,1,3,6,1,3,3,0,1,3,UNABLE TO DETERMINE,2,1,0.0,0.0,0.0,0.0,0.0,3.0,12,3,9,09/10/2024,2024-09-10,12:12:00
09/10/2024 06:56:00 PM,5.0,2,1,5,5,1,3,1,1,1,3,DISREGARDING TRAFFIC SIGNALS,2,1,0.0,0.0,0.0,0.0,0.0,2.0,18,3,9,09/10/2024,2024-09-10,18:56:00
09/10/2024 03:35:00 PM,5.0,2,1,5,9,1,3,3,1,1,3,DISREGARDING TRAFFIC SIGNALS,2,4,2.0,0.0,1.0,1.0,0.0,4.0,15,3,9,09/10/2024,2024-09-10,15:35:00
09/10/2024 09:16:00 AM,5.0,2,1,13,4,1,3,3,1,1,3,UNABLE TO DETERMINE,2,3,1.0,0.0,0.0,1.0,0.0,1.0,9,3,9,09/10/2024,2024-09-10,09:16:00
09/24/2024 05:50:00 PM,5.0,4,1,5,5,1,4,3,0,1,3,UNABLE TO DETERMINE,2,1,0.0,0.0,0.0,0.0,0.0,2.0,17,3,9,09/24/2024,2024-09-24,17:50:00
09/10/2024 12:10:00 PM,7.0,2,1,11,10,1,3,1,0,1,3,UNABLE TO DETERMINE,2,1,0.0,0.0,0.0,0.0,0.0,3.0,12,3,9,09/10/2024,2024-09-10,12:10:00
09/10/2024 04:03:00 PM,5.0,2,1,6,5,1,3,3,1,1,2,FAILING TO REDUCE SPEED TO AVOID CRASH,2,3,1.0,0.0,0.0,1.0,0.0,1.0,16,3,9,09/10/2024,2024-09-10,16:03:00
09/10/2024 11:30:00 AM,3.0,2,1,4,3,1,3,3,0,0,2,DRIVING SKILLS/KNOWLEDGE/EXPERIENCE,2,1,0.0,0.0,0.0,0.0,0.0,2.0,11,3,9,09/10/2024,2024-09-10,11:30:00
09/10/2024 05:50:00 PM,7.0,2,1,5,7,1,3,3,0,1,3,UNABLE TO DETERMINE,2,1,0.0,0.0,0.0,0.0,0.0,2.0,17,3,9,09/10/2024,2024-09-10,17:50:00
09/10/2024 09:10:00 AM,7.0,2,1,6,5,1,3,3,0,1,2,IMPROPER TURNING/NO SIGNAL,2,1,0.0,0.0,0.0,0.0,0.0,2.0,9,3,9,09/10/2024,2024-09-10,09:10:00
09/10/2024 04:37:00 PM,3.0,2,1,5,5,1,3,3,1,1,3,UNABLE TO DETERMINE,2,4,1.0,0.0,1.0,0.0,0.0,1.0,16,3,9,09/10/2024,2024-09-10,16:37:00
09/10/2024 07:50:00 AM,5.0,2,1,14,6,1,3,3,1,1,1,IMPROPER TURNING/NO SIGNAL,2,3,1.0,0.0,0.0,1.0,0.0,1.0,7,3,9,09/10/2024,2024-09-10,07:50:00
09/10/2024 03:30:00 PM,5.0,2,1,6,5,1,3,3,1,1,3,IMPROPER TURNING/NO SIGNAL,2,4,2.0,0.0,1.0,0.0,1.0,3.0,15,3,9,09/10/2024,2024-09-10,15:30:00
09/10/2024 03:02:00 PM,5.0,2,1,6,10,1,3,3,0,1,3,FOLLOWING TOO CLOSELY,2,1,0.0,0.0,0.0,0.0,0.0,2.0,15,3,9,09/10/2024,2024-09-10,15:02:00
09/10/2024 12:40:00 PM,5.0,2,1,4,6,1,3,3,0,1,3,FOLLOWING TOO CLOSELY,2,1,0.0,0.0,0.0,0.0,0.0,4.0,12,3,9,09/10/2024,2024-09-10,12:40:00
09/10/2024 12:30:00 PM,5.0,2,1,14,1,1,3,1,0,1,2,IMPROPER TURNING/NO SIGNAL,2,1,0.0,0.0,0.0,0.0,0.0,2.0,12,3,9,09/10/2024,2024-09-10,12:30:00