crash_date,traffic_control_device,weather_condition,lighting_condition,first_crash_type,trafficway_type,alignment,roadway_surface_cond,road_defect,crash_type,intersection_related_i,damage,prim_contributory_cause,num_units,most_severe_injury,injuries_total,injuries_fatal,injuries_incapacitating,injuries_non_incapacitating,injuries_reported_not_evident,injuries_no_indication,crash_hour,crash_day_of_week,crash_month,parsed_datetime,date,time
09/10/2024 07:28:00 PM,5.0,2,4,9,5,1,1,1,1,1,3,UNABLE TO DETERMINE,2,1,0.0,0.0,0.0,0.0,0.0,2.0,19,3,9,09/10/2024,2024-09-10,19:28:00
09/10/2024 06:50:00 AM,5.0,2,1,6,6,1,3,3,0,1,3,FAILING TO YIELD RIGHT-OF-WAY,2,1,0.0,0.0,0.0,0.0,0.0,3.0,6,3,9,09/10/2024,2024-09-10,06:50:00
09/10/2024 07:50:00 PM,15.0,2,4,14,7,1,3,3,1,1,2,FAILING TO YIELD RIGHT-OF-WAY,2,2,1.0,0.0,0.0,0.0,1.0,1.0,19,3,9,09/10/2024,2024-09-10,19:50:00
09/10/2024 03:56:00 PM,7.0,2,1,6,5,1,3,3,1,1,3,FAILING TO YIELD RIGHT-OF-WAY,2,2,2.0,0.0,0.0,0.0,2.0,1.0,15,3,9,09/10/2024,2024-09-10,15:56:00
09/10/2024 07:36:00 AM,5.0,2,1,9,5,1,3,3,1,1,3,DRIVING SKILLS/KNOWLEDGE/EXPERIENCE,2,1,0.0,0.0,0.0,0.0,0.0,5.0,7,3,9,09/10/2024,2024-09-10,07:36:00
09/10/2024 12:45:00 PM,5.0,2,1,4,6,1,3,3,0,1,3,FOLLOWING TOO CLOSELY,2,1,0.0,0.0,0.0,0.0,0.0,2.0,12,3,9,09/10/2024,2024-09-10,12:45:00
09/10/2024 01:00:00 PM,5.0,2,1,3,6,1,3,3,1,1,3,IMPROPER OVERTAKING/PASSING,2,3,1.0,0.0,0.0,1.0,0.0,3.0,13,3,9,09/10/2024,2024-09-10,13:00:00
09/10/2024 01:30:00 PM,5.0,2,1,4,5,1,3,3,0,1,1,DRIVING SKILLS/KNOWLEDGE/EXPERIENCE,2,1,0.0,0.0,0.0,0.0,0.0,2.0,13,3,9,09/10/2024,2024-09-10,13:30:00
09/10/2024 06:53:00 AM,3.0,2,1,14,6,1,3,3,1,1,2,FAILING TO YIELD RIGHT-OF-WAY,2,3,1.0,0.0,0.0,1.0,0.0,1.0,6,3,9,09/10/2024,2024-09-10,06:53:00
09/10/2024 10:40:00 AM,5.0,2,1,3,6,1,1,1,0,1,3,IMPROPER LANE USAGE,2,1,0.0,0.0,0.0,0.0,0.0,2.0,10,3,9,09/10/2024,2024-09-10,10:40:00
09/10/2024 09:24:00 AM,7.0,2,1,6,5,2,3,3,1,1,2,FAILING TO YIELD RIGHT-OF-WAY,2,1,0.0,0.0,0.0,0.0,0.0,3.0,9,3,9,09/10/2024,2024-09-10,09:24:00
09/10/2024 10:35:00 AM,5.0,2,1,3,7,1,3,3,1,1,2,IMPROPER OVERTAKING/PASSING,2,2,2.0,0.0,0.0,0.0,2.0,1.0,10,3,9,09/10/2024,2024-09-10,10:35:00
09/10/2024 11:15:00 PM,5.0,2,4,2,5,1,3,3,1,1,3,FAILING TO YIELD RIGHT-OF-WAY,2,4,1.0,0.0,1.0,0.0,0.0,1.0,23,3,9,09/10/2024,2024-09-10,23:15:00
09/10/2024 01:04:00 PM,5.0,2,1,5,3,1,3,3,1,1,3,NOT APPLICABLE,2,2,2.0,0.0,0.0,0.0,2.0,1.0,13,3,9,09/10/2024,2024-09-10,13:04:00
09/10/2024 11:29:00 AM,5.0,2,1,6,7,1,3,3,0,1,3,FAILING TO YIELD RIGHT-OF-WAY,2,1,0.0,0.0,0.0,0.0,0.0,3.0,11,3,9,09/10/2024,2024-09-10,11:29:00
09/25/2024 08:30:00 AM,7.0,2,1,6,7,1,3,3,0,1,3,FAILING TO YIELD RIGHT-OF-WAY,2,1,0.0,0.0,0.0,0.0,0.0,2.0,8,4,9,09/25/2024,2024-09-25,08:30:00
09/18/2024 05:58:00 AM,5.0,2,2,3,5,1,1,1,0,1,3,UNABLE TO DETERMINE,2,1,0.0,0.0,0.0,0.0,0.0,2.0,5,4,9,09/18/2024,2024-09-18,05:58:00
09/24/2024 10:55:00 PM,5.0,2,4,5,3,1,1,1,0,1,3,UNABLE TO DETERMINE,2,1,0.0,0.0,0.0,0.0,0.0,4.0,22,3,9,09/24/2024,2024-09-24,22:55:00
09/25/2024 01:35:00 PM,5.0,2,1,6,6,1,3,3,1,1,3,UNABLE TO DETERMINE,2,2,1.0,0.0,0.0,0.0,1.0,2.0,13,4,9,09/25/2024,2024-09-25,13:35:00
09/25/2024 06:08:00 PM,3.0,2,1,14,5,1,3,3,1,1,2,FAILING TO YIELD RIGHT-OF-WAY,2,4,1.0,0.0,1.0,0.0,0.0,1.0,18,4,9,09/25/2024,2024-09-25,18:08:00
09/25/2024 04:53:00 PM,7.0,2,1,5,10,1,3,3,1,1,3,UNABLE TO DETERMINE,2,1,0.0,0.0,0.0,0.0,0.0,3.0,16,4,9,09/25/2024,2024-09-25,16:53:00
09/25/2024 06:45:00 PM,5.0,2,3,6,5,1,1,1,0,1,2,FOLLOWING TOO CLOSELY,2,1,0.0,0.0,0.0,0.0,0.0,2.0,18,4,9,09/25/2024,2024-09-25,18:45:00
09/24/2024 03:30:00 PM,7.0,4,1,5,4,1,4,3,0,1,3,UNABLE TO DETERMINE,2,1,0.0,0.0,0.0,0.0,0.0,4.0,15,3,9,09/24/2024,2024-09-24,15:30:00
09/19/2024 03:45:00 PM,3.0,2,1,6,10,1,3,3,0,1,2,UNABLE TO DETERMINE,2,1,0.0,0.0,0.0,0.0,0.0,2.0,15,5,9,09/19/2024,2024-09-19,15:45:00
09/24/2024 07:55:00 PM,5.0,2,3,4,5,1,3,3,1,1,3,NOT APPLICABLE,2,2,1.0,0.0,0.0,0.0,1.0,1.0,19,3,9,09/24/2024,2024-09-24,19:55:00
09/17/2024 08:41:00 PM,5.0,2,1,4,5,1,3,3,0,1,3,UNABLE TO DETERMINE,2,1,0.0,0.0,0.0,0.0,0.0,2.0,20,3,9,09/17/2024,2024-09-17,20:41:00
09/25/2024 02:04:00 PM,5.0,2,1,6,5,1,3,3,1,1,3,IMPROPER TURNING/NO SIGNAL,2,3,1.0,0.0,0.0,1.0,0.0,1.0,14,4,9,09/25/2024,2024-09-25,14:04:00
09/25/2024 07:10:00 AM,7.0,2,1,5,6,1,3,3,0,1,3,FAILING TO YIELD RIGHT-OF-WAY,2,1,0.0,0.0,0.0,0.0,0.0,2.0,7,4,9,09/25/2024,2024-09-25,07:10:00
09/24/2024 09:00:00 AM,7.0,4,1,10,6,1,4,1,0,1,3,UNABLE TO DETERMINE,2,1,0.0,0.0,0.0,0.0,0.0,2.0,9,3,9,09/24/2024,2024-09-24,09:00:00
09/24/2024 08:25:00 PM,1.0,4,5,4,5,1,4,1,1,1,3,UNABLE TO DETERMINE,2,3,1.0,0.0,0.0,1.0,0.0,2.0,20,3,9,09/24/2024,2024-09-24,20:25:00
09/25/2024 05:43:00 PM,3.0,2,1,13,4,1,3,3,1,0,1,UNABLE TO DETERMINE,2,3,1.0,0.0,0.0,1.0,0.0,1.0,17,4,9,09/25/2024,2024-09-25,17:43:00
09/25/2024 08:20:00 AM,5.0,2,1,6,12,4,3,3,0,1,2,IMPROPER OVERTAKING/PASSING,2,1,0.0,0.0,0.0,0.0,0.0,3.0,8,4,9,09/25/2024,2024-09-25,08:20:00
09/25/2024 08:00:00 AM,5.0,2,1,14,5,1,3,3,1,1,2,UNABLE TO DETERMINE,2,2,1.0,0.0,0.0,0.0,1.0,1.0,8,4,9,09/25/2024,2024-09-25,08:00:00
09/25/2024 05:03:00 PM,7.0,2,1,5,6,1,3,3,0,1,3,FAILING TO YIELD RIGHT-OF-WAY,2,1,0.0,0.0,0.0,0.0,0.0,2.0,17,4,9,09/25/2024,2024-09-25,17:03:00
09/24/2024 04:06:00 PM,5.0,4,1,3,4,1,4,3,0,1,3,FOLLOWING TOO CLOSELY,2,1,0.0,0.0,0.0,0.0,0.0,2.0,16,3,9,09/24/2024,2024-09-24,16:06:00
09/25/2024 05:23:00 PM,5.0,2,1,5,6,1,3,3,1,1,3,DISREGARDING OTHER TRAFFIC SIGNS,2,1,0.0,0.0,0.0,0.0,0.0,3.0,17,4,9,09/25/2024,2024-09-25,17:23:00
09/20/2024 06:35:00 AM,5.0,2,1,4,5,1,3,1,0,1,3,FAILING TO YIELD RIGHT-OF-WAY,2,1,0.0,0.0,0.0,0.0,0.0,2.0,6,6,9,09/20/2024,2024-09-20,06:35:00
09/25/2024 03:50:00 PM,7.0,2,1,6,5,1,3,1,0,1,3,FAILING TO YIELD RIGHT-OF-WAY,2,1,0.0,0.0,0.0,0.0,0.0,2.0,15,4,9,09/25/2024,2024-09-25,15:50:00
09/25/2024 04:22:00 PM,5.0,2,1,3,4,1,3,3,0,1,3,UNABLE TO DETERMINE,2,1,0.0,0.0,0.0,0.0,0.0,3.0,16,4,9,09/25/2024,2024-09-25,16:22:00
09/25/2024 09:35:00 AM,7.0,2,1,5,5,1,3,3,0,1,3,DISREGARDING STOP SIGN,2,1,0.0,0.0,0.0,0.0,0.0,3.0,9,4,9,09/25/2024,2024-09-25,09:35:00
09/24/2024 03:32:00 PM,5.0,4,1,3,6,1,4,3,0,1,3,IMPROPER LANE USAGE,2,1,0.0,0.0,0.0,0.0,0.0,4.0,15,3,9,09/24/2024,2024-09-24,15:32:00
09/25/2024 05:20:00 PM,3.0,2,1,3,4,1,3,3,1,1,3,FAILING TO YIELD RIGHT-OF-WAY,2,4,2.0,0.0,1.0,0.0,1.0,0.0,17,4,9,09/25/2024,2024-09-25,17:20:00
09/23/2024 08:30:00 PM,1.0,2,5,3,1,1,3,1,0,1,3,UNABLE TO DETERMINE,2,1,0.0,0.0,0.0,0.0,0.0,4.0,20,2,9,09/23/2024,2024-09-23,20:30:00
09/24/2024 12:00:00 AM,5.0,2,4,5,6,1,3,3,1,1,3,FAILING TO YIELD RIGHT-OF-WAY,2,4,2.0,0.0,2.0,0.0,0.0,1.0,0,3,9,09/24/2024,2024-09-24,00:00:00
09/24/2024 01:47:00 PM,5.0,4,1,13,5,1,4,3,1,1,1,"VISION OBSCURED (SIGNS, TREE LIMBS, BUILDINGS, ETC.)",2,2,1.0,0.0,0.0,0.0,1.0,1.0,13,3,9,09/24/2024,2024-09-24,13:47:00
09/20/2024 08:40:00 AM,1.0,2,1,13,1,1,1,1,1,0,2,UNABLE TO DETERMINE,2,2,1.0,0.0,0.0,0.0,1.0,2.0,8,6,9,09/20/2024,2024-09-20,08:40:00
09/25/2024 04:30:00 PM,5.0,2,1,5,6,1,3,1,0,1,3,NOT APPLICABLE,2,1,0.0,0.0,0.0,0.0,0.0,2.0,16,4,9,09/25/2024,2024-09-25,16:30:00
09/25/2024 03:08:00 PM,3.0,2,1,5,7,1,3,3,1,1,3,DRIVING ON WRONG SIDE/WRONG WAY,2,3,1.0,0.0,0.0,1.0,0.0,2.0,15,4,9,09/25/2024,2024-09-25,15:08:00
09/24/2024 12:10:00 PM,3.0,4,1,6,5,1,4,3,0,1,2,UNABLE TO DETERMINE,2,1,0.0,0.0,0.0,0.0,0.0,2.0,12,3,9,09/24/2024,2024-09-24,12:10:00
09/25/2024 09:00:00 AM,5.0,2,1,13,5,1,3,3,1,1,1,FAILING TO YIELD RIGHT-OF-WAY,2,3,1.0,0.0,0.0,1.0,0.0,1.0,9,4,9,09/25/2024,2024-09-25,09:00:00
09/25/2024 05:24:00 PM,5.0,2,1,4,5,1,3,3,0,1,2,UNABLE TO DETERMINE,2,1,0.0,0.0,0.0,0.0,0.0,4.0,17,4,9,09/25/2024,2024-09-25,17:24:00
09/25/2024 12:00:00 PM,5.0,2,1,4,1,1,1,1,0,1,3,UNABLE TO DETERMINE,2,1,0.0,0.0,0.0,0.0,0.0,2.0,12,4,9,09/25/2024,2024-09-25,12:00:00
09/25/2024 08:50:00 AM,5.0,2,1,6,6,1,3,3,0,1,2,IMPROPER TURNING/NO SIGNAL,2,1,0.0,0.0,0.0,0.0,0.0,2.0,8,4,9,09/25/2024,2024-09-25,08:50:00
09/25/2024 02:40:00 PM,7.0,2,1,5,5,1,3,3,1,1,3,UNABLE TO DETERMINE,2,1,0.0,0.0,0.0,0.0,0.0,2.0,14,4,9,09/25/2024,2024-09-25,14:40:00
09/25/2024 10:55:00 AM,5.0,2,1,4,1,1,3,3,0,1,3,IMPROPER LANE USAGE,2,1,0.0,0.0,0.0,0.0,0.0,2.0,10,4,9,09/25/2024,2024-09-25,10:55:00
09/11/2024 06:00:00 PM,5.0,2,1,4,7,1,3,3,0,1,3,FOLLOWING TOO CLOSELY,2,1,0.0,0.0,0.0,0.0,0.0,3.0,18,4,9,09/11/2024,2024-09-11,18:00:00
09/11/2024 05:32:00 PM,5.0,2,1,3,2,1,3,3,0,1,3,IMPROPER OVERTAKING/PASSING,2,1,0.0,0.0,0.0,0.0,0.0,2.0,17,4,9,09/11/2024,2024-09-11,17:32:00
09/11/2024 08:09:00 AM,4.0,2,1,6,6,1,1,1,0,1,2,UNABLE TO DETERMINE,2,1,0.0,0.0,0.0,0.0,0.0,3.0,8,4,9,09/11/2024,2024-09-11,08:09:00
09/11/2024 01:30:00 PM,3.0,2,1,6,4,1,3,3,0,1,2,UNABLE TO DETERMINE,2,1,0.0,0.0,0.0,0.0,0.0,2.0,13,4,9,09/11/2024,2024-09-11,13:30:00
09/11/2024 03:25:00 PM,5.0,2,1,6,5,1,3,3,1,1,2,UNABLE TO DETERMINE,2,3,1.0,0.0,0.0,1.0,0.0,1.0,15,4,9,09/11/2024,2024-09-11,15:25:00
09/11/2024 05:35:00 PM,5.0,2,1,6,5,1,3,3,1,1,3,FAILING TO YIELD RIGHT-OF-WAY,2,1,0.0,0.0,0.0,0.0,0.0,2.0,17,4,9,09/11/2024,2024-09-11,17:35:00
09/11/2024 08:27:00 AM,3.0,2,1,6,5,1,3,3,0,1,3,FAILING TO YIELD RIGHT-OF-WAY,2,1,0.0,0.0,0.0,0.0,0.0,2.0,8,4,9,09/11/2024,2024-09-11,08:27:00
09/11/2024 08:26:00 AM,7.0,2,1,3,6,1,3,3,0,1,3,IMPROPER OVERTAKING/PASSING,2,1,0.0,0.0,0.0,0.0,0.0,3.0,8,4,9,09/11/2024,2024-09-11,08:26:00
09/11/2024 06:20:00 PM,5.0,2,1,4,6,1,3,3,0,0,3,UNABLE TO DETERMINE,2,1,0.0,0.0,0.0,0.0,0.0,2.0,18,4,9,09/11/2024,2024-09-11,18:20:00
09/11/2024 06:21:00 PM,3.0,2,1,4,6,1,3,3,0,1,3,UNABLE TO DETERMINE,2,1,0.0,0.0,0.0,0.0,0.0,2.0,18,4,9,09/11/2024,2024-09-11,18:21:00
09/11/2024 01:30:00 PM,3.0,2,1,6,4,1,3,1,0,0,3,UNABLE TO DETERMINE,2,1,0.0,0.0,0.0,0.0,0.0,2.0,13,4,9,09/11/2024,2024-09-11,13:30:00
09/11/2024 03:00:00 PM,5.0,2,1,3,6,1,3,3,0,1,3,IMPROPER OVERTAKING/PASSING,2,1,0.0,0.0,0.0,0.0,0.0,2.0,15,4,9,09/11/2024,2024-09-11,15:00:00
09/11/2024 03:45:00 PM,7.0,2,1,6,7,1,3,3,1,1,3,FAILING TO YIELD RIGHT-OF-WAY,2,1,0.0,0.0,0.0,0.0,0.0,2.0,15,4,9,09/11/2024,2024-09-11,15:45:00
09/11/2024 08:15:00 AM,7.0,2,1,6,5,1,3,1,0,1,3,UNABLE TO DETERMINE,2,1,0.0,0.0,0.0,0.0,0.0,4.0,8,4,9,09/11/2024,2024-09-11,08:15:00
09/11/2024 09:00:00 PM,1.0,2,1,18,1,1,1,1,0,1,2,FOLLOWING TOO CLOSELY,2,1,0.0,0.0,0.0,0.0,0.0,3.0,21,4,9,09/11/2024,2024-09-11,21:00:00
09/11/2024 04:00:00 PM,3.0,2,1,6,5,1,3,7,0,1,3,FAILING TO REDUCE SPEED TO AVOID CRASH,2,1,0.0,0.0,0.0,0.0,0.0,2.0,16,4,9,09/11/2024,2024-09-11,16:00:00
09/11/2024 02:00:00 PM,5.0,2,1,4,6,1,3,3,0,1,3,FOLLOWING TOO CLOSELY,2,1,0.0,0.0,0.0,0.0,0.0,2.0,14,4,9,09/11/2024,2024-09-11,14:00:00
09/11/2024 09:00:00 PM,7.0,2,3,5,5,1,3,3,1,1,3,FAILING TO YIELD RIGHT-OF-WAY,2,1,0.0,0.0,0.0,0.0,0.0,2.0,21,4,9,09/11/2024,2024-09-11,21:00:00
09/11/2024 07:20:00 AM,5.0,2,1,6,6,1,3,3,0,1,3,IMPROPER OVERTAKING/PASSING,2,1,0.0,0.0,0.0,0.0,0.0,2.0,7,4,9,09/11/2024,2024-09-11,07:20:00
09/11/2024 03:45:00 PM,5.0,2,1,7,5,1,3,3,0,1,3,UNABLE TO DETERMINE,2,1,0.0,0.0,0.0,0.0,0.0,2.0,15,4,9,09/11/2024,2024-09-11,15:45:00
09/11/2024 02:54:00 PM,3.0,2,1,5,5,1,3,3,1,1,3,UNABLE TO DETERMINE,2,1,0.0,0.0,0.0,0.0,0.0,2.0,14,4,9,09/11/2024,2024-09-11,14:54:00
09/11/2024 01:20:00 PM,5.0,2,1,6,4,1,3,3,0,1,2,IMPROPER TURNING/NO SIGNAL,2,1,0.0,0.0,0.0,0.0,0.0,2.0,13,4,9,09/11/2024,2024-09-11,13:20:00
09/11/2024 04:08:00 PM,5.0,2,1,6,5,1,3,7,1,1,3,FAILING TO REDUCE SPEED TO AVOID CRASH,2,2,1.0,0.0,0.0,0.0,1.0,3.0,16,4,9,09/11/2024,2024-09-11,16:08:00
09/11/2024 06:56:00 PM,5.0,2,1,5,5,1,3,3,1,1,3,FAILING TO YIELD RIGHT-OF-WAY,2,4,1.0,0.0,1.0,0.0,0.0,2.0,18,4,9,09/11/2024,2024-09-11,18:56:00
09/11/2024 03:00:00 PM,7.0,2,1,5,5,1,3,3,0,1,3,FAILING TO YIELD RIGHT-OF-WAY,2,1,0.0,0.0,0.0,0.0,0.0,2.0,15,4,9,09/11/2024,2024-09-11,15:00:00
09/11/2024 06:40:00 AM,5.0,2,1,13,5,1,3,3,1,1,3,UNABLE TO DETERMINE,2,4,1.0,0.0,1.0,0.0,0.0,1.0,6,4,9,09/11/2024,2024-09-11,06:40:00
09/11/2024 11:18:00 AM,5.0,2,1,4,6,1,3,3,0,1,3,UNABLE TO DETERMINE,2,1,0.0,0.0,0.0,0.0,0.0,3.0,11,4,9,09/11/2024,2024-09-11,11:18:00
09/11/2024 07:47:00 AM,5.0,2,1,3,5,1,3,3,0,1,3,FOLLOWING TOO CLOSELY,2,1,0.0,0.0,0.0,0.0,0.0,4.0,7,4,9,09/11/2024,2024-09-11,07:47:00
09/11/2024 06:01:00 PM,5.0,2,3,6,4,1,3,3,0,1,3,IMPROPER TURNING/NO SIGNAL,2,1,0.0,0.0,0.0,0.0,0.0,2.0,18,4,9,09/11/2024,2024-09-11,18:01:00
09/11/2024 03:40:00 PM,5.0,2,1,3,6,1,3,3,0,1,3,FAILING TO YIELD RIGHT-OF-WAY,2,1,0.0,0.0,0.0,0.0,0.0,2.0,15,4,9,09/11/2024,2024-09-11,15:40:00
09/11/2024 11:40:00 AM,5.0,2,1,4,6,1,3,3,1,1,2,UNABLE TO DETERMINE,2,2,1.0,0.0,0.0,0.0,1.0,1.0,11,4,9,09/11/2024,2024-09-11,11:40:00
09/17/2024 09:02:00 AM,5.0,2,1,3,5,1,3,3,0,1,3,UNABLE TO DETERMINE,2,1,0.0,0.0,0.0,0.0,0.0,2.0,9,3,9,09/17/2024,2024-09-17,09:02:00
09/26/2024 01:37:00 PM,5.0,2,1,11,5,1,3,3,0,1,3,IMPROPER TURNING/NO SIGNAL,2,1,0.0,0.0,0.0,0.0,0.0,1.0,13,5,9,09/26/2024,2024-09-26,13:37:00
09/26/2024 09:55:00 AM,3.0,2,1,4,6,1,3,3,1,1,3,UNABLE TO DETERMINE,2,1,0.0,0.0,0.0,0.0,0.0,2.0,9,5,9,09/26/2024,2024-09-26,09:55:00
09/26/2024 06:30:00 PM,3.0,2,3,11,7,1,3,3,0,1,2,UNABLE TO DETERMINE,2,1,0.0,0.0,0.0,0.0,0.0,1.0,18,5,9,09/26/2024,2024-09-26,18:30:00
09/26/2024 08:32:00 AM,3.0,2,1,6,7,1,3,3,1,1,3,IMPROPER OVERTAKING/PASSING,2,3,1.0,0.0,0.0,1.0,0.0,1.0,8,5,9,09/26/2024,2024-09-26,08:32:00
09/24/2024 11:40:00 AM,7.0,2,1,5,6,1,3,3,0,1,2,UNABLE TO DETERMINE,2,1,0.0,0.0,0.0,0.0,0.0,2.0,11,3,9,09/24/2024,2024-09-24,11:40:00
09/26/2024 04:47:00 AM,5.0,2,4,5,1,1,3,3,0,1,3,DISREGARDING TRAFFIC SIGNALS,2,1,0.0,0.0,0.0,0.0,0.0,2.0,4,5,9,09/26/2024,2024-09-26,04:47:00
09/19/2024 03:44:00 PM,5.0,2,1,4,6,1,3,3,1,1,3,IMPROPER OVERTAKING/PASSING,2,3,1.0,0.0,0.0,1.0,0.0,1.0,15,5,9,09/19/2024,2024-09-19,15:44:00
09/26/2024 09:09:00 PM,3.0,2,5,4,6,1,3,3,0,1,3,NOT APPLICABLE,2,1,0.0,0.0,0.0,0.0,0.0,2.0,21,5,9,09/26/2024,2024-09-26,21:09:00
09/23/2024 07:40:00 AM,5.0,2,1,3,4,1,3,3,0,1,3,IMPROPER OVERTAKING/PASSING,2,1,0.0,0.0,0.0,0.0,0.0,2.0,7,2,9,09/23/2024,2024-09-23,07:40:00
09/24/2024 09:45:00 PM,5.0,2,1,3,6,1,3,1,0,1,3,FAILING TO YIELD RIGHT-OF-WAY,2,1,0.0,0.0,0.0,0.0,0.0,2.0,21,3,9,09/24/2024,2024-09-24,21:45:00
09/25/2024 02:00:00 PM,5.0,2,1,6,5,1,3,3,1,1,3,UNABLE TO DETERMINE,2,3,2.0,0.0,0.0,2.0,0.0,2.0,14,4,9,09/25/2024,2024-09-25,14:00:00
09/26/2024 01:37:00 PM,7.0,2,1,5,5,1,3,3,1,1,3,FAILING TO YIELD RIGHT-OF-WAY,2,1,0.0,0.0,0.0,0.0,0.0,2.0,13,5,9,09/26/2024,2024-09-26,13:37:00
09/26/2024 04:50:00 PM,5.0,2,1,4,10,1,3,3,1,0,3,DRIVING SKILLS/KNOWLEDGE/EXPERIENCE,2,1,0.0,0.0,0.0,0.0,0.0,2.0,16,5,9,09/26/2024,2024-09-26,16:50:00
09/26/2024 10:30:00 PM,5.0,2,5,9,5,1,3,1,0,1,3,UNABLE TO DETERMINE,2,1,0.0,0.0,0.0,0.0,0.0,2.0,22,5,9,09/26/2024,2024-09-26,22:30:00
09/17/2024 08:10:00 AM,5.0,2,1,4,6,1,3,3,0,1,3,UNABLE TO DETERMINE,2,1,0.0,0.0,0.0,0.0,0.0,3.0,8,3,9,09/17/2024,2024-09-17,08:10:00
09/25/2024 02:32:00 PM,5.0,2,1,6,6,1,3,1,0,1,3,NOT APPLICABLE,2,1,0.0,0.0,0.0,0.0,0.0,2.0,14,4,9,09/25/2024,2024-09-25,14:32:00
09/26/2024 01:48:00 PM,5.0,2,1,13,5,1,1,1,1,1,2,FAILING TO YIELD RIGHT-OF-WAY,2,2,1.0,0.0,0.0,0.0,1.0,1.0,13,5,9,09/26/2024,2024-09-26,13:48:00
09/26/2024 07:15:00 AM,7.0,2,1,5,5,1,3,3,0,1,3,FAILING TO YIELD RIGHT-OF-WAY,2,1,0.0,0.0,0.0,0.0,0.0,2.0,7,5,9,09/26/2024,2024-09-26,07:15:00
09/22/2024 10:00:00 PM,5.0,2,4,6,5,1,4,3,1,1,3,FAILING TO YIELD RIGHT-OF-WAY,2,2,2.0,0.0,0.0,0.0,2.0,1.0,22,1,9,09/22/2024,2024-09-22,22:00:00
09/22/2024 01:00:00 PM,5.0,2,1,14,5,1,1,1,1,1,2,UNABLE TO DETERMINE,2,3,1.0,0.0,0.0,1.0,0.0,1.0,13,1,9,09/22/2024,2024-09-22,13:00:00
09/25/2024 11:50:00 AM,3.0,2,1,6,5,1,3,3,1,1,3,IMPROPER TURNING/NO SIGNAL,2,1,0.0,0.0,0.0,0.0,0.0,2.0,11,4,9,09/25/2024,2024-09-25,11:50:00
09/25/2024 12:36:00 PM,3.0,2,1,5,17,1,3,3,0,1,3,FAILING TO YIELD RIGHT-OF-WAY,2,1,0.0,0.0,0.0,0.0,0.0,2.0,12,4,9,09/25/2024,2024-09-25,12:36:00
09/25/2024 12:50:00 PM,3.0,2,1,6,7,1,3,3,1,1,1,UNABLE TO DETERMINE,2,2,2.0,0.0,0.0,0.0,2.0,0.0,12,4,9,09/25/2024,2024-09-25,12:50:00
09/25/2024 10:36:00 PM,7.0,2,5,2,6,1,3,3,1,1,3,UNABLE TO DETERMINE,2,2,1.0,0.0,0.0,0.0,1.0,1.0,22,4,9,09/25/2024,2024-09-25,22:36:00
09/26/2024 09:00:00 AM,5.0,2,1,4,5,1,1,1,0,1,1,UNABLE TO DETERMINE,2,1,0.0,0.0,0.0,0.0,0.0,2.0,9,5,9,09/26/2024,2024-09-26,09:00:00
09/12/2024 06:48:00 AM,7.0,2,1,5,3,1,3,1,1,1,3,FAILING TO YIELD RIGHT-OF-WAY,2,3,2.0,0.0,0.0,2.0,0.0,0.0,6,5,9,09/12/2024,2024-09-12,06:48:00
09/12/2024 08:04:00 PM,5.0,2,4,6,1,1,3,3,0,1,3,UNABLE TO DETERMINE,2,1,0.0,0.0,0.0,0.0,0.0,3.0,20,5,9,09/12/2024,2024-09-12,20:04:00
09/12/2024 08:00:00 AM,7.0,2,1,6,6,1,3,3,0,1,1,IMPROPER TURNING/NO SIGNAL,2,1,0.0,0.0,0.0,0.0,0.0,2.0,8,5,9,09/12/2024,2024-09-12,08:00:00
09/12/2024 08:04:00 PM,7.0,2,4,4,6,1,3,3,1,1,3,FAILING TO REDUCE SPEED TO AVOID CRASH,2,2,1.0,0.0,0.0,0.0,1.0,1.0,20,5,9,09/12/2024,2024-09-12,20:04:00
09/12/2024 02:28:00 PM,5.0,2,1,5,5,1,3,3,1,1,3,DISREGARDING TRAFFIC SIGNALS,2,1,0.0,0.0,0.0,0.0,0.0,3.0,14,5,9,09/12/2024,2024-09-12,14:28:00
09/12/2024 07:00:00 PM,3.0,2,4,14,16,1,3,3,1,1,3,UNABLE TO DETERMINE,2,4,1.0,0.0,1.0,0.0,0.0,1.0,19,5,9,09/12/2024,2024-09-12,19:00:00
09/12/2024 08:29:00 AM,7.0,2,1,5,5,1,3,3,1,1,3,UNABLE TO DETERMINE,2,1,0.0,0.0,0.0,0.0,0.0,2.0,8,5,9,09/12/2024,2024-09-12,08:29:00
09/12/2024 07:40:00 AM,3.0,2,1,6,4,1,3,3,1,1,3,FAILING TO YIELD RIGHT-OF-WAY,2,1,0.0,0.0,0.0,0.0,0.0,3.0,7,5,9,09/12/2024,2024-09-12,07:40:00
09/12/2024 02:00:00 PM,7.0,2,1,5,5,1,3,1,0,1,3,FAILING TO YIELD RIGHT-OF-WAY,2,1,0.0,0.0,0.0,0.0,0.0,2.0,14,5,9,09/12/2024,2024-09-12,14:00:00
09/12/2024 01:00:00 PM,3.0,2,1,6,7,1,3,3,0,1,3,"VISION OBSCURED (SIGNS, TREE LIMBS, BUILDINGS, ETC.)",2,1,0.0,0.0,0.0,0.0,0.0,2.0,13,5,9,09/12/2024,2024-09-12,13:00:00