crash_date,traffic_control_device,weather_condition,lighting_condition,first_crash_type,trafficway_type,alignment,roadway_surface_cond,road_defect,crash_type,intersection_related_i,damage,prim_contributory_cause,num_units,most_severe_injury,injuries_total,injuries_fatal,injuries_incapacitating,injuries_non_incapacitating,injuries_reported_not_evident,injuries_no_indication,crash_hour,crash_day_of_week,crash_month,parsed_datetime,date,time
09/12/2024 03:30:00 PM,5.0,2,1,6,5,1,3,3,1,1,3,FAILING TO YIELD RIGHT-OF-WAY,2,3,2.0,0.0,0.0,2.0,0.0,0.0,15,5,9,09/12/2024,2024-09-12,15:30:00
09/12/2024 01:00:00 PM,5.0,2,1,4,6,1,3,3,0,1,2,UNABLE TO DETERMINE,2,1,0.0,0.0,0.0,0.0,0.0,2.0,13,5,9,09/12/2024,2024-09-12,13:00:00
09/12/2024 11:50:00 AM,3.0,2,1,3,6,1,3,3,0,1,3,UNABLE TO DETERMINE,2,1,0.0,0.0,0.0,0.0,0.0,2.0,11,5,9,09/12/2024,2024-09-12,11:50:00
09/12/2024 08:00:00 AM,11.0,2,1,13,7,1,3,3,1,1,1,DISREGARDING OTHER TRAFFIC SIGNS,2,3,1.0,0.0,0.0,1.0,0.0,2.0,8,5,9,09/12/2024,2024-09-12,08:00:00
09/12/2024 09:35:00 AM,5.0,2,1,6,6,1,3,3,0,1,2,UNABLE TO DETERMINE,2,1,0.0,0.0,0.0,0.0,0.0,3.0,9,5,9,09/12/2024,2024-09-12,09:35:00
09/12/2024 10:05:00 AM,5.0,2,1,4,18,1,3,3,1,1,1,UNABLE TO DETERMINE,2,2,1.0,0.0,0.0,0.0,1.0,1.0,10,5,9,09/12/2024,2024-09-12,10:05:00
09/12/2024 12:52:00 PM,7.0,2,1,5,5,1,3,3,1,1,3,FAILING TO YIELD RIGHT-OF-WAY,2,1,0.0,0.0,0.0,0.0,0.0,2.0,12,5,9,09/12/2024,2024-09-12,12:52:00
09/12/2024 05:29:00 PM,5.0,2,3,12,6,1,3,1,0,1,2,UNABLE TO DETERMINE,2,1,0.0,0.0,0.0,0.0,0.0,2.0,17,5,9,09/12/2024,2024-09-12,17:29:00
09/12/2024 08:20:00 AM,5.0,2,1,6,6,1,3,3,0,1,3,UNABLE TO DETERMINE,2,1,0.0,0.0,0.0,0.0,0.0,6.0,8,5,9,09/12/2024,2024-09-12,08:20:00
09/12/2024 04:50:00 PM,7.0,2,1,6,7,1,3,3,0,1,3,FAILING TO YIELD RIGHT-OF-WAY,2,1,0.0,0.0,0.0,0.0,0.0,2.0,16,5,9,09/12/2024,2024-09-12,16:50:00
09/12/2024 04:16:00 PM,5.0,2,1,8,6,1,3,3,0,1,3,UNABLE TO DETERMINE,2,1,0.0,0.0,0.0,0.0,0.0,2.0,16,5,9,09/12/2024,2024-09-12,16:16:00
09/12/2024 03:45:00 PM,5.0,2,1,4,6,1,3,1,0,1,3,FOLLOWING TOO CLOSELY,2,1,0.0,0.0,0.0,0.0,0.0,2.0,15,5,9,09/12/2024,2024-09-12,15:45:00
09/12/2024 02:45:00 PM,7.0,2,1,5,5,1,3,3,0,1,3,DISREGARDING STOP SIGN,2,1,0.0,0.0,0.0,0.0,0.0,8.0,14,5,9,09/12/2024,2024-09-12,14:45:00
09/12/2024 03:22:00 PM,3.0,2,1,6,5,1,3,3,1,1,3,FAILING TO REDUCE SPEED TO AVOID CRASH,2,1,0.0,0.0,0.0,0.0,0.0,2.0,15,5,9,09/12/2024,2024-09-12,15:22:00
09/12/2024 05:04:00 PM,5.0,2,1,3,6,1,3,3,0,1,3,IMPROPER OVERTAKING/PASSING,2,1,0.0,0.0,0.0,0.0,0.0,2.0,17,5,9,09/12/2024,2024-09-12,17:04:00
09/12/2024 11:28:00 PM,5.0,2,4,4,3,1,3,3,1,1,3,FAILING TO REDUCE SPEED TO AVOID CRASH,2,3,1.0,0.0,0.0,1.0,0.0,27.0,23,5,9,09/12/2024,2024-09-12,23:28:00
09/12/2024 08:00:00 AM,7.0,2,1,5,6,1,3,3,1,1,3,DISREGARDING STOP SIGN,2,1,0.0,0.0,0.0,0.0,0.0,3.0,8,5,9,09/12/2024,2024-09-12,08:00:00
09/12/2024 08:10:00 PM,5.0,2,4,3,14,1,3,3,0,1,2,UNABLE TO DETERMINE,2,1,0.0,0.0,0.0,0.0,0.0,2.0,20,5,9,09/12/2024,2024-09-12,20:10:00
09/12/2024 09:09:00 PM,5.0,2,4,13,4,1,3,3,1,1,1,FAILING TO YIELD RIGHT-OF-WAY,2,3,1.0,0.0,0.0,1.0,0.0,1.0,21,5,9,09/12/2024,2024-09-12,21:09:00
09/12/2024 07:15:00 PM,7.0,2,4,5,7,1,3,3,0,1,3,UNABLE TO DETERMINE,2,1,0.0,0.0,0.0,0.0,0.0,2.0,19,5,9,09/12/2024,2024-09-12,19:15:00
09/12/2024 11:44:00 AM,5.0,2,1,6,6,1,3,1,1,1,3,UNABLE TO DETERMINE,2,1,0.0,0.0,0.0,0.0,0.0,2.0,11,5,9,09/12/2024,2024-09-12,11:44:00
09/12/2024 08:50:00 AM,7.0,2,1,7,5,1,3,3,1,1,3,FAILING TO YIELD RIGHT-OF-WAY,2,1,0.0,0.0,0.0,0.0,0.0,4.0,8,5,9,09/12/2024,2024-09-12,08:50:00
09/12/2024 09:49:00 AM,7.0,2,1,4,1,1,3,3,0,1,3,PHYSICAL CONDITION OF DRIVER,2,1,0.0,0.0,0.0,0.0,0.0,2.0,9,5,9,09/12/2024,2024-09-12,09:49:00
09/12/2024 03:16:00 PM,5.0,2,1,14,6,1,3,3,0,1,3,IMPROPER OVERTAKING/PASSING,2,1,0.0,0.0,0.0,0.0,0.0,2.0,15,5,9,09/12/2024,2024-09-12,15:16:00
09/12/2024 05:00:00 PM,3.0,2,1,18,10,1,3,3,0,1,3,UNABLE TO DETERMINE,2,1,0.0,0.0,0.0,0.0,0.0,2.0,17,5,9,09/12/2024,2024-09-12,17:00:00
09/12/2024 11:02:00 AM,5.0,2,1,6,7,1,2,1,1,1,3,FAILING TO YIELD RIGHT-OF-WAY,2,3,1.0,0.0,0.0,1.0,0.0,1.0,11,5,9,09/12/2024,2024-09-12,11:02:00
09/12/2024 08:24:00 AM,5.0,2,1,6,13,1,3,3,0,1,1,FOLLOWING TOO CLOSELY,2,1,0.0,0.0,0.0,0.0,0.0,3.0,8,5,9,09/12/2024,2024-09-12,08:24:00
09/12/2024 04:24:00 AM,1.0,2,1,10,7,1,1,1,0,1,2,UNABLE TO DETERMINE,2,1,0.0,0.0,0.0,0.0,0.0,2.0,4,5,9,09/12/2024,2024-09-12,04:24:00
09/12/2024 09:50:00 PM,5.0,2,4,4,5,1,3,3,0,1,3,FOLLOWING TOO CLOSELY,2,1,0.0,0.0,0.0,0.0,0.0,2.0,21,5,9,09/12/2024,2024-09-12,21:50:00
09/12/2024 05:45:00 AM,3.0,2,1,5,6,1,1,3,1,1,3,UNABLE TO DETERMINE,2,3,1.0,0.0,0.0,1.0,0.0,1.0,5,5,9,09/12/2024,2024-09-12,05:45:00
09/20/2024 06:22:00 PM,3.0,2,3,7,6,1,3,3,1,1,2,IMPROPER LANE USAGE,2,3,1.0,0.0,0.0,1.0,0.0,1.0,18,6,9,09/20/2024,2024-09-20,18:22:00
09/27/2024 06:45:00 PM,7.0,2,4,6,5,1,3,7,1,1,3,"VISION OBSCURED (SIGNS, TREE LIMBS, BUILDINGS, ETC.)",2,1,0.0,0.0,0.0,0.0,0.0,2.0,18,6,9,09/27/2024,2024-09-27,18:45:00
09/25/2024 06:11:00 PM,5.0,2,3,3,6,1,3,3,0,1,2,FOLLOWING TOO CLOSELY,2,1,0.0,0.0,0.0,0.0,0.0,2.0,18,4,9,09/25/2024,2024-09-25,18:11:00
09/26/2024 08:41:00 PM,5.0,2,4,8,6,1,3,3,0,1,3,IMPROPER BACKING,2,1,0.0,0.0,0.0,0.0,0.0,2.0,20,5,9,09/26/2024,2024-09-26,20:41:00
09/25/2024 10:30:00 PM,1.0,2,3,10,6,1,3,1,0,1,2,UNABLE TO DETERMINE,2,1,0.0,0.0,0.0,0.0,0.0,2.0,22,4,9,09/25/2024,2024-09-25,22:30:00
09/26/2024 04:45:00 PM,3.0,2,1,3,6,1,3,1,1,0,3,UNABLE TO DETERMINE,2,1,0.0,0.0,0.0,0.0,0.0,2.0,16,5,9,09/26/2024,2024-09-26,16:45:00
09/27/2024 03:45:00 PM,7.0,4,1,5,5,1,3,1,0,1,3,FAILING TO REDUCE SPEED TO AVOID CRASH,2,1,0.0,0.0,0.0,0.0,0.0,3.0,15,6,9,09/27/2024,2024-09-27,15:45:00
09/26/2024 07:00:00 PM,5.0,2,3,3,10,1,3,3,0,1,2,FAILING TO YIELD RIGHT-OF-WAY,2,1,0.0,0.0,0.0,0.0,0.0,3.0,19,5,9,09/26/2024,2024-09-26,19:00:00
09/27/2024 11:01:00 AM,7.0,2,1,5,5,1,3,3,1,1,3,DISREGARDING STOP SIGN,2,2,1.0,0.0,0.0,0.0,1.0,1.0,11,6,9,09/27/2024,2024-09-27,11:01:00
09/27/2024 09:09:00 AM,5.0,2,1,6,5,1,3,3,0,1,3,DISREGARDING TRAFFIC SIGNALS,2,1,0.0,0.0,0.0,0.0,0.0,4.0,9,6,9,09/27/2024,2024-09-27,09:09:00
09/21/2024 10:59:00 AM,5.0,2,1,6,7,1,3,1,1,1,3,IMPROPER TURNING/NO SIGNAL,2,3,2.0,0.0,0.0,2.0,0.0,3.0,10,7,9,09/21/2024,2024-09-21,10:59:00
09/26/2024 01:00:00 PM,3.0,2,1,2,6,1,3,3,0,1,2,UNABLE TO DETERMINE,2,1,0.0,0.0,0.0,0.0,0.0,2.0,13,5,9,09/26/2024,2024-09-26,13:00:00
09/26/2024 10:20:00 AM,5.0,2,1,6,3,1,3,3,1,1,3,DISREGARDING TRAFFIC SIGNALS,2,1,0.0,0.0,0.0,0.0,0.0,2.0,10,5,9,09/26/2024,2024-09-26,10:20:00
09/27/2024 09:00:00 AM,3.0,2,1,3,4,1,3,3,0,1,2,IMPROPER LANE USAGE,2,1,0.0,0.0,0.0,0.0,0.0,2.0,9,6,9,09/27/2024,2024-09-27,09:00:00
09/26/2024 10:45:00 PM,5.0,2,4,14,6,1,3,3,1,1,3,FAILING TO YIELD RIGHT-OF-WAY,2,3,1.0,0.0,0.0,1.0,0.0,1.0,22,5,9,09/26/2024,2024-09-26,22:45:00
09/23/2024 09:10:00 AM,5.0,2,1,3,5,1,3,1,0,1,3,FAILING TO YIELD RIGHT-OF-WAY,2,1,0.0,0.0,0.0,0.0,0.0,2.0,9,2,9,09/23/2024,2024-09-23,09:10:00
09/27/2024 09:47:00 AM,3.0,2,1,3,6,1,3,3,0,1,3,DISREGARDING ROAD MARKINGS,2,1,0.0,0.0,0.0,0.0,0.0,2.0,9,6,9,09/27/2024,2024-09-27,09:47:00
09/27/2024 03:40:00 PM,5.0,2,1,6,2,1,3,3,1,1,3,FAILING TO YIELD RIGHT-OF-WAY,2,2,1.0,0.0,0.0,0.0,1.0,2.0,15,6,9,09/27/2024,2024-09-27,15:40:00
09/27/2024 07:55:00 PM,7.0,2,4,6,5,1,3,3,0,1,3,FAILING TO YIELD RIGHT-OF-WAY,2,1,0.0,0.0,0.0,0.0,0.0,2.0,19,6,9,09/27/2024,2024-09-27,19:55:00
09/25/2024 03:30:00 PM,7.0,4,1,5,5,1,4,1,0,1,3,UNABLE TO DETERMINE,2,1,0.0,0.0,0.0,0.0,0.0,2.0,15,4,9,09/25/2024,2024-09-25,15:30:00
09/27/2024 10:19:00 AM,5.0,2,1,4,6,1,1,1,0,1,3,FOLLOWING TOO CLOSELY,2,1,0.0,0.0,0.0,0.0,0.0,2.0,10,6,9,09/27/2024,2024-09-27,10:19:00
09/26/2024 12:20:00 PM,5.0,2,1,13,5,1,3,3,1,1,3,FAILING TO YIELD RIGHT-OF-WAY,2,3,1.0,0.0,0.0,1.0,0.0,2.0,12,5,9,09/26/2024,2024-09-26,12:20:00
09/27/2024 07:25:00 PM,7.0,2,3,5,7,1,3,3,1,1,3,FAILING TO REDUCE SPEED TO AVOID CRASH,2,3,2.0,0.0,0.0,1.0,1.0,1.0,19,6,9,09/27/2024,2024-09-27,19:25:00
09/27/2024 10:14:00 PM,5.0,2,4,6,6,1,3,3,0,1,3,UNABLE TO DETERMINE,2,1,0.0,0.0,0.0,0.0,0.0,2.0,22,6,9,09/27/2024,2024-09-27,22:14:00
09/26/2024 11:00:00 AM,5.0,2,1,5,6,1,3,3,0,1,3,FAILING TO YIELD RIGHT-OF-WAY,2,1,0.0,0.0,0.0,0.0,0.0,2.0,11,5,9,09/26/2024,2024-09-26,11:00:00
09/26/2024 12:10:00 AM,5.0,2,4,6,5,1,3,3,1,1,3,DISREGARDING OTHER TRAFFIC SIGNS,2,1,0.0,0.0,0.0,0.0,0.0,2.0,0,5,9,09/26/2024,2024-09-26,00:10:00
09/27/2024 04:05:00 PM,5.0,2,1,4,3,1,3,3,0,1,3,FOLLOWING TOO CLOSELY,2,1,0.0,0.0,0.0,0.0,0.0,2.0,16,6,9,09/27/2024,2024-09-27,16:05:00
09/28/2024 12:31:00 AM,5.0,2,4,4,4,1,3,3,0,1,2,UNABLE TO DETERMINE,2,1,0.0,0.0,0.0,0.0,0.0,3.0,0,7,9,09/28/2024,2024-09-28,00:31:00
09/26/2024 07:15:00 AM,7.0,2,1,5,6,1,3,3,1,1,3,FAILING TO YIELD RIGHT-OF-WAY,2,1,0.0,0.0,0.0,0.0,0.0,2.0,7,5,9,09/26/2024,2024-09-26,07:15:00
09/27/2024 11:20:00 AM,7.0,3,1,6,5,1,3,3,0,1,3,IMPROPER TURNING/NO SIGNAL,2,1,0.0,0.0,0.0,0.0,0.0,2.0,11,6,9,09/27/2024,2024-09-27,11:20:00
09/11/2024 12:00:00 PM,7.0,2,1,6,5,1,3,3,0,1,3,FAILING TO YIELD RIGHT-OF-WAY,2,1,0.0,0.0,0.0,0.0,0.0,2.0,12,4,9,09/11/2024,2024-09-11,12:00:00
09/27/2024 06:45:00 PM,7.0,2,1,6,7,1,3,3,0,1,3,DISREGARDING STOP SIGN,2,1,0.0,0.0,0.0,0.0,0.0,2.0,18,6,9,09/27/2024,2024-09-27,18:45:00
09/13/2024 02:45:00 PM,5.0,2,1,6,5,1,3,3,1,1,3,UNABLE TO DETERMINE,2,2,1.0,0.0,0.0,0.0,1.0,1.0,14,6,9,09/13/2024,2024-09-13,14:45:00
09/13/2024 08:30:00 AM,5.0,2,1,6,6,1,3,3,0,1,3,FAILING TO REDUCE SPEED TO AVOID CRASH,2,1,0.0,0.0,0.0,0.0,0.0,2.0,8,6,9,09/13/2024,2024-09-13,08:30:00
09/13/2024 09:15:00 AM,3.0,2,1,3,6,1,3,3,1,1,3,IMPROPER TURNING/NO SIGNAL,2,3,1.0,0.0,0.0,1.0,0.0,1.0,9,6,9,09/13/2024,2024-09-13,09:15:00
09/13/2024 05:10:00 PM,5.0,2,1,6,6,1,3,3,0,1,3,FAILING TO REDUCE SPEED TO AVOID CRASH,2,1,0.0,0.0,0.0,0.0,0.0,2.0,17,6,9,09/13/2024,2024-09-13,17:10:00
09/13/2024 10:22:00 PM,3.0,2,4,4,5,1,3,3,0,1,1,UNABLE TO DETERMINE,2,1,0.0,0.0,0.0,0.0,0.0,2.0,22,6,9,09/13/2024,2024-09-13,22:22:00
09/13/2024 04:14:00 PM,5.0,2,1,5,5,1,3,3,1,1,3,EQUIPMENT - VEHICLE CONDITION,2,3,2.0,0.0,0.0,2.0,0.0,1.0,16,6,9,09/13/2024,2024-09-13,16:14:00
09/13/2024 06:30:00 PM,5.0,2,2,3,5,1,1,2,0,1,3,FAILING TO YIELD RIGHT-OF-WAY,2,1,0.0,0.0,0.0,0.0,0.0,5.0,18,6,9,09/13/2024,2024-09-13,18:30:00
09/13/2024 02:15:00 PM,5.0,2,1,4,5,1,3,3,0,1,3,UNABLE TO DETERMINE,2,1,0.0,0.0,0.0,0.0,0.0,2.0,14,6,9,09/13/2024,2024-09-13,14:15:00
09/13/2024 01:15:00 PM,5.0,2,1,4,10,1,3,3,0,1,1,FAILING TO REDUCE SPEED TO AVOID CRASH,2,1,0.0,0.0,0.0,0.0,0.0,3.0,13,6,9,09/13/2024,2024-09-13,13:15:00
09/13/2024 07:30:00 PM,5.0,2,3,3,5,1,3,3,0,1,3,IMPROPER TURNING/NO SIGNAL,2,1,0.0,0.0,0.0,0.0,0.0,2.0,19,6,9,09/13/2024,2024-09-13,19:30:00
09/13/2024 03:45:00 PM,3.0,2,1,5,6,1,3,3,0,1,3,DISREGARDING TRAFFIC SIGNALS,2,1,0.0,0.0,0.0,0.0,0.0,4.0,15,6,9,09/13/2024,2024-09-13,15:45:00
09/13/2024 05:00:00 PM,7.0,2,1,5,5,1,3,3,0,1,3,FAILING TO YIELD RIGHT-OF-WAY,2,1,0.0,0.0,0.0,0.0,0.0,2.0,17,6,9,09/13/2024,2024-09-13,17:00:00
09/13/2024 08:30:00 PM,5.0,2,4,4,5,1,3,3,0,1,3,DRIVING SKILLS/KNOWLEDGE/EXPERIENCE,2,1,0.0,0.0,0.0,0.0,0.0,2.0,20,6,9,09/13/2024,2024-09-13,20:30:00
09/13/2024 03:40:00 PM,5.0,2,1,6,6,1,3,3,0,1,2,IMPROPER TURNING/NO SIGNAL,2,1,0.0,0.0,0.0,0.0,0.0,2.0,15,6,9,09/13/2024,2024-09-13,15:40:00
09/13/2024 10:50:00 PM,5.0,2,4,4,3,1,3,3,0,1,3,UNABLE TO DETERMINE,2,1,0.0,0.0,0.0,0.0,0.0,3.0,22,6,9,09/13/2024,2024-09-13,22:50:00
09/13/2024 04:00:00 PM,7.0,2,1,6,5,1,3,3,0,1,3,FAILING TO YIELD RIGHT-OF-WAY,2,1,0.0,0.0,0.0,0.0,0.0,2.0,16,6,9,09/13/2024,2024-09-13,16:00:00
09/13/2024 07:35:00 AM,5.0,2,1,4,6,1,3,3,0,1,3,FOLLOWING TOO CLOSELY,2,1,0.0,0.0,0.0,0.0,0.0,4.0,7,6,9,09/13/2024,2024-09-13,07:35:00
09/13/2024 09:15:00 PM,5.0,2,4,6,14,1,3,3,0,1,3,UNABLE TO DETERMINE,2,1,0.0,0.0,0.0,0.0,0.0,2.0,21,6,9,09/13/2024,2024-09-13,21:15:00
09/13/2024 11:30:00 AM,5.0,2,1,6,3,1,3,3,0,1,3,IMPROPER TURNING/NO SIGNAL,2,1,0.0,0.0,0.0,0.0,0.0,2.0,11,6,9,09/13/2024,2024-09-13,11:30:00
09/13/2024 08:42:00 AM,5.0,2,1,3,7,1,3,3,1,1,3,UNABLE TO DETERMINE,2,1,0.0,0.0,0.0,0.0,0.0,4.0,8,6,9,09/13/2024,2024-09-13,08:42:00
09/13/2024 07:50:00 AM,7.0,2,1,5,5,1,1,1,0,1,3,UNABLE TO DETERMINE,2,1,0.0,0.0,0.0,0.0,0.0,2.0,7,6,9,09/13/2024,2024-09-13,07:50:00
09/13/2024 06:20:00 PM,3.0,2,1,3,6,1,3,3,0,1,3,DRIVING ON WRONG SIDE/WRONG WAY,2,1,0.0,0.0,0.0,0.0,0.0,2.0,18,6,9,09/13/2024,2024-09-13,18:20:00
09/13/2024 01:00:00 PM,5.0,2,1,5,9,1,1,1,0,1,3,UNABLE TO DETERMINE,2,1,0.0,0.0,0.0,0.0,0.0,2.0,13,6,9,09/13/2024,2024-09-13,13:00:00
09/13/2024 09:35:00 AM,2.0,2,1,13,5,1,3,3,1,1,1,NOT APPLICABLE,2,2,1.0,0.0,0.0,0.0,1.0,1.0,9,6,9,09/13/2024,2024-09-13,09:35:00
09/13/2024 03:05:00 PM,5.0,2,1,6,5,1,3,3,0,1,2,IMPROPER TURNING/NO SIGNAL,2,1,0.0,0.0,0.0,0.0,0.0,2.0,15,6,9,09/13/2024,2024-09-13,15:05:00
09/13/2024 12:50:00 PM,3.0,2,1,5,6,1,3,3,0,1,3,FAILING TO YIELD RIGHT-OF-WAY,2,1,0.0,0.0,0.0,0.0,0.0,3.0,12,6,9,09/13/2024,2024-09-13,12:50:00
09/13/2024 04:01:00 PM,5.0,2,1,6,6,1,3,1,1,1,3,FAILING TO YIELD RIGHT-OF-WAY,2,3,1.0,0.0,0.0,1.0,0.0,1.0,16,6,9,09/13/2024,2024-09-13,16:01:00
09/13/2024 08:04:00 PM,5.0,2,4,14,6,1,3,3,1,1,1,UNABLE TO DETERMINE,2,3,1.0,0.0,0.0,1.0,0.0,1.0,20,6,9,09/13/2024,2024-09-13,20:04:00
09/13/2024 05:45:00 PM,1.0,2,1,6,3,1,1,1,0,1,1,DRIVING SKILLS/KNOWLEDGE/EXPERIENCE,2,1,0.0,0.0,0.0,0.0,0.0,2.0,17,6,9,09/13/2024,2024-09-13,17:45:00
09/13/2024 11:10:00 AM,7.0,2,1,5,6,1,3,3,1,1,3,UNABLE TO DETERMINE,2,1,0.0,0.0,0.0,0.0,0.0,3.0,11,6,9,09/13/2024,2024-09-13,11:10:00
09/13/2024 05:50:00 PM,7.0,2,1,14,6,1,3,3,1,1,1,FAILING TO YIELD RIGHT-OF-WAY,2,2,1.0,0.0,0.0,0.0,1.0,4.0,17,6,9,09/13/2024,2024-09-13,17:50:00
09/13/2024 05:10:00 PM,7.0,2,1,6,4,1,3,3,0,1,3,NOT APPLICABLE,2,1,0.0,0.0,0.0,0.0,0.0,2.0,17,6,9,09/13/2024,2024-09-13,17:10:00
09/13/2024 10:00:00 PM,5.0,2,1,5,5,1,1,1,0,1,3,UNABLE TO DETERMINE,2,1,0.0,0.0,0.0,0.0,0.0,3.0,22,6,9,09/13/2024,2024-09-13,22:00:00
09/13/2024 10:04:00 PM,5.0,2,4,6,5,1,3,3,1,1,3,FAILING TO YIELD RIGHT-OF-WAY,2,3,2.0,0.0,0.0,2.0,0.0,1.0,22,6,9,09/13/2024,2024-09-13,22:04:00
09/13/2024 07:15:00 PM,7.0,2,3,3,6,1,3,3,0,1,1,IMPROPER OVERTAKING/PASSING,2,1,0.0,0.0,0.0,0.0,0.0,2.0,19,6,9,09/13/2024,2024-09-13,19:15:00
09/13/2024 03:07:00 PM,7.0,2,1,6,6,1,2,2,1,1,3,IMPROPER TURNING/NO SIGNAL,2,3,1.0,0.0,0.0,1.0,0.0,1.0,15,6,9,09/13/2024,2024-09-13,15:07:00
09/13/2024 10:00:00 PM,7.0,2,4,6,5,1,3,3,0,1,3,IMPROPER OVERTAKING/PASSING,2,1,0.0,0.0,0.0,0.0,0.0,2.0,22,6,9,09/13/2024,2024-09-13,22:00:00
09/13/2024 10:50:00 PM,5.0,2,4,6,5,1,3,3,0,1,3,IMPROPER TURNING/NO SIGNAL,2,1,0.0,0.0,0.0,0.0,0.0,2.0,22,6,9,09/13/2024,2024-09-13,22:50:00
09/13/2024 02:50:00 PM,7.0,2,1,4,5,1,3,3,1,1,3,PHYSICAL CONDITION OF DRIVER,2,3,1.0,0.0,0.0,1.0,0.0,1.0,14,6,9,09/13/2024,2024-09-13,14:50:00
09/13/2024 06:30:00 PM,7.0,2,3,5,6,1,3,3,0,1,3,UNABLE TO DETERMINE,2,1,0.0,0.0,0.0,0.0,0.0,2.0,18,6,9,09/13/2024,2024-09-13,18:30:00
09/13/2024 12:38:00 AM,3.0,2,4,6,5,1,3,3,0,1,2,IMPROPER TURNING/NO SIGNAL,2,1,0.0,0.0,0.0,0.0,0.0,2.0,0,6,9,09/13/2024,2024-09-13,00:38:00
09/27/2024 10:00:00 AM,7.0,2,1,13,7,1,1,1,1,0,1,DISTRACTION - FROM INSIDE VEHICLE,2,2,1.0,0.0,0.0,0.0,1.0,3.0,10,6,9,09/27/2024,2024-09-27,10:00:00
09/28/2024 03:29:00 PM,5.0,2,1,4,5,1,3,3,1,1,3,FOLLOWING TOO CLOSELY,2,1,0.0,0.0,0.0,0.0,0.0,6.0,15,7,9,09/28/2024,2024-09-28,15:29:00
09/28/2024 01:45:00 PM,7.0,2,1,6,5,1,3,3,0,1,3,UNABLE TO DETERMINE,2,1,0.0,0.0,0.0,0.0,0.0,2.0,13,7,9,09/28/2024,2024-09-28,13:45:00
09/25/2024 05:26:00 PM,7.0,2,1,5,5,1,3,1,1,1,3,FAILING TO YIELD RIGHT-OF-WAY,2,2,1.0,0.0,0.0,0.0,1.0,1.0,17,4,9,09/25/2024,2024-09-25,17:26:00
09/27/2024 11:51:00 AM,5.0,2,1,5,3,1,3,3,1,1,3,FAILING TO YIELD RIGHT-OF-WAY,2,1,0.0,0.0,0.0,0.0,0.0,2.0,11,6,9,09/27/2024,2024-09-27,11:51:00
09/28/2024 12:01:00 PM,5.0,4,1,4,4,1,4,3,0,1,2,UNABLE TO DETERMINE,2,1,0.0,0.0,0.0,0.0,0.0,2.0,12,7,9,09/28/2024,2024-09-28,12:01:00
09/27/2024 10:10:00 PM,5.0,2,4,4,5,1,3,3,0,1,3,UNABLE TO DETERMINE,2,1,0.0,0.0,0.0,0.0,0.0,5.0,22,6,9,09/27/2024,2024-09-27,22:10:00
09/26/2024 11:00:00 PM,5.0,2,4,6,5,1,3,3,0,1,3,IMPROPER OVERTAKING/PASSING,2,1,0.0,0.0,0.0,0.0,0.0,2.0,23,5,9,09/26/2024,2024-09-26,23:00:00
09/26/2024 12:50:00 PM,7.0,2,1,5,5,1,3,3,1,1,3,UNABLE TO DETERMINE,2,2,1.0,0.0,0.0,0.0,1.0,1.0,12,5,9,09/26/2024,2024-09-26,12:50:00
09/28/2024 11:40:00 PM,3.0,2,4,6,5,1,1,1,0,1,3,IMPROPER OVERTAKING/PASSING,2,1,0.0,0.0,0.0,0.0,0.0,3.0,23,7,9,09/28/2024,2024-09-28,23:40:00
09/28/2024 09:20:00 AM,7.0,4,1,5,6,1,4,3,1,1,3,FAILING TO YIELD RIGHT-OF-WAY,2,1,0.0,0.0,0.0,0.0,0.0,3.0,9,7,9,09/28/2024,2024-09-28,09:20:00
09/20/2024 06:45:00 PM,5.0,2,1,3,10,1,3,3,0,1,3,IMPROPER LANE USAGE,2,1,0.0,0.0,0.0,0.0,0.0,2.0,18,6,9,09/20/2024,2024-09-20,18:45:00
09/28/2024 11:51:00 AM,5.0,2,1,5,5,1,3,3,0,1,3,DISREGARDING TRAFFIC SIGNALS,2,1,0.0,0.0,0.0,0.0,0.0,4.0,11,7,9,09/28/2024,2024-09-28,11:51:00
09/27/2024 08:17:00 PM,3.0,2,4,6,6,1,3,1,1,1,2,UNABLE TO DETERMINE,2,2,2.0,0.0,0.0,0.0,2.0,2.0,20,6,9,09/27/2024,2024-09-27,20:17:00
09/28/2024 09:30:00 AM,7.0,3,1,5,4,1,4,3,0,1,2,FAILING TO YIELD RIGHT-OF-WAY,2,1,0.0,0.0,0.0,0.0,0.0,2.0,9,7,9,09/28/2024,2024-09-28,09:30:00
09/26/2024 11:05:00 AM,5.0,2,1,4,5,1,1,1,0,1,3,UNABLE TO DETERMINE,2,1,0.0,0.0,0.0,0.0,0.0,2.0,11,5,9,09/26/2024,2024-09-26,11:05:00
09/28/2024 12:05:00 AM,7.0,2,4,5,6,1,3,3,0,1,3,UNABLE TO DETERMINE,2,1,0.0,0.0,0.0,0.0,0.0,3.0,0,7,9,09/28/2024,2024-09-28,00:05:00
09/28/2024 10:17:00 PM,5.0,2,4,6,4,1,3,3,0,1,3,UNABLE TO DETERMINE,2,1,0.0,0.0,0.0,0.0,0.0,2.0,22,7,9,09/28/2024,2024-09-28,22:17:00
09/25/2024 06:00:00 PM,5.0,2,1,11,5,1,3,3,0,1,3,UNABLE TO DETERMINE,2,1,0.0,0.0,0.0,0.0,0.0,1.0,18,4,9,09/25/2024,2024-09-25,18:00:00