crash_date,traffic_control_device,weather_condition,lighting_condition,first_crash_type,trafficway_type,alignment,roadway_surface_cond,road_defect,crash_type,intersection_related_i,damage,prim_contributory_cause,num_units,most_severe_injury,injuries_total,injuries_fatal,injuries_incapacitating,injuries_non_incapacitating,injuries_reported_not_evident,injuries_no_indication,crash_hour,crash_day_of_week,crash_month,parsed_datetime,date,time
09/25/2024 08:05:00 AM,3.0,2,1,4,3,1,1,1,0,1,3,FOLLOWING TOO CLOSELY,2,1,0.0,0.0,0.0,0.0,0.0,2.0,8,4,9,09/25/2024,2024-09-25,08:05:00
09/25/2024 10:45:00 AM,5.0,2,1,6,5,1,3,3,0,1,3,FOLLOWING TOO CLOSELY,2,1,0.0,0.0,0.0,0.0,0.0,2.0,10,4,9,09/25/2024,2024-09-25,10:45:00
09/25/2024 08:00:00 AM,4.0,2,1,5,5,1,3,3,0,1,3,UNABLE TO DETERMINE,2,1,0.0,0.0,0.0,0.0,0.0,5.0,8,4,9,09/25/2024,2024-09-25,08:00:00
09/25/2024 06:50:00 PM,5.0,2,3,5,6,1,3,3,0,1,2,DISREGARDING TRAFFIC SIGNALS,2,1,0.0,0.0,0.0,0.0,0.0,2.0,18,4,9,09/25/2024,2024-09-25,18:50:00
09/25/2024 04:00:00 PM,7.0,2,1,4,7,1,3,3,0,1,1,FOLLOWING TOO CLOSELY,2,1,0.0,0.0,0.0,0.0,0.0,4.0,16,4,9,09/25/2024,2024-09-25,16:00:00
09/25/2024 12:16:00 PM,7.0,2,1,5,6,1,3,3,1,1,3,FAILING TO YIELD RIGHT-OF-WAY,2,1,0.0,0.0,0.0,0.0,0.0,3.0,12,4,9,09/25/2024,2024-09-25,12:16:00
09/25/2024 01:24:00 PM,5.0,2,1,14,6,1,3,3,1,1,3,NOT APPLICABLE,2,2,1.0,0.0,0.0,0.0,1.0,1.0,13,4,9,09/25/2024,2024-09-25,13:24:00
09/25/2024 05:43:00 AM,1.0,2,1,3,6,1,1,1,0,1,3,UNABLE TO DETERMINE,2,1,0.0,0.0,0.0,0.0,0.0,2.0,5,4,9,09/25/2024,2024-09-25,05:43:00
09/25/2024 09:13:00 AM,5.0,2,1,5,6,1,3,3,1,1,3,FAILING TO REDUCE SPEED TO AVOID CRASH,2,1,0.0,0.0,0.0,0.0,0.0,2.0,9,4,9,09/25/2024,2024-09-25,09:13:00
09/25/2024 04:15:00 PM,5.0,2,1,5,5,1,3,1,0,1,3,DISREGARDING TRAFFIC SIGNALS,2,1,0.0,0.0,0.0,0.0,0.0,2.0,16,4,9,09/25/2024,2024-09-25,16:15:00
09/25/2024 09:00:00 AM,5.0,2,1,6,14,1,3,1,1,1,3,IMPROPER TURNING/NO SIGNAL,2,1,0.0,0.0,0.0,0.0,0.0,2.0,9,4,9,09/25/2024,2024-09-25,09:00:00
09/25/2024 03:50:00 PM,5.0,2,1,6,6,1,3,3,1,1,3,FAILING TO YIELD RIGHT-OF-WAY,2,1,0.0,0.0,0.0,0.0,0.0,2.0,15,4,9,09/25/2024,2024-09-25,15:50:00
09/25/2024 06:48:00 PM,7.0,2,1,13,5,1,3,3,1,1,1,UNABLE TO DETERMINE,2,2,1.0,0.0,0.0,0.0,1.0,1.0,18,4,9,09/25/2024,2024-09-25,18:48:00
09/25/2024 03:45:00 PM,5.0,2,1,6,4,1,3,1,0,1,3,UNABLE TO DETERMINE,2,1,0.0,0.0,0.0,0.0,0.0,2.0,15,4,9,09/25/2024,2024-09-25,15:45:00
09/25/2024 10:26:00 PM,5.0,2,4,6,6,1,1,1,1,1,3,FAILING TO YIELD RIGHT-OF-WAY,2,1,0.0,0.0,0.0,0.0,0.0,2.0,22,4,9,09/25/2024,2024-09-25,22:26:00
09/25/2024 08:05:00 AM,5.0,2,1,6,6,1,3,3,0,1,3,FAILING TO YIELD RIGHT-OF-WAY,2,1,0.0,0.0,0.0,0.0,0.0,2.0,8,4,9,09/25/2024,2024-09-25,08:05:00
09/25/2024 07:40:00 AM,5.0,2,1,3,6,1,3,3,0,1,3,FOLLOWING TOO CLOSELY,2,1,0.0,0.0,0.0,0.0,0.0,2.0,7,4,9,09/25/2024,2024-09-25,07:40:00
09/25/2024 06:00:00 PM,7.0,2,1,4,5,1,3,3,0,1,3,FAILING TO YIELD RIGHT-OF-WAY,2,1,0.0,0.0,0.0,0.0,0.0,2.0,18,4,9,09/25/2024,2024-09-25,18:00:00
09/25/2024 03:12:00 PM,5.0,2,1,14,6,1,3,3,1,1,2,UNABLE TO DETERMINE,2,3,1.0,0.0,0.0,1.0,0.0,1.0,15,4,9,09/25/2024,2024-09-25,15:12:00
09/25/2024 07:07:00 PM,5.0,2,3,3,6,1,3,3,1,1,3,DISTRACTION - FROM OUTSIDE VEHICLE,2,1,0.0,0.0,0.0,0.0,0.0,3.0,19,4,9,09/25/2024,2024-09-25,19:07:00
09/25/2024 03:25:00 PM,5.0,2,1,3,5,1,3,1,0,1,2,UNABLE TO DETERMINE,2,1,0.0,0.0,0.0,0.0,0.0,2.0,15,4,9,09/25/2024,2024-09-25,15:25:00
09/25/2024 08:02:00 AM,5.0,2,1,4,4,1,3,3,1,1,3,UNABLE TO DETERMINE,2,2,1.0,0.0,0.0,0.0,1.0,1.0,8,4,9,09/25/2024,2024-09-25,08:02:00
09/25/2024 10:15:00 AM,5.0,2,1,10,6,1,3,3,1,1,3,FAILING TO YIELD RIGHT-OF-WAY,2,1,0.0,0.0,0.0,0.0,0.0,2.0,10,4,9,09/25/2024,2024-09-25,10:15:00
09/25/2024 03:22:00 PM,3.0,2,1,4,4,1,3,3,0,1,3,UNABLE TO DETERMINE,2,1,0.0,0.0,0.0,0.0,0.0,2.0,15,4,9,09/25/2024,2024-09-25,15:22:00
09/25/2024 07:00:00 PM,3.0,2,1,4,4,1,3,3,0,0,2,FOLLOWING TOO CLOSELY,2,1,0.0,0.0,0.0,0.0,0.0,2.0,19,4,9,09/25/2024,2024-09-25,19:00:00
09/25/2024 06:02:00 PM,5.0,2,1,3,6,1,3,3,0,1,3,FAILING TO YIELD RIGHT-OF-WAY,2,1,0.0,0.0,0.0,0.0,0.0,2.0,18,4,9,09/25/2024,2024-09-25,18:02:00
09/25/2024 04:40:00 PM,5.0,2,1,6,5,1,3,1,0,1,3,UNABLE TO DETERMINE,2,1,0.0,0.0,0.0,0.0,0.0,2.0,16,4,9,09/25/2024,2024-09-25,16:40:00
09/25/2024 04:15:00 PM,5.0,2,1,3,14,1,3,1,0,1,3,UNABLE TO DETERMINE,2,1,0.0,0.0,0.0,0.0,0.0,3.0,16,4,9,09/25/2024,2024-09-25,16:15:00
09/25/2024 01:15:00 PM,3.0,2,1,5,6,3,3,3,0,1,3,FAILING TO YIELD RIGHT-OF-WAY,2,1,0.0,0.0,0.0,0.0,0.0,2.0,13,4,9,09/25/2024,2024-09-25,13:15:00
09/25/2024 09:40:00 AM,7.0,2,1,6,4,1,3,3,0,1,3,IMPROPER TURNING/NO SIGNAL,2,1,0.0,0.0,0.0,0.0,0.0,2.0,9,4,9,09/25/2024,2024-09-25,09:40:00
09/25/2024 08:07:00 AM,5.0,2,1,6,5,1,3,3,0,1,3,FAILING TO YIELD RIGHT-OF-WAY,2,1,0.0,0.0,0.0,0.0,0.0,2.0,8,4,9,09/25/2024,2024-09-25,08:07:00
09/25/2024 01:20:00 PM,1.0,2,1,4,6,1,1,1,0,1,3,UNABLE TO DETERMINE,2,1,0.0,0.0,0.0,0.0,0.0,2.0,13,4,9,09/25/2024,2024-09-25,13:20:00
09/25/2024 02:40:00 PM,5.0,2,1,6,5,1,3,1,0,1,3,UNABLE TO DETERMINE,2,1,0.0,0.0,0.0,0.0,0.0,2.0,14,4,9,09/25/2024,2024-09-25,14:40:00
10/10/2024 03:45:00 PM,5.0,2,1,6,5,1,3,3,1,1,3,FAILING TO YIELD RIGHT-OF-WAY,2,1,0.0,0.0,0.0,0.0,0.0,2.0,15,5,10,10/10/2024,2024-10-10,15:45:00
10/10/2024 08:59:00 AM,7.0,2,1,5,5,1,3,3,0,1,3,FAILING TO YIELD RIGHT-OF-WAY,2,1,0.0,0.0,0.0,0.0,0.0,2.0,8,5,10,10/10/2024,2024-10-10,08:59:00
10/08/2024 01:10:00 PM,5.0,2,1,6,7,1,3,3,0,1,3,IMPROPER TURNING/NO SIGNAL,2,1,0.0,0.0,0.0,0.0,0.0,2.0,13,3,10,10/08/2024,2024-10-08,13:10:00
10/10/2024 01:44:00 PM,5.0,2,1,4,7,1,3,3,0,1,3,FOLLOWING TOO CLOSELY,2,1,0.0,0.0,0.0,0.0,0.0,2.0,13,5,10,10/10/2024,2024-10-10,13:44:00
10/09/2024 07:25:00 AM,3.0,2,1,4,3,1,4,1,0,0,1,WEATHER,2,1,0.0,0.0,0.0,0.0,0.0,2.0,7,4,10,10/09/2024,2024-10-09,07:25:00
10/10/2024 05:19:00 PM,7.0,2,1,5,5,1,3,3,1,1,3,FAILING TO YIELD RIGHT-OF-WAY,2,3,2.0,0.0,0.0,2.0,0.0,3.0,17,5,10,10/10/2024,2024-10-10,17:19:00
10/04/2024 07:30:00 PM,7.0,2,1,13,5,1,3,1,1,1,1,FAILING TO YIELD RIGHT-OF-WAY,2,2,1.0,0.0,0.0,0.0,1.0,1.0,19,6,10,10/04/2024,2024-10-04,19:30:00
10/09/2024 11:20:00 AM,7.0,2,1,5,5,1,3,4,1,1,3,FAILING TO YIELD RIGHT-OF-WAY,2,3,1.0,0.0,0.0,1.0,0.0,1.0,11,4,10,10/09/2024,2024-10-09,11:20:00
07/09/2024 02:52:00 PM,5.0,4,1,6,5,1,4,1,0,1,3,IMPROPER TURNING/NO SIGNAL,2,1,0.0,0.0,0.0,0.0,0.0,5.0,14,3,7,07/09/2024,2024-07-09,14:52:00
10/10/2024 12:00:00 AM,5.0,2,4,6,5,1,3,3,0,0,3,IMPROPER TURNING/NO SIGNAL,2,1,0.0,0.0,0.0,0.0,0.0,2.0,0,5,10,10/10/2024,2024-10-10,00:00:00
10/03/2024 08:40:00 PM,5.0,2,1,5,5,1,3,3,0,1,2,UNABLE TO DETERMINE,2,1,0.0,0.0,0.0,0.0,0.0,2.0,20,5,10,10/03/2024,2024-10-03,20:40:00
10/10/2024 11:30:00 AM,2.0,2,1,4,10,1,3,3,0,0,3,IMPROPER OVERTAKING/PASSING,2,1,0.0,0.0,0.0,0.0,0.0,2.0,11,5,10,10/10/2024,2024-10-10,11:30:00
10/10/2024 10:00:00 AM,5.0,2,1,6,6,1,3,3,0,1,3,FAILING TO REDUCE SPEED TO AVOID CRASH,2,1,0.0,0.0,0.0,0.0,0.0,2.0,10,5,10,10/10/2024,2024-10-10,10:00:00
10/10/2024 03:55:00 PM,5.0,2,1,6,6,1,3,3,0,1,3,IMPROPER LANE USAGE,2,1,0.0,0.0,0.0,0.0,0.0,5.0,15,5,10,10/10/2024,2024-10-10,15:55:00
10/10/2024 09:46:00 AM,5.0,2,1,3,10,1,3,3,0,1,2,DISTRACTION - FROM OUTSIDE VEHICLE,2,1,0.0,0.0,0.0,0.0,0.0,2.0,9,5,10,10/10/2024,2024-10-10,09:46:00
10/09/2024 08:30:00 PM,3.0,2,4,6,4,1,3,3,0,1,3,FAILING TO YIELD RIGHT-OF-WAY,2,1,0.0,0.0,0.0,0.0,0.0,6.0,20,4,10,10/09/2024,2024-10-09,20:30:00
10/10/2024 02:06:00 PM,7.0,2,1,6,10,1,3,3,1,1,3,FAILING TO YIELD RIGHT-OF-WAY,2,1,0.0,0.0,0.0,0.0,0.0,2.0,14,5,10,10/10/2024,2024-10-10,14:06:00
10/10/2024 07:45:00 AM,5.0,2,1,6,6,1,3,3,0,1,3,FAILING TO YIELD RIGHT-OF-WAY,2,1,0.0,0.0,0.0,0.0,0.0,3.0,7,5,10,10/10/2024,2024-10-10,07:45:00
10/04/2024 06:30:00 PM,5.0,2,1,4,12,1,3,3,0,1,3,FOLLOWING TOO CLOSELY,2,1,0.0,0.0,0.0,0.0,0.0,2.0,18,6,10,10/04/2024,2024-10-04,18:30:00
10/10/2024 07:35:00 AM,7.0,2,1,6,3,1,3,1,0,1,1,UNABLE TO DETERMINE,2,1,0.0,0.0,0.0,0.0,0.0,2.0,7,5,10,10/10/2024,2024-10-10,07:35:00
10/10/2024 08:22:00 PM,6.0,2,4,13,14,1,3,3,1,1,3,DISTRACTION - FROM OUTSIDE VEHICLE,2,3,1.0,0.0,0.0,1.0,0.0,1.0,20,5,10,10/10/2024,2024-10-10,20:22:00
10/09/2024 01:55:00 PM,1.0,2,1,4,6,1,1,1,0,1,3,UNABLE TO DETERMINE,2,1,0.0,0.0,0.0,0.0,0.0,2.0,13,4,10,10/09/2024,2024-10-09,13:55:00
10/09/2024 09:35:00 AM,5.0,2,1,6,3,1,1,1,0,1,3,IMPROPER OVERTAKING/PASSING,2,1,0.0,0.0,0.0,0.0,0.0,2.0,9,4,10,10/09/2024,2024-10-09,09:35:00
10/10/2024 07:16:00 PM,5.0,2,4,13,4,1,3,3,1,1,1,FAILING TO YIELD RIGHT-OF-WAY,2,3,1.0,0.0,0.0,1.0,0.0,2.0,19,5,10,10/10/2024,2024-10-10,19:16:00
10/10/2024 04:20:00 PM,1.0,2,1,3,6,1,1,1,0,1,3,UNABLE TO DETERMINE,2,1,0.0,0.0,0.0,0.0,0.0,2.0,16,5,10,10/10/2024,2024-10-10,16:20:00
10/10/2024 02:05:00 PM,7.0,2,1,5,5,1,3,3,1,1,3,DISREGARDING STOP SIGN,2,2,2.0,0.0,0.0,0.0,2.0,1.0,14,5,10,10/10/2024,2024-10-10,14:05:00
10/10/2024 08:20:00 AM,3.0,2,1,13,16,1,3,3,1,1,3,UNABLE TO DETERMINE,2,3,1.0,0.0,0.0,1.0,0.0,1.0,8,5,10,10/10/2024,2024-10-10,08:20:00
09/26/2024 08:20:00 PM,5.0,2,4,6,5,1,4,3,0,1,3,FAILING TO YIELD RIGHT-OF-WAY,2,1,0.0,0.0,0.0,0.0,0.0,2.0,20,5,9,09/26/2024,2024-09-26,20:20:00
10/06/2024 06:30:00 PM,5.0,2,4,6,6,1,3,3,0,1,3,IMPROPER LANE USAGE,2,1,0.0,0.0,0.0,0.0,0.0,3.0,18,1,10,10/06/2024,2024-10-06,18:30:00
09/26/2024 01:30:00 PM,5.0,2,1,6,5,1,3,1,0,1,3,UNABLE TO DETERMINE,2,1,0.0,0.0,0.0,0.0,0.0,2.0,13,5,9,09/26/2024,2024-09-26,13:30:00
09/26/2024 09:12:00 AM,3.0,2,1,6,4,1,3,1,1,0,3,FAILING TO YIELD RIGHT-OF-WAY,2,4,1.0,0.0,1.0,0.0,0.0,1.0,9,5,9,09/26/2024,2024-09-26,09:12:00
09/26/2024 03:32:00 PM,7.0,2,1,4,5,1,3,1,0,1,3,UNABLE TO DETERMINE,2,1,0.0,0.0,0.0,0.0,0.0,5.0,15,5,9,09/26/2024,2024-09-26,15:32:00
09/26/2024 07:52:00 AM,5.0,2,1,6,14,1,3,3,0,1,3,IMPROPER TURNING/NO SIGNAL,2,1,0.0,0.0,0.0,0.0,0.0,2.0,7,5,9,09/26/2024,2024-09-26,07:52:00
09/26/2024 04:05:00 AM,5.0,2,4,5,5,1,3,3,1,1,3,UNABLE TO DETERMINE,2,3,1.0,0.0,0.0,1.0,0.0,2.0,4,5,9,09/26/2024,2024-09-26,04:05:00
09/26/2024 05:00:00 PM,3.0,2,1,5,13,1,3,3,0,1,3,FAILING TO YIELD RIGHT-OF-WAY,2,1,0.0,0.0,0.0,0.0,0.0,2.0,17,5,9,09/26/2024,2024-09-26,17:00:00
09/26/2024 11:48:00 AM,3.0,2,1,9,7,1,3,3,1,1,3,FAILING TO REDUCE SPEED TO AVOID CRASH,2,4,2.0,0.0,1.0,0.0,1.0,0.0,11,5,9,09/26/2024,2024-09-26,11:48:00
09/26/2024 11:55:00 AM,5.0,2,1,8,4,1,3,3,0,1,3,IMPROPER BACKING,2,1,0.0,0.0,0.0,0.0,0.0,2.0,11,5,9,09/26/2024,2024-09-26,11:55:00
09/26/2024 12:27:00 PM,5.0,2,1,6,6,1,3,3,0,1,3,IMPROPER TURNING/NO SIGNAL,2,1,0.0,0.0,0.0,0.0,0.0,2.0,12,5,9,09/26/2024,2024-09-26,12:27:00
09/26/2024 04:00:00 PM,5.0,2,1,2,6,1,3,3,0,1,2,FAILING TO YIELD RIGHT-OF-WAY,2,1,0.0,0.0,0.0,0.0,0.0,2.0,16,5,9,09/26/2024,2024-09-26,16:00:00
09/26/2024 05:45:00 PM,5.0,2,1,4,3,1,3,3,0,1,3,FOLLOWING TOO CLOSELY,2,1,0.0,0.0,0.0,0.0,0.0,2.0,17,5,9,09/26/2024,2024-09-26,17:45:00
09/26/2024 04:50:00 PM,7.0,2,1,6,5,1,3,3,1,1,3,FAILING TO YIELD RIGHT-OF-WAY,2,1,0.0,0.0,0.0,0.0,0.0,3.0,16,5,9,09/26/2024,2024-09-26,16:50:00
09/26/2024 12:00:00 PM,1.0,2,1,10,6,1,1,1,0,0,3,UNABLE TO DETERMINE,2,1,0.0,0.0,0.0,0.0,0.0,6.0,12,5,9,09/26/2024,2024-09-26,12:00:00
09/26/2024 04:15:00 PM,3.0,2,1,5,6,1,3,3,0,1,3,UNABLE TO DETERMINE,2,1,0.0,0.0,0.0,0.0,0.0,2.0,16,5,9,09/26/2024,2024-09-26,16:15:00
09/26/2024 09:10:00 AM,7.0,2,1,5,5,1,3,3,0,1,3,DISREGARDING STOP SIGN,2,1,0.0,0.0,0.0,0.0,0.0,2.0,9,5,9,09/26/2024,2024-09-26,09:10:00
09/26/2024 07:16:00 AM,5.0,2,1,4,7,1,3,3,1,0,3,"VISION OBSCURED (SIGNS, TREE LIMBS, BUILDINGS, ETC.)",2,1,0.0,0.0,0.0,0.0,0.0,2.0,7,5,9,09/26/2024,2024-09-26,07:16:00
09/26/2024 06:21:00 PM,5.0,2,1,5,5,1,3,3,1,1,3,UNABLE TO DETERMINE,2,1,0.0,0.0,0.0,0.0,0.0,3.0,18,5,9,09/26/2024,2024-09-26,18:21:00
09/26/2024 02:35:00 AM,5.0,1,4,5,6,1,3,3,1,1,3,"VISION OBSCURED (SIGNS, TREE LIMBS, BUILDINGS, ETC.)",2,2,1.0,0.0,0.0,0.0,1.0,2.0,2,5,9,09/26/2024,2024-09-26,02:35:00
09/26/2024 04:12:00 PM,5.0,2,1,4,5,1,3,3,0,0,2,FAILING TO REDUCE SPEED TO AVOID CRASH,2,1,0.0,0.0,0.0,0.0,0.0,2.0,16,5,9,09/26/2024,2024-09-26,16:12:00
09/26/2024 10:12:00 PM,5.0,2,4,4,5,1,1,1,0,1,2,UNABLE TO DETERMINE,2,1,0.0,0.0,0.0,0.0,0.0,2.0,22,5,9,09/26/2024,2024-09-26,22:12:00
09/26/2024 04:55:00 PM,3.0,2,1,14,10,1,3,1,1,0,3,FAILING TO REDUCE SPEED TO AVOID CRASH,2,3,1.0,0.0,0.0,1.0,0.0,1.0,16,5,9,09/26/2024,2024-09-26,16:55:00
09/26/2024 10:35:00 AM,5.0,2,1,6,6,1,3,3,0,1,3,UNABLE TO DETERMINE,2,1,0.0,0.0,0.0,0.0,0.0,2.0,10,5,9,09/26/2024,2024-09-26,10:35:00
09/26/2024 11:24:00 PM,5.0,2,4,5,3,1,3,3,1,0,3,UNABLE TO DETERMINE,2,1,0.0,0.0,0.0,0.0,0.0,2.0,23,5,9,09/26/2024,2024-09-26,23:24:00
09/26/2024 10:40:00 PM,7.0,2,4,6,4,1,3,3,0,1,3,DISREGARDING STOP SIGN,2,1,0.0,0.0,0.0,0.0,0.0,2.0,22,5,9,09/26/2024,2024-09-26,22:40:00
09/26/2024 04:30:00 PM,3.0,2,1,6,7,1,3,3,0,1,3,FAILING TO YIELD RIGHT-OF-WAY,2,1,0.0,0.0,0.0,0.0,0.0,4.0,16,5,9,09/26/2024,2024-09-26,16:30:00
09/26/2024 12:47:00 PM,5.0,2,1,4,6,1,3,1,0,1,2,DRIVING SKILLS/KNOWLEDGE/EXPERIENCE,2,1,0.0,0.0,0.0,0.0,0.0,3.0,12,5,9,09/26/2024,2024-09-26,12:47:00
09/26/2024 03:40:00 PM,3.0,2,1,4,4,1,3,3,1,1,3,FOLLOWING TOO CLOSELY,2,3,1.0,0.0,0.0,1.0,0.0,1.0,15,5,9,09/26/2024,2024-09-26,15:40:00
09/26/2024 01:03:00 PM,5.0,2,1,4,5,1,3,3,0,1,2,DISTRACTION - FROM OUTSIDE VEHICLE,2,1,0.0,0.0,0.0,0.0,0.0,3.0,13,5,9,09/26/2024,2024-09-26,13:03:00
09/26/2024 07:22:00 AM,5.0,2,1,14,3,1,3,3,1,1,3,FAILING TO YIELD RIGHT-OF-WAY,2,3,1.0,0.0,0.0,1.0,0.0,1.0,7,5,9,09/26/2024,2024-09-26,07:22:00
09/26/2024 08:00:00 PM,5.0,2,4,6,6,1,3,3,1,1,3,FAILING TO REDUCE SPEED TO AVOID CRASH,2,3,1.0,0.0,0.0,1.0,0.0,1.0,20,5,9,09/26/2024,2024-09-26,20:00:00
09/26/2024 03:00:00 PM,5.0,2,1,4,5,1,3,3,0,1,2,UNABLE TO DETERMINE,2,1,0.0,0.0,0.0,0.0,0.0,2.0,15,5,9,09/26/2024,2024-09-26,15:00:00
09/26/2024 09:48:00 AM,7.0,2,1,5,10,1,3,3,1,1,3,DISREGARDING STOP SIGN,2,3,1.0,0.0,0.0,1.0,0.0,4.0,9,5,9,09/26/2024,2024-09-26,09:48:00
09/26/2024 02:20:00 PM,3.0,2,1,3,5,1,3,3,0,1,3,UNABLE TO DETERMINE,2,1,0.0,0.0,0.0,0.0,0.0,2.0,14,5,9,09/26/2024,2024-09-26,14:20:00
09/26/2024 03:20:00 PM,1.0,2,1,6,5,1,3,3,0,1,3,UNABLE TO DETERMINE,2,1,0.0,0.0,0.0,0.0,0.0,2.0,15,5,9,09/26/2024,2024-09-26,15:20:00
09/26/2024 07:15:00 AM,6.0,2,1,13,3,1,3,3,1,0,1,UNABLE TO DETERMINE,2,3,1.0,0.0,0.0,1.0,0.0,1.0,7,5,9,09/26/2024,2024-09-26,07:15:00
09/26/2024 05:21:00 PM,7.0,2,1,3,5,1,3,3,1,1,3,FAILING TO YIELD RIGHT-OF-WAY,2,3,1.0,0.0,0.0,1.0,0.0,1.0,17,5,9,09/26/2024,2024-09-26,17:21:00
09/26/2024 05:50:00 PM,3.0,2,1,6,5,1,3,1,1,1,3,UNABLE TO DETERMINE,2,1,0.0,0.0,0.0,0.0,0.0,2.0,17,5,9,09/26/2024,2024-09-26,17:50:00
09/26/2024 10:00:00 AM,5.0,2,1,6,10,1,1,1,0,1,3,UNABLE TO DETERMINE,2,1,0.0,0.0,0.0,0.0,0.0,2.0,10,5,9,09/26/2024,2024-09-26,10:00:00
10/11/2024 07:44:00 AM,5.0,2,1,11,3,1,3,3,1,1,3,PHYSICAL CONDITION OF DRIVER,2,3,1.0,0.0,0.0,1.0,0.0,0.0,7,6,10,10/11/2024,2024-10-11,07:44:00
10/11/2024 02:18:00 PM,5.0,2,1,5,6,1,3,3,1,1,3,UNABLE TO DETERMINE,2,3,1.0,0.0,0.0,1.0,0.0,1.0,14,6,10,10/11/2024,2024-10-11,14:18:00
10/11/2024 04:00:00 PM,5.0,2,1,5,4,1,3,3,1,1,3,DRIVING SKILLS/KNOWLEDGE/EXPERIENCE,2,2,2.0,0.0,0.0,0.0,2.0,2.0,16,6,10,10/11/2024,2024-10-11,16:00:00
10/10/2024 08:00:00 PM,1.0,2,1,11,10,1,3,3,0,0,2,UNABLE TO DETERMINE,2,1,0.0,0.0,0.0,0.0,0.0,1.0,20,5,10,10/10/2024,2024-10-10,20:00:00
10/10/2024 08:40:00 AM,5.0,2,1,5,5,1,3,1,0,1,2,IMPROPER TURNING/NO SIGNAL,2,1,0.0,0.0,0.0,0.0,0.0,2.0,8,5,10,10/10/2024,2024-10-10,08:40:00
10/06/2024 01:46:00 PM,5.0,2,1,4,5,1,1,1,0,0,3,DRIVING SKILLS/KNOWLEDGE/EXPERIENCE,2,1,0.0,0.0,0.0,0.0,0.0,4.0,13,1,10,10/06/2024,2024-10-06,13:46:00
10/12/2024 12:10:00 AM,5.0,2,4,14,3,1,3,3,0,1,1,UNABLE TO DETERMINE,2,1,0.0,0.0,0.0,0.0,0.0,2.0,0,7,10,10/12/2024,2024-10-12,00:10:00
10/08/2024 08:50:00 AM,5.0,2,1,13,6,1,3,1,1,1,3,FAILING TO YIELD RIGHT-OF-WAY,2,2,1.0,0.0,0.0,0.0,1.0,1.0,8,3,10,10/08/2024,2024-10-08,08:50:00
10/10/2024 11:13:00 PM,5.0,2,4,5,5,1,3,3,1,1,3,UNABLE TO DETERMINE,2,1,0.0,0.0,0.0,0.0,0.0,2.0,23,5,10,10/10/2024,2024-10-10,23:13:00
10/09/2024 02:30:00 PM,5.0,2,1,14,4,1,1,1,1,1,3,FAILING TO YIELD RIGHT-OF-WAY,2,3,1.0,0.0,0.0,1.0,0.0,1.0,14,4,10,10/09/2024,2024-10-09,14:30:00
10/10/2024 04:15:00 PM,5.0,2,1,4,10,1,3,3,0,1,3,FOLLOWING TOO CLOSELY,2,1,0.0,0.0,0.0,0.0,0.0,2.0,16,5,10,10/10/2024,2024-10-10,16:15:00
10/11/2024 12:47:00 PM,3.0,2,1,6,6,2,3,3,0,1,2,IMPROPER OVERTAKING/PASSING,2,1,0.0,0.0,0.0,0.0,0.0,2.0,12,6,10,10/11/2024,2024-10-11,12:47:00
10/12/2024 12:35:00 AM,5.0,2,4,6,4,1,3,3,1,1,3,UNABLE TO DETERMINE,2,1,0.0,0.0,0.0,0.0,0.0,2.0,0,7,10,10/12/2024,2024-10-12,00:35:00
10/10/2024 07:10:00 PM,5.0,2,4,4,6,1,3,3,1,1,2,UNABLE TO DETERMINE,2,2,1.0,0.0,0.0,0.0,1.0,1.0,19,5,10,10/10/2024,2024-10-10,19:10:00
10/11/2024 06:42:00 PM,5.0,2,4,5,5,1,3,3,1,1,3,DISREGARDING TRAFFIC SIGNALS,2,4,2.0,0.0,1.0,0.0,1.0,0.0,18,6,10,10/11/2024,2024-10-11,18:42:00
10/10/2024 09:01:00 PM,5.0,2,4,6,7,1,3,3,1,1,3,IMPROPER TURNING/NO SIGNAL,2,3,1.0,0.0,0.0,1.0,0.0,3.0,21,5,10,10/10/2024,2024-10-10,21:01:00
10/10/2024 08:32:00 PM,5.0,2,4,5,5,1,3,3,1,1,3,UNABLE TO DETERMINE,2,4,1.0,0.0,1.0,0.0,0.0,1.0,20,5,10,10/10/2024,2024-10-10,20:32:00
10/11/2024 03:00:00 AM,7.0,2,1,5,5,2,3,3,1,1,3,DISTRACTION - FROM OUTSIDE VEHICLE,2,1,0.0,0.0,0.0,0.0,0.0,2.0,3,6,10,10/11/2024,2024-10-11,03:00:00
10/11/2024 03:00:00 PM,7.0,2,1,6,7,1,3,3,1,1,1,FAILING TO REDUCE SPEED TO AVOID CRASH,2,1,0.0,0.0,0.0,0.0,0.0,5.0,15,6,10,10/11/2024,2024-10-11,15:00:00
10/12/2024 12:29:00 AM,5.0,2,4,5,5,1,3,3,1,1,3,DISREGARDING TRAFFIC SIGNALS,2,4,1.0,0.0,1.0,0.0,0.0,3.0,0,7,10,10/12/2024,2024-10-12,00:29:00
10/11/2024 05:57:00 PM,3.0,2,1,6,6,1,3,3,0,1,2,IMPROPER TURNING/NO SIGNAL,2,1,0.0,0.0,0.0,0.0,0.0,4.0,17,6,10,10/11/2024,2024-10-11,17:57:00