crash_date,traffic_control_device,weather_condition,lighting_condition,first_crash_type,trafficway_type,alignment,roadway_surface_cond,road_defect,crash_type,intersection_related_i,damage,prim_contributory_cause,num_units,most_severe_injury,injuries_total,injuries_fatal,injuries_incapacitating,injuries_non_incapacitating,injuries_reported_not_evident,injuries_no_indication,crash_hour,crash_day_of_week,crash_month,parsed_datetime,date,time
09/29/2024 05:00:00 PM,7.0,2,1,5,5,1,3,3,1,1,3,DISREGARDING STOP SIGN,2,2,2.0,0.0,0.0,0.0,2.0,1.0,17,1,9,09/29/2024,2024-09-29,17:00:00
09/29/2024 05:01:00 AM,5.0,2,4,5,5,1,3,1,1,1,3,DISREGARDING TRAFFIC SIGNALS,2,3,1.0,0.0,0.0,1.0,0.0,2.0,5,1,9,09/29/2024,2024-09-29,05:01:00
09/29/2024 01:26:00 AM,5.0,2,4,5,5,1,3,3,1,1,3,DRIVING SKILLS/KNOWLEDGE/EXPERIENCE,2,1,0.0,0.0,0.0,0.0,0.0,2.0,1,1,9,09/29/2024,2024-09-29,01:26:00
09/29/2024 08:13:00 PM,5.0,2,4,6,5,1,3,3,1,1,3,IMPROPER TURNING/NO SIGNAL,2,1,0.0,0.0,0.0,0.0,0.0,2.0,20,1,9,09/29/2024,2024-09-29,20:13:00
09/29/2024 01:06:00 PM,5.0,2,1,3,6,1,3,3,1,1,3,NOT APPLICABLE,2,2,1.0,0.0,0.0,0.0,1.0,3.0,13,1,9,09/29/2024,2024-09-29,13:06:00
10/13/2024 01:50:00 PM,7.0,2,1,3,4,1,3,1,0,1,3,UNABLE TO DETERMINE,2,1,0.0,0.0,0.0,0.0,0.0,2.0,13,1,10,10/13/2024,2024-10-13,13:50:00
10/14/2024 03:30:00 PM,3.0,2,1,11,4,1,3,3,0,0,3,IMPROPER OVERTAKING/PASSING,2,1,0.0,0.0,0.0,0.0,0.0,1.0,15,2,10,10/14/2024,2024-10-14,15:30:00
10/13/2024 12:30:00 AM,5.0,2,4,6,5,1,3,3,0,1,3,FAILING TO YIELD RIGHT-OF-WAY,2,1,0.0,0.0,0.0,0.0,0.0,4.0,0,1,10,10/13/2024,2024-10-13,00:30:00
10/14/2024 07:30:00 AM,5.0,4,1,6,6,1,4,3,1,1,3,UNABLE TO DETERMINE,2,3,1.0,0.0,0.0,1.0,0.0,1.0,7,2,10,10/14/2024,2024-10-14,07:30:00
09/21/2024 01:30:00 PM,3.0,2,1,6,6,1,3,3,0,1,2,UNABLE TO DETERMINE,2,1,0.0,0.0,0.0,0.0,0.0,2.0,13,7,9,09/21/2024,2024-09-21,13:30:00
10/09/2024 07:41:00 PM,5.0,2,4,13,5,1,1,1,1,1,1,UNABLE TO DETERMINE,2,3,1.0,0.0,0.0,1.0,0.0,2.0,19,4,10,10/09/2024,2024-10-09,19:41:00
10/13/2024 07:10:00 PM,7.0,2,4,5,5,1,3,3,1,1,3,FAILING TO YIELD RIGHT-OF-WAY,2,1,0.0,0.0,0.0,0.0,0.0,3.0,19,1,10,10/13/2024,2024-10-13,19:10:00
10/14/2024 11:28:00 AM,5.0,3,1,6,5,1,3,3,1,1,2,UNABLE TO DETERMINE,2,1,0.0,0.0,0.0,0.0,0.0,2.0,11,2,10,10/14/2024,2024-10-14,11:28:00
10/04/2024 03:40:00 PM,1.0,2,1,3,6,1,1,1,0,1,3,UNABLE TO DETERMINE,2,1,0.0,0.0,0.0,0.0,0.0,2.0,15,6,10,10/04/2024,2024-10-04,15:40:00
10/13/2024 08:10:00 PM,5.0,2,5,6,5,1,1,3,0,1,2,FAILING TO YIELD RIGHT-OF-WAY,2,1,0.0,0.0,0.0,0.0,0.0,2.0,20,1,10,10/13/2024,2024-10-13,20:10:00
10/14/2024 06:40:00 PM,5.0,2,1,6,6,1,1,1,1,1,3,IMPROPER OVERTAKING/PASSING,2,1,0.0,0.0,0.0,0.0,0.0,3.0,18,2,10,10/14/2024,2024-10-14,18:40:00
10/14/2024 07:50:00 AM,5.0,2,1,6,6,1,3,3,0,1,2,IMPROPER OVERTAKING/PASSING,2,1,0.0,0.0,0.0,0.0,0.0,2.0,7,2,10,10/14/2024,2024-10-14,07:50:00
10/09/2024 05:20:00 PM,5.0,2,2,13,5,1,3,1,0,1,1,UNABLE TO DETERMINE,2,1,0.0,0.0,0.0,0.0,0.0,2.0,17,4,10,10/09/2024,2024-10-09,17:20:00
10/14/2024 01:49:00 PM,3.0,2,1,5,6,1,3,3,0,1,2,UNABLE TO DETERMINE,2,1,0.0,0.0,0.0,0.0,0.0,4.0,13,2,10,10/14/2024,2024-10-14,13:49:00
10/13/2024 10:47:00 PM,5.0,2,4,7,6,1,3,3,1,1,3,FAILING TO YIELD RIGHT-OF-WAY,2,1,0.0,0.0,0.0,0.0,0.0,1.0,22,1,10,10/13/2024,2024-10-13,22:47:00
10/15/2024 12:45:00 AM,5.0,2,4,3,3,1,3,3,0,0,3,FAILING TO YIELD RIGHT-OF-WAY,2,1,0.0,0.0,0.0,0.0,0.0,2.0,0,3,10,10/15/2024,2024-10-15,00:45:00
10/14/2024 09:50:00 AM,5.0,2,1,6,6,1,3,3,0,1,3,FAILING TO REDUCE SPEED TO AVOID CRASH,2,1,0.0,0.0,0.0,0.0,0.0,2.0,9,2,10,10/14/2024,2024-10-14,09:50:00
10/14/2024 03:11:00 PM,7.0,2,1,6,14,1,3,3,1,1,3,FAILING TO YIELD RIGHT-OF-WAY,2,1,0.0,0.0,0.0,0.0,0.0,2.0,15,2,10,10/14/2024,2024-10-14,15:11:00
10/14/2024 07:30:00 PM,7.0,2,3,5,5,1,3,3,0,1,3,FAILING TO YIELD RIGHT-OF-WAY,2,1,0.0,0.0,0.0,0.0,0.0,2.0,19,2,10,10/14/2024,2024-10-14,19:30:00
10/13/2024 09:30:00 PM,3.0,2,4,11,10,1,3,3,0,0,3,UNABLE TO DETERMINE,2,1,0.0,0.0,0.0,0.0,0.0,1.0,21,1,10,10/13/2024,2024-10-13,21:30:00
10/14/2024 01:50:00 PM,5.0,3,1,3,6,1,3,3,0,1,1,DRIVING SKILLS/KNOWLEDGE/EXPERIENCE,2,1,0.0,0.0,0.0,0.0,0.0,2.0,13,2,10,10/14/2024,2024-10-14,13:50:00
10/14/2024 10:58:00 AM,5.0,2,1,5,5,1,3,3,0,1,2,NOT APPLICABLE,2,1,0.0,0.0,0.0,0.0,0.0,4.0,10,2,10,10/14/2024,2024-10-14,10:58:00
10/15/2024 01:25:00 AM,3.0,2,4,3,4,1,3,3,1,1,3,UNABLE TO DETERMINE,2,1,0.0,0.0,0.0,0.0,0.0,2.0,1,3,10,10/15/2024,2024-10-15,01:25:00
10/14/2024 09:34:00 AM,7.0,2,1,14,7,1,3,3,1,1,1,FAILING TO YIELD RIGHT-OF-WAY,2,2,1.0,0.0,0.0,0.0,1.0,1.0,9,2,10,10/14/2024,2024-10-14,09:34:00
10/14/2024 08:45:00 PM,7.0,2,4,5,5,1,3,3,0,1,3,FAILING TO YIELD RIGHT-OF-WAY,2,1,0.0,0.0,0.0,0.0,0.0,2.0,20,2,10,10/14/2024,2024-10-14,20:45:00
10/14/2024 06:50:00 AM,5.0,3,4,5,5,1,4,3,0,1,3,FAILING TO YIELD RIGHT-OF-WAY,2,1,0.0,0.0,0.0,0.0,0.0,2.0,6,2,10,10/14/2024,2024-10-14,06:50:00
10/09/2024 06:30:00 PM,5.0,2,4,6,3,1,1,1,0,1,3,FOLLOWING TOO CLOSELY,2,1,0.0,0.0,0.0,0.0,0.0,4.0,18,4,10,10/09/2024,2024-10-09,18:30:00
10/12/2024 10:23:00 PM,7.0,2,4,6,7,1,3,3,1,1,2,IMPROPER TURNING/NO SIGNAL,2,2,1.0,0.0,0.0,0.0,1.0,2.0,22,7,10,10/12/2024,2024-10-12,22:23:00
10/12/2024 12:30:00 PM,3.0,2,1,13,6,4,3,3,1,1,3,UNABLE TO DETERMINE,2,4,1.0,0.0,1.0,0.0,0.0,1.0,12,7,10,10/12/2024,2024-10-12,12:30:00
10/14/2024 10:40:00 AM,5.0,2,1,13,5,1,1,1,1,1,1,"VISION OBSCURED (SIGNS, TREE LIMBS, BUILDINGS, ETC.)",2,3,1.0,0.0,0.0,1.0,0.0,1.0,10,2,10,10/14/2024,2024-10-14,10:40:00
10/14/2024 09:30:00 AM,5.0,2,1,14,5,1,3,3,1,1,1,DISREGARDING TRAFFIC SIGNALS,2,2,1.0,0.0,0.0,0.0,1.0,1.0,9,2,10,10/14/2024,2024-10-14,09:30:00
10/14/2024 12:20:00 AM,5.0,2,4,5,6,1,3,3,1,1,3,FAILING TO YIELD RIGHT-OF-WAY,2,3,2.0,0.0,0.0,1.0,1.0,0.0,0,2,10,10/14/2024,2024-10-14,00:20:00
09/30/2024 04:28:00 PM,5.0,2,1,4,5,1,3,3,0,1,3,FAILING TO YIELD RIGHT-OF-WAY,2,1,0.0,0.0,0.0,0.0,0.0,2.0,16,2,9,09/30/2024,2024-09-30,16:28:00
09/30/2024 10:10:00 AM,5.0,2,1,3,10,1,3,3,0,1,2,IMPROPER OVERTAKING/PASSING,2,1,0.0,0.0,0.0,0.0,0.0,2.0,10,2,9,09/30/2024,2024-09-30,10:10:00
09/30/2024 07:12:00 AM,7.0,2,1,3,3,1,3,1,0,1,3,UNABLE TO DETERMINE,2,1,0.0,0.0,0.0,0.0,0.0,2.0,7,2,9,09/30/2024,2024-09-30,07:12:00
09/30/2024 10:45:00 AM,5.0,2,1,3,2,1,3,1,0,1,2,UNABLE TO DETERMINE,2,1,0.0,0.0,0.0,0.0,0.0,2.0,10,2,9,09/30/2024,2024-09-30,10:45:00
09/30/2024 02:25:00 AM,5.0,2,4,5,6,1,3,3,1,1,3,UNABLE TO DETERMINE,2,1,0.0,0.0,0.0,0.0,0.0,2.0,2,2,9,09/30/2024,2024-09-30,02:25:00
09/30/2024 08:40:00 AM,7.0,2,1,5,5,1,3,3,0,1,3,FAILING TO YIELD RIGHT-OF-WAY,2,1,0.0,0.0,0.0,0.0,0.0,2.0,8,2,9,09/30/2024,2024-09-30,08:40:00
09/30/2024 07:30:00 AM,7.0,2,1,5,10,1,3,3,0,1,3,DISREGARDING STOP SIGN,2,1,0.0,0.0,0.0,0.0,0.0,3.0,7,2,9,09/30/2024,2024-09-30,07:30:00
09/30/2024 03:04:00 PM,5.0,2,1,3,5,1,1,1,1,1,3,FAILING TO YIELD RIGHT-OF-WAY,2,3,1.0,0.0,0.0,1.0,0.0,1.0,15,2,9,09/30/2024,2024-09-30,15:04:00
09/30/2024 03:53:00 PM,5.0,2,1,6,4,1,3,3,1,1,3,FAILING TO YIELD RIGHT-OF-WAY,2,1,0.0,0.0,0.0,0.0,0.0,2.0,15,2,9,09/30/2024,2024-09-30,15:53:00
09/30/2024 10:40:00 PM,7.0,2,4,6,5,1,3,3,0,1,3,DISREGARDING STOP SIGN,2,1,0.0,0.0,0.0,0.0,0.0,2.0,22,2,9,09/30/2024,2024-09-30,22:40:00
09/30/2024 02:50:00 PM,3.0,2,1,4,6,1,3,3,0,1,3,FOLLOWING TOO CLOSELY,2,1,0.0,0.0,0.0,0.0,0.0,2.0,14,2,9,09/30/2024,2024-09-30,14:50:00
09/30/2024 06:57:00 AM,5.0,2,1,6,5,1,3,3,0,1,3,UNABLE TO DETERMINE,2,1,0.0,0.0,0.0,0.0,0.0,2.0,6,2,9,09/30/2024,2024-09-30,06:57:00
09/30/2024 10:10:00 AM,5.0,2,1,4,6,1,3,3,0,1,3,FOLLOWING TOO CLOSELY,2,1,0.0,0.0,0.0,0.0,0.0,2.0,10,2,9,09/30/2024,2024-09-30,10:10:00
09/30/2024 06:40:00 PM,5.0,2,4,5,4,1,3,3,1,1,3,DISREGARDING TRAFFIC SIGNALS,2,1,0.0,0.0,0.0,0.0,0.0,2.0,18,2,9,09/30/2024,2024-09-30,18:40:00
09/30/2024 01:59:00 PM,5.0,2,1,5,4,1,3,3,0,1,3,UNABLE TO DETERMINE,2,1,0.0,0.0,0.0,0.0,0.0,2.0,13,2,9,09/30/2024,2024-09-30,13:59:00
09/30/2024 03:35:00 PM,5.0,2,1,4,5,1,3,3,1,1,3,UNABLE TO DETERMINE,2,1,0.0,0.0,0.0,0.0,0.0,4.0,15,2,9,09/30/2024,2024-09-30,15:35:00
09/30/2024 04:30:00 PM,7.0,2,1,6,5,1,3,1,0,1,3,FAILING TO REDUCE SPEED TO AVOID CRASH,2,1,0.0,0.0,0.0,0.0,0.0,2.0,16,2,9,09/30/2024,2024-09-30,16:30:00
09/30/2024 12:35:00 PM,1.0,2,1,4,4,1,1,1,0,0,2,UNABLE TO DETERMINE,2,1,0.0,0.0,0.0,0.0,0.0,2.0,12,2,9,09/30/2024,2024-09-30,12:35:00
09/30/2024 12:01:00 PM,3.0,2,1,6,4,1,3,3,1,1,3,FAILING TO YIELD RIGHT-OF-WAY,2,1,0.0,0.0,0.0,0.0,0.0,2.0,12,2,9,09/30/2024,2024-09-30,12:01:00
10/23/2024 05:57:00 AM,5.0,2,1,4,6,1,3,3,0,1,3,FOLLOWING TOO CLOSELY,2,1,0.0,0.0,0.0,0.0,0.0,3.0,5,4,10,10/23/2024,2024-10-23,05:57:00
09/30/2024 07:25:00 PM,5.0,2,3,13,4,1,1,3,1,1,3,UNABLE TO DETERMINE,2,3,1.0,0.0,0.0,1.0,0.0,1.0,19,2,9,09/30/2024,2024-09-30,19:25:00
09/30/2024 01:47:00 AM,5.0,2,4,5,5,1,3,3,1,1,3,DISREGARDING TRAFFIC SIGNALS,2,1,0.0,0.0,0.0,0.0,0.0,5.0,1,2,9,09/30/2024,2024-09-30,01:47:00
09/30/2024 02:20:00 PM,5.0,2,1,5,5,1,3,3,0,1,3,FAILING TO YIELD RIGHT-OF-WAY,2,1,0.0,0.0,0.0,0.0,0.0,2.0,14,2,9,09/30/2024,2024-09-30,14:20:00
09/30/2024 06:27:00 AM,5.0,2,1,3,6,1,3,3,0,1,1,IMPROPER OVERTAKING/PASSING,2,1,0.0,0.0,0.0,0.0,0.0,2.0,6,2,9,09/30/2024,2024-09-30,06:27:00
09/30/2024 02:20:00 PM,5.0,2,1,4,5,1,3,1,0,1,3,NOT APPLICABLE,2,1,0.0,0.0,0.0,0.0,0.0,4.0,14,2,9,09/30/2024,2024-09-30,14:20:00
09/30/2024 10:00:00 AM,5.0,2,1,6,14,1,3,3,1,1,3,FAILING TO YIELD RIGHT-OF-WAY,2,3,2.0,0.0,0.0,1.0,1.0,0.0,10,2,9,09/30/2024,2024-09-30,10:00:00
09/30/2024 02:32:00 PM,7.0,2,1,13,6,1,3,3,1,1,1,FAILING TO YIELD RIGHT-OF-WAY,2,3,1.0,0.0,0.0,1.0,0.0,2.0,14,2,9,09/30/2024,2024-09-30,14:32:00
09/30/2024 11:40:00 PM,3.0,2,4,5,6,1,3,3,0,1,3,UNABLE TO DETERMINE,2,1,0.0,0.0,0.0,0.0,0.0,2.0,23,2,9,09/30/2024,2024-09-30,23:40:00
09/30/2024 09:59:00 AM,5.0,2,1,13,6,1,3,3,1,1,3,NOT APPLICABLE,2,2,1.0,0.0,0.0,0.0,1.0,1.0,9,2,9,09/30/2024,2024-09-30,09:59:00
09/30/2024 09:15:00 AM,5.0,2,1,6,5,1,3,3,0,1,3,IMPROPER OVERTAKING/PASSING,2,1,0.0,0.0,0.0,0.0,0.0,4.0,9,2,9,09/30/2024,2024-09-30,09:15:00
09/30/2024 07:35:00 PM,7.0,2,4,5,3,1,3,3,1,1,3,UNABLE TO DETERMINE,2,3,2.0,0.0,0.0,1.0,1.0,2.0,19,2,9,09/30/2024,2024-09-30,19:35:00
10/23/2024 07:35:00 AM,7.0,2,1,5,6,1,1,1,0,1,3,UNABLE TO DETERMINE,2,1,0.0,0.0,0.0,0.0,0.0,2.0,7,4,10,10/23/2024,2024-10-23,07:35:00
09/30/2024 08:40:00 AM,3.0,2,1,5,9,1,3,3,0,1,2,UNABLE TO DETERMINE,2,1,0.0,0.0,0.0,0.0,0.0,2.0,8,2,9,09/30/2024,2024-09-30,08:40:00
09/30/2024 02:43:00 PM,5.0,2,1,3,6,1,3,3,1,1,2,UNABLE TO DETERMINE,2,1,0.0,0.0,0.0,0.0,0.0,3.0,14,2,9,09/30/2024,2024-09-30,14:43:00
09/30/2024 07:47:00 AM,3.0,2,1,5,5,1,3,3,1,1,3,FAILING TO YIELD RIGHT-OF-WAY,2,2,2.0,0.0,0.0,0.0,2.0,1.0,7,2,9,09/30/2024,2024-09-30,07:47:00
09/30/2024 04:10:00 PM,7.0,2,1,5,5,1,3,3,1,1,3,FAILING TO YIELD RIGHT-OF-WAY,2,3,2.0,0.0,0.0,1.0,1.0,0.0,16,2,9,09/30/2024,2024-09-30,16:10:00
09/30/2024 08:45:00 PM,3.0,2,4,5,4,1,3,1,1,1,3,UNABLE TO DETERMINE,2,3,1.0,0.0,0.0,1.0,0.0,1.0,20,2,9,09/30/2024,2024-09-30,20:45:00
09/30/2024 11:00:00 PM,1.0,2,4,6,5,1,1,3,0,1,3,FAILING TO YIELD RIGHT-OF-WAY,2,1,0.0,0.0,0.0,0.0,0.0,3.0,23,2,9,09/30/2024,2024-09-30,23:00:00
09/30/2024 05:15:00 PM,1.0,2,1,11,6,1,1,1,0,1,3,IMPROPER BACKING,2,1,0.0,0.0,0.0,0.0,0.0,1.0,17,2,9,09/30/2024,2024-09-30,17:15:00
09/30/2024 08:27:00 AM,3.0,2,1,7,10,1,3,3,0,1,1,IMPROPER BACKING,2,1,0.0,0.0,0.0,0.0,0.0,3.0,8,2,9,09/30/2024,2024-09-30,08:27:00
09/30/2024 05:45:00 PM,1.0,2,1,3,1,1,3,1,0,1,3,UNABLE TO DETERMINE,2,1,0.0,0.0,0.0,0.0,0.0,3.0,17,2,9,09/30/2024,2024-09-30,17:45:00
09/30/2024 05:20:00 PM,7.0,2,1,5,6,1,3,3,0,1,3,UNABLE TO DETERMINE,2,1,0.0,0.0,0.0,0.0,0.0,2.0,17,2,9,09/30/2024,2024-09-30,17:20:00
09/30/2024 08:00:00 PM,5.0,2,5,4,6,1,3,3,0,1,3,FOLLOWING TOO CLOSELY,2,1,0.0,0.0,0.0,0.0,0.0,2.0,20,2,9,09/30/2024,2024-09-30,20:00:00
09/30/2024 08:45:00 AM,5.0,2,1,14,5,1,3,3,0,1,1,DISREGARDING TRAFFIC SIGNALS,2,1,0.0,0.0,0.0,0.0,0.0,2.0,8,2,9,09/30/2024,2024-09-30,08:45:00
10/15/2024 04:25:00 PM,5.0,4,1,4,5,1,4,3,0,1,2,UNABLE TO DETERMINE,2,1,0.0,0.0,0.0,0.0,0.0,2.0,16,3,10,10/15/2024,2024-10-15,16:25:00
10/14/2024 11:36:00 PM,5.0,2,4,5,4,1,3,3,1,1,3,IMPROPER TURNING/NO SIGNAL,2,1,0.0,0.0,0.0,0.0,0.0,3.0,23,2,10,10/14/2024,2024-10-14,23:36:00
10/14/2024 10:08:00 PM,7.0,2,4,5,5,1,3,3,1,1,3,DISREGARDING TRAFFIC SIGNALS,2,3,2.0,0.0,0.0,2.0,0.0,0.0,22,2,10,10/14/2024,2024-10-14,22:08:00
10/15/2024 04:25:00 AM,7.0,4,4,5,7,1,4,3,1,1,3,FAILING TO YIELD RIGHT-OF-WAY,2,2,2.0,0.0,0.0,0.0,2.0,1.0,4,3,10,10/15/2024,2024-10-15,04:25:00
10/15/2024 04:58:00 PM,7.0,3,1,5,6,1,4,3,1,1,3,UNABLE TO DETERMINE,2,1,0.0,0.0,0.0,0.0,0.0,3.0,16,3,10,10/15/2024,2024-10-15,16:58:00
10/14/2024 09:25:00 AM,5.0,2,1,6,5,1,3,3,1,1,3,IMPROPER OVERTAKING/PASSING,2,1,0.0,0.0,0.0,0.0,0.0,3.0,9,2,10,10/14/2024,2024-10-14,09:25:00
10/15/2024 04:00:00 PM,5.0,7,1,14,5,1,4,1,1,1,1,UNABLE TO DETERMINE,2,3,1.0,0.0,0.0,1.0,0.0,1.0,16,3,10,10/15/2024,2024-10-15,16:00:00
10/15/2024 06:00:00 AM,5.0,4,4,4,6,1,4,3,1,1,3,FOLLOWING TOO CLOSELY,2,3,1.0,0.0,0.0,1.0,0.0,1.0,6,3,10,10/15/2024,2024-10-15,06:00:00
10/15/2024 07:30:00 PM,7.0,4,4,5,6,1,4,3,0,1,2,FAILING TO YIELD RIGHT-OF-WAY,2,1,0.0,0.0,0.0,0.0,0.0,2.0,19,3,10,10/15/2024,2024-10-15,19:30:00
09/28/2024 10:20:00 PM,7.0,2,4,5,5,1,3,1,1,0,3,UNABLE TO DETERMINE,2,4,1.0,0.0,1.0,0.0,0.0,1.0,22,7,9,09/28/2024,2024-09-28,22:20:00
10/15/2024 02:34:00 AM,7.0,2,4,5,7,1,3,3,1,1,3,FAILING TO YIELD RIGHT-OF-WAY,2,1,0.0,0.0,0.0,0.0,0.0,4.0,2,3,10,10/15/2024,2024-10-15,02:34:00
10/15/2024 03:00:00 PM,5.0,2,1,13,6,1,1,1,1,1,1,FAILING TO YIELD RIGHT-OF-WAY,2,3,1.0,0.0,0.0,1.0,0.0,1.0,15,3,10,10/15/2024,2024-10-15,15:00:00
10/14/2024 12:00:00 PM,5.0,2,1,5,5,1,3,1,1,1,3,DISREGARDING TRAFFIC SIGNALS,2,3,1.0,0.0,0.0,1.0,0.0,2.0,12,2,10,10/14/2024,2024-10-14,12:00:00
10/14/2024 06:15:00 PM,1.0,2,1,11,17,1,1,1,0,1,3,UNABLE TO DETERMINE,2,1,0.0,0.0,0.0,0.0,0.0,1.0,18,2,10,10/14/2024,2024-10-14,18:15:00
10/13/2024 07:15:00 PM,7.0,2,4,4,5,1,3,1,1,0,1,UNABLE TO DETERMINE,2,2,1.0,0.0,0.0,0.0,1.0,1.0,19,1,10,10/13/2024,2024-10-13,19:15:00
10/14/2024 08:30:00 PM,5.0,2,1,5,5,1,1,1,0,1,3,DRIVING SKILLS/KNOWLEDGE/EXPERIENCE,2,1,0.0,0.0,0.0,0.0,0.0,3.0,20,2,10,10/14/2024,2024-10-14,20:30:00
10/15/2024 05:58:00 PM,5.0,4,4,4,3,1,4,3,1,1,1,FOLLOWING TOO CLOSELY,2,3,1.0,0.0,0.0,1.0,0.0,1.0,17,3,10,10/15/2024,2024-10-15,17:58:00
10/15/2024 06:58:00 PM,3.0,2,3,3,6,1,3,3,1,1,3,IMPROPER TURNING/NO SIGNAL,2,1,0.0,0.0,0.0,0.0,0.0,2.0,18,3,10,10/15/2024,2024-10-15,18:58:00
10/15/2024 02:30:00 PM,5.0,4,1,4,4,1,4,3,1,1,3,UNABLE TO DETERMINE,2,3,2.0,0.0,0.0,2.0,0.0,0.0,14,3,10,10/15/2024,2024-10-15,14:30:00
10/14/2024 05:30:00 PM,5.0,2,3,6,4,1,3,3,0,1,2,IMPROPER TURNING/NO SIGNAL,2,1,0.0,0.0,0.0,0.0,0.0,2.0,17,2,10,10/14/2024,2024-10-14,17:30:00
10/15/2024 06:25:00 PM,5.0,4,5,6,5,1,4,3,1,1,3,IMPROPER TURNING/NO SIGNAL,2,1,0.0,0.0,0.0,0.0,0.0,3.0,18,3,10,10/15/2024,2024-10-15,18:25:00
10/15/2024 08:55:00 AM,9.0,4,1,6,2,1,4,3,0,0,3,UNABLE TO DETERMINE,2,1,0.0,0.0,0.0,0.0,0.0,2.0,8,3,10,10/15/2024,2024-10-15,08:55:00
10/14/2024 09:45:00 AM,3.0,4,1,6,6,1,4,3,0,1,2,FAILING TO YIELD RIGHT-OF-WAY,2,1,0.0,0.0,0.0,0.0,0.0,2.0,9,2,10,10/14/2024,2024-10-14,09:45:00
10/15/2024 09:45:00 AM,7.0,4,1,5,5,1,4,3,1,1,3,FAILING TO YIELD RIGHT-OF-WAY,2,1,0.0,0.0,0.0,0.0,0.0,2.0,9,3,10,10/15/2024,2024-10-15,09:45:00
10/15/2024 12:19:00 PM,5.0,2,1,6,5,1,1,1,1,1,3,DRIVING SKILLS/KNOWLEDGE/EXPERIENCE,2,1,0.0,0.0,0.0,0.0,0.0,2.0,12,3,10,10/15/2024,2024-10-15,12:19:00
10/15/2024 05:30:00 PM,5.0,4,1,6,6,1,1,1,1,1,2,UNABLE TO DETERMINE,2,1,0.0,0.0,0.0,0.0,0.0,3.0,17,3,10,10/15/2024,2024-10-15,17:30:00
10/15/2024 08:22:00 AM,5.0,4,3,13,10,1,4,3,1,1,3,WEATHER,2,3,1.0,0.0,0.0,1.0,0.0,1.0,8,3,10,10/15/2024,2024-10-15,08:22:00
10/15/2024 01:17:00 PM,7.0,4,1,5,5,1,4,3,1,1,3,UNABLE TO DETERMINE,2,2,1.0,0.0,0.0,0.0,1.0,2.0,13,3,10,10/15/2024,2024-10-15,13:17:00
10/15/2024 04:15:00 PM,1.0,4,1,3,1,1,4,1,0,1,3,IMPROPER LANE USAGE,2,1,0.0,0.0,0.0,0.0,0.0,2.0,16,3,10,10/15/2024,2024-10-15,16:15:00
10/15/2024 06:38:00 AM,3.0,4,2,4,5,1,4,3,1,1,3,FAILING TO REDUCE SPEED TO AVOID CRASH,2,2,2.0,0.0,0.0,0.0,2.0,0.0,6,3,10,10/15/2024,2024-10-15,06:38:00
10/15/2024 12:00:00 PM,7.0,4,1,6,4,1,4,3,0,1,3,UNABLE TO DETERMINE,2,1,0.0,0.0,0.0,0.0,0.0,2.0,12,3,10,10/15/2024,2024-10-15,12:00:00
10/14/2024 11:10:00 AM,5.0,2,1,5,4,1,3,3,1,1,3,DISREGARDING TRAFFIC SIGNALS,2,1,0.0,0.0,0.0,0.0,0.0,2.0,11,2,10,10/14/2024,2024-10-14,11:10:00
10/14/2024 01:30:00 AM,3.0,2,3,3,6,1,3,3,0,1,2,IMPROPER LANE USAGE,2,1,0.0,0.0,0.0,0.0,0.0,2.0,1,2,10,10/14/2024,2024-10-14,01:30:00
10/15/2024 03:15:00 PM,5.0,4,1,4,6,2,4,3,0,1,2,FOLLOWING TOO CLOSELY,2,1,0.0,0.0,0.0,0.0,0.0,2.0,15,3,10,10/15/2024,2024-10-15,15:15:00
10/11/2024 10:30:00 AM,7.0,2,1,16,6,1,3,3,0,1,3,FAILING TO YIELD RIGHT-OF-WAY,2,2,1.0,0.0,0.0,0.0,1.0,1.0,10,6,10,10/11/2024,2024-10-11,10:30:00
10/15/2024 04:00:00 PM,7.0,4,1,5,6,1,4,3,1,1,3,FAILING TO YIELD RIGHT-OF-WAY,2,3,2.0,0.0,0.0,1.0,1.0,2.0,16,3,10,10/15/2024,2024-10-15,16:00:00
10/01/2024 09:05:00 AM,5.0,3,1,5,4,1,3,3,1,1,3,NOT APPLICABLE,2,3,1.0,0.0,0.0,1.0,0.0,2.0,9,3,10,10/01/2024,2024-10-01,09:05:00
10/01/2024 10:13:00 PM,5.0,2,4,5,3,1,3,1,1,1,3,DRIVING ON WRONG SIDE/WRONG WAY,2,2,1.0,0.0,0.0,0.0,1.0,2.0,22,3,10,10/01/2024,2024-10-01,22:13:00
10/01/2024 05:35:00 PM,7.0,2,1,5,8,1,3,1,0,1,2,FAILING TO YIELD RIGHT-OF-WAY,2,1,0.0,0.0,0.0,0.0,0.0,2.0,17,3,10,10/01/2024,2024-10-01,17:35:00
10/01/2024 08:30:00 AM,7.0,2,1,6,7,1,3,1,0,1,3,IMPROPER TURNING/NO SIGNAL,2,1,0.0,0.0,0.0,0.0,0.0,3.0,8,3,10,10/01/2024,2024-10-01,08:30:00
10/01/2024 05:45:00 PM,3.0,2,3,6,6,1,3,3,0,1,3,IMPROPER TURNING/NO SIGNAL,2,1,0.0,0.0,0.0,0.0,0.0,3.0,17,3,10,10/01/2024,2024-10-01,17:45:00