crash_date,traffic_control_device,weather_condition,lighting_condition,first_crash_type,trafficway_type,alignment,roadway_surface_cond,road_defect,crash_type,intersection_related_i,damage,prim_contributory_cause,num_units,most_severe_injury,injuries_total,injuries_fatal,injuries_incapacitating,injuries_non_incapacitating,injuries_reported_not_evident,injuries_no_indication,crash_hour,crash_day_of_week,crash_month,parsed_datetime,date,time
10/01/2024 07:12:00 AM,7.0,2,1,4,5,1,3,3,1,1,3,FOLLOWING TOO CLOSELY,2,1,0.0,0.0,0.0,0.0,0.0,2.0,7,3,10,10/01/2024,2024-10-01,07:12:00
10/01/2024 05:40:00 PM,1.0,2,1,3,6,1,1,1,0,1,2,IMPROPER OVERTAKING/PASSING,2,1,0.0,0.0,0.0,0.0,0.0,3.0,17,3,10,10/01/2024,2024-10-01,17:40:00
10/01/2024 06:00:00 PM,1.0,2,1,4,1,1,3,1,0,1,3,UNABLE TO DETERMINE,2,1,0.0,0.0,0.0,0.0,0.0,2.0,18,3,10,10/01/2024,2024-10-01,18:00:00
10/01/2024 04:50:00 PM,5.0,2,1,6,12,1,3,3,0,1,1,UNABLE TO DETERMINE,2,1,0.0,0.0,0.0,0.0,0.0,3.0,16,3,10,10/01/2024,2024-10-01,16:50:00
10/01/2024 06:00:00 PM,7.0,2,1,5,5,1,3,3,0,1,2,FAILING TO YIELD RIGHT-OF-WAY,2,1,0.0,0.0,0.0,0.0,0.0,2.0,18,3,10,10/01/2024,2024-10-01,18:00:00
10/01/2024 03:00:00 PM,1.0,2,1,6,7,1,1,1,0,1,3,UNABLE TO DETERMINE,2,1,0.0,0.0,0.0,0.0,0.0,2.0,15,3,10,10/01/2024,2024-10-01,15:00:00
10/01/2024 04:02:00 PM,5.0,2,1,5,3,1,3,3,1,1,2,FAILING TO YIELD RIGHT-OF-WAY,2,1,0.0,0.0,0.0,0.0,0.0,2.0,16,3,10,10/01/2024,2024-10-01,16:02:00
10/01/2024 06:30:00 PM,5.0,2,1,10,4,1,3,3,1,1,3,UNABLE TO DETERMINE,2,1,0.0,0.0,0.0,0.0,0.0,2.0,18,3,10,10/01/2024,2024-10-01,18:30:00
10/01/2024 08:45:00 PM,7.0,2,4,11,5,1,3,3,0,1,2,IMPROPER TURNING/NO SIGNAL,2,1,0.0,0.0,0.0,0.0,0.0,1.0,20,3,10,10/01/2024,2024-10-01,20:45:00
10/01/2024 08:01:00 AM,3.0,2,1,5,16,1,3,3,0,1,3,FAILING TO YIELD RIGHT-OF-WAY,2,1,0.0,0.0,0.0,0.0,0.0,2.0,8,3,10,10/01/2024,2024-10-01,08:01:00
10/03/2024 05:36:00 PM,5.0,2,1,13,5,1,3,4,1,1,3,FAILING TO YIELD RIGHT-OF-WAY,2,3,1.0,0.0,0.0,1.0,0.0,1.0,17,5,10,10/03/2024,2024-10-03,17:36:00
10/01/2024 02:35:00 PM,5.0,2,1,6,5,1,3,3,1,1,3,UNABLE TO DETERMINE,2,2,1.0,0.0,0.0,0.0,1.0,1.0,14,3,10,10/01/2024,2024-10-01,14:35:00
10/01/2024 05:14:00 PM,7.0,2,1,5,5,1,3,3,0,1,2,FAILING TO YIELD RIGHT-OF-WAY,2,1,0.0,0.0,0.0,0.0,0.0,3.0,17,3,10,10/01/2024,2024-10-01,17:14:00
10/01/2024 05:00:00 PM,5.0,2,1,6,5,1,3,1,0,0,3,UNABLE TO DETERMINE,2,1,0.0,0.0,0.0,0.0,0.0,2.0,17,3,10,10/01/2024,2024-10-01,17:00:00
10/01/2024 06:39:00 AM,5.0,2,1,6,5,1,3,3,1,1,3,FAILING TO YIELD RIGHT-OF-WAY,2,1,0.0,0.0,0.0,0.0,0.0,2.0,6,3,10,10/01/2024,2024-10-01,06:39:00
10/01/2024 03:15:00 PM,5.0,2,1,4,6,1,3,1,1,1,3,UNABLE TO DETERMINE,2,2,1.0,0.0,0.0,0.0,1.0,2.0,15,3,10,10/01/2024,2024-10-01,15:15:00
10/01/2024 03:13:00 PM,5.0,2,1,6,5,1,3,3,1,1,3,FAILING TO YIELD RIGHT-OF-WAY,2,2,1.0,0.0,0.0,0.0,1.0,1.0,15,3,10,10/01/2024,2024-10-01,15:13:00
10/01/2024 02:30:00 PM,3.0,2,1,5,4,1,3,3,0,0,3,FAILING TO YIELD RIGHT-OF-WAY,2,1,0.0,0.0,0.0,0.0,0.0,4.0,14,3,10,10/01/2024,2024-10-01,14:30:00
10/01/2024 03:53:00 PM,7.0,2,1,5,5,1,3,1,0,1,3,UNABLE TO DETERMINE,2,1,0.0,0.0,0.0,0.0,0.0,2.0,15,3,10,10/01/2024,2024-10-01,15:53:00
10/01/2024 06:02:00 PM,3.0,2,1,6,7,1,3,3,0,1,3,UNABLE TO DETERMINE,2,1,0.0,0.0,0.0,0.0,0.0,2.0,18,3,10,10/01/2024,2024-10-01,18:02:00
10/01/2024 05:25:00 PM,7.0,2,1,5,5,1,3,3,0,1,3,DISREGARDING STOP SIGN,2,1,0.0,0.0,0.0,0.0,0.0,4.0,17,3,10,10/01/2024,2024-10-01,17:25:00
10/01/2024 11:30:00 PM,7.0,2,4,6,6,1,3,3,1,1,3,UNABLE TO DETERMINE,2,1,0.0,0.0,0.0,0.0,0.0,2.0,23,3,10,10/01/2024,2024-10-01,23:30:00
10/01/2024 12:20:00 PM,5.0,2,1,4,4,1,3,3,1,1,3,EQUIPMENT - VEHICLE CONDITION,2,3,1.0,0.0,0.0,1.0,0.0,1.0,12,3,10,10/01/2024,2024-10-01,12:20:00
10/01/2024 07:50:00 AM,5.0,2,1,3,3,1,3,3,0,1,3,UNABLE TO DETERMINE,2,1,0.0,0.0,0.0,0.0,0.0,4.0,7,3,10,10/01/2024,2024-10-01,07:50:00
10/01/2024 04:28:00 PM,5.0,2,1,3,6,1,3,3,0,1,3,DISTRACTION - FROM INSIDE VEHICLE,2,1,0.0,0.0,0.0,0.0,0.0,4.0,16,3,10,10/01/2024,2024-10-01,16:28:00
10/01/2024 06:09:00 PM,5.0,2,2,5,5,1,3,3,0,1,3,DISREGARDING TRAFFIC SIGNALS,2,1,0.0,0.0,0.0,0.0,0.0,3.0,18,3,10,10/01/2024,2024-10-01,18:09:00
10/15/2024 10:42:00 AM,6.0,4,1,13,5,1,4,3,1,1,3,FAILING TO YIELD RIGHT-OF-WAY,2,3,1.0,0.0,0.0,1.0,0.0,1.0,10,3,10,10/15/2024,2024-10-15,10:42:00
10/01/2024 09:45:00 AM,5.0,2,1,4,6,1,3,3,0,1,3,FAILING TO REDUCE SPEED TO AVOID CRASH,2,1,0.0,0.0,0.0,0.0,0.0,2.0,9,3,10,10/01/2024,2024-10-01,09:45:00
10/15/2024 10:53:00 PM,7.0,2,4,11,7,1,4,3,1,1,3,FAILING TO YIELD RIGHT-OF-WAY,2,1,0.0,0.0,0.0,0.0,0.0,1.0,22,3,10,10/15/2024,2024-10-15,22:53:00
10/01/2024 07:25:00 AM,7.0,2,1,14,5,1,3,3,1,1,1,FAILING TO YIELD RIGHT-OF-WAY,2,3,1.0,0.0,0.0,1.0,0.0,1.0,7,3,10,10/01/2024,2024-10-01,07:25:00
10/01/2024 03:05:00 PM,7.0,2,1,6,5,1,3,3,0,1,3,UNABLE TO DETERMINE,2,1,0.0,0.0,0.0,0.0,0.0,4.0,15,3,10,10/01/2024,2024-10-01,15:05:00
10/01/2024 12:03:00 PM,5.0,2,1,6,12,1,3,3,1,1,3,IMPROPER TURNING/NO SIGNAL,2,1,0.0,0.0,0.0,0.0,0.0,2.0,12,3,10,10/01/2024,2024-10-01,12:03:00
10/01/2024 11:00:00 AM,3.0,2,1,6,6,1,3,3,0,1,2,DRIVING SKILLS/KNOWLEDGE/EXPERIENCE,2,1,0.0,0.0,0.0,0.0,0.0,2.0,11,3,10,10/01/2024,2024-10-01,11:00:00
10/16/2024 08:29:00 AM,7.0,2,1,5,7,1,3,3,1,1,3,FAILING TO YIELD RIGHT-OF-WAY,2,3,1.0,0.0,0.0,1.0,0.0,4.0,8,4,10,10/16/2024,2024-10-16,08:29:00
10/15/2024 07:45:00 AM,7.0,2,1,14,7,1,1,1,0,1,3,UNABLE TO DETERMINE,2,1,0.0,0.0,0.0,0.0,0.0,2.0,7,3,10,10/15/2024,2024-10-15,07:45:00
10/16/2024 03:44:00 PM,7.0,2,1,5,5,1,3,3,0,1,3,UNABLE TO DETERMINE,2,1,0.0,0.0,0.0,0.0,0.0,2.0,15,4,10,10/16/2024,2024-10-16,15:44:00
10/15/2024 06:40:00 PM,5.0,2,1,6,6,1,3,3,0,1,3,IMPROPER OVERTAKING/PASSING,2,1,0.0,0.0,0.0,0.0,0.0,2.0,18,3,10,10/15/2024,2024-10-15,18:40:00
10/15/2024 09:05:00 AM,7.0,7,1,13,6,1,4,1,0,1,2,FAILING TO YIELD RIGHT-OF-WAY,2,1,0.0,0.0,0.0,0.0,0.0,2.0,9,3,10,10/15/2024,2024-10-15,09:05:00
10/11/2024 03:51:00 PM,5.0,2,1,5,5,1,3,3,1,1,3,FAILING TO YIELD RIGHT-OF-WAY,2,1,0.0,0.0,0.0,0.0,0.0,2.0,15,6,10,10/11/2024,2024-10-11,15:51:00
10/16/2024 10:45:00 PM,5.0,2,4,4,6,1,3,3,0,1,3,FOLLOWING TOO CLOSELY,2,1,0.0,0.0,0.0,0.0,0.0,2.0,22,4,10,10/16/2024,2024-10-16,22:45:00
10/16/2024 03:00:00 PM,7.0,2,1,6,5,1,3,3,0,1,3,FOLLOWING TOO CLOSELY,2,1,0.0,0.0,0.0,0.0,0.0,2.0,15,4,10,10/16/2024,2024-10-16,15:00:00
10/11/2024 09:03:00 AM,3.0,2,1,6,7,1,3,3,0,1,2,UNABLE TO DETERMINE,2,1,0.0,0.0,0.0,0.0,0.0,3.0,9,6,10,10/11/2024,2024-10-11,09:03:00
10/16/2024 08:34:00 AM,5.0,2,1,6,5,1,1,1,0,1,3,UNABLE TO DETERMINE,2,1,0.0,0.0,0.0,0.0,0.0,2.0,8,4,10,10/16/2024,2024-10-16,08:34:00
10/14/2024 12:15:00 PM,5.0,2,5,14,5,1,3,1,0,1,3,DISREGARDING TRAFFIC SIGNALS,2,1,0.0,0.0,0.0,0.0,0.0,2.0,12,2,10,10/14/2024,2024-10-14,12:15:00
10/14/2024 05:25:00 AM,5.0,4,4,6,5,1,4,3,1,1,3,FAILING TO YIELD RIGHT-OF-WAY,2,2,2.0,0.0,0.0,0.0,2.0,1.0,5,2,10,10/14/2024,2024-10-14,05:25:00
10/09/2024 03:15:00 PM,7.0,2,1,14,6,1,3,3,1,1,3,FAILING TO YIELD RIGHT-OF-WAY,2,3,1.0,0.0,0.0,1.0,0.0,1.0,15,4,10,10/09/2024,2024-10-09,15:15:00
10/09/2024 07:33:00 AM,7.0,2,1,6,3,1,3,3,0,1,2,UNABLE TO DETERMINE,2,1,0.0,0.0,0.0,0.0,0.0,4.0,7,4,10,10/09/2024,2024-10-09,07:33:00
10/16/2024 03:38:00 PM,5.0,2,1,6,5,1,3,3,1,1,3,"VISION OBSCURED (SIGNS, TREE LIMBS, BUILDINGS, ETC.)",2,3,2.0,0.0,0.0,2.0,0.0,1.0,15,4,10,10/16/2024,2024-10-16,15:38:00
10/15/2024 04:00:00 PM,10.0,4,1,4,5,1,4,3,0,1,3,FAILING TO REDUCE SPEED TO AVOID CRASH,2,1,0.0,0.0,0.0,0.0,0.0,2.0,16,3,10,10/15/2024,2024-10-15,16:00:00
10/16/2024 12:20:00 PM,5.0,2,1,4,5,1,3,3,0,1,2,FAILING TO REDUCE SPEED TO AVOID CRASH,2,1,0.0,0.0,0.0,0.0,0.0,2.0,12,4,10,10/16/2024,2024-10-16,12:20:00
10/16/2024 07:40:00 AM,5.0,2,1,6,7,1,3,1,0,1,3,IMPROPER TURNING/NO SIGNAL,2,1,0.0,0.0,0.0,0.0,0.0,4.0,7,4,10,10/16/2024,2024-10-16,07:40:00
10/08/2024 09:00:00 AM,1.0,2,1,13,6,1,1,1,1,1,3,UNABLE TO DETERMINE,2,3,1.0,0.0,0.0,1.0,0.0,1.0,9,3,10,10/08/2024,2024-10-08,09:00:00
10/16/2024 03:55:00 PM,5.0,2,1,3,6,1,3,1,0,1,2,DRIVING SKILLS/KNOWLEDGE/EXPERIENCE,2,1,0.0,0.0,0.0,0.0,0.0,2.0,15,4,10,10/16/2024,2024-10-16,15:55:00
10/16/2024 11:30:00 PM,5.0,2,4,3,6,1,3,3,0,0,2,IMPROPER OVERTAKING/PASSING,2,1,0.0,0.0,0.0,0.0,0.0,2.0,23,4,10,10/16/2024,2024-10-16,23:30:00
10/16/2024 06:06:00 AM,5.0,2,4,6,5,1,3,3,1,1,3,FAILING TO YIELD RIGHT-OF-WAY,2,1,0.0,0.0,0.0,0.0,0.0,2.0,6,4,10,10/16/2024,2024-10-16,06:06:00
10/16/2024 07:00:00 PM,3.0,2,3,6,7,1,3,1,0,1,3,IMPROPER TURNING/NO SIGNAL,2,1,0.0,0.0,0.0,0.0,0.0,2.0,19,4,10,10/16/2024,2024-10-16,19:00:00
10/15/2024 06:00:00 PM,7.0,4,1,5,6,1,4,3,1,1,3,FAILING TO YIELD RIGHT-OF-WAY,2,2,1.0,0.0,0.0,0.0,1.0,1.0,18,3,10,10/15/2024,2024-10-15,18:00:00
10/15/2024 12:15:00 PM,5.0,4,1,5,5,1,4,1,1,1,3,DISREGARDING TRAFFIC SIGNALS,2,2,1.0,0.0,0.0,0.0,1.0,2.0,12,3,10,10/15/2024,2024-10-15,12:15:00
10/16/2024 10:15:00 AM,5.0,2,1,6,5,1,3,2,0,1,3,UNABLE TO DETERMINE,2,1,0.0,0.0,0.0,0.0,0.0,2.0,10,4,10,10/16/2024,2024-10-16,10:15:00
10/07/2024 02:15:00 PM,7.0,2,1,6,4,1,3,3,0,1,3,FAILING TO YIELD RIGHT-OF-WAY,2,1,0.0,0.0,0.0,0.0,0.0,3.0,14,2,10,10/07/2024,2024-10-07,14:15:00
10/11/2024 05:30:00 PM,1.0,2,1,14,6,1,1,1,0,1,3,DISREGARDING TRAFFIC SIGNALS,2,1,0.0,0.0,0.0,0.0,0.0,3.0,17,6,10,10/11/2024,2024-10-11,17:30:00
10/16/2024 12:00:00 PM,1.0,2,1,4,7,1,1,1,0,1,3,UNABLE TO DETERMINE,2,1,0.0,0.0,0.0,0.0,0.0,2.0,12,4,10,10/16/2024,2024-10-16,12:00:00
10/16/2024 09:08:00 AM,7.0,2,1,6,6,1,3,3,1,1,3,UNABLE TO DETERMINE,2,1,0.0,0.0,0.0,0.0,0.0,3.0,9,4,10,10/16/2024,2024-10-16,09:08:00
10/13/2024 02:00:00 PM,7.0,2,1,6,5,1,3,3,0,1,3,FAILING TO YIELD RIGHT-OF-WAY,2,1,0.0,0.0,0.0,0.0,0.0,2.0,14,1,10,10/13/2024,2024-10-13,14:00:00
10/16/2024 03:40:00 PM,5.0,2,1,2,3,1,3,3,1,1,3,FAILING TO YIELD RIGHT-OF-WAY,2,3,1.0,0.0,0.0,1.0,0.0,2.0,15,4,10,10/16/2024,2024-10-16,15:40:00
10/02/2024 01:15:00 PM,5.0,2,1,5,5,1,3,3,0,1,3,DISREGARDING TRAFFIC SIGNALS,2,1,0.0,0.0,0.0,0.0,0.0,2.0,13,4,10,10/02/2024,2024-10-02,13:15:00
10/02/2024 08:50:00 AM,7.0,2,1,6,6,1,3,3,1,1,3,FAILING TO REDUCE SPEED TO AVOID CRASH,2,1,0.0,0.0,0.0,0.0,0.0,2.0,8,4,10,10/02/2024,2024-10-02,08:50:00
10/02/2024 05:35:00 PM,7.0,2,1,4,4,1,3,3,1,1,3,UNABLE TO DETERMINE,2,2,1.0,0.0,0.0,0.0,1.0,1.0,17,4,10,10/02/2024,2024-10-02,17:35:00
10/02/2024 01:00:00 PM,5.0,2,1,6,5,1,3,3,0,1,3,DISREGARDING TRAFFIC SIGNALS,2,1,0.0,0.0,0.0,0.0,0.0,2.0,13,4,10,10/02/2024,2024-10-02,13:00:00
10/02/2024 05:41:00 PM,7.0,2,1,5,5,1,3,3,1,1,3,"VISION OBSCURED (SIGNS, TREE LIMBS, BUILDINGS, ETC.)",2,2,1.0,0.0,0.0,0.0,1.0,3.0,17,4,10,10/02/2024,2024-10-02,17:41:00
10/02/2024 08:40:00 AM,7.0,2,1,5,5,1,3,3,1,1,3,DISREGARDING STOP SIGN,2,3,2.0,0.0,0.0,2.0,0.0,0.0,8,4,10,10/02/2024,2024-10-02,08:40:00
10/02/2024 08:07:00 AM,5.0,2,1,6,5,1,3,1,1,1,2,UNABLE TO DETERMINE,2,3,1.0,0.0,0.0,1.0,0.0,1.0,8,4,10,10/02/2024,2024-10-02,08:07:00
10/02/2024 05:16:00 PM,1.0,2,1,13,5,1,3,3,1,1,3,FAILING TO YIELD RIGHT-OF-WAY,2,3,1.0,0.0,0.0,1.0,0.0,1.0,17,4,10,10/02/2024,2024-10-02,17:16:00
10/02/2024 08:05:00 PM,5.0,2,4,13,6,1,3,3,1,1,1,FAILING TO YIELD RIGHT-OF-WAY,2,4,1.0,0.0,1.0,0.0,0.0,1.0,20,4,10,10/02/2024,2024-10-02,20:05:00
10/02/2024 12:00:00 PM,5.0,2,1,4,6,1,3,3,0,1,3,FOLLOWING TOO CLOSELY,2,1,0.0,0.0,0.0,0.0,0.0,3.0,12,4,10,10/02/2024,2024-10-02,12:00:00
10/02/2024 02:00:00 PM,5.0,2,1,5,5,1,3,3,0,1,2,FAILING TO YIELD RIGHT-OF-WAY,2,1,0.0,0.0,0.0,0.0,0.0,2.0,14,4,10,10/02/2024,2024-10-02,14:00:00
10/02/2024 06:30:00 PM,7.0,2,4,5,6,1,3,1,1,1,3,FAILING TO YIELD RIGHT-OF-WAY,2,3,1.0,0.0,0.0,1.0,0.0,2.0,18,4,10,10/02/2024,2024-10-02,18:30:00
10/02/2024 09:10:00 AM,5.0,2,1,6,5,1,3,3,0,1,3,IMPROPER TURNING/NO SIGNAL,2,1,0.0,0.0,0.0,0.0,0.0,2.0,9,4,10,10/02/2024,2024-10-02,09:10:00
10/02/2024 08:30:00 AM,5.0,2,1,5,6,1,3,3,0,1,3,UNABLE TO DETERMINE,2,1,0.0,0.0,0.0,0.0,0.0,2.0,8,4,10,10/02/2024,2024-10-02,08:30:00
10/02/2024 10:27:00 PM,5.0,2,4,5,3,1,3,3,1,1,3,DISREGARDING TRAFFIC SIGNALS,2,1,0.0,0.0,0.0,0.0,0.0,2.0,22,4,10,10/02/2024,2024-10-02,22:27:00
10/02/2024 11:30:00 AM,5.0,2,1,14,5,1,3,3,1,1,2,UNABLE TO DETERMINE,2,2,1.0,0.0,0.0,0.0,1.0,1.0,11,4,10,10/02/2024,2024-10-02,11:30:00
10/02/2024 06:50:00 AM,5.0,2,1,4,4,1,3,3,1,1,3,UNABLE TO DETERMINE,2,3,1.0,0.0,0.0,1.0,0.0,3.0,6,4,10,10/02/2024,2024-10-02,06:50:00
10/02/2024 02:45:00 PM,3.0,2,1,13,6,1,3,3,0,1,1,UNABLE TO DETERMINE,2,1,0.0,0.0,0.0,0.0,0.0,2.0,14,4,10,10/02/2024,2024-10-02,14:45:00
10/02/2024 04:00:00 PM,7.0,2,1,5,5,1,3,3,1,1,3,"VISION OBSCURED (SIGNS, TREE LIMBS, BUILDINGS, ETC.)",2,3,1.0,0.0,0.0,1.0,0.0,1.0,16,4,10,10/02/2024,2024-10-02,16:00:00
10/02/2024 08:00:00 AM,3.0,2,1,5,5,1,3,1,0,1,2,FAILING TO YIELD RIGHT-OF-WAY,2,1,0.0,0.0,0.0,0.0,0.0,2.0,8,4,10,10/02/2024,2024-10-02,08:00:00
10/02/2024 01:25:00 PM,5.0,2,1,4,6,1,3,3,0,0,3,FOLLOWING TOO CLOSELY,2,1,0.0,0.0,0.0,0.0,0.0,2.0,13,4,10,10/02/2024,2024-10-02,13:25:00
10/02/2024 06:40:00 PM,3.0,2,1,6,5,1,3,3,0,1,2,UNABLE TO DETERMINE,2,1,0.0,0.0,0.0,0.0,0.0,2.0,18,4,10,10/02/2024,2024-10-02,18:40:00
10/02/2024 03:00:00 PM,5.0,2,1,6,4,1,3,3,0,1,3,"OPERATING VEHICLE IN ERRATIC, RECKLESS, CARELESS, NEGLIGENT OR AGGRESSIVE MANNER",2,1,0.0,0.0,0.0,0.0,0.0,3.0,15,4,10,10/02/2024,2024-10-02,15:00:00
10/02/2024 03:37:00 PM,5.0,2,1,4,5,1,3,3,0,1,1,UNABLE TO DETERMINE,2,1,0.0,0.0,0.0,0.0,0.0,2.0,15,4,10,10/02/2024,2024-10-02,15:37:00
10/02/2024 07:22:00 AM,5.0,2,1,6,5,1,1,1,0,1,2,FAILING TO YIELD RIGHT-OF-WAY,2,1,0.0,0.0,0.0,0.0,0.0,2.0,7,4,10,10/02/2024,2024-10-02,07:22:00
10/02/2024 06:31:00 PM,5.0,2,1,3,6,1,3,1,0,1,3,IMPROPER OVERTAKING/PASSING,2,1,0.0,0.0,0.0,0.0,0.0,3.0,18,4,10,10/02/2024,2024-10-02,18:31:00
10/02/2024 07:50:00 AM,5.0,2,1,4,6,1,3,3,1,1,3,UNABLE TO DETERMINE,2,3,1.0,0.0,0.0,1.0,0.0,4.0,7,4,10,10/02/2024,2024-10-02,07:50:00
10/02/2024 02:50:00 PM,5.0,2,1,3,5,1,3,1,0,1,3,FAILING TO YIELD RIGHT-OF-WAY,2,1,0.0,0.0,0.0,0.0,0.0,2.0,14,4,10,10/02/2024,2024-10-02,14:50:00
10/02/2024 10:40:00 AM,5.0,2,1,4,6,1,1,1,0,1,3,FOLLOWING TOO CLOSELY,2,1,0.0,0.0,0.0,0.0,0.0,2.0,10,4,10,10/02/2024,2024-10-02,10:40:00
10/02/2024 11:35:00 AM,5.0,2,1,6,7,1,3,3,0,1,2,UNABLE TO DETERMINE,2,1,0.0,0.0,0.0,0.0,0.0,2.0,11,4,10,10/02/2024,2024-10-02,11:35:00
10/02/2024 03:35:00 PM,7.0,2,1,5,5,1,3,3,1,1,3,UNABLE TO DETERMINE,2,2,1.0,0.0,0.0,0.0,1.0,1.0,15,4,10,10/02/2024,2024-10-02,15:35:00
10/02/2024 10:51:00 AM,5.0,2,1,5,5,1,3,3,0,1,3,FAILING TO REDUCE SPEED TO AVOID CRASH,2,1,0.0,0.0,0.0,0.0,0.0,4.0,10,4,10,10/02/2024,2024-10-02,10:51:00
10/02/2024 05:30:00 PM,7.0,2,1,5,5,1,3,3,0,1,3,FAILING TO YIELD RIGHT-OF-WAY,2,1,0.0,0.0,0.0,0.0,0.0,2.0,17,4,10,10/02/2024,2024-10-02,17:30:00
10/02/2024 12:40:00 PM,3.0,2,1,3,7,1,3,3,1,1,3,UNABLE TO DETERMINE,2,1,0.0,0.0,0.0,0.0,0.0,2.0,12,4,10,10/02/2024,2024-10-02,12:40:00
10/02/2024 07:17:00 AM,5.0,2,1,5,5,1,3,3,1,1,3,DISREGARDING TRAFFIC SIGNALS,2,1,0.0,0.0,0.0,0.0,0.0,2.0,7,4,10,10/02/2024,2024-10-02,07:17:00
10/02/2024 07:45:00 AM,5.0,2,1,6,5,1,3,3,1,1,3,FOLLOWING TOO CLOSELY,2,2,1.0,0.0,0.0,0.0,1.0,3.0,7,4,10,10/02/2024,2024-10-02,07:45:00
10/02/2024 11:15:00 AM,5.0,2,1,13,6,1,3,3,1,1,3,FAILING TO YIELD RIGHT-OF-WAY,2,2,1.0,0.0,0.0,0.0,1.0,1.0,11,4,10,10/02/2024,2024-10-02,11:15:00
10/02/2024 11:00:00 AM,7.0,2,1,6,1,1,3,3,0,1,2,FAILING TO YIELD RIGHT-OF-WAY,2,1,0.0,0.0,0.0,0.0,0.0,2.0,11,4,10,10/02/2024,2024-10-02,11:00:00
10/02/2024 08:00:00 AM,7.0,2,1,6,14,1,1,1,0,1,3,UNABLE TO DETERMINE,2,1,0.0,0.0,0.0,0.0,0.0,2.0,8,4,10,10/02/2024,2024-10-02,08:00:00
10/02/2024 07:19:00 AM,5.0,2,1,6,5,1,3,3,0,1,3,IMPROPER OVERTAKING/PASSING,2,1,0.0,0.0,0.0,0.0,0.0,10.0,7,4,10,10/02/2024,2024-10-02,07:19:00
10/02/2024 07:57:00 AM,5.0,2,1,4,4,1,3,3,0,1,3,UNABLE TO DETERMINE,2,1,0.0,0.0,0.0,0.0,0.0,2.0,7,4,10,10/02/2024,2024-10-02,07:57:00
10/02/2024 03:45:00 PM,5.0,2,1,6,5,1,3,3,0,1,3,FAILING TO YIELD RIGHT-OF-WAY,2,1,0.0,0.0,0.0,0.0,0.0,2.0,15,4,10,10/02/2024,2024-10-02,15:45:00
10/02/2024 08:15:00 PM,1.0,2,1,5,1,1,3,1,0,1,3,UNABLE TO DETERMINE,2,1,0.0,0.0,0.0,0.0,0.0,2.0,20,4,10,10/02/2024,2024-10-02,20:15:00
10/17/2024 03:35:00 PM,7.0,2,1,5,5,1,3,3,1,1,3,FAILING TO YIELD RIGHT-OF-WAY,2,1,0.0,0.0,0.0,0.0,0.0,2.0,15,5,10,10/17/2024,2024-10-17,15:35:00
10/12/2024 02:00:00 PM,7.0,2,1,6,6,1,3,3,1,1,3,IMPROPER TURNING/NO SIGNAL,2,1,0.0,0.0,0.0,0.0,0.0,3.0,14,7,10,10/12/2024,2024-10-12,14:00:00
10/15/2024 04:35:00 PM,5.0,4,1,13,2,1,4,1,1,1,2,WEATHER,2,3,1.0,0.0,0.0,1.0,0.0,1.0,16,3,10,10/15/2024,2024-10-15,16:35:00
10/17/2024 12:03:00 AM,5.0,2,4,5,5,1,3,3,1,1,3,DISREGARDING TRAFFIC SIGNALS,2,1,0.0,0.0,0.0,0.0,0.0,2.0,0,5,10,10/17/2024,2024-10-17,00:03:00
10/14/2024 02:45:00 AM,5.0,2,4,6,3,1,1,1,1,1,3,FAILING TO YIELD RIGHT-OF-WAY,2,4,1.0,0.0,1.0,0.0,0.0,2.0,2,2,10,10/14/2024,2024-10-14,02:45:00
10/16/2024 09:50:00 PM,5.0,2,4,4,5,1,3,3,1,1,3,UNABLE TO DETERMINE,2,3,1.0,0.0,0.0,1.0,0.0,1.0,21,4,10,10/16/2024,2024-10-16,21:50:00
10/17/2024 06:55:00 PM,5.0,2,5,6,4,1,3,3,0,1,2,IMPROPER OVERTAKING/PASSING,2,1,0.0,0.0,0.0,0.0,0.0,2.0,18,5,10,10/17/2024,2024-10-17,18:55:00
10/16/2024 11:50:00 AM,5.0,2,1,4,6,1,3,3,0,1,2,UNABLE TO DETERMINE,2,1,0.0,0.0,0.0,0.0,0.0,2.0,11,4,10,10/16/2024,2024-10-16,11:50:00
10/17/2024 10:25:00 AM,5.0,2,1,6,5,1,1,1,0,1,3,IMPROPER LANE USAGE,2,1,0.0,0.0,0.0,0.0,0.0,2.0,10,5,10,10/17/2024,2024-10-17,10:25:00
10/16/2024 11:49:00 AM,5.0,2,1,6,5,1,3,3,0,1,2,IMPROPER TURNING/NO SIGNAL,2,1,0.0,0.0,0.0,0.0,0.0,3.0,11,4,10,10/16/2024,2024-10-16,11:49:00
10/16/2024 04:00:00 PM,3.0,2,1,5,6,1,3,1,0,1,3,UNABLE TO DETERMINE,2,1,0.0,0.0,0.0,0.0,0.0,2.0,16,4,10,10/16/2024,2024-10-16,16:00:00
10/18/2024 02:00:00 AM,5.0,2,4,5,6,1,3,3,1,1,3,FAILING TO YIELD RIGHT-OF-WAY,2,1,0.0,0.0,0.0,0.0,0.0,3.0,2,6,10,10/18/2024,2024-10-18,02:00:00