crash_date,traffic_control_device,weather_condition,lighting_condition,first_crash_type,trafficway_type,alignment,roadway_surface_cond,road_defect,crash_type,intersection_related_i,damage,prim_contributory_cause,num_units,most_severe_injury,injuries_total,injuries_fatal,injuries_incapacitating,injuries_non_incapacitating,injuries_reported_not_evident,injuries_no_indication,crash_hour,crash_day_of_week,crash_month,parsed_datetime,date,time
10/04/2024 05:25:00 PM,5.0,2,1,3,6,1,1,1,0,1,3,UNABLE TO DETERMINE,2,1,0.0,0.0,0.0,0.0,0.0,3.0,17,6,10,10/04/2024,2024-10-04,17:25:00
10/04/2024 10:06:00 AM,10.0,2,1,13,5,1,3,1,1,1,1,ROAD CONSTRUCTION/MAINTENANCE,2,3,1.0,0.0,0.0,1.0,0.0,1.0,10,6,10,10/04/2024,2024-10-04,10:06:00
10/04/2024 06:48:00 AM,5.0,4,1,5,5,1,4,3,1,1,3,UNABLE TO DETERMINE,2,2,1.0,0.0,0.0,0.0,1.0,1.0,6,6,10,10/04/2024,2024-10-04,06:48:00
10/04/2024 10:14:00 PM,3.0,2,4,6,5,1,3,3,0,1,3,FAILING TO YIELD RIGHT-OF-WAY,2,1,0.0,0.0,0.0,0.0,0.0,2.0,22,6,10,10/04/2024,2024-10-04,22:14:00
10/04/2024 08:13:00 PM,5.0,2,4,5,5,1,3,3,1,1,3,DISREGARDING TRAFFIC SIGNALS,2,1,0.0,0.0,0.0,0.0,0.0,3.0,20,6,10,10/04/2024,2024-10-04,20:13:00
10/04/2024 03:00:00 PM,7.0,2,1,5,7,1,1,1,0,1,3,UNABLE TO DETERMINE,2,1,0.0,0.0,0.0,0.0,0.0,5.0,15,6,10,10/04/2024,2024-10-04,15:00:00
10/04/2024 09:25:00 AM,5.0,3,1,4,3,1,4,3,1,1,2,FOLLOWING TOO CLOSELY,2,1,0.0,0.0,0.0,0.0,0.0,2.0,9,6,10,10/04/2024,2024-10-04,09:25:00
10/19/2024 12:55:00 PM,7.0,2,1,5,14,1,3,3,1,1,3,UNABLE TO DETERMINE,2,3,2.0,0.0,0.0,2.0,0.0,1.0,12,7,10,10/19/2024,2024-10-19,12:55:00
10/19/2024 03:23:00 PM,5.0,2,1,6,4,1,1,1,0,1,3,FAILING TO YIELD RIGHT-OF-WAY,2,1,0.0,0.0,0.0,0.0,0.0,3.0,15,7,10,10/19/2024,2024-10-19,15:23:00
10/17/2024 02:02:00 PM,3.0,2,1,5,6,1,3,3,0,1,3,UNABLE TO DETERMINE,2,1,0.0,0.0,0.0,0.0,0.0,2.0,14,5,10,10/17/2024,2024-10-17,14:02:00
10/19/2024 01:43:00 AM,3.0,2,4,6,6,1,1,1,1,1,3,UNABLE TO DETERMINE,2,1,0.0,0.0,0.0,0.0,0.0,4.0,1,7,10,10/19/2024,2024-10-19,01:43:00
10/19/2024 11:19:00 PM,5.0,2,4,5,6,1,3,3,0,1,2,IMPROPER BACKING,2,1,0.0,0.0,0.0,0.0,0.0,3.0,23,7,10,10/19/2024,2024-10-19,23:19:00
10/19/2024 12:49:00 PM,7.0,2,1,13,5,1,3,3,1,1,1,FAILING TO YIELD RIGHT-OF-WAY,2,3,1.0,0.0,0.0,1.0,0.0,1.0,12,7,10,10/19/2024,2024-10-19,12:49:00
10/19/2024 04:45:00 PM,5.0,2,1,6,3,1,3,3,0,1,3,IMPROPER OVERTAKING/PASSING,2,1,0.0,0.0,0.0,0.0,0.0,2.0,16,7,10,10/19/2024,2024-10-19,16:45:00
10/19/2024 10:00:00 AM,7.0,2,1,5,6,1,3,3,1,1,3,UNABLE TO DETERMINE,2,3,1.0,0.0,0.0,1.0,0.0,2.0,10,7,10,10/19/2024,2024-10-19,10:00:00
10/18/2024 05:08:00 PM,7.0,2,1,5,5,1,3,3,1,1,3,FAILING TO YIELD RIGHT-OF-WAY,2,4,1.0,0.0,1.0,0.0,0.0,2.0,17,6,10,10/18/2024,2024-10-18,17:08:00
10/19/2024 04:30:00 PM,5.0,2,1,6,6,1,3,3,1,1,3,UNABLE TO DETERMINE,2,1,0.0,0.0,0.0,0.0,0.0,4.0,16,7,10,10/19/2024,2024-10-19,16:30:00
10/20/2024 02:00:00 AM,5.0,2,4,4,4,1,3,3,1,1,3,FOLLOWING TOO CLOSELY,2,1,0.0,0.0,0.0,0.0,0.0,2.0,2,1,10,10/20/2024,2024-10-20,02:00:00
10/19/2024 07:51:00 PM,5.0,2,3,5,5,1,3,3,1,1,3,UNABLE TO DETERMINE,2,2,1.0,0.0,0.0,0.0,1.0,2.0,19,7,10,10/19/2024,2024-10-19,19:51:00
10/19/2024 07:40:00 AM,1.0,2,1,4,1,1,1,1,0,1,3,UNABLE TO DETERMINE,2,1,0.0,0.0,0.0,0.0,0.0,2.0,7,7,10,10/19/2024,2024-10-19,07:40:00
10/19/2024 04:26:00 PM,7.0,2,1,4,4,1,3,3,0,1,2,DISTRACTION - FROM OUTSIDE VEHICLE,2,1,0.0,0.0,0.0,0.0,0.0,4.0,16,7,10,10/19/2024,2024-10-19,16:26:00
10/20/2024 02:09:00 AM,5.0,2,4,9,4,1,3,1,1,1,3,FAILING TO YIELD RIGHT-OF-WAY,2,1,0.0,0.0,0.0,0.0,0.0,2.0,2,1,10,10/20/2024,2024-10-20,02:09:00
10/19/2024 05:15:00 PM,5.0,2,1,5,6,1,3,3,1,1,3,NOT APPLICABLE,2,1,0.0,0.0,0.0,0.0,0.0,2.0,17,7,10,10/19/2024,2024-10-19,17:15:00
10/18/2024 05:48:00 PM,5.0,2,1,3,4,1,3,3,0,1,3,FAILING TO YIELD RIGHT-OF-WAY,2,1,0.0,0.0,0.0,0.0,0.0,2.0,17,6,10,10/18/2024,2024-10-18,17:48:00
10/20/2024 02:12:00 AM,5.0,2,4,6,6,1,3,3,0,1,1,FAILING TO YIELD RIGHT-OF-WAY,2,1,0.0,0.0,0.0,0.0,0.0,2.0,2,1,10,10/20/2024,2024-10-20,02:12:00
10/19/2024 09:30:00 PM,7.0,2,4,5,5,1,3,1,1,1,3,UNABLE TO DETERMINE,2,3,1.0,0.0,0.0,1.0,0.0,1.0,21,7,10,10/19/2024,2024-10-19,21:30:00
10/19/2024 03:46:00 AM,5.0,2,4,4,5,1,3,3,1,1,3,FAILING TO REDUCE SPEED TO AVOID CRASH,2,1,0.0,0.0,0.0,0.0,0.0,4.0,3,7,10,10/19/2024,2024-10-19,03:46:00
10/19/2024 06:26:00 PM,5.0,2,4,6,5,1,3,3,1,1,3,FAILING TO YIELD RIGHT-OF-WAY,2,1,0.0,0.0,0.0,0.0,0.0,5.0,18,7,10,10/19/2024,2024-10-19,18:26:00
10/15/2024 07:10:00 PM,3.0,3,2,6,5,1,4,1,0,0,2,UNABLE TO DETERMINE,2,1,0.0,0.0,0.0,0.0,0.0,2.0,19,3,10,10/15/2024,2024-10-15,19:10:00
10/19/2024 05:15:00 PM,5.0,2,4,6,6,1,3,3,1,1,3,FAILING TO YIELD RIGHT-OF-WAY,2,1,0.0,0.0,0.0,0.0,0.0,2.0,17,7,10,10/19/2024,2024-10-19,17:15:00
10/19/2024 06:20:00 PM,3.0,2,4,5,10,1,1,1,0,0,3,FAILING TO YIELD RIGHT-OF-WAY,2,1,0.0,0.0,0.0,0.0,0.0,2.0,18,7,10,10/19/2024,2024-10-19,18:20:00
10/19/2024 11:10:00 PM,3.0,2,4,3,3,1,1,1,0,0,3,FAILING TO YIELD RIGHT-OF-WAY,2,1,0.0,0.0,0.0,0.0,0.0,2.0,23,7,10,10/19/2024,2024-10-19,23:10:00
10/19/2024 02:30:00 PM,3.0,2,1,3,6,1,3,3,0,1,3,IMPROPER OVERTAKING/PASSING,2,1,0.0,0.0,0.0,0.0,0.0,3.0,14,7,10,10/19/2024,2024-10-19,14:30:00
10/05/2024 11:20:00 PM,5.0,2,4,3,10,1,3,3,0,1,3,IMPROPER OVERTAKING/PASSING,2,1,0.0,0.0,0.0,0.0,0.0,2.0,23,7,10,10/05/2024,2024-10-05,23:20:00
10/05/2024 01:45:00 AM,5.0,2,4,14,5,1,3,3,1,1,3,DRIVING SKILLS/KNOWLEDGE/EXPERIENCE,2,3,1.0,0.0,0.0,1.0,0.0,1.0,1,7,10,10/05/2024,2024-10-05,01:45:00
10/05/2024 11:37:00 AM,5.0,2,1,4,1,1,1,1,0,1,3,UNABLE TO DETERMINE,2,1,0.0,0.0,0.0,0.0,0.0,5.0,11,7,10,10/05/2024,2024-10-05,11:37:00
10/05/2024 05:15:00 PM,5.0,2,1,13,5,1,3,1,1,1,3,FAILING TO YIELD RIGHT-OF-WAY,2,3,1.0,0.0,0.0,1.0,0.0,1.0,17,7,10,10/05/2024,2024-10-05,17:15:00
10/05/2024 12:52:00 PM,5.0,2,1,6,14,1,3,3,1,1,2,FOLLOWING TOO CLOSELY,2,1,0.0,0.0,0.0,0.0,0.0,3.0,12,7,10,10/05/2024,2024-10-05,12:52:00
10/05/2024 07:30:00 AM,5.0,2,1,6,5,1,3,3,0,1,3,IMPROPER OVERTAKING/PASSING,2,1,0.0,0.0,0.0,0.0,0.0,2.0,7,7,10,10/05/2024,2024-10-05,07:30:00
10/05/2024 05:20:00 PM,7.0,2,1,5,5,1,3,3,1,1,3,FAILING TO YIELD RIGHT-OF-WAY,2,3,1.0,0.0,0.0,1.0,0.0,3.0,17,7,10,10/05/2024,2024-10-05,17:20:00
10/05/2024 10:45:00 AM,7.0,2,1,5,10,1,3,3,0,1,2,FAILING TO YIELD RIGHT-OF-WAY,2,1,0.0,0.0,0.0,0.0,0.0,2.0,10,7,10,10/05/2024,2024-10-05,10:45:00
10/05/2024 08:30:00 AM,7.0,2,1,5,5,1,3,3,0,1,2,DISREGARDING STOP SIGN,2,1,0.0,0.0,0.0,0.0,0.0,2.0,8,7,10,10/05/2024,2024-10-05,08:30:00
10/05/2024 02:56:00 PM,3.0,2,1,5,5,1,3,3,1,1,3,FAILING TO YIELD RIGHT-OF-WAY,2,1,0.0,0.0,0.0,0.0,0.0,5.0,14,7,10,10/05/2024,2024-10-05,14:56:00
10/05/2024 01:47:00 AM,5.0,2,4,6,6,1,3,3,1,1,3,DRIVING ON WRONG SIDE/WRONG WAY,2,2,2.0,0.0,0.0,0.0,2.0,1.0,1,7,10,10/05/2024,2024-10-05,01:47:00
10/05/2024 08:00:00 PM,7.0,2,4,4,1,1,1,1,0,1,3,UNABLE TO DETERMINE,2,1,0.0,0.0,0.0,0.0,0.0,3.0,20,7,10,10/05/2024,2024-10-05,20:00:00
10/05/2024 01:55:00 PM,5.0,2,1,6,3,1,3,3,1,1,3,UNABLE TO DETERMINE,2,3,1.0,0.0,0.0,1.0,0.0,1.0,13,7,10,10/05/2024,2024-10-05,13:55:00
10/05/2024 05:34:00 PM,1.0,2,1,4,7,1,1,1,0,1,3,UNABLE TO DETERMINE,2,1,0.0,0.0,0.0,0.0,0.0,5.0,17,7,10,10/05/2024,2024-10-05,17:34:00
10/05/2024 09:07:00 AM,3.0,2,1,6,7,1,3,3,1,1,3,UNABLE TO DETERMINE,2,1,0.0,0.0,0.0,0.0,0.0,3.0,9,7,10,10/05/2024,2024-10-05,09:07:00
10/05/2024 07:45:00 PM,5.0,2,4,3,4,1,3,1,0,1,3,UNABLE TO DETERMINE,2,1,0.0,0.0,0.0,0.0,0.0,2.0,19,7,10,10/05/2024,2024-10-05,19:45:00
10/05/2024 11:25:00 PM,5.0,2,4,6,5,1,3,3,1,1,3,UNABLE TO DETERMINE,2,1,0.0,0.0,0.0,0.0,0.0,2.0,23,7,10,10/05/2024,2024-10-05,23:25:00
10/05/2024 06:26:00 PM,7.0,2,2,3,7,1,3,3,0,1,2,IMPROPER OVERTAKING/PASSING,2,1,0.0,0.0,0.0,0.0,0.0,2.0,18,7,10,10/05/2024,2024-10-05,18:26:00
10/05/2024 03:30:00 PM,5.0,2,1,11,5,1,3,1,1,1,3,IMPROPER TURNING/NO SIGNAL,2,1,0.0,0.0,0.0,0.0,0.0,3.0,15,7,10,10/05/2024,2024-10-05,15:30:00
10/05/2024 01:40:00 PM,7.0,2,1,5,5,1,3,3,1,1,3,FAILING TO YIELD RIGHT-OF-WAY,2,1,0.0,0.0,0.0,0.0,0.0,2.0,13,7,10,10/05/2024,2024-10-05,13:40:00
10/05/2024 11:40:00 PM,5.0,2,4,14,6,1,3,3,1,1,3,DISREGARDING STOP SIGN,2,3,1.0,0.0,0.0,1.0,0.0,1.0,23,7,10,10/05/2024,2024-10-05,23:40:00
10/05/2024 03:46:00 PM,7.0,2,1,5,5,1,3,3,1,1,3,DISREGARDING STOP SIGN,2,1,0.0,0.0,0.0,0.0,0.0,5.0,15,7,10,10/05/2024,2024-10-05,15:46:00
10/05/2024 04:15:00 PM,7.0,2,1,6,4,1,3,3,0,0,2,FAILING TO YIELD RIGHT-OF-WAY,2,1,0.0,0.0,0.0,0.0,0.0,6.0,16,7,10,10/05/2024,2024-10-05,16:15:00
10/05/2024 02:45:00 AM,7.0,2,4,5,5,1,1,3,0,1,3,UNABLE TO DETERMINE,2,1,0.0,0.0,0.0,0.0,0.0,2.0,2,7,10,10/05/2024,2024-10-05,02:45:00
10/05/2024 01:15:00 PM,5.0,2,1,6,6,2,3,3,0,1,2,IMPROPER OVERTAKING/PASSING,2,1,0.0,0.0,0.0,0.0,0.0,6.0,13,7,10,10/05/2024,2024-10-05,13:15:00
10/05/2024 04:00:00 PM,1.0,2,1,3,18,1,1,1,0,1,3,UNABLE TO DETERMINE,2,1,0.0,0.0,0.0,0.0,0.0,2.0,16,7,10,10/05/2024,2024-10-05,16:00:00
10/05/2024 11:00:00 AM,7.0,2,1,5,5,1,3,3,1,1,3,FAILING TO YIELD RIGHT-OF-WAY,2,1,0.0,0.0,0.0,0.0,0.0,4.0,11,7,10,10/05/2024,2024-10-05,11:00:00
10/05/2024 10:31:00 AM,5.0,2,1,3,6,1,3,3,0,1,3,IMPROPER OVERTAKING/PASSING,2,1,0.0,0.0,0.0,0.0,0.0,2.0,10,7,10,10/05/2024,2024-10-05,10:31:00
10/05/2024 02:28:00 PM,7.0,2,1,6,5,1,3,3,1,1,3,UNABLE TO DETERMINE,2,1,0.0,0.0,0.0,0.0,0.0,5.0,14,7,10,10/05/2024,2024-10-05,14:28:00
10/05/2024 09:30:00 AM,5.0,2,1,6,5,1,3,3,0,1,3,FOLLOWING TOO CLOSELY,2,1,0.0,0.0,0.0,0.0,0.0,2.0,9,7,10,10/05/2024,2024-10-05,09:30:00
10/05/2024 09:00:00 PM,3.0,2,4,6,6,1,3,1,0,1,3,DISTRACTION - FROM INSIDE VEHICLE,2,1,0.0,0.0,0.0,0.0,0.0,2.0,21,7,10,10/05/2024,2024-10-05,21:00:00
10/05/2024 12:15:00 PM,5.0,2,1,14,10,1,3,1,1,1,3,UNABLE TO DETERMINE,2,3,1.0,0.0,0.0,1.0,0.0,1.0,12,7,10,10/05/2024,2024-10-05,12:15:00
10/05/2024 12:30:00 PM,5.0,2,1,4,5,1,3,3,0,1,3,FOLLOWING TOO CLOSELY,2,1,0.0,0.0,0.0,0.0,0.0,5.0,12,7,10,10/05/2024,2024-10-05,12:30:00
10/05/2024 01:07:00 PM,7.0,2,1,5,4,1,3,1,1,1,3,FAILING TO YIELD RIGHT-OF-WAY,2,1,0.0,0.0,0.0,0.0,0.0,3.0,13,7,10,10/05/2024,2024-10-05,13:07:00
10/05/2024 02:13:00 PM,1.0,2,1,11,6,1,1,1,0,1,3,IMPROPER OVERTAKING/PASSING,2,1,0.0,0.0,0.0,0.0,0.0,6.0,14,7,10,10/05/2024,2024-10-05,14:13:00
10/16/2024 11:00:00 AM,7.0,2,1,8,10,2,3,3,0,1,2,FAILING TO YIELD RIGHT-OF-WAY,2,1,0.0,0.0,0.0,0.0,0.0,2.0,11,4,10,10/16/2024,2024-10-16,11:00:00
10/19/2024 08:34:00 PM,5.0,2,4,6,5,1,3,1,1,1,3,DISREGARDING TRAFFIC SIGNALS,2,3,1.0,0.0,0.0,1.0,0.0,2.0,20,7,10,10/19/2024,2024-10-19,20:34:00
10/15/2024 03:50:00 PM,5.0,2,1,4,5,1,3,3,0,1,2,FOLLOWING TOO CLOSELY,2,1,0.0,0.0,0.0,0.0,0.0,2.0,15,3,10,10/15/2024,2024-10-15,15:50:00
10/19/2024 06:45:00 PM,3.0,2,4,6,6,1,3,3,0,1,3,FAILING TO REDUCE SPEED TO AVOID CRASH,2,1,0.0,0.0,0.0,0.0,0.0,2.0,18,7,10,10/19/2024,2024-10-19,18:45:00
10/19/2024 02:55:00 AM,3.0,2,5,6,6,1,3,3,1,1,3,FAILING TO YIELD RIGHT-OF-WAY,2,1,0.0,0.0,0.0,0.0,0.0,2.0,2,7,10,10/19/2024,2024-10-19,02:55:00
10/20/2024 01:10:00 PM,5.0,2,1,6,6,1,3,3,1,1,3,FAILING TO YIELD RIGHT-OF-WAY,2,1,0.0,0.0,0.0,0.0,0.0,4.0,13,1,10,10/20/2024,2024-10-20,13:10:00
09/28/2024 03:30:00 AM,5.0,4,4,5,7,1,4,3,1,1,3,FAILING TO YIELD RIGHT-OF-WAY,2,2,2.0,0.0,0.0,0.0,2.0,0.0,3,7,9,09/28/2024,2024-09-28,03:30:00
10/19/2024 12:18:00 PM,5.0,2,1,6,4,1,3,3,0,1,2,DISREGARDING ROAD MARKINGS,2,1,0.0,0.0,0.0,0.0,0.0,3.0,12,7,10,10/19/2024,2024-10-19,12:18:00
10/20/2024 12:35:00 PM,5.0,2,1,4,5,1,1,1,0,1,3,UNABLE TO DETERMINE,2,1,0.0,0.0,0.0,0.0,0.0,2.0,12,1,10,10/20/2024,2024-10-20,12:35:00
10/04/2024 03:30:00 PM,3.0,2,1,3,6,1,3,3,0,1,3,UNABLE TO DETERMINE,2,1,0.0,0.0,0.0,0.0,0.0,2.0,15,6,10,10/04/2024,2024-10-04,15:30:00
10/18/2024 06:30:00 PM,5.0,2,5,4,5,1,3,1,0,1,3,FAILING TO YIELD RIGHT-OF-WAY,2,1,0.0,0.0,0.0,0.0,0.0,2.0,18,6,10,10/18/2024,2024-10-18,18:30:00
10/19/2024 11:48:00 AM,5.0,2,1,6,6,1,3,1,0,1,3,UNABLE TO DETERMINE,2,1,0.0,0.0,0.0,0.0,0.0,2.0,11,7,10,10/19/2024,2024-10-19,11:48:00
10/20/2024 02:58:00 AM,3.0,2,4,6,5,1,3,3,1,1,3,DISTRACTION - FROM OUTSIDE VEHICLE,2,3,1.0,0.0,0.0,1.0,0.0,1.0,2,1,10,10/20/2024,2024-10-20,02:58:00
10/18/2024 05:15:00 PM,3.0,2,1,6,4,1,3,3,0,0,3,FAILING TO YIELD RIGHT-OF-WAY,2,1,0.0,0.0,0.0,0.0,0.0,4.0,17,6,10,10/18/2024,2024-10-18,17:15:00
10/20/2024 01:03:00 AM,7.0,2,4,5,10,1,3,1,0,1,3,UNABLE TO DETERMINE,2,1,0.0,0.0,0.0,0.0,0.0,3.0,1,1,10,10/20/2024,2024-10-20,01:03:00
10/21/2024 01:51:00 AM,5.0,2,4,4,6,1,3,3,0,1,3,FOLLOWING TOO CLOSELY,2,1,0.0,0.0,0.0,0.0,0.0,3.0,1,2,10,10/21/2024,2024-10-21,01:51:00
10/20/2024 07:30:00 AM,5.0,2,1,6,5,1,1,1,0,1,2,UNABLE TO DETERMINE,2,1,0.0,0.0,0.0,0.0,0.0,2.0,7,1,10,10/20/2024,2024-10-20,07:30:00
10/19/2024 12:50:00 PM,7.0,2,1,6,13,1,3,3,0,1,3,DRIVING ON WRONG SIDE/WRONG WAY,2,1,0.0,0.0,0.0,0.0,0.0,3.0,12,7,10,10/19/2024,2024-10-19,12:50:00
10/21/2024 01:18:00 AM,5.0,2,4,4,5,1,3,3,1,1,3,FOLLOWING TOO CLOSELY,2,2,1.0,0.0,0.0,0.0,1.0,3.0,1,2,10,10/21/2024,2024-10-21,01:18:00
10/19/2024 08:07:00 PM,5.0,2,4,6,5,1,3,3,0,1,2,IMPROPER TURNING/NO SIGNAL,2,1,0.0,0.0,0.0,0.0,0.0,4.0,20,7,10,10/19/2024,2024-10-19,20:07:00
10/19/2024 12:45:00 PM,5.0,2,1,14,6,1,3,3,1,1,2,FAILING TO YIELD RIGHT-OF-WAY,2,3,1.0,0.0,0.0,1.0,0.0,1.0,12,7,10,10/19/2024,2024-10-19,12:45:00
10/19/2024 03:00:00 AM,7.0,2,4,5,5,1,3,3,1,1,3,UNABLE TO DETERMINE,2,1,0.0,0.0,0.0,0.0,0.0,2.0,3,7,10,10/19/2024,2024-10-19,03:00:00
10/20/2024 01:30:00 PM,7.0,2,1,6,5,1,3,3,0,1,3,FAILING TO YIELD RIGHT-OF-WAY,2,1,0.0,0.0,0.0,0.0,0.0,2.0,13,1,10,10/20/2024,2024-10-20,13:30:00
10/20/2024 05:39:00 PM,3.0,2,1,4,5,1,3,1,0,1,3,FOLLOWING TOO CLOSELY,2,1,0.0,0.0,0.0,0.0,0.0,3.0,17,1,10,10/20/2024,2024-10-20,17:39:00
10/21/2024 12:05:00 AM,7.0,2,4,6,5,1,3,3,0,1,3,IMPROPER LANE USAGE,2,1,0.0,0.0,0.0,0.0,0.0,2.0,0,2,10,10/21/2024,2024-10-21,00:05:00
10/19/2024 06:50:00 AM,3.0,2,1,5,3,1,3,3,1,1,3,DRIVING SKILLS/KNOWLEDGE/EXPERIENCE,2,3,2.0,0.0,0.0,2.0,0.0,0.0,6,7,10,10/19/2024,2024-10-19,06:50:00
10/19/2024 08:53:00 PM,7.0,2,4,14,5,1,3,3,1,1,1,FAILING TO YIELD RIGHT-OF-WAY,2,3,1.0,0.0,0.0,1.0,0.0,1.0,20,7,10,10/19/2024,2024-10-19,20:53:00
10/19/2024 09:00:00 PM,5.0,2,4,6,6,1,3,3,0,1,3,UNABLE TO DETERMINE,2,1,0.0,0.0,0.0,0.0,0.0,2.0,21,7,10,10/19/2024,2024-10-19,21:00:00
10/20/2024 01:45:00 PM,7.0,2,1,5,5,1,3,1,1,1,2,UNABLE TO DETERMINE,2,2,1.0,0.0,0.0,0.0,1.0,4.0,13,1,10,10/20/2024,2024-10-20,13:45:00
10/20/2024 02:45:00 PM,3.0,2,1,5,5,1,3,3,1,1,3,FAILING TO YIELD RIGHT-OF-WAY,2,1,0.0,0.0,0.0,0.0,0.0,2.0,14,1,10,10/20/2024,2024-10-20,14:45:00
10/20/2024 05:39:00 PM,3.0,2,1,14,5,1,3,3,1,1,3,FAILING TO YIELD RIGHT-OF-WAY,2,3,1.0,0.0,0.0,1.0,0.0,1.0,17,1,10,10/20/2024,2024-10-20,17:39:00
10/07/2024 07:10:00 PM,5.0,2,1,6,6,1,1,3,0,1,2,FAILING TO YIELD RIGHT-OF-WAY,2,1,0.0,0.0,0.0,0.0,0.0,2.0,19,2,10,10/07/2024,2024-10-07,19:10:00
10/06/2024 12:36:00 AM,5.0,2,5,14,6,1,3,3,1,1,1,FAILING TO YIELD RIGHT-OF-WAY,2,4,1.0,0.0,1.0,0.0,0.0,1.0,0,1,10,10/06/2024,2024-10-06,00:36:00
10/06/2024 04:15:00 PM,7.0,2,1,13,5,1,3,3,1,1,1,NOT APPLICABLE,2,3,1.0,0.0,0.0,1.0,0.0,1.0,16,1,10,10/06/2024,2024-10-06,16:15:00
10/06/2024 07:04:00 PM,5.0,2,4,13,5,1,3,4,1,1,1,FAILING TO YIELD RIGHT-OF-WAY,2,2,1.0,0.0,0.0,0.0,1.0,1.0,19,1,10,10/06/2024,2024-10-06,19:04:00
10/06/2024 02:08:00 PM,5.0,2,1,13,5,1,3,3,1,1,1,"VISION OBSCURED (SIGNS, TREE LIMBS, BUILDINGS, ETC.)",2,2,1.0,0.0,0.0,0.0,1.0,1.0,14,1,10,10/06/2024,2024-10-06,14:08:00
10/06/2024 08:15:00 PM,5.0,2,4,4,6,3,3,3,1,1,3,UNABLE TO DETERMINE,2,3,1.0,0.0,0.0,1.0,0.0,1.0,20,1,10,10/06/2024,2024-10-06,20:15:00
10/06/2024 04:00:00 PM,3.0,2,1,6,10,1,3,3,1,1,3,IMPROPER TURNING/NO SIGNAL,2,3,2.0,0.0,0.0,1.0,1.0,3.0,16,1,10,10/06/2024,2024-10-06,16:00:00
10/06/2024 07:30:00 AM,5.0,2,1,4,5,1,3,3,0,1,3,FAILING TO REDUCE SPEED TO AVOID CRASH,2,1,0.0,0.0,0.0,0.0,0.0,2.0,7,1,10,10/06/2024,2024-10-06,07:30:00
10/06/2024 03:43:00 PM,7.0,2,1,5,7,1,3,3,1,1,3,FAILING TO YIELD RIGHT-OF-WAY,2,3,2.0,0.0,0.0,2.0,0.0,0.0,15,1,10,10/06/2024,2024-10-06,15:43:00
10/06/2024 04:40:00 PM,5.0,2,1,6,4,1,3,3,1,1,3,FAILING TO YIELD RIGHT-OF-WAY,2,1,0.0,0.0,0.0,0.0,0.0,3.0,16,1,10,10/06/2024,2024-10-06,16:40:00
10/06/2024 12:30:00 PM,3.0,2,1,5,16,1,1,1,0,1,2,UNABLE TO DETERMINE,2,1,0.0,0.0,0.0,0.0,0.0,2.0,12,1,10,10/06/2024,2024-10-06,12:30:00
10/06/2024 08:25:00 PM,5.0,2,4,4,6,1,3,3,0,1,2,UNABLE TO DETERMINE,2,1,0.0,0.0,0.0,0.0,0.0,2.0,20,1,10,10/06/2024,2024-10-06,20:25:00
10/06/2024 09:15:00 AM,5.0,2,1,6,4,1,3,3,0,1,1,UNABLE TO DETERMINE,2,1,0.0,0.0,0.0,0.0,0.0,2.0,9,1,10,10/06/2024,2024-10-06,09:15:00
10/06/2024 06:00:00 PM,3.0,2,1,14,6,1,3,3,0,1,3,UNABLE TO DETERMINE,2,1,0.0,0.0,0.0,0.0,0.0,2.0,18,1,10,10/06/2024,2024-10-06,18:00:00
10/06/2024 01:44:00 PM,5.0,2,1,6,6,1,3,3,1,1,3,FAILING TO YIELD RIGHT-OF-WAY,2,1,0.0,0.0,0.0,0.0,0.0,7.0,13,1,10,10/06/2024,2024-10-06,13:44:00
10/06/2024 07:00:00 PM,3.0,2,4,6,5,1,3,3,0,1,3,UNABLE TO DETERMINE,2,1,0.0,0.0,0.0,0.0,0.0,2.0,19,1,10,10/06/2024,2024-10-06,19:00:00
10/06/2024 01:42:00 AM,3.0,2,5,6,5,1,3,3,0,1,3,UNABLE TO DETERMINE,2,1,0.0,0.0,0.0,0.0,0.0,3.0,1,1,10,10/06/2024,2024-10-06,01:42:00
10/05/2024 10:05:00 PM,7.0,2,4,13,10,1,3,3,1,1,3,NOT APPLICABLE,2,4,1.0,0.0,1.0,0.0,0.0,1.0,22,7,10,10/05/2024,2024-10-05,22:05:00
10/06/2024 09:57:00 AM,3.0,2,1,6,6,1,3,1,1,1,3,UNABLE TO DETERMINE,2,3,1.0,0.0,0.0,1.0,0.0,3.0,9,1,10,10/06/2024,2024-10-06,09:57:00
10/06/2024 04:29:00 AM,5.0,2,4,5,5,1,3,3,0,1,3,DISREGARDING TRAFFIC SIGNALS,2,1,0.0,0.0,0.0,0.0,0.0,2.0,4,1,10,10/06/2024,2024-10-06,04:29:00
10/06/2024 03:40:00 PM,7.0,2,1,5,5,1,3,3,0,1,3,DISREGARDING STOP SIGN,2,1,0.0,0.0,0.0,0.0,0.0,2.0,15,1,10,10/06/2024,2024-10-06,15:40:00
10/06/2024 02:58:00 AM,5.0,2,5,5,5,1,3,3,1,1,2,DISREGARDING TRAFFIC SIGNALS,2,4,1.0,0.0,1.0,0.0,0.0,2.0,2,1,10,10/06/2024,2024-10-06,02:58:00