crash_date,traffic_control_device,weather_condition,lighting_condition,first_crash_type,trafficway_type,alignment,roadway_surface_cond,road_defect,crash_type,intersection_related_i,damage,prim_contributory_cause,num_units,most_severe_injury,injuries_total,injuries_fatal,injuries_incapacitating,injuries_non_incapacitating,injuries_reported_not_evident,injuries_no_indication,crash_hour,crash_day_of_week,crash_month,parsed_datetime,date,time
10/06/2024 05:30:00 PM,5.0,2,3,5,5,1,3,3,1,1,3,FAILING TO YIELD RIGHT-OF-WAY,2,1,0.0,0.0,0.0,0.0,0.0,2.0,17,1,10,10/06/2024,2024-10-06,17:30:00
10/06/2024 02:04:00 PM,7.0,2,1,5,5,1,3,3,1,1,3,FAILING TO YIELD RIGHT-OF-WAY,2,1,0.0,0.0,0.0,0.0,0.0,2.0,14,1,10,10/06/2024,2024-10-06,14:04:00
10/06/2024 05:30:00 PM,5.0,2,1,13,6,1,3,1,1,1,3,FAILING TO YIELD RIGHT-OF-WAY,2,3,1.0,0.0,0.0,1.0,0.0,1.0,17,1,10,10/06/2024,2024-10-06,17:30:00
07/17/2024 12:30:00 PM,3.0,2,1,6,5,1,3,3,0,1,1,FAILING TO YIELD RIGHT-OF-WAY,2,1,0.0,0.0,0.0,0.0,0.0,2.0,12,4,7,07/17/2024,2024-07-17,12:30:00
10/06/2024 09:30:00 PM,5.0,2,4,5,5,1,3,3,1,1,3,"OPERATING VEHICLE IN ERRATIC, RECKLESS, CARELESS, NEGLIGENT OR AGGRESSIVE MANNER",2,1,0.0,0.0,0.0,0.0,0.0,2.0,21,1,10,10/06/2024,2024-10-06,21:30:00
10/06/2024 01:39:00 AM,5.0,2,4,3,5,1,3,3,1,1,3,FOLLOWING TOO CLOSELY,2,3,1.0,0.0,0.0,1.0,0.0,1.0,1,1,10,10/06/2024,2024-10-06,01:39:00
10/06/2024 10:22:00 AM,7.0,2,1,6,5,1,3,3,0,1,2,UNABLE TO DETERMINE,2,1,0.0,0.0,0.0,0.0,0.0,3.0,10,1,10,10/06/2024,2024-10-06,10:22:00
10/06/2024 03:52:00 PM,5.0,2,1,6,6,1,3,3,0,1,3,FAILING TO REDUCE SPEED TO AVOID CRASH,2,1,0.0,0.0,0.0,0.0,0.0,2.0,15,1,10,10/06/2024,2024-10-06,15:52:00
10/06/2024 07:45:00 PM,7.0,2,4,6,7,1,3,3,1,1,3,FAILING TO YIELD RIGHT-OF-WAY,2,1,0.0,0.0,0.0,0.0,0.0,2.0,19,1,10,10/06/2024,2024-10-06,19:45:00
10/06/2024 01:00:00 AM,5.0,2,5,4,6,1,3,1,0,1,3,UNABLE TO DETERMINE,2,1,0.0,0.0,0.0,0.0,0.0,2.0,1,1,10,10/06/2024,2024-10-06,01:00:00
10/21/2024 08:20:00 AM,5.0,2,1,3,5,1,3,3,0,1,3,IMPROPER OVERTAKING/PASSING,2,1,0.0,0.0,0.0,0.0,0.0,2.0,8,2,10,10/21/2024,2024-10-21,08:20:00
10/22/2024 01:45:00 AM,7.0,2,4,5,5,1,3,3,1,1,3,DISREGARDING STOP SIGN,2,1,0.0,0.0,0.0,0.0,0.0,4.0,1,3,10,10/22/2024,2024-10-22,01:45:00
10/21/2024 08:25:00 AM,7.0,2,1,13,6,1,3,3,1,1,1,DISREGARDING STOP SIGN,2,3,1.0,0.0,0.0,1.0,0.0,1.0,8,2,10,10/21/2024,2024-10-21,08:25:00
10/20/2024 05:30:00 PM,5.0,2,1,4,5,1,3,3,0,1,2,UNABLE TO DETERMINE,2,1,0.0,0.0,0.0,0.0,0.0,2.0,17,1,10,10/20/2024,2024-10-20,17:30:00
10/19/2024 09:00:00 PM,7.0,2,5,4,5,1,3,3,0,1,2,FOLLOWING TOO CLOSELY,2,1,0.0,0.0,0.0,0.0,0.0,2.0,21,7,10,10/19/2024,2024-10-19,21:00:00
10/21/2024 02:04:00 PM,5.0,2,1,4,5,1,3,3,0,1,3,FOLLOWING TOO CLOSELY,2,1,0.0,0.0,0.0,0.0,0.0,2.0,14,2,10,10/21/2024,2024-10-21,14:04:00
10/20/2024 08:46:00 PM,5.0,2,5,6,10,1,3,1,0,0,3,UNABLE TO DETERMINE,2,1,0.0,0.0,0.0,0.0,0.0,2.0,20,1,10,10/20/2024,2024-10-20,20:46:00
10/21/2024 03:38:00 PM,7.0,2,1,5,7,1,3,3,1,1,3,UNABLE TO DETERMINE,2,1,0.0,0.0,0.0,0.0,0.0,2.0,15,2,10,10/21/2024,2024-10-21,15:38:00
10/20/2024 08:20:00 PM,5.0,2,4,4,4,1,3,3,0,1,2,FOLLOWING TOO CLOSELY,2,1,0.0,0.0,0.0,0.0,0.0,2.0,20,1,10,10/20/2024,2024-10-20,20:20:00
10/15/2024 01:30:00 PM,7.0,4,3,6,5,1,4,3,0,1,2,UNABLE TO DETERMINE,2,1,0.0,0.0,0.0,0.0,0.0,2.0,13,3,10,10/15/2024,2024-10-15,13:30:00
10/21/2024 04:55:00 PM,5.0,2,1,8,10,1,3,3,0,1,2,UNABLE TO DETERMINE,2,1,0.0,0.0,0.0,0.0,0.0,2.0,16,2,10,10/21/2024,2024-10-21,16:55:00
10/21/2024 04:39:00 PM,5.0,2,3,6,5,1,3,3,1,1,3,"EVASIVE ACTION DUE TO ANIMAL, OBJECT, NONMOTORIST",2,2,2.0,0.0,0.0,0.0,2.0,5.0,16,2,10,10/21/2024,2024-10-21,16:39:00
10/18/2024 08:18:00 PM,5.0,2,4,6,6,1,3,3,1,1,3,FAILING TO YIELD RIGHT-OF-WAY,2,1,0.0,0.0,0.0,0.0,0.0,3.0,20,6,10,10/18/2024,2024-10-18,20:18:00
10/20/2024 01:00:00 AM,1.0,2,5,3,4,1,1,1,0,1,2,FOLLOWING TOO CLOSELY,2,1,0.0,0.0,0.0,0.0,0.0,3.0,1,1,10,10/20/2024,2024-10-20,01:00:00
10/21/2024 08:35:00 AM,5.0,2,1,5,5,1,3,3,1,1,3,FAILING TO YIELD RIGHT-OF-WAY,2,2,1.0,0.0,0.0,0.0,1.0,1.0,8,2,10,10/21/2024,2024-10-21,08:35:00
10/21/2024 02:30:00 PM,5.0,2,1,3,10,1,3,2,0,1,3,UNABLE TO DETERMINE,2,1,0.0,0.0,0.0,0.0,0.0,3.0,14,2,10,10/21/2024,2024-10-21,14:30:00
10/21/2024 05:31:00 PM,5.0,2,1,5,5,1,3,3,0,1,3,FAILING TO YIELD RIGHT-OF-WAY,2,1,0.0,0.0,0.0,0.0,0.0,2.0,17,2,10,10/21/2024,2024-10-21,17:31:00
10/19/2024 07:00:00 PM,5.0,2,2,5,5,1,3,3,0,1,2,UNABLE TO DETERMINE,2,1,0.0,0.0,0.0,0.0,0.0,2.0,19,7,10,10/19/2024,2024-10-19,19:00:00
10/15/2024 11:00:00 AM,5.0,2,1,5,5,1,3,3,0,1,3,IMPROPER BACKING,2,1,0.0,0.0,0.0,0.0,0.0,2.0,11,3,10,10/15/2024,2024-10-15,11:00:00
10/21/2024 03:14:00 PM,5.0,2,1,13,3,1,3,3,1,1,3,DISTRACTION - FROM OUTSIDE VEHICLE,2,4,1.0,0.0,1.0,0.0,0.0,1.0,15,2,10,10/21/2024,2024-10-21,15:14:00
10/21/2024 04:53:00 PM,5.0,2,1,6,6,1,3,3,1,1,3,UNABLE TO DETERMINE,2,2,1.0,0.0,0.0,0.0,1.0,1.0,16,2,10,10/21/2024,2024-10-21,16:53:00
10/21/2024 06:57:00 PM,5.0,2,4,4,4,1,3,3,0,1,3,FOLLOWING TOO CLOSELY,2,1,0.0,0.0,0.0,0.0,0.0,2.0,18,2,10,10/21/2024,2024-10-21,18:57:00
10/21/2024 06:22:00 PM,5.0,2,1,3,6,1,3,1,0,1,2,UNABLE TO DETERMINE,2,1,0.0,0.0,0.0,0.0,0.0,2.0,18,2,10,10/21/2024,2024-10-21,18:22:00
10/16/2024 07:14:00 PM,5.0,2,4,3,5,1,3,3,0,0,3,IMPROPER LANE USAGE,2,1,0.0,0.0,0.0,0.0,0.0,3.0,19,4,10,10/16/2024,2024-10-16,19:14:00
10/19/2024 01:04:00 PM,5.0,2,1,5,6,1,3,1,1,1,3,UNABLE TO DETERMINE,2,4,2.0,0.0,1.0,0.0,1.0,0.0,13,7,10,10/19/2024,2024-10-19,13:04:00
10/21/2024 11:40:00 AM,7.0,2,1,5,5,1,3,3,0,1,3,FAILING TO YIELD RIGHT-OF-WAY,2,1,0.0,0.0,0.0,0.0,0.0,5.0,11,2,10,10/21/2024,2024-10-21,11:40:00
10/20/2024 02:00:00 AM,3.0,2,3,5,6,1,3,3,1,1,3,NOT APPLICABLE,2,2,1.0,0.0,0.0,0.0,1.0,1.0,2,1,10,10/20/2024,2024-10-20,02:00:00
10/20/2024 07:15:00 PM,7.0,2,4,5,6,1,3,3,1,1,3,FAILING TO YIELD RIGHT-OF-WAY,2,1,0.0,0.0,0.0,0.0,0.0,3.0,19,1,10,10/20/2024,2024-10-20,19:15:00
10/21/2024 09:15:00 AM,5.0,2,1,4,5,1,1,1,1,1,2,UNABLE TO DETERMINE,2,3,1.0,0.0,0.0,1.0,0.0,2.0,9,2,10,10/21/2024,2024-10-21,09:15:00
10/07/2024 01:20:00 PM,5.0,2,1,14,6,1,3,3,1,1,1,"VISION OBSCURED (SIGNS, TREE LIMBS, BUILDINGS, ETC.)",2,3,1.0,0.0,0.0,1.0,0.0,1.0,13,2,10,10/07/2024,2024-10-07,13:20:00
10/07/2024 07:35:00 PM,3.0,2,4,6,7,1,3,1,0,1,3,FAILING TO YIELD RIGHT-OF-WAY,2,1,0.0,0.0,0.0,0.0,0.0,2.0,19,2,10,10/07/2024,2024-10-07,19:35:00
10/07/2024 06:57:00 PM,1.0,2,4,11,10,1,3,1,0,0,3,UNABLE TO DETERMINE,2,1,0.0,0.0,0.0,0.0,0.0,2.0,18,2,10,10/07/2024,2024-10-07,18:57:00
10/07/2024 04:28:00 AM,5.0,2,4,4,6,1,3,3,1,1,3,EQUIPMENT - VEHICLE CONDITION,2,2,1.0,0.0,0.0,0.0,1.0,1.0,4,2,10,10/07/2024,2024-10-07,04:28:00
10/07/2024 01:35:00 PM,3.0,2,1,3,4,1,3,3,0,1,1,FAILING TO YIELD RIGHT-OF-WAY,2,1,0.0,0.0,0.0,0.0,0.0,2.0,13,2,10,10/07/2024,2024-10-07,13:35:00
10/07/2024 03:45:00 PM,5.0,2,1,4,4,1,1,1,0,1,3,UNABLE TO DETERMINE,2,1,0.0,0.0,0.0,0.0,0.0,2.0,15,2,10,10/07/2024,2024-10-07,15:45:00
10/07/2024 09:00:00 AM,7.0,2,1,5,5,1,3,3,1,1,3,FAILING TO YIELD RIGHT-OF-WAY,2,1,0.0,0.0,0.0,0.0,0.0,2.0,9,2,10,10/07/2024,2024-10-07,09:00:00
10/07/2024 01:31:00 PM,3.0,2,1,4,4,1,3,1,0,1,3,FOLLOWING TOO CLOSELY,2,1,0.0,0.0,0.0,0.0,0.0,2.0,13,2,10,10/07/2024,2024-10-07,13:31:00
10/07/2024 06:35:00 AM,5.0,2,1,6,3,1,3,7,1,1,3,DRIVING SKILLS/KNOWLEDGE/EXPERIENCE,2,1,0.0,0.0,0.0,0.0,0.0,3.0,6,2,10,10/07/2024,2024-10-07,06:35:00
10/07/2024 05:15:00 PM,7.0,2,1,5,3,1,3,3,0,1,3,FAILING TO YIELD RIGHT-OF-WAY,2,1,0.0,0.0,0.0,0.0,0.0,2.0,17,2,10,10/07/2024,2024-10-07,17:15:00
10/07/2024 08:05:00 AM,7.0,2,1,5,5,1,3,3,1,1,3,UNABLE TO DETERMINE,2,1,0.0,0.0,0.0,0.0,0.0,3.0,8,2,10,10/07/2024,2024-10-07,08:05:00
10/07/2024 06:00:00 PM,7.0,2,1,6,6,1,3,3,1,1,3,DISREGARDING STOP SIGN,2,1,0.0,0.0,0.0,0.0,0.0,2.0,18,2,10,10/07/2024,2024-10-07,18:00:00
10/07/2024 08:15:00 AM,5.0,2,1,6,5,1,3,3,1,1,3,IMPROPER TURNING/NO SIGNAL,2,3,1.0,0.0,0.0,1.0,0.0,2.0,8,2,10,10/07/2024,2024-10-07,08:15:00
10/07/2024 12:00:00 PM,3.0,2,1,11,6,1,3,3,0,1,3,UNABLE TO DETERMINE,2,1,0.0,0.0,0.0,0.0,0.0,1.0,12,2,10,10/07/2024,2024-10-07,12:00:00
10/07/2024 03:33:00 PM,5.0,2,1,6,3,1,3,3,1,1,3,IMPROPER TURNING/NO SIGNAL,2,1,0.0,0.0,0.0,0.0,0.0,3.0,15,2,10,10/07/2024,2024-10-07,15:33:00
10/07/2024 05:40:00 AM,5.0,2,2,4,5,1,1,1,0,1,3,FOLLOWING TOO CLOSELY,2,1,0.0,0.0,0.0,0.0,0.0,2.0,5,2,10,10/07/2024,2024-10-07,05:40:00
10/07/2024 08:25:00 AM,3.0,2,1,6,5,1,1,1,0,1,3,FAILING TO YIELD RIGHT-OF-WAY,2,1,0.0,0.0,0.0,0.0,0.0,2.0,8,2,10,10/07/2024,2024-10-07,08:25:00
10/07/2024 08:48:00 AM,5.0,2,1,6,7,1,3,1,0,1,3,UNABLE TO DETERMINE,2,1,0.0,0.0,0.0,0.0,0.0,2.0,8,2,10,10/07/2024,2024-10-07,08:48:00
10/07/2024 07:20:00 AM,5.0,2,1,4,6,1,3,3,1,1,3,PHYSICAL CONDITION OF DRIVER,2,2,2.0,0.0,0.0,0.0,2.0,2.0,7,2,10,10/07/2024,2024-10-07,07:20:00
10/07/2024 06:40:00 AM,5.0,2,1,4,6,1,3,3,1,1,3,DISTRACTION - FROM INSIDE VEHICLE,2,2,1.0,0.0,0.0,0.0,1.0,1.0,6,2,10,10/07/2024,2024-10-07,06:40:00
10/07/2024 07:59:00 AM,7.0,2,1,5,7,1,3,3,1,1,3,FAILING TO YIELD RIGHT-OF-WAY,2,1,0.0,0.0,0.0,0.0,0.0,2.0,7,2,10,10/07/2024,2024-10-07,07:59:00
10/07/2024 08:30:00 PM,7.0,2,4,5,4,1,3,3,1,1,3,FAILING TO YIELD RIGHT-OF-WAY,2,2,1.0,0.0,0.0,0.0,1.0,1.0,20,2,10,10/07/2024,2024-10-07,20:30:00
10/07/2024 05:00:00 PM,5.0,2,1,4,6,1,3,3,1,1,3,NOT APPLICABLE,2,2,1.0,0.0,0.0,0.0,1.0,2.0,17,2,10,10/07/2024,2024-10-07,17:00:00
10/07/2024 01:45:00 PM,7.0,2,1,5,5,1,3,3,0,1,3,UNABLE TO DETERMINE,2,1,0.0,0.0,0.0,0.0,0.0,2.0,13,2,10,10/07/2024,2024-10-07,13:45:00
10/07/2024 06:50:00 AM,5.0,2,1,3,10,1,3,3,1,1,3,IMPROPER LANE USAGE,2,2,1.0,0.0,0.0,0.0,1.0,1.0,6,2,10,10/07/2024,2024-10-07,06:50:00
10/07/2024 05:50:00 PM,3.0,2,1,13,5,1,3,3,1,1,3,UNABLE TO DETERMINE,2,3,1.0,0.0,0.0,1.0,0.0,2.0,17,2,10,10/07/2024,2024-10-07,17:50:00
10/07/2024 02:48:00 PM,7.0,2,1,5,6,1,3,3,1,1,1,PHYSICAL CONDITION OF DRIVER,2,3,1.0,0.0,0.0,1.0,0.0,1.0,14,2,10,10/07/2024,2024-10-07,14:48:00
10/07/2024 07:30:00 AM,3.0,2,1,5,5,1,3,3,1,1,3,FAILING TO YIELD RIGHT-OF-WAY,2,3,2.0,0.0,0.0,1.0,1.0,1.0,7,2,10,10/07/2024,2024-10-07,07:30:00
10/07/2024 02:35:00 PM,5.0,2,1,6,5,1,3,3,0,1,3,IMPROPER TURNING/NO SIGNAL,2,1,0.0,0.0,0.0,0.0,0.0,2.0,14,2,10,10/07/2024,2024-10-07,14:35:00
10/07/2024 09:30:00 AM,5.0,2,1,3,10,1,3,3,0,1,3,UNABLE TO DETERMINE,2,1,0.0,0.0,0.0,0.0,0.0,2.0,9,2,10,10/07/2024,2024-10-07,09:30:00
10/07/2024 04:00:00 PM,7.0,2,1,5,5,1,3,3,1,1,3,FAILING TO YIELD RIGHT-OF-WAY,2,2,2.0,0.0,0.0,0.0,2.0,2.0,16,2,10,10/07/2024,2024-10-07,16:00:00
10/07/2024 07:30:00 PM,5.0,2,4,14,10,1,1,1,1,1,1,FOLLOWING TOO CLOSELY,2,3,1.0,0.0,0.0,1.0,0.0,1.0,19,2,10,10/07/2024,2024-10-07,19:30:00
10/07/2024 08:00:00 AM,5.0,2,1,4,5,1,3,3,0,1,3,FOLLOWING TOO CLOSELY,2,1,0.0,0.0,0.0,0.0,0.0,2.0,8,2,10,10/07/2024,2024-10-07,08:00:00
10/07/2024 02:00:00 AM,7.0,2,4,3,6,1,3,3,1,1,3,IMPROPER OVERTAKING/PASSING,2,1,0.0,0.0,0.0,0.0,0.0,3.0,2,2,10,10/07/2024,2024-10-07,02:00:00
10/07/2024 08:50:00 AM,5.0,2,1,13,5,1,3,3,1,1,2,"VISION OBSCURED (SIGNS, TREE LIMBS, BUILDINGS, ETC.)",2,3,1.0,0.0,0.0,1.0,0.0,1.0,8,2,10,10/07/2024,2024-10-07,08:50:00
10/07/2024 07:00:00 PM,5.0,2,3,7,5,1,3,3,0,1,3,DISREGARDING OTHER TRAFFIC SIGNS,2,1,0.0,0.0,0.0,0.0,0.0,3.0,19,2,10,10/07/2024,2024-10-07,19:00:00
10/07/2024 08:02:00 PM,5.0,2,4,13,5,1,3,1,1,1,2,UNABLE TO DETERMINE,2,3,1.0,0.0,0.0,1.0,0.0,2.0,20,2,10,10/07/2024,2024-10-07,20:02:00
10/07/2024 08:00:00 AM,5.0,2,1,6,7,1,3,3,0,1,3,UNABLE TO DETERMINE,2,1,0.0,0.0,0.0,0.0,0.0,2.0,8,2,10,10/07/2024,2024-10-07,08:00:00
10/07/2024 08:25:00 PM,3.0,2,4,6,7,2,3,3,0,1,3,IMPROPER TURNING/NO SIGNAL,2,1,0.0,0.0,0.0,0.0,0.0,2.0,20,2,10,10/07/2024,2024-10-07,20:25:00
10/07/2024 03:40:00 PM,7.0,2,1,6,7,1,3,1,1,1,3,FAILING TO YIELD RIGHT-OF-WAY,2,3,1.0,0.0,0.0,1.0,0.0,1.0,15,2,10,10/07/2024,2024-10-07,15:40:00
10/07/2024 08:40:00 AM,7.0,2,1,6,5,1,3,3,0,1,2,UNABLE TO DETERMINE,2,1,0.0,0.0,0.0,0.0,0.0,2.0,8,2,10,10/07/2024,2024-10-07,08:40:00
10/07/2024 06:54:00 PM,7.0,2,4,5,5,1,3,3,1,1,3,DISREGARDING TRAFFIC SIGNALS,2,1,0.0,0.0,0.0,0.0,0.0,2.0,18,2,10,10/07/2024,2024-10-07,18:54:00
10/07/2024 08:00:00 AM,5.0,2,1,14,5,1,3,3,0,1,2,IMPROPER TURNING/NO SIGNAL,2,1,0.0,0.0,0.0,0.0,0.0,3.0,8,2,10,10/07/2024,2024-10-07,08:00:00
10/07/2024 07:55:00 AM,7.0,2,1,6,6,1,3,1,0,1,3,FAILING TO YIELD RIGHT-OF-WAY,2,1,0.0,0.0,0.0,0.0,0.0,2.0,7,2,10,10/07/2024,2024-10-07,07:55:00
10/07/2024 03:19:00 PM,5.0,2,1,5,5,1,3,3,1,1,3,DISREGARDING TRAFFIC SIGNALS,2,3,2.0,0.0,0.0,2.0,0.0,0.0,15,2,10,10/07/2024,2024-10-07,15:19:00
10/07/2024 07:55:00 AM,7.0,2,1,6,2,1,3,3,1,1,3,IMPROPER TURNING/NO SIGNAL,2,2,2.0,0.0,0.0,0.0,2.0,1.0,7,2,10,10/07/2024,2024-10-07,07:55:00
10/21/2024 08:57:00 AM,7.0,2,1,13,5,1,3,3,1,1,3,FAILING TO YIELD RIGHT-OF-WAY,2,3,1.0,0.0,0.0,1.0,0.0,1.0,8,2,10,10/21/2024,2024-10-21,08:57:00
10/22/2024 02:00:00 AM,5.0,2,5,5,5,1,3,3,1,1,3,DISREGARDING TRAFFIC SIGNALS,2,4,2.0,0.0,2.0,0.0,0.0,0.0,2,3,10,10/22/2024,2024-10-22,02:00:00
10/23/2024 12:10:00 AM,5.0,2,4,4,5,1,3,3,0,1,3,FOLLOWING TOO CLOSELY,2,1,0.0,0.0,0.0,0.0,0.0,2.0,0,4,10,10/23/2024,2024-10-23,00:10:00
10/21/2024 09:37:00 AM,1.0,2,1,6,1,1,1,1,0,1,2,UNABLE TO DETERMINE,2,1,0.0,0.0,0.0,0.0,0.0,2.0,9,2,10,10/21/2024,2024-10-21,09:37:00
10/21/2024 11:45:00 PM,5.0,2,4,11,6,1,3,3,1,1,3,UNABLE TO DETERMINE,2,1,0.0,0.0,0.0,0.0,0.0,2.0,23,2,10,10/21/2024,2024-10-21,23:45:00
10/21/2024 09:36:00 PM,5.0,2,4,5,6,1,3,3,1,1,3,UNABLE TO DETERMINE,2,1,0.0,0.0,0.0,0.0,0.0,2.0,21,2,10,10/21/2024,2024-10-21,21:36:00
10/22/2024 08:00:00 PM,1.0,2,4,11,1,1,3,1,0,1,3,UNABLE TO DETERMINE,2,1,0.0,0.0,0.0,0.0,0.0,1.0,20,3,10,10/22/2024,2024-10-22,20:00:00
10/18/2024 04:30:00 PM,1.0,2,1,11,17,1,1,1,0,1,3,UNABLE TO DETERMINE,2,1,0.0,0.0,0.0,0.0,0.0,1.0,16,6,10,10/18/2024,2024-10-18,16:30:00
10/19/2024 11:30:00 PM,5.0,2,4,6,5,1,3,3,0,1,3,IMPROPER TURNING/NO SIGNAL,2,1,0.0,0.0,0.0,0.0,0.0,2.0,23,7,10,10/19/2024,2024-10-19,23:30:00
10/21/2024 07:51:00 PM,2.0,2,5,13,4,1,3,3,1,1,3,UNABLE TO DETERMINE,2,3,1.0,0.0,0.0,1.0,0.0,1.0,19,2,10,10/21/2024,2024-10-21,19:51:00
10/22/2024 03:47:00 PM,7.0,2,1,10,7,1,3,3,0,1,3,FAILING TO YIELD RIGHT-OF-WAY,2,1,0.0,0.0,0.0,0.0,0.0,2.0,15,3,10,10/22/2024,2024-10-22,15:47:00
10/22/2024 04:00:00 PM,3.0,2,1,4,6,1,3,3,0,1,3,FOLLOWING TOO CLOSELY,2,1,0.0,0.0,0.0,0.0,0.0,2.0,16,3,10,10/22/2024,2024-10-22,16:00:00
10/19/2024 03:40:00 PM,5.0,2,1,3,5,1,3,3,0,1,2,IMPROPER OVERTAKING/PASSING,2,1,0.0,0.0,0.0,0.0,0.0,3.0,15,7,10,10/19/2024,2024-10-19,15:40:00
10/21/2024 07:48:00 PM,5.0,2,4,6,7,1,3,3,0,1,3,IMPROPER TURNING/NO SIGNAL,2,1,0.0,0.0,0.0,0.0,0.0,3.0,19,2,10,10/21/2024,2024-10-21,19:48:00
10/16/2024 07:55:00 AM,5.0,2,1,4,14,1,3,3,0,1,1,FOLLOWING TOO CLOSELY,2,1,0.0,0.0,0.0,0.0,0.0,2.0,7,4,10,10/16/2024,2024-10-16,07:55:00
10/22/2024 03:10:00 PM,7.0,2,1,5,6,1,1,1,0,1,2,UNABLE TO DETERMINE,2,1,0.0,0.0,0.0,0.0,0.0,2.0,15,3,10,10/22/2024,2024-10-22,15:10:00
10/22/2024 12:00:00 PM,3.0,2,1,6,6,1,3,1,0,1,3,IMPROPER TURNING/NO SIGNAL,2,1,0.0,0.0,0.0,0.0,0.0,2.0,12,3,10,10/22/2024,2024-10-22,12:00:00
10/21/2024 05:20:00 PM,5.0,2,3,14,5,1,3,1,1,1,3,UNABLE TO DETERMINE,2,3,1.0,0.0,0.0,1.0,0.0,1.0,17,2,10,10/21/2024,2024-10-21,17:20:00
10/15/2024 11:05:00 AM,5.0,2,1,6,5,1,1,1,0,1,3,IMPROPER TURNING/NO SIGNAL,2,1,0.0,0.0,0.0,0.0,0.0,2.0,11,3,10,10/15/2024,2024-10-15,11:05:00
10/21/2024 01:00:00 PM,7.0,2,1,6,5,1,3,3,0,0,3,FAILING TO YIELD RIGHT-OF-WAY,2,1,0.0,0.0,0.0,0.0,0.0,2.0,13,2,10,10/21/2024,2024-10-21,13:00:00
10/22/2024 03:30:00 PM,7.0,2,1,6,6,1,3,3,0,1,3,UNABLE TO DETERMINE,2,1,0.0,0.0,0.0,0.0,0.0,2.0,15,3,10,10/22/2024,2024-10-22,15:30:00
10/21/2024 04:00:00 PM,7.0,2,1,5,5,1,1,1,0,1,3,UNABLE TO DETERMINE,2,1,0.0,0.0,0.0,0.0,0.0,5.0,16,2,10,10/21/2024,2024-10-21,16:00:00
10/22/2024 09:30:00 PM,5.0,2,4,14,3,1,1,1,0,1,3,DRIVING ON WRONG SIDE/WRONG WAY,2,1,0.0,0.0,0.0,0.0,0.0,2.0,21,3,10,10/22/2024,2024-10-22,21:30:00
10/22/2024 10:10:00 PM,5.0,2,4,5,5,1,3,3,1,1,3,DISREGARDING TRAFFIC SIGNALS,2,1,0.0,0.0,0.0,0.0,0.0,2.0,22,3,10,10/22/2024,2024-10-22,22:10:00
10/22/2024 08:15:00 AM,5.0,3,1,4,5,1,3,3,1,1,3,FOLLOWING TOO CLOSELY,2,2,1.0,0.0,0.0,0.0,1.0,1.0,8,3,10,10/22/2024,2024-10-22,08:15:00
10/20/2024 09:50:00 PM,5.0,2,4,3,5,1,3,3,1,1,3,UNABLE TO DETERMINE,2,1,0.0,0.0,0.0,0.0,0.0,3.0,21,1,10,10/20/2024,2024-10-20,21:50:00
10/17/2024 02:40:00 PM,5.0,2,1,3,5,1,3,3,0,1,3,DRIVING SKILLS/KNOWLEDGE/EXPERIENCE,2,1,0.0,0.0,0.0,0.0,0.0,2.0,14,5,10,10/17/2024,2024-10-17,14:40:00
10/19/2024 01:00:00 PM,5.0,2,1,3,5,1,3,3,0,1,3,IMPROPER LANE USAGE,2,1,0.0,0.0,0.0,0.0,0.0,2.0,13,7,10,10/19/2024,2024-10-19,13:00:00
10/21/2024 05:30:00 PM,5.0,2,1,6,1,1,3,3,1,1,3,DISREGARDING TRAFFIC SIGNALS,2,3,1.0,0.0,0.0,1.0,0.0,4.0,17,2,10,10/21/2024,2024-10-21,17:30:00
10/16/2024 07:34:00 AM,5.0,2,1,8,4,1,3,3,0,1,2,IMPROPER BACKING,2,1,0.0,0.0,0.0,0.0,0.0,2.0,7,4,10,10/16/2024,2024-10-16,07:34:00
10/18/2024 05:01:00 PM,5.0,2,1,6,7,1,3,3,0,1,3,NOT APPLICABLE,2,1,0.0,0.0,0.0,0.0,0.0,2.0,17,6,10,10/18/2024,2024-10-18,17:01:00
10/20/2024 10:20:00 AM,7.0,2,1,6,5,1,3,3,0,1,2,FAILING TO YIELD RIGHT-OF-WAY,2,1,0.0,0.0,0.0,0.0,0.0,2.0,10,1,10,10/20/2024,2024-10-20,10:20:00
10/22/2024 08:20:00 AM,5.0,2,1,6,6,1,3,3,0,1,3,IMPROPER OVERTAKING/PASSING,2,1,0.0,0.0,0.0,0.0,0.0,3.0,8,3,10,10/22/2024,2024-10-22,08:20:00
10/22/2024 02:35:00 PM,7.0,2,1,4,6,1,3,3,0,1,1,FOLLOWING TOO CLOSELY,2,1,0.0,0.0,0.0,0.0,0.0,2.0,14,3,10,10/22/2024,2024-10-22,14:35:00
10/22/2024 07:30:00 AM,5.0,2,1,6,4,1,3,3,0,1,1,UNABLE TO DETERMINE,2,1,0.0,0.0,0.0,0.0,0.0,2.0,7,3,10,10/22/2024,2024-10-22,07:30:00
10/08/2024 12:34:00 PM,7.0,2,1,6,6,1,3,3,0,1,3,FAILING TO YIELD RIGHT-OF-WAY,2,1,0.0,0.0,0.0,0.0,0.0,2.0,12,3,10,10/08/2024,2024-10-08,12:34:00