crash_date,traffic_control_device,weather_condition,lighting_condition,first_crash_type,trafficway_type,alignment,roadway_surface_cond,road_defect,crash_type,intersection_related_i,damage,prim_contributory_cause,num_units,most_severe_injury,injuries_total,injuries_fatal,injuries_incapacitating,injuries_non_incapacitating,injuries_reported_not_evident,injuries_no_indication,crash_hour,crash_day_of_week,crash_month,parsed_datetime,date,time
10/23/2024 04:42:00 PM,7.0,2,1,5,5,1,3,3,1,1,3,DISREGARDING STOP SIGN,2,3,1.0,0.0,0.0,1.0,0.0,3.0,16,4,10,10/23/2024,2024-10-23,16:42:00
10/24/2024 06:47:00 PM,2.0,2,4,5,2,1,1,1,1,1,3,FAILING TO YIELD RIGHT-OF-WAY,2,1,0.0,0.0,0.0,0.0,0.0,3.0,18,5,10,10/24/2024,2024-10-24,18:47:00
10/24/2024 10:30:00 AM,5.0,2,1,6,6,1,3,3,1,1,3,FAILING TO YIELD RIGHT-OF-WAY,2,1,0.0,0.0,0.0,0.0,0.0,3.0,10,5,10,10/24/2024,2024-10-24,10:30:00
10/24/2024 04:50:00 PM,7.0,2,1,6,5,1,3,3,0,1,3,FAILING TO YIELD RIGHT-OF-WAY,2,1,0.0,0.0,0.0,0.0,0.0,4.0,16,5,10,10/24/2024,2024-10-24,16:50:00
09/28/2024 01:30:00 AM,5.0,3,4,6,5,1,3,3,1,1,3,FAILING TO YIELD RIGHT-OF-WAY,2,3,2.0,0.0,0.0,2.0,0.0,0.0,1,7,9,09/28/2024,2024-09-28,01:30:00
10/24/2024 06:15:00 PM,5.0,2,4,13,5,2,3,1,1,1,1,FAILING TO YIELD RIGHT-OF-WAY,2,2,1.0,0.0,0.0,0.0,1.0,1.0,18,5,10,10/24/2024,2024-10-24,18:15:00
10/24/2024 01:45:00 PM,7.0,2,1,6,5,1,3,3,0,1,3,FAILING TO YIELD RIGHT-OF-WAY,2,1,0.0,0.0,0.0,0.0,0.0,2.0,13,5,10,10/24/2024,2024-10-24,13:45:00
10/17/2024 01:19:00 PM,5.0,2,1,6,4,1,1,1,0,1,2,IMPROPER OVERTAKING/PASSING,2,1,0.0,0.0,0.0,0.0,0.0,2.0,13,5,10,10/17/2024,2024-10-17,13:19:00
10/20/2024 10:00:00 PM,1.0,2,1,5,5,1,1,1,0,1,3,UNABLE TO DETERMINE,2,1,0.0,0.0,0.0,0.0,0.0,2.0,22,1,10,10/20/2024,2024-10-20,22:00:00
10/24/2024 03:13:00 PM,5.0,2,1,6,6,1,3,3,0,1,1,UNABLE TO DETERMINE,2,1,0.0,0.0,0.0,0.0,0.0,2.0,15,5,10,10/24/2024,2024-10-24,15:13:00
10/23/2024 07:30:00 PM,5.0,2,1,6,6,1,3,1,0,1,3,NOT APPLICABLE,2,1,0.0,0.0,0.0,0.0,0.0,2.0,19,4,10,10/23/2024,2024-10-23,19:30:00
10/24/2024 08:00:00 AM,5.0,2,1,4,3,1,1,1,0,1,3,FOLLOWING TOO CLOSELY,2,1,0.0,0.0,0.0,0.0,0.0,2.0,8,5,10,10/24/2024,2024-10-24,08:00:00
10/24/2024 08:40:00 AM,5.0,2,1,6,4,1,3,3,0,1,3,UNABLE TO DETERMINE,2,1,0.0,0.0,0.0,0.0,0.0,4.0,8,5,10,10/24/2024,2024-10-24,08:40:00
10/23/2024 11:52:00 AM,5.0,2,1,13,5,1,3,3,0,1,3,FAILING TO YIELD RIGHT-OF-WAY,2,1,0.0,0.0,0.0,0.0,0.0,2.0,11,4,10,10/23/2024,2024-10-23,11:52:00
10/25/2024 12:25:00 AM,5.0,4,4,4,5,1,4,3,1,1,3,FOLLOWING TOO CLOSELY,2,2,1.0,0.0,0.0,0.0,1.0,4.0,0,6,10,10/25/2024,2024-10-25,00:25:00
10/23/2024 10:37:00 AM,5.0,2,1,6,5,1,3,3,1,1,3,FOLLOWING TOO CLOSELY,2,3,1.0,0.0,0.0,1.0,0.0,2.0,10,4,10,10/23/2024,2024-10-23,10:37:00
10/24/2024 05:25:00 PM,5.0,2,2,5,5,1,3,3,0,1,3,UNABLE TO DETERMINE,2,1,0.0,0.0,0.0,0.0,0.0,2.0,17,5,10,10/24/2024,2024-10-24,17:25:00
10/13/2024 01:55:00 PM,1.0,2,1,5,1,1,1,1,1,1,3,UNABLE TO DETERMINE,2,4,1.0,0.0,1.0,0.0,0.0,1.0,13,1,10,10/13/2024,2024-10-13,13:55:00
10/24/2024 03:44:00 PM,3.0,2,1,6,7,1,3,3,1,1,3,FAILING TO YIELD RIGHT-OF-WAY,2,1,0.0,0.0,0.0,0.0,0.0,2.0,15,5,10,10/24/2024,2024-10-24,15:44:00
10/10/2024 02:04:00 PM,3.0,2,1,5,3,1,3,3,1,1,3,UNABLE TO DETERMINE,2,3,1.0,0.0,0.0,1.0,0.0,3.0,14,5,10,10/10/2024,2024-10-10,14:04:00
10/10/2024 01:52:00 PM,5.0,2,1,12,3,1,3,3,1,1,3,DRIVING SKILLS/KNOWLEDGE/EXPERIENCE,2,3,2.0,0.0,0.0,2.0,0.0,0.0,13,5,10,10/10/2024,2024-10-10,13:52:00
10/10/2024 05:25:00 PM,7.0,2,1,4,6,1,3,5,0,1,3,FOLLOWING TOO CLOSELY,2,1,0.0,0.0,0.0,0.0,0.0,2.0,17,5,10,10/10/2024,2024-10-10,17:25:00
10/10/2024 12:08:00 AM,7.0,2,4,5,5,1,3,3,1,1,3,FAILING TO YIELD RIGHT-OF-WAY,2,2,1.0,0.0,0.0,0.0,1.0,1.0,0,5,10,10/10/2024,2024-10-10,00:08:00
10/10/2024 05:25:00 PM,5.0,2,1,6,5,1,3,3,0,1,3,UNABLE TO DETERMINE,2,1,0.0,0.0,0.0,0.0,0.0,2.0,17,5,10,10/10/2024,2024-10-10,17:25:00
07/22/2024 09:45:00 AM,5.0,2,1,13,5,1,3,3,1,1,1,UNABLE TO DETERMINE,2,2,1.0,0.0,0.0,0.0,1.0,1.0,9,2,7,07/22/2024,2024-07-22,09:45:00
10/10/2024 11:23:00 AM,3.0,2,1,6,6,1,3,3,0,1,3,UNABLE TO DETERMINE,2,1,0.0,0.0,0.0,0.0,0.0,3.0,11,5,10,10/10/2024,2024-10-10,11:23:00
10/10/2024 05:10:00 PM,5.0,2,1,5,5,1,3,1,0,1,3,UNABLE TO DETERMINE,2,1,0.0,0.0,0.0,0.0,0.0,2.0,17,5,10,10/10/2024,2024-10-10,17:10:00
06/26/2024 09:25:00 PM,5.0,2,4,6,5,1,1,1,1,1,3,FAILING TO YIELD RIGHT-OF-WAY,2,3,2.0,0.0,0.0,1.0,1.0,1.0,21,4,6,06/26/2024,2024-06-26,21:25:00
10/10/2024 05:05:00 PM,7.0,2,1,6,4,1,3,3,0,1,3,UNABLE TO DETERMINE,2,1,0.0,0.0,0.0,0.0,0.0,2.0,17,5,10,10/10/2024,2024-10-10,17:05:00
10/10/2024 11:30:00 AM,5.0,2,1,6,3,1,3,3,0,1,3,DISREGARDING TRAFFIC SIGNALS,2,1,0.0,0.0,0.0,0.0,0.0,2.0,11,5,10,10/10/2024,2024-10-10,11:30:00
10/10/2024 07:11:00 AM,7.0,2,1,5,10,1,3,3,1,1,3,UNABLE TO DETERMINE,2,1,0.0,0.0,0.0,0.0,0.0,3.0,7,5,10,10/10/2024,2024-10-10,07:11:00
10/10/2024 07:33:00 AM,3.0,2,1,6,6,1,3,3,0,1,2,IMPROPER TURNING/NO SIGNAL,2,1,0.0,0.0,0.0,0.0,0.0,2.0,7,5,10,10/10/2024,2024-10-10,07:33:00
10/10/2024 06:39:00 PM,7.0,2,1,6,5,1,1,1,0,1,2,"OPERATING VEHICLE IN ERRATIC, RECKLESS, CARELESS, NEGLIGENT OR AGGRESSIVE MANNER",2,1,0.0,0.0,0.0,0.0,0.0,3.0,18,5,10,10/10/2024,2024-10-10,18:39:00
10/10/2024 07:56:00 PM,5.0,2,3,14,5,1,3,3,1,1,3,UNABLE TO DETERMINE,2,3,1.0,0.0,0.0,1.0,0.0,1.0,19,5,10,10/10/2024,2024-10-10,19:56:00
10/10/2024 09:35:00 AM,5.0,2,1,6,7,1,3,3,1,1,3,DISREGARDING TRAFFIC SIGNALS,2,2,1.0,0.0,0.0,0.0,1.0,3.0,9,5,10,10/10/2024,2024-10-10,09:35:00
10/10/2024 04:30:00 AM,5.0,2,4,6,5,1,3,3,1,1,3,IMPROPER TURNING/NO SIGNAL,2,1,0.0,0.0,0.0,0.0,0.0,2.0,4,5,10,10/10/2024,2024-10-10,04:30:00
10/10/2024 08:15:00 PM,5.0,2,4,4,6,1,3,3,0,1,3,UNABLE TO DETERMINE,2,1,0.0,0.0,0.0,0.0,0.0,2.0,20,5,10,10/10/2024,2024-10-10,20:15:00
10/10/2024 07:52:00 AM,5.0,2,1,6,5,1,3,1,0,1,3,UNABLE TO DETERMINE,2,1,0.0,0.0,0.0,0.0,0.0,2.0,7,5,10,10/10/2024,2024-10-10,07:52:00
10/10/2024 11:30:00 AM,5.0,2,1,6,5,1,3,3,0,1,2,IMPROPER TURNING/NO SIGNAL,2,1,0.0,0.0,0.0,0.0,0.0,2.0,11,5,10,10/10/2024,2024-10-10,11:30:00
10/10/2024 04:00:00 PM,3.0,2,1,4,5,1,3,3,1,1,3,UNABLE TO DETERMINE,2,2,1.0,0.0,0.0,0.0,1.0,1.0,16,5,10,10/10/2024,2024-10-10,16:00:00
10/10/2024 07:20:00 PM,5.0,2,4,6,4,1,3,3,0,1,3,FAILING TO YIELD RIGHT-OF-WAY,2,1,0.0,0.0,0.0,0.0,0.0,3.0,19,5,10,10/10/2024,2024-10-10,19:20:00
10/10/2024 11:44:00 PM,5.0,2,4,6,5,1,3,3,0,1,2,IMPROPER TURNING/NO SIGNAL,2,1,0.0,0.0,0.0,0.0,0.0,2.0,23,5,10,10/10/2024,2024-10-10,23:44:00
10/10/2024 12:01:00 AM,5.0,2,4,5,5,1,3,3,0,1,3,DISREGARDING TRAFFIC SIGNALS,2,1,0.0,0.0,0.0,0.0,0.0,2.0,0,5,10,10/10/2024,2024-10-10,00:01:00
10/10/2024 07:34:00 AM,5.0,2,1,6,5,1,3,3,0,1,3,FAILING TO YIELD RIGHT-OF-WAY,2,1,0.0,0.0,0.0,0.0,0.0,3.0,7,5,10,10/10/2024,2024-10-10,07:34:00
10/10/2024 07:45:00 AM,7.0,2,1,6,5,1,3,3,0,1,3,IMPROPER LANE USAGE,2,1,0.0,0.0,0.0,0.0,0.0,2.0,7,5,10,10/10/2024,2024-10-10,07:45:00
10/10/2024 08:58:00 AM,5.0,2,1,3,4,1,3,1,0,1,3,IMPROPER OVERTAKING/PASSING,2,1,0.0,0.0,0.0,0.0,0.0,2.0,8,5,10,10/10/2024,2024-10-10,08:58:00
10/10/2024 12:30:00 AM,7.0,2,4,5,7,1,3,3,0,1,3,DISREGARDING STOP SIGN,2,1,0.0,0.0,0.0,0.0,0.0,3.0,0,5,10,10/10/2024,2024-10-10,00:30:00
10/10/2024 09:03:00 AM,5.0,2,1,6,4,1,3,3,0,1,3,UNABLE TO DETERMINE,2,1,0.0,0.0,0.0,0.0,0.0,2.0,9,5,10,10/10/2024,2024-10-10,09:03:00
10/10/2024 10:35:00 PM,5.0,2,4,3,10,1,3,3,0,1,1,UNABLE TO DETERMINE,2,1,0.0,0.0,0.0,0.0,0.0,3.0,22,5,10,10/10/2024,2024-10-10,22:35:00
10/10/2024 06:26:00 AM,5.0,2,2,14,4,1,3,3,1,1,1,FAILING TO REDUCE SPEED TO AVOID CRASH,2,3,1.0,0.0,0.0,1.0,0.0,1.0,6,5,10,10/10/2024,2024-10-10,06:26:00
10/10/2024 07:00:00 PM,5.0,2,5,6,12,1,3,1,0,1,3,FAILING TO YIELD RIGHT-OF-WAY,2,1,0.0,0.0,0.0,0.0,0.0,2.0,19,5,10,10/10/2024,2024-10-10,19:00:00
10/10/2024 04:51:00 AM,5.0,2,5,5,6,1,3,3,1,1,3,UNABLE TO DETERMINE,2,1,0.0,0.0,0.0,0.0,0.0,2.0,4,5,10,10/10/2024,2024-10-10,04:51:00
10/10/2024 01:25:00 PM,5.0,2,1,5,6,1,3,1,0,1,3,FAILING TO YIELD RIGHT-OF-WAY,2,1,0.0,0.0,0.0,0.0,0.0,2.0,13,5,10,10/10/2024,2024-10-10,13:25:00
10/10/2024 08:45:00 AM,7.0,2,1,5,5,1,3,3,1,1,3,UNABLE TO DETERMINE,2,3,2.0,0.0,0.0,2.0,0.0,1.0,8,5,10,10/10/2024,2024-10-10,08:45:00
10/10/2024 11:00:00 PM,5.0,2,4,2,5,1,3,1,1,1,3,DISREGARDING TRAFFIC SIGNALS,2,3,1.0,0.0,0.0,1.0,0.0,2.0,23,5,10,10/10/2024,2024-10-10,23:00:00
10/10/2024 10:44:00 AM,5.0,2,1,6,4,1,3,3,1,0,3,IMPROPER OVERTAKING/PASSING,2,1,0.0,0.0,0.0,0.0,0.0,3.0,10,5,10,10/10/2024,2024-10-10,10:44:00
10/10/2024 01:59:00 PM,7.0,2,1,5,5,1,3,3,1,1,3,FAILING TO YIELD RIGHT-OF-WAY,2,1,0.0,0.0,0.0,0.0,0.0,2.0,13,5,10,10/10/2024,2024-10-10,13:59:00
10/10/2024 10:48:00 PM,5.0,2,4,5,13,1,3,1,1,1,3,UNABLE TO DETERMINE,2,3,2.0,0.0,0.0,2.0,0.0,0.0,22,5,10,10/10/2024,2024-10-10,22:48:00
10/10/2024 10:20:00 AM,5.0,2,1,6,5,1,3,3,1,1,3,FAILING TO REDUCE SPEED TO AVOID CRASH,2,3,2.0,0.0,0.0,1.0,1.0,1.0,10,5,10,10/10/2024,2024-10-10,10:20:00
10/10/2024 08:20:00 AM,5.0,2,1,3,5,1,3,3,0,1,3,IMPROPER OVERTAKING/PASSING,2,1,0.0,0.0,0.0,0.0,0.0,3.0,8,5,10,10/10/2024,2024-10-10,08:20:00
10/10/2024 07:30:00 PM,3.0,2,4,3,10,1,3,3,0,0,2,FOLLOWING TOO CLOSELY,2,1,0.0,0.0,0.0,0.0,0.0,4.0,19,5,10,10/10/2024,2024-10-10,19:30:00
10/10/2024 04:45:00 PM,5.0,2,1,3,10,1,3,1,0,0,3,UNABLE TO DETERMINE,2,1,0.0,0.0,0.0,0.0,0.0,4.0,16,5,10,10/10/2024,2024-10-10,16:45:00
10/10/2024 05:00:00 PM,7.0,2,1,6,5,1,3,3,0,1,3,FAILING TO YIELD RIGHT-OF-WAY,2,1,0.0,0.0,0.0,0.0,0.0,2.0,17,5,10,10/10/2024,2024-10-10,17:00:00
10/10/2024 04:48:00 PM,5.0,2,1,13,6,1,3,3,1,1,3,FAILING TO YIELD RIGHT-OF-WAY,2,3,1.0,0.0,0.0,1.0,0.0,1.0,16,5,10,10/10/2024,2024-10-10,16:48:00
10/10/2024 07:37:00 PM,5.0,2,5,14,10,1,3,3,1,1,2,FAILING TO REDUCE SPEED TO AVOID CRASH,2,3,1.0,0.0,0.0,1.0,0.0,1.0,19,5,10,10/10/2024,2024-10-10,19:37:00
10/25/2024 03:50:00 PM,1.0,2,1,4,5,1,1,1,0,0,3,UNABLE TO DETERMINE,2,1,0.0,0.0,0.0,0.0,0.0,2.0,15,6,10,10/25/2024,2024-10-25,15:50:00
10/25/2024 12:15:00 PM,7.0,2,1,14,5,1,3,3,1,1,3,FAILING TO YIELD RIGHT-OF-WAY,2,3,1.0,0.0,0.0,1.0,0.0,1.0,12,6,10,10/25/2024,2024-10-25,12:15:00
10/25/2024 06:00:00 PM,5.0,2,4,6,5,1,3,3,0,1,2,FAILING TO YIELD RIGHT-OF-WAY,2,1,0.0,0.0,0.0,0.0,0.0,2.0,18,6,10,10/25/2024,2024-10-25,18:00:00
10/17/2024 02:30:00 PM,3.0,2,1,14,5,1,1,1,0,1,3,FAILING TO YIELD RIGHT-OF-WAY,2,1,0.0,0.0,0.0,0.0,0.0,2.0,14,5,10,10/17/2024,2024-10-17,14:30:00
10/25/2024 12:05:00 PM,5.0,2,1,4,6,1,3,3,0,1,3,DRIVING SKILLS/KNOWLEDGE/EXPERIENCE,2,1,0.0,0.0,0.0,0.0,0.0,3.0,12,6,10,10/25/2024,2024-10-25,12:05:00
10/24/2024 07:13:00 PM,7.0,2,4,5,5,1,3,3,1,1,3,UNABLE TO DETERMINE,2,2,1.0,0.0,0.0,0.0,1.0,1.0,19,5,10,10/24/2024,2024-10-24,19:13:00
10/25/2024 06:00:00 PM,7.0,2,3,5,6,1,3,3,1,1,3,FAILING TO YIELD RIGHT-OF-WAY,2,1,0.0,0.0,0.0,0.0,0.0,4.0,18,6,10,10/25/2024,2024-10-25,18:00:00
10/24/2024 03:30:00 PM,5.0,2,1,11,6,1,3,3,0,1,3,IMPROPER OVERTAKING/PASSING,2,1,0.0,0.0,0.0,0.0,0.0,1.0,15,5,10,10/24/2024,2024-10-24,15:30:00
10/25/2024 05:42:00 PM,7.0,2,3,5,5,1,3,3,1,1,3,UNABLE TO DETERMINE,2,1,0.0,0.0,0.0,0.0,0.0,2.0,17,6,10,10/25/2024,2024-10-25,17:42:00
10/25/2024 10:20:00 PM,1.0,2,3,6,6,1,3,1,0,1,2,UNABLE TO DETERMINE,2,1,0.0,0.0,0.0,0.0,0.0,2.0,22,6,10,10/25/2024,2024-10-25,22:20:00
10/24/2024 01:30:00 PM,7.0,2,1,5,4,1,1,1,0,1,3,FAILING TO YIELD RIGHT-OF-WAY,2,1,0.0,0.0,0.0,0.0,0.0,2.0,13,5,10,10/24/2024,2024-10-24,13:30:00
10/26/2024 12:50:00 AM,5.0,2,4,5,6,1,3,3,1,1,3,DISREGARDING TRAFFIC SIGNALS,2,1,0.0,0.0,0.0,0.0,0.0,2.0,0,7,10,10/26/2024,2024-10-26,00:50:00
10/25/2024 08:15:00 AM,5.0,3,1,3,5,1,4,3,0,1,3,IMPROPER OVERTAKING/PASSING,2,1,0.0,0.0,0.0,0.0,0.0,2.0,8,6,10,10/25/2024,2024-10-25,08:15:00
10/23/2024 10:24:00 AM,5.0,2,1,4,3,1,3,1,0,1,3,UNABLE TO DETERMINE,2,1,0.0,0.0,0.0,0.0,0.0,2.0,10,4,10,10/23/2024,2024-10-23,10:24:00
10/25/2024 05:03:00 PM,5.0,2,1,3,5,1,3,3,0,1,2,IMPROPER OVERTAKING/PASSING,2,1,0.0,0.0,0.0,0.0,0.0,3.0,17,6,10,10/25/2024,2024-10-25,17:03:00
10/25/2024 10:37:00 AM,3.0,2,1,3,4,1,3,3,0,1,3,IMPROPER TURNING/NO SIGNAL,2,1,0.0,0.0,0.0,0.0,0.0,3.0,10,6,10,10/25/2024,2024-10-25,10:37:00
10/24/2024 05:55:00 PM,5.0,2,1,4,6,1,3,3,1,1,3,FOLLOWING TOO CLOSELY,2,3,1.0,0.0,0.0,1.0,0.0,1.0,17,5,10,10/24/2024,2024-10-24,17:55:00
10/25/2024 05:15:00 PM,5.0,2,1,6,6,1,3,1,0,1,3,DRIVING SKILLS/KNOWLEDGE/EXPERIENCE,2,1,0.0,0.0,0.0,0.0,0.0,7.0,17,6,10,10/25/2024,2024-10-25,17:15:00
10/13/2024 02:04:00 PM,5.0,2,1,14,4,1,3,1,1,1,3,DISREGARDING TRAFFIC SIGNALS,2,4,2.0,0.0,1.0,1.0,0.0,0.0,14,1,10,10/13/2024,2024-10-13,14:04:00
10/25/2024 03:14:00 PM,7.0,2,1,13,6,1,3,3,1,1,1,TURNING RIGHT ON RED,2,3,1.0,0.0,0.0,1.0,0.0,2.0,15,6,10,10/25/2024,2024-10-25,15:14:00
10/25/2024 07:04:00 PM,7.0,2,4,5,7,1,3,3,1,1,3,DRIVING SKILLS/KNOWLEDGE/EXPERIENCE,2,3,1.0,0.0,0.0,1.0,0.0,1.0,19,6,10,10/25/2024,2024-10-25,19:04:00
10/22/2024 06:35:00 PM,5.0,2,4,6,12,1,3,1,1,1,3,IMPROPER TURNING/NO SIGNAL,2,1,0.0,0.0,0.0,0.0,0.0,4.0,18,3,10,10/22/2024,2024-10-22,18:35:00
10/25/2024 01:25:00 PM,7.0,2,1,4,10,1,3,1,0,1,3,NOT APPLICABLE,2,1,0.0,0.0,0.0,0.0,0.0,2.0,13,6,10,10/25/2024,2024-10-25,13:25:00
10/26/2024 02:50:00 AM,7.0,2,4,5,5,1,3,3,1,1,3,DISREGARDING STOP SIGN,2,1,0.0,0.0,0.0,0.0,0.0,3.0,2,7,10,10/26/2024,2024-10-26,02:50:00
10/26/2024 03:25:00 AM,5.0,2,4,4,6,1,3,3,0,1,3,FAILING TO REDUCE SPEED TO AVOID CRASH,2,1,0.0,0.0,0.0,0.0,0.0,2.0,3,7,10,10/26/2024,2024-10-26,03:25:00
10/25/2024 08:40:00 AM,5.0,2,1,4,5,1,3,3,0,1,1,FOLLOWING TOO CLOSELY,2,1,0.0,0.0,0.0,0.0,0.0,2.0,8,6,10,10/25/2024,2024-10-25,08:40:00
10/25/2024 09:13:00 AM,5.0,2,1,13,6,1,4,3,1,1,3,OBSTRUCTED CROSSWALKS,2,3,1.0,0.0,0.0,1.0,0.0,2.0,9,6,10,10/25/2024,2024-10-25,09:13:00
10/26/2024 01:20:00 AM,5.0,2,4,5,6,1,3,1,0,1,3,UNABLE TO DETERMINE,2,1,0.0,0.0,0.0,0.0,0.0,2.0,1,7,10,10/26/2024,2024-10-26,01:20:00
10/29/2024 01:00:00 PM,5.0,2,1,6,10,1,3,3,0,1,3,IMPROPER TURNING/NO SIGNAL,2,1,0.0,0.0,0.0,0.0,0.0,2.0,13,3,10,10/29/2024,2024-10-29,13:00:00
10/31/2024 08:30:00 AM,6.0,8,1,13,6,1,4,3,1,1,1,FAILING TO REDUCE SPEED TO AVOID CRASH,2,3,1.0,0.0,0.0,1.0,0.0,1.0,8,5,10,10/31/2024,2024-10-31,08:30:00
10/11/2024 11:00:00 PM,5.0,2,4,6,5,1,3,3,0,1,3,FAILING TO YIELD RIGHT-OF-WAY,2,1,0.0,0.0,0.0,0.0,0.0,2.0,23,6,10,10/11/2024,2024-10-11,23:00:00
10/11/2024 12:40:00 PM,5.0,2,1,13,5,1,3,3,1,1,2,FAILING TO YIELD RIGHT-OF-WAY,2,3,1.0,0.0,0.0,1.0,0.0,1.0,12,6,10,10/11/2024,2024-10-11,12:40:00
10/11/2024 04:33:00 PM,7.0,2,1,5,5,1,3,3,0,1,3,FAILING TO YIELD RIGHT-OF-WAY,2,1,0.0,0.0,0.0,0.0,0.0,3.0,16,6,10,10/11/2024,2024-10-11,16:33:00
10/11/2024 04:00:00 PM,7.0,2,1,5,6,1,3,3,0,1,3,"VISION OBSCURED (SIGNS, TREE LIMBS, BUILDINGS, ETC.)",2,1,0.0,0.0,0.0,0.0,0.0,2.0,16,6,10,10/11/2024,2024-10-11,16:00:00
10/11/2024 07:16:00 AM,5.0,2,1,6,6,1,1,1,0,1,2,UNABLE TO DETERMINE,2,1,0.0,0.0,0.0,0.0,0.0,9.0,7,6,10,10/11/2024,2024-10-11,07:16:00
10/11/2024 10:40:00 AM,7.0,2,1,5,4,1,3,3,1,1,3,FAILING TO YIELD RIGHT-OF-WAY,2,1,0.0,0.0,0.0,0.0,0.0,2.0,10,6,10,10/11/2024,2024-10-11,10:40:00
10/11/2024 04:01:00 PM,3.0,2,1,6,6,1,3,3,1,1,3,FAILING TO YIELD RIGHT-OF-WAY,2,2,1.0,0.0,0.0,0.0,1.0,2.0,16,6,10,10/11/2024,2024-10-11,16:01:00
10/11/2024 06:30:00 PM,7.0,2,4,4,3,1,3,1,0,1,3,UNABLE TO DETERMINE,2,1,0.0,0.0,0.0,0.0,0.0,3.0,18,6,10,10/11/2024,2024-10-11,18:30:00
10/11/2024 04:30:00 PM,3.0,2,1,3,7,2,3,3,0,1,3,IMPROPER OVERTAKING/PASSING,2,1,0.0,0.0,0.0,0.0,0.0,2.0,16,6,10,10/11/2024,2024-10-11,16:30:00
10/11/2024 07:00:00 PM,5.0,2,5,4,5,1,3,3,1,1,1,FOLLOWING TOO CLOSELY,2,3,2.0,0.0,0.0,2.0,0.0,3.0,19,6,10,10/11/2024,2024-10-11,19:00:00
10/11/2024 12:22:00 PM,7.0,2,1,6,6,1,3,3,0,1,3,UNABLE TO DETERMINE,2,1,0.0,0.0,0.0,0.0,0.0,2.0,12,6,10,10/11/2024,2024-10-11,12:22:00
10/11/2024 10:00:00 PM,5.0,2,5,4,6,1,3,3,0,1,3,FOLLOWING TOO CLOSELY,2,1,0.0,0.0,0.0,0.0,0.0,2.0,22,6,10,10/11/2024,2024-10-11,22:00:00
10/11/2024 09:05:00 AM,5.0,2,1,6,4,1,3,3,1,1,3,DISREGARDING TRAFFIC SIGNALS,2,2,2.0,0.0,0.0,0.0,2.0,0.0,9,6,10,10/11/2024,2024-10-11,09:05:00
10/11/2024 07:17:00 PM,5.0,2,4,3,6,2,3,3,0,1,3,IMPROPER LANE USAGE,2,1,0.0,0.0,0.0,0.0,0.0,2.0,19,6,10,10/11/2024,2024-10-11,19:17:00
10/11/2024 10:20:00 PM,5.0,2,4,3,6,1,3,1,0,1,3,UNABLE TO DETERMINE,2,1,0.0,0.0,0.0,0.0,0.0,5.0,22,6,10,10/11/2024,2024-10-11,22:20:00
10/11/2024 02:30:00 PM,7.0,2,1,6,5,1,3,3,0,1,3,UNABLE TO DETERMINE,2,1,0.0,0.0,0.0,0.0,0.0,4.0,14,6,10,10/11/2024,2024-10-11,14:30:00
10/11/2024 11:00:00 AM,5.0,2,1,3,6,1,3,3,0,1,3,UNABLE TO DETERMINE,2,1,0.0,0.0,0.0,0.0,0.0,2.0,11,6,10,10/11/2024,2024-10-11,11:00:00
10/11/2024 04:20:00 PM,7.0,2,1,5,5,1,3,3,1,1,3,DISREGARDING TRAFFIC SIGNALS,2,2,1.0,0.0,0.0,0.0,1.0,4.0,16,6,10,10/11/2024,2024-10-11,16:20:00
10/11/2024 03:50:00 PM,5.0,2,1,14,5,1,3,3,1,1,2,FAILING TO YIELD RIGHT-OF-WAY,2,3,1.0,0.0,0.0,1.0,0.0,2.0,15,6,10,10/11/2024,2024-10-11,15:50:00
10/11/2024 10:20:00 AM,3.0,2,1,3,6,1,3,3,0,1,3,FOLLOWING TOO CLOSELY,2,1,0.0,0.0,0.0,0.0,0.0,3.0,10,6,10,10/11/2024,2024-10-11,10:20:00
10/11/2024 10:25:00 AM,5.0,2,1,3,4,1,3,1,0,1,3,IMPROPER LANE USAGE,2,1,0.0,0.0,0.0,0.0,0.0,2.0,10,6,10,10/11/2024,2024-10-11,10:25:00
10/11/2024 07:00:00 PM,3.0,2,4,4,4,1,3,3,1,0,3,FOLLOWING TOO CLOSELY,2,1,0.0,0.0,0.0,0.0,0.0,2.0,19,6,10,10/11/2024,2024-10-11,19:00:00
10/11/2024 11:10:00 PM,5.0,2,4,6,5,1,3,7,0,1,3,DRIVING SKILLS/KNOWLEDGE/EXPERIENCE,2,1,0.0,0.0,0.0,0.0,0.0,2.0,23,6,10,10/11/2024,2024-10-11,23:10:00
10/11/2024 06:02:00 PM,5.0,2,1,6,5,1,3,3,0,1,3,IMPROPER TURNING/NO SIGNAL,2,1,0.0,0.0,0.0,0.0,0.0,3.0,18,6,10,10/11/2024,2024-10-11,18:02:00
10/11/2024 08:10:00 PM,5.0,2,4,3,14,1,3,3,0,1,3,IMPROPER OVERTAKING/PASSING,2,1,0.0,0.0,0.0,0.0,0.0,3.0,20,6,10,10/11/2024,2024-10-11,20:10:00
10/11/2024 11:25:00 PM,5.0,2,4,3,6,1,3,3,0,1,3,TURNING RIGHT ON RED,2,1,0.0,0.0,0.0,0.0,0.0,3.0,23,6,10,10/11/2024,2024-10-11,23:25:00