crash_date,traffic_control_device,weather_condition,lighting_condition,first_crash_type,trafficway_type,alignment,roadway_surface_cond,road_defect,crash_type,intersection_related_i,damage,prim_contributory_cause,num_units,most_severe_injury,injuries_total,injuries_fatal,injuries_incapacitating,injuries_non_incapacitating,injuries_reported_not_evident,injuries_no_indication,crash_hour,crash_day_of_week,crash_month,parsed_datetime,date,time
10/13/2024 04:38:00 PM,7.0,2,1,5,5,1,3,3,1,1,3,FAILING TO YIELD RIGHT-OF-WAY,2,3,1.0,0.0,0.0,1.0,0.0,2.0,16,1,10,10/13/2024,2024-10-13,16:38:00
10/13/2024 12:53:00 PM,5.0,2,1,4,4,1,3,1,0,1,3,FAILING TO REDUCE SPEED TO AVOID CRASH,2,1,0.0,0.0,0.0,0.0,0.0,2.0,12,1,10,10/13/2024,2024-10-13,12:53:00
10/13/2024 06:30:00 PM,5.0,2,3,6,10,1,3,1,0,1,3,UNABLE TO DETERMINE,2,1,0.0,0.0,0.0,0.0,0.0,3.0,18,1,10,10/13/2024,2024-10-13,18:30:00
10/13/2024 01:32:00 PM,3.0,2,1,5,5,1,3,3,1,1,3,DISREGARDING STOP SIGN,2,2,2.0,0.0,0.0,0.0,2.0,3.0,13,1,10,10/13/2024,2024-10-13,13:32:00
10/13/2024 02:15:00 PM,5.0,2,1,3,3,1,3,3,0,1,2,DRIVING SKILLS/KNOWLEDGE/EXPERIENCE,2,1,0.0,0.0,0.0,0.0,0.0,2.0,14,1,10,10/13/2024,2024-10-13,14:15:00
10/13/2024 07:03:00 PM,5.0,2,3,4,8,1,3,3,0,1,3,FAILING TO YIELD RIGHT-OF-WAY,2,1,0.0,0.0,0.0,0.0,0.0,2.0,19,1,10,10/13/2024,2024-10-13,19:03:00
10/13/2024 05:45:00 PM,5.0,2,3,5,4,1,3,3,1,1,3,NOT APPLICABLE,2,3,1.0,0.0,0.0,1.0,0.0,2.0,17,1,10,10/13/2024,2024-10-13,17:45:00
10/13/2024 12:20:00 PM,7.0,2,1,13,5,1,3,3,1,1,1,UNABLE TO DETERMINE,2,2,1.0,0.0,0.0,0.0,1.0,1.0,12,1,10,10/13/2024,2024-10-13,12:20:00
10/31/2024 07:30:00 AM,5.0,3,1,4,5,1,4,3,0,1,3,UNABLE TO DETERMINE,2,1,0.0,0.0,0.0,0.0,0.0,2.0,7,5,10,10/31/2024,2024-10-31,07:30:00
10/28/2024 07:48:00 AM,7.0,2,1,5,5,1,3,3,0,1,3,FAILING TO YIELD RIGHT-OF-WAY,2,1,0.0,0.0,0.0,0.0,0.0,2.0,7,2,10,10/28/2024,2024-10-28,07:48:00
10/28/2024 12:30:00 PM,5.0,2,1,6,5,1,3,3,0,1,3,IMPROPER LANE USAGE,2,1,0.0,0.0,0.0,0.0,0.0,4.0,12,2,10,10/28/2024,2024-10-28,12:30:00
10/28/2024 11:24:00 AM,3.0,2,1,8,7,1,3,3,0,1,3,IMPROPER BACKING,2,1,0.0,0.0,0.0,0.0,0.0,2.0,11,2,10,10/28/2024,2024-10-28,11:24:00
10/08/2024 08:55:00 PM,5.0,2,1,3,5,1,3,3,0,1,3,UNABLE TO DETERMINE,2,1,0.0,0.0,0.0,0.0,0.0,3.0,20,3,10,10/08/2024,2024-10-08,20:55:00
10/28/2024 01:52:00 PM,3.0,3,1,14,6,1,3,3,1,0,1,PHYSICAL CONDITION OF DRIVER,2,2,1.0,0.0,0.0,0.0,1.0,2.0,13,2,10,10/28/2024,2024-10-28,13:52:00
10/28/2024 02:46:00 PM,5.0,2,1,14,5,1,3,3,0,1,1,FAILING TO YIELD RIGHT-OF-WAY,2,1,0.0,0.0,0.0,0.0,0.0,2.0,14,2,10,10/28/2024,2024-10-28,14:46:00
10/27/2024 01:30:00 PM,7.0,2,1,5,5,1,3,3,0,1,3,UNABLE TO DETERMINE,2,1,0.0,0.0,0.0,0.0,0.0,2.0,13,1,10,10/27/2024,2024-10-27,13:30:00
10/28/2024 03:20:00 AM,5.0,2,4,6,12,2,3,3,1,1,3,FAILING TO YIELD RIGHT-OF-WAY,2,2,1.0,0.0,0.0,0.0,1.0,3.0,3,2,10,10/28/2024,2024-10-28,03:20:00
10/28/2024 03:00:00 PM,5.0,2,1,6,6,1,3,3,1,1,3,UNABLE TO DETERMINE,2,1,0.0,0.0,0.0,0.0,0.0,3.0,15,2,10,10/28/2024,2024-10-28,15:00:00
10/27/2024 04:25:00 PM,1.0,2,1,3,10,1,1,1,0,1,3,UNABLE TO DETERMINE,2,1,0.0,0.0,0.0,0.0,0.0,2.0,16,1,10,10/27/2024,2024-10-27,16:25:00
10/29/2024 12:07:00 AM,5.0,2,4,4,5,1,3,3,1,1,3,UNDER THE INFLUENCE OF ALCOHOL/DRUGS (USE WHEN ARREST IS EFFECTED),2,1,0.0,0.0,0.0,0.0,0.0,4.0,0,3,10,10/29/2024,2024-10-29,00:07:00
10/27/2024 01:15:00 PM,5.0,2,1,14,4,1,3,3,0,0,3,FAILING TO YIELD RIGHT-OF-WAY,2,1,0.0,0.0,0.0,0.0,0.0,2.0,13,1,10,10/27/2024,2024-10-27,13:15:00
10/28/2024 01:10:00 PM,3.0,2,1,6,4,1,3,1,0,1,3,FAILING TO REDUCE SPEED TO AVOID CRASH,2,1,0.0,0.0,0.0,0.0,0.0,2.0,13,2,10,10/28/2024,2024-10-28,13:10:00
10/28/2024 10:58:00 AM,5.0,2,1,6,5,1,3,1,0,1,3,IMPROPER TURNING/NO SIGNAL,2,1,0.0,0.0,0.0,0.0,0.0,4.0,10,2,10,10/28/2024,2024-10-28,10:58:00
10/21/2024 03:00:00 PM,3.0,2,1,6,5,1,3,3,1,1,3,FAILING TO REDUCE SPEED TO AVOID CRASH,2,1,0.0,0.0,0.0,0.0,0.0,2.0,15,2,10,10/21/2024,2024-10-21,15:00:00
10/25/2024 04:15:00 PM,5.0,2,1,4,5,1,1,1,0,1,3,UNABLE TO DETERMINE,2,1,0.0,0.0,0.0,0.0,0.0,3.0,16,6,10,10/25/2024,2024-10-25,16:15:00
10/28/2024 12:20:00 PM,5.0,2,1,5,6,1,3,3,1,1,2,UNABLE TO DETERMINE,2,1,0.0,0.0,0.0,0.0,0.0,2.0,12,2,10,10/28/2024,2024-10-28,12:20:00
10/22/2024 08:10:00 AM,3.0,2,1,3,6,1,3,3,0,1,3,UNABLE TO DETERMINE,2,1,0.0,0.0,0.0,0.0,0.0,2.0,8,3,10,10/22/2024,2024-10-22,08:10:00
10/28/2024 05:00:00 AM,7.0,2,4,6,10,1,3,3,0,1,2,IMPROPER TURNING/NO SIGNAL,2,1,0.0,0.0,0.0,0.0,0.0,2.0,5,2,10,10/28/2024,2024-10-28,05:00:00
10/26/2024 09:28:00 PM,5.0,2,5,14,4,1,3,3,1,1,3,FAILING TO YIELD RIGHT-OF-WAY,2,2,1.0,0.0,0.0,0.0,1.0,1.0,21,7,10,10/26/2024,2024-10-26,21:28:00
10/28/2024 06:22:00 PM,5.0,2,4,8,6,1,3,3,0,1,3,IMPROPER BACKING,2,1,0.0,0.0,0.0,0.0,0.0,2.0,18,2,10,10/28/2024,2024-10-28,18:22:00
10/28/2024 08:30:00 AM,5.0,2,1,4,5,1,1,1,0,1,3,UNABLE TO DETERMINE,2,1,0.0,0.0,0.0,0.0,0.0,2.0,8,2,10,10/28/2024,2024-10-28,08:30:00
10/28/2024 08:35:00 PM,1.0,2,4,6,14,1,3,1,0,1,3,UNABLE TO DETERMINE,2,1,0.0,0.0,0.0,0.0,0.0,2.0,20,2,10,10/28/2024,2024-10-28,20:35:00
10/21/2024 05:51:00 AM,5.0,2,4,5,5,1,1,1,1,1,3,DISREGARDING TRAFFIC SIGNALS,2,3,2.0,0.0,0.0,2.0,0.0,1.0,5,2,10,10/21/2024,2024-10-21,05:51:00
10/14/2024 08:33:00 AM,5.0,2,1,5,5,1,3,3,1,1,3,UNABLE TO DETERMINE,2,1,0.0,0.0,0.0,0.0,0.0,4.0,8,2,10,10/14/2024,2024-10-14,08:33:00
10/14/2024 11:10:00 AM,5.0,2,1,3,6,1,3,3,0,1,3,IMPROPER OVERTAKING/PASSING,2,1,0.0,0.0,0.0,0.0,0.0,2.0,11,2,10,10/14/2024,2024-10-14,11:10:00
10/14/2024 08:00:00 PM,7.0,2,4,11,6,1,3,3,0,1,3,FAILING TO REDUCE SPEED TO AVOID CRASH,2,1,0.0,0.0,0.0,0.0,0.0,1.0,20,2,10,10/14/2024,2024-10-14,20:00:00
10/14/2024 06:25:00 PM,7.0,2,4,5,5,1,3,3,0,1,3,DISREGARDING STOP SIGN,2,1,0.0,0.0,0.0,0.0,0.0,3.0,18,2,10,10/14/2024,2024-10-14,18:25:00
10/14/2024 04:50:00 PM,5.0,2,1,14,1,1,3,3,0,1,1,DISREGARDING TRAFFIC SIGNALS,2,1,0.0,0.0,0.0,0.0,0.0,2.0,16,2,10,10/14/2024,2024-10-14,16:50:00
10/14/2024 03:00:00 PM,5.0,2,1,3,9,1,3,3,0,1,3,DISREGARDING TRAFFIC SIGNALS,2,1,0.0,0.0,0.0,0.0,0.0,4.0,15,2,10,10/14/2024,2024-10-14,15:00:00
10/14/2024 08:49:00 PM,5.0,2,4,14,5,1,3,3,1,1,3,DISREGARDING TRAFFIC SIGNALS,2,3,1.0,0.0,0.0,1.0,0.0,1.0,20,2,10,10/14/2024,2024-10-14,20:49:00
10/14/2024 08:25:00 AM,7.0,2,1,5,6,1,3,3,1,1,3,FAILING TO YIELD RIGHT-OF-WAY,2,1,0.0,0.0,0.0,0.0,0.0,2.0,8,2,10,10/14/2024,2024-10-14,08:25:00
10/14/2024 03:32:00 AM,5.0,4,4,5,6,1,4,1,1,1,3,FAILING TO REDUCE SPEED TO AVOID CRASH,2,1,0.0,0.0,0.0,0.0,0.0,2.0,3,2,10,10/14/2024,2024-10-14,03:32:00
10/14/2024 07:33:00 AM,5.0,3,1,5,5,1,4,3,0,1,3,UNABLE TO DETERMINE,2,1,0.0,0.0,0.0,0.0,0.0,3.0,7,2,10,10/14/2024,2024-10-14,07:33:00
10/14/2024 02:50:00 PM,7.0,2,1,5,4,1,3,1,1,1,2,UNABLE TO DETERMINE,2,2,1.0,0.0,0.0,0.0,1.0,1.0,14,2,10,10/14/2024,2024-10-14,14:50:00
10/14/2024 06:50:00 PM,5.0,2,4,13,6,1,3,1,1,1,1,FAILING TO YIELD RIGHT-OF-WAY,2,4,1.0,0.0,1.0,0.0,0.0,1.0,18,2,10,10/14/2024,2024-10-14,18:50:00
10/14/2024 12:00:00 PM,3.0,2,1,3,6,1,3,3,0,1,3,UNABLE TO DETERMINE,2,1,0.0,0.0,0.0,0.0,0.0,2.0,12,2,10,10/14/2024,2024-10-14,12:00:00
10/14/2024 07:05:00 AM,7.0,4,2,6,5,1,4,3,0,1,3,FAILING TO YIELD RIGHT-OF-WAY,2,1,0.0,0.0,0.0,0.0,0.0,2.0,7,2,10,10/14/2024,2024-10-14,07:05:00
10/14/2024 05:09:00 AM,5.0,4,4,4,6,1,4,3,0,1,3,FAILING TO REDUCE SPEED TO AVOID CRASH,2,1,0.0,0.0,0.0,0.0,0.0,2.0,5,2,10,10/14/2024,2024-10-14,05:09:00
10/14/2024 08:30:00 PM,5.0,2,4,6,5,1,3,3,0,1,3,UNABLE TO DETERMINE,2,1,0.0,0.0,0.0,0.0,0.0,2.0,20,2,10,10/14/2024,2024-10-14,20:30:00
10/14/2024 11:47:00 PM,7.0,2,4,5,5,1,3,3,0,1,2,DISREGARDING STOP SIGN,2,1,0.0,0.0,0.0,0.0,0.0,2.0,23,2,10,10/14/2024,2024-10-14,23:47:00
10/14/2024 01:18:00 PM,7.0,2,1,4,5,1,3,3,0,1,3,FOLLOWING TOO CLOSELY,2,1,0.0,0.0,0.0,0.0,0.0,2.0,13,2,10,10/14/2024,2024-10-14,13:18:00
10/14/2024 04:15:00 PM,7.0,2,3,12,6,2,3,1,1,1,3,FAILING TO YIELD RIGHT-OF-WAY,2,2,1.0,0.0,0.0,0.0,1.0,1.0,16,2,10,10/14/2024,2024-10-14,16:15:00
10/14/2024 01:39:00 PM,5.0,2,1,5,7,1,3,3,1,1,3,UNABLE TO DETERMINE,2,4,1.0,0.0,1.0,0.0,0.0,1.0,13,2,10,10/14/2024,2024-10-14,13:39:00
10/14/2024 07:55:00 AM,5.0,4,1,4,5,1,4,3,0,1,1,WEATHER,2,1,0.0,0.0,0.0,0.0,0.0,2.0,7,2,10,10/14/2024,2024-10-14,07:55:00
10/14/2024 06:14:00 AM,3.0,4,1,11,7,1,4,3,0,1,3,IMPROPER BACKING,2,1,0.0,0.0,0.0,0.0,0.0,1.0,6,2,10,10/14/2024,2024-10-14,06:14:00
10/14/2024 06:00:00 PM,7.0,2,1,5,5,1,3,3,1,1,3,UNABLE TO DETERMINE,2,1,0.0,0.0,0.0,0.0,0.0,2.0,18,2,10,10/14/2024,2024-10-14,18:00:00
10/14/2024 05:00:00 PM,5.0,2,1,13,6,1,1,1,0,1,1,FAILING TO YIELD RIGHT-OF-WAY,2,1,0.0,0.0,0.0,0.0,0.0,2.0,17,2,10,10/14/2024,2024-10-14,17:00:00
10/14/2024 09:35:00 AM,5.0,2,1,6,4,1,3,3,0,1,3,UNABLE TO DETERMINE,2,1,0.0,0.0,0.0,0.0,0.0,2.0,9,2,10,10/14/2024,2024-10-14,09:35:00
10/14/2024 06:00:00 AM,5.0,2,1,5,4,1,3,3,0,1,3,UNABLE TO DETERMINE,2,1,0.0,0.0,0.0,0.0,0.0,3.0,6,2,10,10/14/2024,2024-10-14,06:00:00
10/14/2024 04:15:00 PM,1.0,2,1,3,4,1,1,1,0,1,3,UNABLE TO DETERMINE,2,1,0.0,0.0,0.0,0.0,0.0,3.0,16,2,10,10/14/2024,2024-10-14,16:15:00
10/14/2024 06:10:00 PM,3.0,2,3,6,4,1,3,3,0,1,3,UNABLE TO DETERMINE,2,1,0.0,0.0,0.0,0.0,0.0,2.0,18,2,10,10/14/2024,2024-10-14,18:10:00
10/14/2024 04:30:00 AM,5.0,4,1,5,5,1,4,1,1,1,3,WEATHER,2,1,0.0,0.0,0.0,0.0,0.0,2.0,4,2,10,10/14/2024,2024-10-14,04:30:00
10/14/2024 05:40:00 AM,5.0,4,5,13,6,1,4,3,0,1,1,UNABLE TO DETERMINE,2,1,0.0,0.0,0.0,0.0,0.0,2.0,5,2,10,10/14/2024,2024-10-14,05:40:00
10/14/2024 05:14:00 PM,5.0,2,1,6,5,1,3,3,1,1,3,FAILING TO YIELD RIGHT-OF-WAY,2,3,2.0,0.0,0.0,2.0,0.0,3.0,17,2,10,10/14/2024,2024-10-14,17:14:00
10/29/2024 06:30:00 PM,5.0,2,4,6,5,2,3,3,0,1,3,IMPROPER TURNING/NO SIGNAL,2,1,0.0,0.0,0.0,0.0,0.0,2.0,18,3,10,10/29/2024,2024-10-29,18:30:00
10/23/2024 07:44:00 AM,7.0,2,1,5,6,1,3,3,0,1,3,UNABLE TO DETERMINE,2,1,0.0,0.0,0.0,0.0,0.0,2.0,7,4,10,10/23/2024,2024-10-23,07:44:00
10/24/2024 06:20:00 PM,5.0,2,1,5,1,1,1,1,0,1,3,UNABLE TO DETERMINE,2,1,0.0,0.0,0.0,0.0,0.0,3.0,18,5,10,10/24/2024,2024-10-24,18:20:00
10/28/2024 08:35:00 AM,5.0,2,1,6,5,1,3,3,0,1,3,IMPROPER OVERTAKING/PASSING,2,1,0.0,0.0,0.0,0.0,0.0,2.0,8,2,10,10/28/2024,2024-10-28,08:35:00
10/28/2024 01:00:00 PM,5.0,2,1,4,3,1,3,3,0,1,1,UNABLE TO DETERMINE,2,1,0.0,0.0,0.0,0.0,0.0,2.0,13,2,10,10/28/2024,2024-10-28,13:00:00
10/28/2024 02:20:00 PM,7.0,2,1,6,6,6,3,3,0,1,2,DISTRACTION - FROM INSIDE VEHICLE,2,1,0.0,0.0,0.0,0.0,0.0,2.0,14,2,10,10/28/2024,2024-10-28,14:20:00
10/19/2024 04:45:00 PM,5.0,2,1,3,5,1,3,3,0,1,3,IMPROPER TURNING/NO SIGNAL,2,1,0.0,0.0,0.0,0.0,0.0,2.0,16,7,10,10/19/2024,2024-10-19,16:45:00
10/27/2024 02:05:00 PM,5.0,2,1,4,7,1,3,3,1,1,3,FOLLOWING TOO CLOSELY,2,2,1.0,0.0,0.0,0.0,1.0,3.0,14,1,10,10/27/2024,2024-10-27,14:05:00
10/28/2024 08:20:00 AM,3.0,2,1,6,6,1,3,3,0,1,2,IMPROPER OVERTAKING/PASSING,2,1,0.0,0.0,0.0,0.0,0.0,2.0,8,2,10,10/28/2024,2024-10-28,08:20:00
10/29/2024 10:00:00 AM,7.0,2,1,6,7,1,3,3,0,1,3,FAILING TO YIELD RIGHT-OF-WAY,2,1,0.0,0.0,0.0,0.0,0.0,2.0,10,3,10,10/29/2024,2024-10-29,10:00:00
10/29/2024 09:56:00 AM,5.0,2,1,6,5,4,1,1,0,1,2,DRIVING SKILLS/KNOWLEDGE/EXPERIENCE,2,1,0.0,0.0,0.0,0.0,0.0,2.0,9,3,10,10/29/2024,2024-10-29,09:56:00
10/28/2024 11:30:00 AM,7.0,2,1,5,4,1,3,3,1,1,3,FAILING TO YIELD RIGHT-OF-WAY,2,1,0.0,0.0,0.0,0.0,0.0,7.0,11,2,10,10/28/2024,2024-10-28,11:30:00
10/28/2024 08:15:00 PM,5.0,2,5,6,5,1,3,3,1,1,3,UNABLE TO DETERMINE,2,1,0.0,0.0,0.0,0.0,0.0,2.0,20,2,10,10/28/2024,2024-10-28,20:15:00
10/29/2024 03:50:00 PM,5.0,2,1,14,10,1,3,3,1,1,1,DISREGARDING TRAFFIC SIGNALS,2,3,1.0,0.0,0.0,1.0,0.0,1.0,15,3,10,10/29/2024,2024-10-29,15:50:00
10/28/2024 11:30:00 AM,5.0,2,1,4,3,1,3,3,0,1,3,UNABLE TO DETERMINE,2,1,0.0,0.0,0.0,0.0,0.0,2.0,11,2,10,10/28/2024,2024-10-28,11:30:00
10/29/2024 07:30:00 PM,5.0,2,3,3,6,1,3,3,0,1,2,IMPROPER LANE USAGE,2,1,0.0,0.0,0.0,0.0,0.0,2.0,19,3,10,10/29/2024,2024-10-29,19:30:00
10/27/2024 12:45:00 PM,5.0,2,1,6,5,1,3,1,0,1,2,UNABLE TO DETERMINE,2,1,0.0,0.0,0.0,0.0,0.0,3.0,12,1,10,10/27/2024,2024-10-27,12:45:00
10/29/2024 04:00:00 PM,5.0,2,1,13,5,1,3,3,1,1,1,FAILING TO YIELD RIGHT-OF-WAY,2,3,1.0,0.0,0.0,1.0,0.0,1.0,16,3,10,10/29/2024,2024-10-29,16:00:00
10/29/2024 05:00:00 PM,5.0,2,1,13,5,1,3,1,1,1,2,DISREGARDING TRAFFIC SIGNALS,2,3,1.0,0.0,0.0,1.0,0.0,1.0,17,3,10,10/29/2024,2024-10-29,17:00:00
10/29/2024 10:05:00 AM,5.0,2,1,4,5,1,3,3,0,1,3,FOLLOWING TOO CLOSELY,2,1,0.0,0.0,0.0,0.0,0.0,2.0,10,3,10,10/29/2024,2024-10-29,10:05:00
10/30/2024 12:23:00 AM,5.0,2,4,5,4,1,3,1,1,1,3,UNABLE TO DETERMINE,2,3,1.0,0.0,0.0,1.0,0.0,2.0,0,4,10,10/30/2024,2024-10-30,00:23:00
10/25/2024 07:09:00 AM,5.0,4,1,6,5,1,4,3,1,1,3,FAILING TO YIELD RIGHT-OF-WAY,2,2,1.0,0.0,0.0,0.0,1.0,1.0,7,6,10,10/25/2024,2024-10-25,07:09:00
10/29/2024 05:40:00 PM,5.0,2,3,6,5,1,3,3,0,1,3,FOLLOWING TOO CLOSELY,2,1,0.0,0.0,0.0,0.0,0.0,2.0,17,3,10,10/29/2024,2024-10-29,17:40:00
10/25/2024 03:41:00 AM,5.0,4,4,5,3,1,4,3,1,1,3,UNABLE TO DETERMINE,2,1,0.0,0.0,0.0,0.0,0.0,2.0,3,6,10,10/25/2024,2024-10-25,03:41:00
10/15/2024 05:35:00 PM,3.0,4,3,4,4,1,4,3,0,1,3,FAILING TO REDUCE SPEED TO AVOID CRASH,2,1,0.0,0.0,0.0,0.0,0.0,2.0,17,3,10,10/15/2024,2024-10-15,17:35:00
10/15/2024 08:05:00 AM,7.0,4,1,13,6,1,4,3,1,1,1,FAILING TO REDUCE SPEED TO AVOID CRASH,2,3,1.0,0.0,0.0,1.0,0.0,1.0,8,3,10,10/15/2024,2024-10-15,08:05:00
10/15/2024 11:47:00 AM,5.0,4,1,3,3,1,4,3,0,1,3,IMPROPER OVERTAKING/PASSING,2,1,0.0,0.0,0.0,0.0,0.0,2.0,11,3,10,10/15/2024,2024-10-15,11:47:00
10/15/2024 02:45:00 PM,7.0,2,1,14,6,1,1,1,1,1,3,FAILING TO YIELD RIGHT-OF-WAY,2,2,1.0,0.0,0.0,0.0,1.0,1.0,14,3,10,10/15/2024,2024-10-15,14:45:00
10/15/2024 10:45:00 AM,5.0,4,1,6,5,1,4,3,0,1,3,UNABLE TO DETERMINE,2,1,0.0,0.0,0.0,0.0,0.0,2.0,10,3,10,10/15/2024,2024-10-15,10:45:00
11/03/2024 04:53:00 PM,7.0,2,4,5,5,1,3,3,1,1,3,FAILING TO YIELD RIGHT-OF-WAY,2,3,1.0,0.0,0.0,1.0,0.0,5.0,16,1,11,11/03/2024,2024-11-03,16:53:00
10/15/2024 12:33:00 PM,5.0,4,1,5,5,1,4,1,1,1,3,DISREGARDING TRAFFIC SIGNALS,2,1,0.0,0.0,0.0,0.0,0.0,2.0,12,3,10,10/15/2024,2024-10-15,12:33:00
10/15/2024 07:20:00 AM,5.0,4,1,6,5,1,4,1,0,1,3,FOLLOWING TOO CLOSELY,2,1,0.0,0.0,0.0,0.0,0.0,2.0,7,3,10,10/15/2024,2024-10-15,07:20:00
10/15/2024 08:00:00 AM,7.0,4,1,5,5,1,4,3,1,1,3,UNABLE TO DETERMINE,2,2,2.0,0.0,0.0,0.0,2.0,1.0,8,3,10,10/15/2024,2024-10-15,08:00:00
10/15/2024 07:15:00 PM,7.0,2,4,4,10,1,4,3,0,1,3,FOLLOWING TOO CLOSELY,2,1,0.0,0.0,0.0,0.0,0.0,3.0,19,3,10,10/15/2024,2024-10-15,19:15:00
10/15/2024 08:00:00 AM,5.0,4,1,4,5,1,4,3,0,1,1,FOLLOWING TOO CLOSELY,2,1,0.0,0.0,0.0,0.0,0.0,2.0,8,3,10,10/15/2024,2024-10-15,08:00:00
10/15/2024 09:45:00 AM,5.0,4,1,6,7,1,4,3,1,1,1,FAILING TO YIELD RIGHT-OF-WAY,2,1,0.0,0.0,0.0,0.0,0.0,2.0,9,3,10,10/15/2024,2024-10-15,09:45:00
10/15/2024 01:15:00 PM,7.0,4,1,4,6,1,4,1,0,1,3,FOLLOWING TOO CLOSELY,2,1,0.0,0.0,0.0,0.0,0.0,2.0,13,3,10,10/15/2024,2024-10-15,13:15:00
10/15/2024 05:25:00 PM,3.0,2,1,13,3,1,3,3,1,1,3,NOT APPLICABLE,2,2,1.0,0.0,0.0,0.0,1.0,1.0,17,3,10,10/15/2024,2024-10-15,17:25:00
10/15/2024 05:30:00 PM,3.0,4,3,4,6,1,1,3,1,0,3,FOLLOWING TOO CLOSELY,2,1,0.0,0.0,0.0,0.0,0.0,2.0,17,3,10,10/15/2024,2024-10-15,17:30:00
10/15/2024 02:58:00 PM,7.0,4,1,11,7,1,4,1,0,1,3,UNABLE TO DETERMINE,2,1,0.0,0.0,0.0,0.0,0.0,1.0,14,3,10,10/15/2024,2024-10-15,14:58:00
10/15/2024 08:49:00 AM,5.0,4,1,4,6,1,4,3,1,1,1,FOLLOWING TOO CLOSELY,2,3,1.0,0.0,0.0,1.0,0.0,2.0,8,3,10,10/15/2024,2024-10-15,08:49:00
10/15/2024 09:20:00 AM,5.0,4,1,4,5,1,4,3,0,1,2,FAILING TO YIELD RIGHT-OF-WAY,2,1,0.0,0.0,0.0,0.0,0.0,3.0,9,3,10,10/15/2024,2024-10-15,09:20:00
10/15/2024 07:50:00 AM,7.0,4,1,5,5,1,4,3,1,1,3,"VISION OBSCURED (SIGNS, TREE LIMBS, BUILDINGS, ETC.)",2,1,0.0,0.0,0.0,0.0,0.0,2.0,7,3,10,10/15/2024,2024-10-15,07:50:00
10/15/2024 07:40:00 AM,7.0,4,1,4,10,1,4,3,0,1,2,FOLLOWING TOO CLOSELY,2,1,0.0,0.0,0.0,0.0,0.0,3.0,7,3,10,10/15/2024,2024-10-15,07:40:00
10/15/2024 03:30:00 PM,5.0,4,1,4,6,1,4,3,0,1,3,FOLLOWING TOO CLOSELY,2,1,0.0,0.0,0.0,0.0,0.0,2.0,15,3,10,10/15/2024,2024-10-15,15:30:00
10/15/2024 10:30:00 PM,5.0,2,4,6,14,1,3,1,0,1,3,FAILING TO YIELD RIGHT-OF-WAY,2,1,0.0,0.0,0.0,0.0,0.0,2.0,22,3,10,10/15/2024,2024-10-15,22:30:00
11/07/2024 05:00:00 PM,3.0,2,4,11,10,1,3,3,0,0,3,UNABLE TO DETERMINE,2,1,0.0,0.0,0.0,0.0,0.0,1.0,17,5,11,11/07/2024,2024-11-07,17:00:00
11/07/2024 06:05:00 PM,7.0,2,4,5,5,1,3,3,0,1,3,FAILING TO YIELD RIGHT-OF-WAY,2,1,0.0,0.0,0.0,0.0,0.0,2.0,18,5,11,11/07/2024,2024-11-07,18:05:00
10/15/2024 01:29:00 PM,5.0,4,1,6,4,1,4,3,1,1,3,FAILING TO YIELD RIGHT-OF-WAY,2,2,2.0,0.0,0.0,0.0,2.0,0.0,13,3,10,10/15/2024,2024-10-15,13:29:00
10/15/2024 04:30:00 PM,5.0,2,1,6,6,1,3,3,0,1,3,IMPROPER BACKING,2,1,0.0,0.0,0.0,0.0,0.0,2.0,16,3,10,10/15/2024,2024-10-15,16:30:00
10/15/2024 10:20:00 AM,7.0,4,1,5,6,1,4,1,0,0,3,UNABLE TO DETERMINE,2,1,0.0,0.0,0.0,0.0,0.0,2.0,10,3,10,10/15/2024,2024-10-15,10:20:00
10/15/2024 07:25:00 PM,5.0,4,4,13,5,1,4,1,1,1,3,FAILING TO YIELD RIGHT-OF-WAY,2,2,1.0,0.0,0.0,0.0,1.0,1.0,19,3,10,10/15/2024,2024-10-15,19:25:00
10/15/2024 06:32:00 PM,5.0,4,4,6,5,1,4,1,1,1,3,UNABLE TO DETERMINE,2,3,1.0,0.0,0.0,1.0,0.0,4.0,18,3,10,10/15/2024,2024-10-15,18:32:00
10/15/2024 02:55:00 PM,7.0,4,1,4,4,1,4,3,0,1,3,WEATHER,2,1,0.0,0.0,0.0,0.0,0.0,3.0,14,3,10,10/15/2024,2024-10-15,14:55:00
10/15/2024 07:00:00 PM,5.0,2,4,4,5,1,1,1,0,1,3,FOLLOWING TOO CLOSELY,2,1,0.0,0.0,0.0,0.0,0.0,2.0,19,3,10,10/15/2024,2024-10-15,19:00:00
10/15/2024 02:30:00 PM,7.0,2,1,6,4,1,4,3,0,1,3,DISREGARDING STOP SIGN,2,1,0.0,0.0,0.0,0.0,0.0,2.0,14,3,10,10/15/2024,2024-10-15,14:30:00
10/15/2024 02:00:00 PM,1.0,4,1,5,7,1,4,1,0,1,1,UNABLE TO DETERMINE,2,1,0.0,0.0,0.0,0.0,0.0,2.0,14,3,10,10/15/2024,2024-10-15,14:00:00