crash_date,traffic_control_device,weather_condition,lighting_condition,first_crash_type,trafficway_type,alignment,roadway_surface_cond,road_defect,crash_type,intersection_related_i,damage,prim_contributory_cause,num_units,most_severe_injury,injuries_total,injuries_fatal,injuries_incapacitating,injuries_non_incapacitating,injuries_reported_not_evident,injuries_no_indication,crash_hour,crash_day_of_week,crash_month,parsed_datetime,date,time
10/18/2024 03:00:00 PM,5.0,2,1,6,6,1,3,3,0,1,3,UNABLE TO DETERMINE,2,1,0.0,0.0,0.0,0.0,0.0,3.0,15,6,10,10/18/2024,2024-10-18,15:00:00
10/18/2024 03:46:00 PM,7.0,2,1,14,10,1,3,3,0,1,1,UNABLE TO DETERMINE,2,1,0.0,0.0,0.0,0.0,0.0,2.0,15,6,10,10/18/2024,2024-10-18,15:46:00
10/18/2024 08:35:00 AM,7.0,2,1,6,7,1,3,3,0,1,3,FAILING TO YIELD RIGHT-OF-WAY,2,1,0.0,0.0,0.0,0.0,0.0,2.0,8,6,10,10/18/2024,2024-10-18,08:35:00
10/18/2024 03:28:00 PM,5.0,2,1,4,6,1,3,3,0,1,3,FOLLOWING TOO CLOSELY,2,1,0.0,0.0,0.0,0.0,0.0,2.0,15,6,10,10/18/2024,2024-10-18,15:28:00
10/18/2024 07:39:00 PM,5.0,2,4,3,13,1,3,3,0,1,3,UNABLE TO DETERMINE,2,1,0.0,0.0,0.0,0.0,0.0,2.0,19,6,10,10/18/2024,2024-10-18,19:39:00
10/18/2024 01:32:00 PM,5.0,2,1,3,4,1,3,3,0,1,3,IMPROPER OVERTAKING/PASSING,2,1,0.0,0.0,0.0,0.0,0.0,2.0,13,6,10,10/18/2024,2024-10-18,13:32:00
10/18/2024 06:15:00 PM,5.0,2,4,4,5,1,4,3,0,1,3,FAILING TO REDUCE SPEED TO AVOID CRASH,2,1,0.0,0.0,0.0,0.0,0.0,2.0,18,6,10,10/18/2024,2024-10-18,18:15:00
10/18/2024 09:53:00 AM,7.0,2,1,5,7,1,3,3,1,1,3,UNABLE TO DETERMINE,2,3,2.0,0.0,0.0,1.0,1.0,0.0,9,6,10,10/18/2024,2024-10-18,09:53:00
10/18/2024 09:40:00 AM,5.0,2,1,5,6,1,3,3,1,1,3,UNABLE TO DETERMINE,2,1,0.0,0.0,0.0,0.0,0.0,2.0,9,6,10,10/18/2024,2024-10-18,09:40:00
10/18/2024 04:40:00 PM,5.0,2,1,4,4,1,3,3,0,1,3,UNABLE TO DETERMINE,2,1,0.0,0.0,0.0,0.0,0.0,2.0,16,6,10,10/18/2024,2024-10-18,16:40:00
10/18/2024 08:30:00 AM,7.0,2,1,6,5,1,3,3,0,1,3,IMPROPER TURNING/NO SIGNAL,2,1,0.0,0.0,0.0,0.0,0.0,2.0,8,6,10,10/18/2024,2024-10-18,08:30:00
10/18/2024 12:20:00 PM,5.0,2,1,5,6,1,3,3,1,1,3,FAILING TO YIELD RIGHT-OF-WAY,2,1,0.0,0.0,0.0,0.0,0.0,2.0,12,6,10,10/18/2024,2024-10-18,12:20:00
11/01/2024 08:47:00 AM,1.0,2,1,6,7,1,3,1,0,1,3,NOT APPLICABLE,2,1,0.0,0.0,0.0,0.0,0.0,3.0,8,6,11,11/01/2024,2024-11-01,08:47:00
11/02/2024 04:03:00 PM,5.0,2,1,5,3,1,3,3,1,1,3,FAILING TO YIELD RIGHT-OF-WAY,2,1,0.0,0.0,0.0,0.0,0.0,3.0,16,7,11,11/02/2024,2024-11-02,16:03:00
11/03/2024 01:40:00 AM,5.0,2,4,5,5,1,3,7,1,1,3,UNABLE TO DETERMINE,2,2,1.0,0.0,0.0,0.0,1.0,2.0,1,1,11,11/03/2024,2024-11-03,01:40:00
11/03/2024 12:20:00 AM,5.0,2,4,6,5,1,3,3,1,1,3,FAILING TO YIELD RIGHT-OF-WAY,2,1,0.0,0.0,0.0,0.0,0.0,4.0,0,1,11,11/03/2024,2024-11-03,00:20:00
11/02/2024 12:29:00 PM,5.0,2,1,4,6,1,3,3,0,1,1,IMPROPER BACKING,2,1,0.0,0.0,0.0,0.0,0.0,3.0,12,7,11,11/02/2024,2024-11-02,12:29:00
11/02/2024 03:18:00 PM,7.0,2,1,14,6,1,3,3,1,1,2,UNABLE TO DETERMINE,2,3,1.0,0.0,0.0,1.0,0.0,1.0,15,7,11,11/02/2024,2024-11-02,15:18:00
11/03/2024 03:15:00 AM,1.0,2,3,7,6,1,3,3,1,1,3,DISREGARDING STOP SIGN,2,1,0.0,0.0,0.0,0.0,0.0,3.0,3,1,11,11/03/2024,2024-11-03,03:15:00
10/28/2024 09:54:00 AM,5.0,2,1,13,5,1,3,3,1,1,1,UNABLE TO DETERMINE,2,2,1.0,0.0,0.0,0.0,1.0,1.0,9,2,10,10/28/2024,2024-10-28,09:54:00
10/27/2024 03:30:00 AM,5.0,2,4,4,5,1,3,3,0,1,3,FAILING TO REDUCE SPEED TO AVOID CRASH,2,1,0.0,0.0,0.0,0.0,0.0,2.0,3,1,10,10/27/2024,2024-10-27,03:30:00
11/02/2024 04:20:00 PM,3.0,2,1,5,6,1,3,3,0,1,3,FAILING TO YIELD RIGHT-OF-WAY,2,1,0.0,0.0,0.0,0.0,0.0,2.0,16,7,11,11/02/2024,2024-11-02,16:20:00
11/01/2024 11:09:00 PM,5.0,2,4,6,5,1,3,3,0,1,3,IMPROPER LANE USAGE,2,1,0.0,0.0,0.0,0.0,0.0,2.0,23,6,11,11/01/2024,2024-11-01,23:09:00
11/02/2024 07:30:00 PM,7.0,2,1,6,6,1,1,1,0,1,3,IMPROPER TURNING/NO SIGNAL,2,1,0.0,0.0,0.0,0.0,0.0,5.0,19,7,11,11/02/2024,2024-11-02,19:30:00
11/02/2024 01:30:00 PM,5.0,2,1,4,7,1,3,3,0,1,3,DISTRACTION - FROM INSIDE VEHICLE,2,1,0.0,0.0,0.0,0.0,0.0,2.0,13,7,11,11/02/2024,2024-11-02,13:30:00
11/01/2024 09:30:00 AM,7.0,2,1,5,6,1,3,3,1,1,3,UNABLE TO DETERMINE,2,2,1.0,0.0,0.0,0.0,1.0,1.0,9,6,11,11/01/2024,2024-11-01,09:30:00
11/01/2024 08:18:00 PM,1.0,2,1,4,5,1,1,1,0,1,3,FOLLOWING TOO CLOSELY,2,1,0.0,0.0,0.0,0.0,0.0,2.0,20,6,11,11/01/2024,2024-11-01,20:18:00
11/01/2024 09:15:00 AM,5.0,2,1,3,5,1,3,7,1,1,3,FAILING TO REDUCE SPEED TO AVOID CRASH,2,1,0.0,0.0,0.0,0.0,0.0,2.0,9,6,11,11/01/2024,2024-11-01,09:15:00
11/02/2024 03:35:00 PM,3.0,2,1,6,6,1,3,3,1,1,2,NOT APPLICABLE,2,3,2.0,0.0,0.0,2.0,0.0,1.0,15,7,11,11/02/2024,2024-11-02,15:35:00
11/02/2024 01:52:00 PM,5.0,2,1,6,5,1,3,3,0,1,3,FAILING TO YIELD RIGHT-OF-WAY,2,1,0.0,0.0,0.0,0.0,0.0,3.0,13,7,11,11/02/2024,2024-11-02,13:52:00
11/02/2024 09:00:00 AM,5.0,2,1,6,6,1,3,3,0,1,1,DISREGARDING TRAFFIC SIGNALS,2,1,0.0,0.0,0.0,0.0,0.0,2.0,9,7,11,11/02/2024,2024-11-02,09:00:00
11/02/2024 06:48:00 PM,5.0,2,2,10,6,1,3,3,0,0,3,UNABLE TO DETERMINE,2,1,0.0,0.0,0.0,0.0,0.0,2.0,18,7,11,11/02/2024,2024-11-02,18:48:00
11/02/2024 03:30:00 PM,1.0,2,1,3,5,1,3,3,0,1,2,UNABLE TO DETERMINE,2,1,0.0,0.0,0.0,0.0,0.0,2.0,15,7,11,11/02/2024,2024-11-02,15:30:00
11/02/2024 04:50:00 PM,5.0,2,4,6,5,1,3,3,0,1,2,FOLLOWING TOO CLOSELY,2,1,0.0,0.0,0.0,0.0,0.0,4.0,16,7,11,11/02/2024,2024-11-02,16:50:00
11/01/2024 03:20:00 PM,5.0,2,1,3,5,1,3,3,0,1,3,UNABLE TO DETERMINE,2,1,0.0,0.0,0.0,0.0,0.0,2.0,15,6,11,11/01/2024,2024-11-01,15:20:00
11/02/2024 08:15:00 AM,5.0,2,1,3,6,1,3,3,1,1,3,UNABLE TO DETERMINE,2,1,0.0,0.0,0.0,0.0,0.0,2.0,8,7,11,11/02/2024,2024-11-02,08:15:00
11/01/2024 05:05:00 PM,7.0,2,2,5,10,1,3,3,1,1,3,UNABLE TO DETERMINE,2,1,0.0,0.0,0.0,0.0,0.0,2.0,17,6,11,11/01/2024,2024-11-01,17:05:00
11/02/2024 09:31:00 AM,7.0,2,1,5,5,1,3,3,1,1,3,DISREGARDING STOP SIGN,2,2,2.0,0.0,0.0,0.0,2.0,5.0,9,7,11,11/02/2024,2024-11-02,09:31:00
11/03/2024 01:15:00 AM,7.0,2,4,5,6,1,3,3,1,1,3,UNDER THE INFLUENCE OF ALCOHOL/DRUGS (USE WHEN ARREST IS EFFECTED),2,1,0.0,0.0,0.0,0.0,0.0,9.0,1,1,11,11/03/2024,2024-11-03,01:15:00
10/19/2024 12:02:00 AM,5.0,2,4,5,5,1,3,3,1,1,3,UNABLE TO DETERMINE,2,2,1.0,0.0,0.0,0.0,1.0,2.0,0,7,10,10/19/2024,2024-10-19,00:02:00
10/19/2024 08:00:00 PM,5.0,2,4,6,1,1,1,1,0,1,3,FOLLOWING TOO CLOSELY,2,1,0.0,0.0,0.0,0.0,0.0,2.0,20,7,10,10/19/2024,2024-10-19,20:00:00
10/19/2024 09:45:00 PM,5.0,2,1,6,5,1,1,1,0,1,3,IMPROPER TURNING/NO SIGNAL,2,1,0.0,0.0,0.0,0.0,0.0,3.0,21,7,10,10/19/2024,2024-10-19,21:45:00
10/19/2024 01:40:00 PM,1.0,2,1,14,6,1,1,1,0,1,3,UNABLE TO DETERMINE,2,1,0.0,0.0,0.0,0.0,0.0,2.0,13,7,10,10/19/2024,2024-10-19,13:40:00
10/19/2024 07:44:00 PM,5.0,2,4,6,5,1,3,7,1,1,3,FAILING TO YIELD RIGHT-OF-WAY,2,1,0.0,0.0,0.0,0.0,0.0,2.0,19,7,10,10/19/2024,2024-10-19,19:44:00
10/19/2024 11:30:00 PM,5.0,2,4,5,12,1,3,3,1,1,3,DISREGARDING TRAFFIC SIGNALS,2,2,1.0,0.0,0.0,0.0,1.0,2.0,23,7,10,10/19/2024,2024-10-19,23:30:00
10/19/2024 04:00:00 AM,5.0,2,4,5,5,1,3,3,1,1,3,DISREGARDING TRAFFIC SIGNALS,2,1,0.0,0.0,0.0,0.0,0.0,4.0,4,7,10,10/19/2024,2024-10-19,04:00:00
10/19/2024 03:26:00 PM,5.0,2,1,14,5,1,3,3,1,1,1,IMPROPER TURNING/NO SIGNAL,2,2,1.0,0.0,0.0,0.0,1.0,1.0,15,7,10,10/19/2024,2024-10-19,15:26:00
10/19/2024 11:25:00 AM,3.0,2,1,6,7,1,3,3,0,1,3,FAILING TO YIELD RIGHT-OF-WAY,2,1,0.0,0.0,0.0,0.0,0.0,2.0,11,7,10,10/19/2024,2024-10-19,11:25:00
10/19/2024 02:30:00 PM,3.0,2,1,5,5,1,3,3,0,1,3,DRIVING SKILLS/KNOWLEDGE/EXPERIENCE,2,1,0.0,0.0,0.0,0.0,0.0,2.0,14,7,10,10/19/2024,2024-10-19,14:30:00
10/19/2024 06:05:00 PM,5.0,2,2,4,4,1,3,3,0,1,1,FOLLOWING TOO CLOSELY,2,1,0.0,0.0,0.0,0.0,0.0,2.0,18,7,10,10/19/2024,2024-10-19,18:05:00
10/19/2024 11:30:00 AM,5.0,2,1,3,6,1,3,3,0,1,2,UNABLE TO DETERMINE,2,1,0.0,0.0,0.0,0.0,0.0,2.0,11,7,10,10/19/2024,2024-10-19,11:30:00
10/19/2024 07:54:00 PM,3.0,2,4,6,10,1,3,1,0,1,2,IMPROPER TURNING/NO SIGNAL,2,1,0.0,0.0,0.0,0.0,0.0,3.0,19,7,10,10/19/2024,2024-10-19,19:54:00
10/19/2024 09:00:00 AM,3.0,2,1,6,6,1,3,3,0,1,3,DRIVING SKILLS/KNOWLEDGE/EXPERIENCE,2,1,0.0,0.0,0.0,0.0,0.0,3.0,9,7,10,10/19/2024,2024-10-19,09:00:00
10/19/2024 01:25:00 PM,5.0,2,1,3,5,4,3,1,0,1,2,IMPROPER LANE USAGE,2,1,0.0,0.0,0.0,0.0,0.0,2.0,13,7,10,10/19/2024,2024-10-19,13:25:00
10/19/2024 05:36:00 PM,3.0,2,1,4,6,1,3,1,1,1,3,UNABLE TO DETERMINE,2,3,1.0,0.0,0.0,1.0,0.0,5.0,17,7,10,10/19/2024,2024-10-19,17:36:00
10/19/2024 12:20:00 PM,5.0,2,1,6,5,1,3,3,1,1,3,UNABLE TO DETERMINE,2,1,0.0,0.0,0.0,0.0,0.0,2.0,12,7,10,10/19/2024,2024-10-19,12:20:00
10/19/2024 07:00:00 AM,5.0,2,1,4,5,1,3,3,0,1,3,UNABLE TO DETERMINE,2,1,0.0,0.0,0.0,0.0,0.0,2.0,7,7,10,10/19/2024,2024-10-19,07:00:00
10/19/2024 01:58:00 AM,5.0,2,4,6,4,1,3,3,1,1,3,IMPROPER TURNING/NO SIGNAL,2,2,1.0,0.0,0.0,0.0,1.0,1.0,1,7,10,10/19/2024,2024-10-19,01:58:00
10/19/2024 03:10:00 PM,5.0,2,1,6,5,1,3,3,0,1,3,UNABLE TO DETERMINE,2,1,0.0,0.0,0.0,0.0,0.0,3.0,15,7,10,10/19/2024,2024-10-19,15:10:00
10/19/2024 07:45:00 PM,5.0,2,4,4,14,1,3,1,0,1,3,IMPROPER OVERTAKING/PASSING,2,1,0.0,0.0,0.0,0.0,0.0,2.0,19,7,10,10/19/2024,2024-10-19,19:45:00
10/19/2024 06:43:00 PM,3.0,2,4,3,10,1,3,3,0,1,3,IMPROPER LANE USAGE,2,1,0.0,0.0,0.0,0.0,0.0,2.0,18,7,10,10/19/2024,2024-10-19,18:43:00
10/19/2024 01:00:00 PM,5.0,2,1,13,5,1,3,1,1,1,3,UNABLE TO DETERMINE,2,3,1.0,0.0,0.0,1.0,0.0,1.0,13,7,10,10/19/2024,2024-10-19,13:00:00
10/19/2024 03:50:00 PM,5.0,2,1,14,4,1,3,3,1,1,3,BICYCLE ADVANCING LEGALLY ON RED LIGHT,2,2,1.0,0.0,0.0,0.0,1.0,3.0,15,7,10,10/19/2024,2024-10-19,15:50:00
10/19/2024 03:18:00 PM,7.0,2,1,13,5,1,1,1,1,1,1,"VISION OBSCURED (SIGNS, TREE LIMBS, BUILDINGS, ETC.)",2,3,1.0,0.0,0.0,1.0,0.0,1.0,15,7,10,10/19/2024,2024-10-19,15:18:00
11/01/2024 09:18:00 PM,1.0,2,4,4,5,1,1,1,0,1,3,UNABLE TO DETERMINE,2,1,0.0,0.0,0.0,0.0,0.0,2.0,21,6,11,11/01/2024,2024-11-01,21:18:00
11/02/2024 11:00:00 AM,5.0,2,1,5,5,1,3,3,1,1,3,FAILING TO YIELD RIGHT-OF-WAY,2,1,0.0,0.0,0.0,0.0,0.0,4.0,11,7,11,11/02/2024,2024-11-02,11:00:00
10/28/2024 07:00:00 AM,5.0,2,1,6,5,1,3,3,0,1,3,IMPROPER TURNING/NO SIGNAL,2,1,0.0,0.0,0.0,0.0,0.0,2.0,7,2,10,10/28/2024,2024-10-28,07:00:00
11/02/2024 04:30:00 AM,5.0,2,5,4,6,1,3,3,0,1,2,IMPROPER LANE USAGE,2,1,0.0,0.0,0.0,0.0,0.0,2.0,4,7,11,11/02/2024,2024-11-02,04:30:00
11/03/2024 07:15:00 PM,3.0,2,4,3,3,1,3,3,1,0,2,FAILING TO REDUCE SPEED TO AVOID CRASH,2,1,0.0,0.0,0.0,0.0,0.0,2.0,19,1,11,11/03/2024,2024-11-03,19:15:00
11/03/2024 01:39:00 PM,5.0,4,1,6,4,1,4,3,0,1,3,FAILING TO YIELD RIGHT-OF-WAY,2,1,0.0,0.0,0.0,0.0,0.0,2.0,13,1,11,11/03/2024,2024-11-03,13:39:00
11/01/2024 07:30:00 PM,5.0,2,4,4,3,1,3,3,0,1,2,UNABLE TO DETERMINE,2,1,0.0,0.0,0.0,0.0,0.0,2.0,19,6,11,11/01/2024,2024-11-01,19:30:00
11/02/2024 03:57:00 PM,6.0,2,1,13,7,1,3,3,1,1,3,FAILING TO YIELD RIGHT-OF-WAY,2,4,1.0,0.0,1.0,0.0,0.0,3.0,15,7,11,11/02/2024,2024-11-02,15:57:00
11/03/2024 03:40:00 PM,5.0,4,1,4,4,1,4,1,0,1,3,FAILING TO REDUCE SPEED TO AVOID CRASH,2,1,0.0,0.0,0.0,0.0,0.0,2.0,15,1,11,11/03/2024,2024-11-03,15:40:00
10/26/2024 02:12:00 PM,7.0,2,1,5,6,1,3,3,0,1,3,FAILING TO YIELD RIGHT-OF-WAY,2,1,0.0,0.0,0.0,0.0,0.0,2.0,14,7,10,10/26/2024,2024-10-26,14:12:00
10/31/2024 08:55:00 AM,5.0,2,1,6,4,4,1,3,0,1,2,IMPROPER TURNING/NO SIGNAL,2,1,0.0,0.0,0.0,0.0,0.0,4.0,8,5,10,10/31/2024,2024-10-31,08:55:00
11/04/2024 12:25:00 AM,5.0,4,4,4,4,1,4,3,1,0,3,UNABLE TO DETERMINE,2,1,0.0,0.0,0.0,0.0,0.0,2.0,0,2,11,11/04/2024,2024-11-04,00:25:00
11/02/2024 01:20:00 PM,3.0,2,1,5,2,1,3,1,0,0,3,IMPROPER BACKING,2,1,0.0,0.0,0.0,0.0,0.0,2.0,13,7,11,11/02/2024,2024-11-02,13:20:00
10/26/2024 01:40:00 AM,5.0,2,4,6,5,1,3,3,0,1,3,IMPROPER TURNING/NO SIGNAL,2,1,0.0,0.0,0.0,0.0,0.0,2.0,1,7,10,10/26/2024,2024-10-26,01:40:00
11/03/2024 12:11:00 AM,3.0,2,5,3,6,1,3,3,0,1,2,IMPROPER LANE USAGE,2,1,0.0,0.0,0.0,0.0,0.0,2.0,0,1,11,11/03/2024,2024-11-03,00:11:00
11/03/2024 05:09:00 AM,5.0,2,3,5,5,1,3,3,1,1,3,DISREGARDING TRAFFIC SIGNALS,2,2,1.0,0.0,0.0,0.0,1.0,1.0,5,1,11,11/03/2024,2024-11-03,05:09:00
11/03/2024 11:20:00 AM,5.0,2,1,5,5,1,3,3,1,1,3,UNABLE TO DETERMINE,2,1,0.0,0.0,0.0,0.0,0.0,2.0,11,1,11,11/03/2024,2024-11-03,11:20:00
10/26/2024 07:23:00 PM,7.0,2,4,13,6,1,3,3,1,1,3,DISREGARDING STOP SIGN,2,3,1.0,0.0,0.0,1.0,0.0,1.0,19,7,10,10/26/2024,2024-10-26,19:23:00
10/30/2024 10:53:00 PM,5.0,2,4,5,5,1,3,3,0,1,3,FAILING TO YIELD RIGHT-OF-WAY,2,1,0.0,0.0,0.0,0.0,0.0,3.0,22,4,10,10/30/2024,2024-10-30,22:53:00
11/01/2024 08:53:00 AM,5.0,2,1,6,5,1,3,3,0,1,3,UNABLE TO DETERMINE,2,1,0.0,0.0,0.0,0.0,0.0,2.0,8,6,11,11/01/2024,2024-11-01,08:53:00
11/02/2024 06:24:00 PM,7.0,2,4,5,1,1,1,1,1,1,3,UNABLE TO DETERMINE,2,2,2.0,0.0,0.0,0.0,2.0,2.0,18,7,11,11/02/2024,2024-11-02,18:24:00
11/03/2024 03:54:00 PM,5.0,2,1,6,12,1,3,3,1,1,3,DISREGARDING TRAFFIC SIGNALS,2,4,1.0,0.0,1.0,0.0,0.0,2.0,15,1,11,11/03/2024,2024-11-03,15:54:00
10/26/2024 10:20:00 AM,5.0,2,1,3,6,1,1,1,0,1,3,FAILING TO YIELD RIGHT-OF-WAY,2,1,0.0,0.0,0.0,0.0,0.0,2.0,10,7,10,10/26/2024,2024-10-26,10:20:00
11/03/2024 08:29:00 AM,7.0,2,1,5,6,1,3,3,0,1,3,FAILING TO REDUCE SPEED TO AVOID CRASH,2,1,0.0,0.0,0.0,0.0,0.0,2.0,8,1,11,11/03/2024,2024-11-03,08:29:00
10/24/2024 11:48:00 PM,3.0,2,4,6,6,1,3,3,1,1,3,IMPROPER TURNING/NO SIGNAL,2,2,2.0,0.0,0.0,0.0,2.0,1.0,23,5,10,10/24/2024,2024-10-24,23:48:00
11/01/2024 04:20:00 PM,5.0,2,1,6,4,1,3,3,0,1,3,UNABLE TO DETERMINE,2,1,0.0,0.0,0.0,0.0,0.0,2.0,16,6,11,11/01/2024,2024-11-01,16:20:00
11/03/2024 07:45:00 AM,5.0,2,1,5,4,1,3,3,1,1,2,DISREGARDING TRAFFIC SIGNALS,2,1,0.0,0.0,0.0,0.0,0.0,2.0,7,1,11,11/03/2024,2024-11-03,07:45:00
11/02/2024 10:35:00 AM,3.0,2,1,13,4,1,3,3,1,1,1,UNABLE TO DETERMINE,2,3,1.0,0.0,0.0,1.0,0.0,1.0,10,7,11,11/02/2024,2024-11-02,10:35:00
11/03/2024 06:39:00 PM,7.0,4,4,13,5,1,4,3,1,1,1,UNABLE TO DETERMINE,2,2,1.0,0.0,0.0,0.0,1.0,1.0,18,1,11,11/03/2024,2024-11-03,18:39:00
11/03/2024 03:20:00 PM,3.0,3,1,4,6,1,4,3,0,0,2,FOLLOWING TOO CLOSELY,2,1,0.0,0.0,0.0,0.0,0.0,3.0,15,1,11,11/03/2024,2024-11-03,15:20:00
11/02/2024 08:14:00 AM,3.0,2,1,3,10,1,3,3,1,1,3,UNABLE TO DETERMINE,2,3,2.0,0.0,0.0,1.0,1.0,1.0,8,7,11,11/02/2024,2024-11-02,08:14:00
10/20/2024 10:15:00 AM,3.0,2,1,6,5,1,3,3,1,1,3,IMPROPER OVERTAKING/PASSING,2,1,0.0,0.0,0.0,0.0,0.0,2.0,10,1,10,10/20/2024,2024-10-20,10:15:00
10/20/2024 10:45:00 AM,5.0,2,1,13,5,1,3,1,1,1,3,FAILING TO YIELD RIGHT-OF-WAY,2,3,1.0,0.0,0.0,1.0,0.0,1.0,10,1,10,10/20/2024,2024-10-20,10:45:00
10/20/2024 12:15:00 PM,3.0,2,1,5,6,1,3,3,0,0,3,UNABLE TO DETERMINE,2,1,0.0,0.0,0.0,0.0,0.0,4.0,12,1,10,10/20/2024,2024-10-20,12:15:00
11/03/2024 03:17:00 PM,5.0,2,1,13,5,1,1,1,1,1,3,UNABLE TO DETERMINE,2,3,1.0,0.0,0.0,1.0,0.0,1.0,15,1,11,11/03/2024,2024-11-03,15:17:00
10/20/2024 02:19:00 PM,5.0,2,1,4,5,1,3,3,1,1,1,FAILING TO REDUCE SPEED TO AVOID CRASH,2,3,2.0,0.0,0.0,1.0,1.0,1.0,14,1,10,10/20/2024,2024-10-20,14:19:00
10/20/2024 03:30:00 PM,5.0,2,1,13,6,1,3,1,0,1,1,UNABLE TO DETERMINE,2,1,0.0,0.0,0.0,0.0,0.0,2.0,15,1,10,10/20/2024,2024-10-20,15:30:00
10/20/2024 09:10:00 AM,5.0,2,1,3,5,1,3,3,0,1,3,UNABLE TO DETERMINE,2,1,0.0,0.0,0.0,0.0,0.0,3.0,9,1,10,10/20/2024,2024-10-20,09:10:00
10/20/2024 06:13:00 PM,5.0,2,2,6,6,1,3,3,0,1,3,IMPROPER TURNING/NO SIGNAL,2,1,0.0,0.0,0.0,0.0,0.0,2.0,18,1,10,10/20/2024,2024-10-20,18:13:00
10/20/2024 01:35:00 PM,5.0,2,1,6,4,1,3,3,0,1,3,UNABLE TO DETERMINE,2,1,0.0,0.0,0.0,0.0,0.0,4.0,13,1,10,10/20/2024,2024-10-20,13:35:00
10/20/2024 12:30:00 AM,5.0,2,4,6,18,1,3,3,0,1,3,IMPROPER TURNING/NO SIGNAL,2,1,0.0,0.0,0.0,0.0,0.0,2.0,0,1,10,10/20/2024,2024-10-20,00:30:00
10/20/2024 08:45:00 PM,5.0,2,4,4,6,1,3,1,0,0,3,UNABLE TO DETERMINE,2,1,0.0,0.0,0.0,0.0,0.0,4.0,20,1,10,10/20/2024,2024-10-20,20:45:00
10/20/2024 02:15:00 PM,7.0,2,1,5,10,1,3,3,0,1,3,UNABLE TO DETERMINE,2,1,0.0,0.0,0.0,0.0,0.0,3.0,14,1,10,10/20/2024,2024-10-20,14:15:00
10/20/2024 05:30:00 PM,5.0,2,1,6,5,1,3,3,0,1,1,FAILING TO YIELD RIGHT-OF-WAY,2,1,0.0,0.0,0.0,0.0,0.0,2.0,17,1,10,10/20/2024,2024-10-20,17:30:00
10/20/2024 11:15:00 AM,5.0,2,1,14,5,1,3,3,1,1,1,UNABLE TO DETERMINE,2,3,1.0,0.0,0.0,1.0,0.0,1.0,11,1,10,10/20/2024,2024-10-20,11:15:00
10/20/2024 01:45:00 PM,7.0,2,1,5,5,1,3,3,0,1,3,FAILING TO YIELD RIGHT-OF-WAY,2,1,0.0,0.0,0.0,0.0,0.0,3.0,13,1,10,10/20/2024,2024-10-20,13:45:00
10/20/2024 09:30:00 PM,5.0,2,4,14,5,1,3,1,1,1,3,FAILING TO YIELD RIGHT-OF-WAY,2,3,1.0,0.0,0.0,1.0,0.0,1.0,21,1,10,10/20/2024,2024-10-20,21:30:00
10/20/2024 03:25:00 PM,3.0,2,1,6,5,1,3,1,0,1,2,UNABLE TO DETERMINE,2,1,0.0,0.0,0.0,0.0,0.0,2.0,15,1,10,10/20/2024,2024-10-20,15:25:00
10/20/2024 01:13:00 AM,5.0,2,4,10,5,1,3,1,1,1,3,UNABLE TO DETERMINE,2,2,1.0,0.0,0.0,0.0,1.0,1.0,1,1,10,10/20/2024,2024-10-20,01:13:00
10/20/2024 02:53:00 PM,5.0,2,1,6,5,1,3,3,0,1,3,UNABLE TO DETERMINE,2,1,0.0,0.0,0.0,0.0,0.0,2.0,14,1,10,10/20/2024,2024-10-20,14:53:00
10/20/2024 01:30:00 PM,5.0,2,1,13,5,1,3,1,0,1,2,FAILING TO YIELD RIGHT-OF-WAY,2,1,0.0,0.0,0.0,0.0,0.0,2.0,13,1,10,10/20/2024,2024-10-20,13:30:00
10/20/2024 05:24:00 PM,5.0,2,1,3,6,1,3,1,0,0,2,RELATED TO BUS STOP,2,1,0.0,0.0,0.0,0.0,0.0,2.0,17,1,10,10/20/2024,2024-10-20,17:24:00
10/20/2024 11:47:00 PM,5.0,2,4,4,6,1,3,3,0,1,3,UNABLE TO DETERMINE,2,1,0.0,0.0,0.0,0.0,0.0,3.0,23,1,10,10/20/2024,2024-10-20,23:47:00
10/20/2024 06:40:00 PM,7.0,2,1,5,5,1,3,3,0,1,1,"VISION OBSCURED (SIGNS, TREE LIMBS, BUILDINGS, ETC.)",2,1,0.0,0.0,0.0,0.0,0.0,2.0,18,1,10,10/20/2024,2024-10-20,18:40:00
10/20/2024 07:54:00 PM,5.0,2,1,6,7,1,1,1,0,1,3,UNABLE TO DETERMINE,2,1,0.0,0.0,0.0,0.0,0.0,2.0,19,1,10,10/20/2024,2024-10-20,19:54:00
10/20/2024 05:30:00 PM,5.0,2,1,4,5,1,3,3,1,1,3,FAILING TO REDUCE SPEED TO AVOID CRASH,2,1,0.0,0.0,0.0,0.0,0.0,3.0,17,1,10,10/20/2024,2024-10-20,17:30:00
10/20/2024 09:56:00 PM,1.0,2,1,4,1,1,1,1,0,1,3,FAILING TO REDUCE SPEED TO AVOID CRASH,2,1,0.0,0.0,0.0,0.0,0.0,2.0,21,1,10,10/20/2024,2024-10-20,21:56:00