crash_date,traffic_control_device,weather_condition,lighting_condition,first_crash_type,trafficway_type,alignment,roadway_surface_cond,road_defect,crash_type,intersection_related_i,damage,prim_contributory_cause,num_units,most_severe_injury,injuries_total,injuries_fatal,injuries_incapacitating,injuries_non_incapacitating,injuries_reported_not_evident,injuries_no_indication,crash_hour,crash_day_of_week,crash_month,parsed_datetime,date,time
10/22/2024 03:52:00 PM,5.0,2,1,13,5,1,3,1,1,1,3,FAILING TO YIELD RIGHT-OF-WAY,2,3,1.0,0.0,0.0,1.0,0.0,1.0,15,3,10,10/22/2024,2024-10-22,15:52:00
10/22/2024 07:07:00 PM,1.0,1,4,6,5,1,3,1,1,1,3,UNABLE TO DETERMINE,2,1,0.0,0.0,0.0,0.0,0.0,2.0,19,3,10,10/22/2024,2024-10-22,19:07:00
10/22/2024 07:20:00 AM,5.0,2,1,3,5,1,3,3,0,1,3,IMPROPER LANE USAGE,2,1,0.0,0.0,0.0,0.0,0.0,2.0,7,3,10,10/22/2024,2024-10-22,07:20:00
10/22/2024 09:00:00 AM,5.0,2,1,5,4,1,3,1,0,1,3,DISREGARDING TRAFFIC SIGNALS,2,1,0.0,0.0,0.0,0.0,0.0,2.0,9,3,10,10/22/2024,2024-10-22,09:00:00
10/22/2024 03:05:00 PM,7.0,2,1,6,4,1,3,3,1,0,3,IMPROPER LANE USAGE,2,3,1.0,0.0,0.0,1.0,0.0,1.0,15,3,10,10/22/2024,2024-10-22,15:05:00
10/22/2024 10:30:00 PM,5.0,2,4,13,5,1,1,1,1,1,3,FAILING TO YIELD RIGHT-OF-WAY,2,3,1.0,0.0,0.0,1.0,0.0,1.0,22,3,10,10/22/2024,2024-10-22,22:30:00
10/22/2024 03:30:00 PM,7.0,2,1,5,5,1,3,3,1,1,3,FAILING TO YIELD RIGHT-OF-WAY,2,3,2.0,0.0,0.0,2.0,0.0,1.0,15,3,10,10/22/2024,2024-10-22,15:30:00
10/22/2024 10:20:00 AM,5.0,2,1,4,4,1,3,3,0,1,3,FOLLOWING TOO CLOSELY,2,1,0.0,0.0,0.0,0.0,0.0,3.0,10,3,10,10/22/2024,2024-10-22,10:20:00
10/22/2024 12:10:00 PM,5.0,2,1,3,6,1,3,3,0,1,2,FOLLOWING TOO CLOSELY,2,1,0.0,0.0,0.0,0.0,0.0,4.0,12,3,10,10/22/2024,2024-10-22,12:10:00
10/22/2024 10:26:00 AM,7.0,2,1,4,4,1,3,3,1,1,3,UNABLE TO DETERMINE,2,1,0.0,0.0,0.0,0.0,0.0,2.0,10,3,10,10/22/2024,2024-10-22,10:26:00
10/22/2024 08:45:00 AM,7.0,2,1,14,4,1,3,3,0,1,1,UNABLE TO DETERMINE,2,1,0.0,0.0,0.0,0.0,0.0,2.0,8,3,10,10/22/2024,2024-10-22,08:45:00
10/22/2024 01:25:00 PM,3.0,2,1,6,6,1,3,3,0,1,2,FOLLOWING TOO CLOSELY,2,1,0.0,0.0,0.0,0.0,0.0,2.0,13,3,10,10/22/2024,2024-10-22,13:25:00
10/22/2024 05:49:00 AM,5.0,2,2,13,5,1,3,3,1,1,1,FAILING TO YIELD RIGHT-OF-WAY,2,3,1.0,0.0,0.0,1.0,0.0,1.0,5,3,10,10/22/2024,2024-10-22,05:49:00
10/22/2024 08:07:00 PM,5.0,2,4,3,10,1,3,3,0,1,3,UNABLE TO DETERMINE,2,1,0.0,0.0,0.0,0.0,0.0,5.0,20,3,10,10/22/2024,2024-10-22,20:07:00
10/22/2024 05:48:00 AM,5.0,2,4,6,3,1,3,3,1,1,3,IMPROPER LANE USAGE,2,1,0.0,0.0,0.0,0.0,0.0,2.0,5,3,10,10/22/2024,2024-10-22,05:48:00
10/22/2024 04:30:00 PM,7.0,2,1,5,7,1,3,3,0,1,3,FAILING TO YIELD RIGHT-OF-WAY,2,1,0.0,0.0,0.0,0.0,0.0,2.0,16,3,10,10/22/2024,2024-10-22,16:30:00
10/22/2024 03:10:00 PM,7.0,2,1,4,6,1,1,1,0,1,3,UNABLE TO DETERMINE,2,1,0.0,0.0,0.0,0.0,0.0,2.0,15,3,10,10/22/2024,2024-10-22,15:10:00
10/22/2024 01:45:00 PM,3.0,2,1,6,5,1,3,3,0,1,3,UNABLE TO DETERMINE,2,1,0.0,0.0,0.0,0.0,0.0,3.0,13,3,10,10/22/2024,2024-10-22,13:45:00
10/22/2024 03:30:00 PM,7.0,2,1,5,4,1,3,3,0,1,2,FAILING TO YIELD RIGHT-OF-WAY,2,1,0.0,0.0,0.0,0.0,0.0,2.0,15,3,10,10/22/2024,2024-10-22,15:30:00
10/22/2024 04:19:00 PM,5.0,3,1,14,7,1,3,3,0,1,3,DISREGARDING TRAFFIC SIGNALS,2,1,0.0,0.0,0.0,0.0,0.0,4.0,16,3,10,10/22/2024,2024-10-22,16:19:00
10/22/2024 01:07:00 PM,5.0,2,1,14,5,1,1,1,1,1,3,UNABLE TO DETERMINE,2,3,1.0,0.0,0.0,1.0,0.0,1.0,13,3,10,10/22/2024,2024-10-22,13:07:00
10/22/2024 10:45:00 AM,1.0,3,1,3,10,1,1,1,0,1,3,UNABLE TO DETERMINE,2,1,0.0,0.0,0.0,0.0,0.0,2.0,10,3,10,10/22/2024,2024-10-22,10:45:00
11/06/2024 02:24:00 PM,5.0,3,1,6,10,1,3,3,0,1,3,IMPROPER TURNING/NO SIGNAL,2,1,0.0,0.0,0.0,0.0,0.0,3.0,14,4,11,11/06/2024,2024-11-06,14:24:00
11/06/2024 03:50:00 PM,3.0,2,1,6,16,1,1,1,0,1,2,UNABLE TO DETERMINE,2,1,0.0,0.0,0.0,0.0,0.0,2.0,15,4,11,11/06/2024,2024-11-06,15:50:00
11/06/2024 05:17:00 PM,5.0,2,5,13,5,1,3,1,1,1,3,DRIVING SKILLS/KNOWLEDGE/EXPERIENCE,2,4,1.0,0.0,1.0,0.0,0.0,1.0,17,4,11,11/06/2024,2024-11-06,17:17:00
11/06/2024 07:30:00 AM,3.0,2,1,3,7,1,3,3,0,1,3,UNABLE TO DETERMINE,2,1,0.0,0.0,0.0,0.0,0.0,2.0,7,4,11,11/06/2024,2024-11-06,07:30:00
11/06/2024 05:35:00 PM,5.0,2,4,6,10,1,3,3,0,1,3,UNABLE TO DETERMINE,2,1,0.0,0.0,0.0,0.0,0.0,2.0,17,4,11,11/06/2024,2024-11-06,17:35:00
11/06/2024 04:46:00 AM,5.0,2,2,5,4,1,3,3,1,1,3,DISREGARDING TRAFFIC SIGNALS,2,3,1.0,0.0,0.0,1.0,0.0,2.0,4,4,11,11/06/2024,2024-11-06,04:46:00
11/06/2024 09:28:00 AM,7.0,2,1,6,6,1,3,3,1,1,3,FAILING TO YIELD RIGHT-OF-WAY,2,1,0.0,0.0,0.0,0.0,0.0,3.0,9,4,11,11/06/2024,2024-11-06,09:28:00
11/06/2024 08:20:00 AM,1.0,2,1,6,6,1,3,1,0,1,3,UNABLE TO DETERMINE,2,1,0.0,0.0,0.0,0.0,0.0,2.0,8,4,11,11/06/2024,2024-11-06,08:20:00
11/06/2024 08:44:00 AM,7.0,2,1,5,4,1,4,3,1,1,3,FAILING TO YIELD RIGHT-OF-WAY,2,1,0.0,0.0,0.0,0.0,0.0,3.0,8,4,11,11/06/2024,2024-11-06,08:44:00
11/05/2024 11:45:00 AM,5.0,2,1,14,5,1,1,1,0,1,3,DRIVING SKILLS/KNOWLEDGE/EXPERIENCE,2,1,0.0,0.0,0.0,0.0,0.0,2.0,11,3,11,11/05/2024,2024-11-05,11:45:00
11/05/2024 09:50:00 AM,5.0,4,1,6,6,1,4,3,0,1,3,UNABLE TO DETERMINE,2,1,0.0,0.0,0.0,0.0,0.0,2.0,9,3,11,11/05/2024,2024-11-05,09:50:00
11/06/2024 02:10:00 PM,7.0,2,1,5,4,1,3,3,1,1,3,FAILING TO YIELD RIGHT-OF-WAY,2,4,2.0,0.0,2.0,0.0,0.0,2.0,14,4,11,11/06/2024,2024-11-06,14:10:00
11/05/2024 09:08:00 PM,3.0,4,4,6,5,1,4,3,0,1,1,FAILING TO YIELD RIGHT-OF-WAY,2,1,0.0,0.0,0.0,0.0,0.0,3.0,21,3,11,11/05/2024,2024-11-05,21:08:00
11/06/2024 12:00:00 PM,3.0,2,1,4,4,1,3,3,0,1,3,FOLLOWING TOO CLOSELY,2,1,0.0,0.0,0.0,0.0,0.0,2.0,12,4,11,11/06/2024,2024-11-06,12:00:00
11/07/2024 12:53:00 AM,5.0,2,4,6,5,1,3,3,1,1,3,TURNING RIGHT ON RED,2,2,2.0,0.0,0.0,0.0,2.0,1.0,0,5,11,11/07/2024,2024-11-07,00:53:00
11/06/2024 07:34:00 PM,5.0,2,5,6,5,1,3,3,1,1,2,UNABLE TO DETERMINE,2,1,0.0,0.0,0.0,0.0,0.0,2.0,19,4,11,11/06/2024,2024-11-06,19:34:00
11/06/2024 08:50:00 AM,5.0,2,1,4,4,1,3,1,0,1,3,FAILING TO REDUCE SPEED TO AVOID CRASH,2,1,0.0,0.0,0.0,0.0,0.0,3.0,8,4,11,11/06/2024,2024-11-06,08:50:00
11/06/2024 07:15:00 PM,5.0,2,4,6,6,1,3,3,1,1,2,UNABLE TO DETERMINE,2,1,0.0,0.0,0.0,0.0,0.0,2.0,19,4,11,11/06/2024,2024-11-06,19:15:00
11/06/2024 02:35:00 PM,5.0,3,1,6,7,1,4,1,1,1,3,TURNING RIGHT ON RED,2,2,1.0,0.0,0.0,0.0,1.0,1.0,14,4,11,11/06/2024,2024-11-06,14:35:00
11/05/2024 05:50:00 PM,5.0,4,3,4,6,1,4,1,0,1,3,UNABLE TO DETERMINE,2,1,0.0,0.0,0.0,0.0,0.0,2.0,17,3,11,11/05/2024,2024-11-05,17:50:00
11/05/2024 11:08:00 AM,5.0,3,1,6,6,1,4,3,0,1,3,IMPROPER LANE USAGE,2,1,0.0,0.0,0.0,0.0,0.0,4.0,11,3,11,11/05/2024,2024-11-05,11:08:00
11/06/2024 12:00:00 PM,7.0,3,1,6,7,1,3,3,0,1,3,UNABLE TO DETERMINE,2,1,0.0,0.0,0.0,0.0,0.0,2.0,12,4,11,11/06/2024,2024-11-06,12:00:00
11/05/2024 09:30:00 AM,5.0,2,1,4,6,1,3,3,0,1,3,FOLLOWING TOO CLOSELY,2,1,0.0,0.0,0.0,0.0,0.0,2.0,9,3,11,11/05/2024,2024-11-05,09:30:00
11/04/2024 11:50:00 AM,5.0,4,4,5,5,1,4,3,0,1,3,UNABLE TO DETERMINE,2,1,0.0,0.0,0.0,0.0,0.0,2.0,11,2,11,11/04/2024,2024-11-04,11:50:00
11/05/2024 01:30:00 PM,7.0,4,1,5,6,1,4,3,1,1,3,FAILING TO YIELD RIGHT-OF-WAY,2,1,0.0,0.0,0.0,0.0,0.0,3.0,13,3,11,11/05/2024,2024-11-05,13:30:00
11/06/2024 05:30:00 PM,7.0,2,4,5,6,1,3,3,0,1,3,FAILING TO YIELD RIGHT-OF-WAY,2,1,0.0,0.0,0.0,0.0,0.0,2.0,17,4,11,11/06/2024,2024-11-06,17:30:00
11/06/2024 10:00:00 AM,5.0,3,1,4,5,1,3,3,0,1,3,FOLLOWING TOO CLOSELY,2,1,0.0,0.0,0.0,0.0,0.0,2.0,10,4,11,11/06/2024,2024-11-06,10:00:00
11/06/2024 07:48:00 AM,5.0,2,1,3,6,1,3,3,1,1,3,IMPROPER LANE USAGE,2,2,2.0,0.0,0.0,0.0,2.0,0.0,7,4,11,11/06/2024,2024-11-06,07:48:00
10/31/2024 11:30:00 AM,5.0,2,1,3,6,1,3,3,0,1,2,UNABLE TO DETERMINE,2,1,0.0,0.0,0.0,0.0,0.0,2.0,11,5,10,10/31/2024,2024-10-31,11:30:00
11/02/2024 12:50:00 PM,5.0,2,1,4,6,1,3,3,1,1,3,FAILING TO REDUCE SPEED TO AVOID CRASH,2,2,1.0,0.0,0.0,0.0,1.0,1.0,12,7,11,11/02/2024,2024-11-02,12:50:00
11/05/2024 06:40:00 AM,7.0,4,1,5,7,1,4,3,1,1,3,UNABLE TO DETERMINE,2,3,1.0,0.0,0.0,1.0,0.0,2.0,6,3,11,11/05/2024,2024-11-05,06:40:00
11/05/2024 09:40:00 AM,5.0,4,1,4,4,1,4,3,0,1,1,UNABLE TO DETERMINE,2,1,0.0,0.0,0.0,0.0,0.0,3.0,9,3,11,11/05/2024,2024-11-05,09:40:00
11/05/2024 12:20:00 PM,7.0,4,4,5,5,1,4,3,0,1,3,UNABLE TO DETERMINE,2,1,0.0,0.0,0.0,0.0,0.0,2.0,12,3,11,11/05/2024,2024-11-05,12:20:00
11/05/2024 03:15:00 PM,5.0,2,1,3,6,1,4,3,0,1,2,FOLLOWING TOO CLOSELY,2,1,0.0,0.0,0.0,0.0,0.0,4.0,15,3,11,11/05/2024,2024-11-05,15:15:00
11/05/2024 10:35:00 AM,5.0,4,1,5,5,1,4,3,1,1,3,DISREGARDING TRAFFIC SIGNALS,2,1,0.0,0.0,0.0,0.0,0.0,4.0,10,3,11,11/05/2024,2024-11-05,10:35:00
11/05/2024 09:18:00 PM,3.0,4,5,13,7,1,4,3,1,1,1,UNABLE TO DETERMINE,2,4,1.0,0.0,1.0,0.0,0.0,1.0,21,3,11,11/05/2024,2024-11-05,21:18:00
11/06/2024 02:58:00 PM,7.0,2,3,3,6,1,3,3,1,1,3,FAILING TO YIELD RIGHT-OF-WAY,2,2,1.0,0.0,0.0,0.0,1.0,2.0,14,4,11,11/06/2024,2024-11-06,14:58:00
11/06/2024 04:20:00 PM,5.0,2,1,5,5,1,1,1,0,1,3,DRIVING SKILLS/KNOWLEDGE/EXPERIENCE,2,1,0.0,0.0,0.0,0.0,0.0,2.0,16,4,11,11/06/2024,2024-11-06,16:20:00
11/05/2024 06:38:00 PM,7.0,4,4,5,5,1,4,3,0,1,3,DRIVING SKILLS/KNOWLEDGE/EXPERIENCE,2,1,0.0,0.0,0.0,0.0,0.0,3.0,18,3,11,11/05/2024,2024-11-05,18:38:00
11/06/2024 07:50:00 PM,5.0,2,4,5,5,1,3,3,1,1,3,FAILING TO YIELD RIGHT-OF-WAY,2,2,1.0,0.0,0.0,0.0,1.0,5.0,19,4,11,11/06/2024,2024-11-06,19:50:00
11/06/2024 06:53:00 AM,5.0,2,1,5,5,1,3,3,1,1,3,FAILING TO YIELD RIGHT-OF-WAY,2,1,0.0,0.0,0.0,0.0,0.0,2.0,6,4,11,11/06/2024,2024-11-06,06:53:00
11/06/2024 07:10:00 AM,7.0,3,1,5,6,1,3,3,0,1,3,FAILING TO YIELD RIGHT-OF-WAY,2,1,0.0,0.0,0.0,0.0,0.0,2.0,7,4,11,11/06/2024,2024-11-06,07:10:00
10/23/2024 06:20:00 PM,5.0,2,4,6,6,1,3,3,0,1,2,IMPROPER OVERTAKING/PASSING,2,1,0.0,0.0,0.0,0.0,0.0,2.0,18,4,10,10/23/2024,2024-10-23,18:20:00
11/01/2024 08:30:00 AM,7.0,2,1,5,6,1,3,3,0,1,2,UNABLE TO DETERMINE,2,1,0.0,0.0,0.0,0.0,0.0,2.0,8,6,11,11/01/2024,2024-11-01,08:30:00
10/23/2024 12:09:00 PM,5.0,2,1,5,1,1,3,3,1,1,3,DISREGARDING TRAFFIC SIGNALS,2,5,2.0,1.0,0.0,1.0,0.0,0.0,12,4,10,10/23/2024,2024-10-23,12:09:00
10/23/2024 04:06:00 PM,7.0,2,1,5,4,1,3,3,0,1,3,FAILING TO YIELD RIGHT-OF-WAY,2,1,0.0,0.0,0.0,0.0,0.0,2.0,16,4,10,10/23/2024,2024-10-23,16:06:00
10/23/2024 02:09:00 PM,1.0,2,1,13,5,1,3,3,1,1,1,UNABLE TO DETERMINE,2,3,1.0,0.0,0.0,1.0,0.0,1.0,14,4,10,10/23/2024,2024-10-23,14:09:00
10/23/2024 11:30:00 AM,5.0,2,1,6,3,1,3,1,0,1,3,UNABLE TO DETERMINE,2,1,0.0,0.0,0.0,0.0,0.0,2.0,11,4,10,10/23/2024,2024-10-23,11:30:00
10/23/2024 10:05:00 AM,5.0,2,1,13,6,1,3,3,1,1,1,"VISION OBSCURED (SIGNS, TREE LIMBS, BUILDINGS, ETC.)",2,3,1.0,0.0,0.0,1.0,0.0,1.0,10,4,10,10/23/2024,2024-10-23,10:05:00
10/23/2024 08:10:00 AM,5.0,2,1,14,4,1,3,1,0,1,2,FAILING TO YIELD RIGHT-OF-WAY,2,1,0.0,0.0,0.0,0.0,0.0,2.0,8,4,10,10/23/2024,2024-10-23,08:10:00
10/23/2024 03:15:00 PM,5.0,2,1,4,5,1,3,3,0,1,2,UNABLE TO DETERMINE,2,1,0.0,0.0,0.0,0.0,0.0,3.0,15,4,10,10/23/2024,2024-10-23,15:15:00
10/23/2024 07:03:00 AM,5.0,2,2,5,5,1,3,3,1,1,3,DISREGARDING OTHER TRAFFIC SIGNS,2,1,0.0,0.0,0.0,0.0,0.0,2.0,7,4,10,10/23/2024,2024-10-23,07:03:00
10/23/2024 12:26:00 PM,5.0,2,1,13,3,1,3,3,1,1,3,FAILING TO REDUCE SPEED TO AVOID CRASH,2,3,1.0,0.0,0.0,1.0,0.0,1.0,12,4,10,10/23/2024,2024-10-23,12:26:00
10/23/2024 02:25:00 PM,5.0,2,1,6,6,1,3,3,0,1,3,TURNING RIGHT ON RED,2,1,0.0,0.0,0.0,0.0,0.0,2.0,14,4,10,10/23/2024,2024-10-23,14:25:00
10/23/2024 09:15:00 AM,1.0,2,1,3,5,1,3,1,0,1,2,UNABLE TO DETERMINE,2,1,0.0,0.0,0.0,0.0,0.0,2.0,9,4,10,10/23/2024,2024-10-23,09:15:00
10/23/2024 02:14:00 PM,7.0,2,1,5,5,1,3,3,0,1,3,UNABLE TO DETERMINE,2,1,0.0,0.0,0.0,0.0,0.0,2.0,14,4,10,10/23/2024,2024-10-23,14:14:00
10/23/2024 11:45:00 AM,5.0,2,1,3,5,1,3,3,0,1,1,DRIVING ON WRONG SIDE/WRONG WAY,2,1,0.0,0.0,0.0,0.0,0.0,2.0,11,4,10,10/23/2024,2024-10-23,11:45:00
10/23/2024 06:20:00 PM,5.0,2,4,3,5,1,1,1,0,1,3,DISREGARDING ROAD MARKINGS,2,1,0.0,0.0,0.0,0.0,0.0,2.0,18,4,10,10/23/2024,2024-10-23,18:20:00
10/23/2024 12:35:00 PM,5.0,2,1,4,6,1,3,3,0,1,3,FOLLOWING TOO CLOSELY,2,1,0.0,0.0,0.0,0.0,0.0,2.0,12,4,10,10/23/2024,2024-10-23,12:35:00
10/23/2024 02:35:00 PM,5.0,2,1,4,6,1,3,3,1,1,3,CELL PHONE USE OTHER THAN TEXTING,2,4,1.0,0.0,1.0,0.0,0.0,1.0,14,4,10,10/23/2024,2024-10-23,14:35:00
10/23/2024 08:20:00 AM,5.0,2,1,3,7,1,3,3,0,1,3,UNABLE TO DETERMINE,2,1,0.0,0.0,0.0,0.0,0.0,2.0,8,4,10,10/23/2024,2024-10-23,08:20:00
10/23/2024 11:25:00 AM,7.0,2,1,5,4,1,1,1,1,1,3,DISREGARDING STOP SIGN,2,1,0.0,0.0,0.0,0.0,0.0,2.0,11,4,10,10/23/2024,2024-10-23,11:25:00
10/23/2024 03:45:00 PM,7.0,2,1,5,6,1,1,1,0,1,2,UNABLE TO DETERMINE,2,1,0.0,0.0,0.0,0.0,0.0,2.0,15,4,10,10/23/2024,2024-10-23,15:45:00
08/02/2024 07:30:00 AM,5.0,2,1,10,5,1,3,3,0,1,2,UNABLE TO DETERMINE,2,1,0.0,0.0,0.0,0.0,0.0,2.0,7,6,8,08/02/2024,2024-08-02,07:30:00
10/23/2024 08:37:00 AM,5.0,2,1,6,5,1,3,3,0,1,2,FAILING TO YIELD RIGHT-OF-WAY,2,1,0.0,0.0,0.0,0.0,0.0,3.0,8,4,10,10/23/2024,2024-10-23,08:37:00
10/23/2024 01:00:00 PM,5.0,2,1,6,5,1,3,3,0,1,3,IMPROPER TURNING/NO SIGNAL,2,1,0.0,0.0,0.0,0.0,0.0,2.0,13,4,10,10/23/2024,2024-10-23,13:00:00
10/23/2024 09:50:00 PM,3.0,2,4,6,7,1,3,1,0,1,3,UNABLE TO DETERMINE,2,1,0.0,0.0,0.0,0.0,0.0,4.0,21,4,10,10/23/2024,2024-10-23,21:50:00
10/23/2024 07:38:00 AM,1.0,2,1,5,5,1,1,1,0,1,3,UNABLE TO DETERMINE,2,1,0.0,0.0,0.0,0.0,0.0,2.0,7,4,10,10/23/2024,2024-10-23,07:38:00
10/23/2024 07:06:00 AM,7.0,3,1,4,6,1,3,3,0,1,3,UNABLE TO DETERMINE,2,1,0.0,0.0,0.0,0.0,0.0,4.0,7,4,10,10/23/2024,2024-10-23,07:06:00
10/23/2024 05:24:00 PM,7.0,2,1,5,6,1,3,3,1,1,3,"VISION OBSCURED (SIGNS, TREE LIMBS, BUILDINGS, ETC.)",2,3,1.0,0.0,0.0,1.0,0.0,3.0,17,4,10,10/23/2024,2024-10-23,17:24:00
10/23/2024 12:09:00 PM,5.0,2,1,6,7,1,3,6,1,1,3,IMPROPER TURNING/NO SIGNAL,2,1,0.0,0.0,0.0,0.0,0.0,2.0,12,4,10,10/23/2024,2024-10-23,12:09:00
10/23/2024 03:15:00 PM,3.0,2,1,13,10,1,3,3,1,1,2,UNABLE TO DETERMINE,2,3,1.0,0.0,0.0,1.0,0.0,1.0,15,4,10,10/23/2024,2024-10-23,15:15:00
10/23/2024 09:05:00 PM,5.0,2,4,3,4,1,3,3,0,1,3,IMPROPER OVERTAKING/PASSING,2,1,0.0,0.0,0.0,0.0,0.0,2.0,21,4,10,10/23/2024,2024-10-23,21:05:00
10/23/2024 07:00:00 PM,5.0,2,4,14,4,1,3,3,1,1,3,DISREGARDING TRAFFIC SIGNALS,2,2,1.0,0.0,0.0,0.0,1.0,1.0,19,4,10,10/23/2024,2024-10-23,19:00:00
11/03/2024 01:30:00 AM,5.0,2,4,4,4,1,3,3,0,1,2,UNABLE TO DETERMINE,2,1,0.0,0.0,0.0,0.0,0.0,2.0,1,1,11,11/03/2024,2024-11-03,01:30:00
10/23/2024 03:47:00 PM,7.0,2,1,13,6,1,3,3,0,1,1,UNABLE TO DETERMINE,2,1,0.0,0.0,0.0,0.0,0.0,2.0,15,4,10,10/23/2024,2024-10-23,15:47:00
10/23/2024 04:53:00 PM,7.0,2,1,5,6,1,3,3,1,1,3,IMPROPER OVERTAKING/PASSING,2,3,1.0,0.0,0.0,1.0,0.0,3.0,16,4,10,10/23/2024,2024-10-23,16:53:00
10/23/2024 08:53:00 PM,5.0,2,5,6,4,1,3,3,0,1,3,UNABLE TO DETERMINE,2,1,0.0,0.0,0.0,0.0,0.0,3.0,20,4,10,10/23/2024,2024-10-23,20:53:00
10/23/2024 11:31:00 PM,5.0,2,4,6,5,1,3,3,0,1,3,IMPROPER TURNING/NO SIGNAL,2,1,0.0,0.0,0.0,0.0,0.0,3.0,23,4,10,10/23/2024,2024-10-23,23:31:00
10/23/2024 06:07:00 PM,5.0,2,1,5,6,1,3,3,0,1,3,DISREGARDING TRAFFIC SIGNALS,2,1,0.0,0.0,0.0,0.0,0.0,2.0,18,4,10,10/23/2024,2024-10-23,18:07:00
10/23/2024 06:30:00 PM,7.0,2,3,5,2,1,3,3,1,1,3,FAILING TO YIELD RIGHT-OF-WAY,2,2,1.0,0.0,0.0,0.0,1.0,1.0,18,4,10,10/23/2024,2024-10-23,18:30:00
10/23/2024 05:19:00 PM,1.0,2,1,5,5,1,1,1,1,1,3,UNABLE TO DETERMINE,2,1,0.0,0.0,0.0,0.0,0.0,2.0,17,4,10,10/23/2024,2024-10-23,17:19:00
11/05/2024 09:57:00 PM,5.0,4,5,7,5,1,4,3,1,1,3,DISREGARDING TRAFFIC SIGNALS,2,1,0.0,0.0,0.0,0.0,0.0,2.0,21,3,11,11/05/2024,2024-11-05,21:57:00
10/23/2024 08:45:00 PM,7.0,2,4,6,2,1,1,1,0,0,3,UNABLE TO DETERMINE,2,1,0.0,0.0,0.0,0.0,0.0,2.0,20,4,10,10/23/2024,2024-10-23,20:45:00
10/23/2024 09:45:00 AM,3.0,2,1,6,4,1,3,3,0,1,3,IMPROPER TURNING/NO SIGNAL,2,1,0.0,0.0,0.0,0.0,0.0,3.0,9,4,10,10/23/2024,2024-10-23,09:45:00
10/23/2024 04:12:00 PM,7.0,2,1,5,4,1,3,3,0,1,3,DISREGARDING OTHER TRAFFIC SIGNS,2,1,0.0,0.0,0.0,0.0,0.0,2.0,16,4,10,10/23/2024,2024-10-23,16:12:00
10/23/2024 04:56:00 PM,1.0,2,1,3,5,1,1,1,0,1,3,UNABLE TO DETERMINE,2,1,0.0,0.0,0.0,0.0,0.0,2.0,16,4,10,10/23/2024,2024-10-23,16:56:00
10/23/2024 04:50:00 PM,5.0,2,1,13,6,1,3,3,1,1,1,FAILING TO YIELD RIGHT-OF-WAY,2,3,1.0,0.0,0.0,1.0,0.0,1.0,16,4,10,10/23/2024,2024-10-23,16:50:00
10/23/2024 06:30:00 PM,5.0,2,1,4,4,1,1,1,0,1,2,UNABLE TO DETERMINE,2,1,0.0,0.0,0.0,0.0,0.0,4.0,18,4,10,10/23/2024,2024-10-23,18:30:00
10/23/2024 04:40:00 PM,1.0,2,1,6,6,1,1,1,0,1,3,IMPROPER TURNING/NO SIGNAL,2,1,0.0,0.0,0.0,0.0,0.0,2.0,16,4,10,10/23/2024,2024-10-23,16:40:00
10/23/2024 06:52:00 PM,5.0,2,4,4,6,1,3,3,0,1,2,FOLLOWING TOO CLOSELY,2,1,0.0,0.0,0.0,0.0,0.0,2.0,18,4,10,10/23/2024,2024-10-23,18:52:00
10/23/2024 04:40:00 PM,7.0,2,1,4,5,1,3,3,0,1,2,FOLLOWING TOO CLOSELY,2,1,0.0,0.0,0.0,0.0,0.0,2.0,16,4,10,10/23/2024,2024-10-23,16:40:00
11/06/2024 08:30:00 AM,7.0,2,1,6,6,1,3,1,0,1,3,IMPROPER OVERTAKING/PASSING,2,1,0.0,0.0,0.0,0.0,0.0,2.0,8,4,11,11/06/2024,2024-11-06,08:30:00
11/07/2024 02:45:00 PM,5.0,2,1,6,6,1,1,1,0,1,3,IMPROPER TURNING/NO SIGNAL,2,1,0.0,0.0,0.0,0.0,0.0,2.0,14,5,11,11/07/2024,2024-11-07,14:45:00
11/06/2024 02:05:00 PM,5.0,2,1,4,5,1,3,3,0,1,2,FOLLOWING TOO CLOSELY,2,1,0.0,0.0,0.0,0.0,0.0,4.0,14,4,11,11/06/2024,2024-11-06,14:05:00
11/07/2024 08:55:00 AM,7.0,2,1,6,6,1,3,3,0,1,3,FAILING TO YIELD RIGHT-OF-WAY,2,1,0.0,0.0,0.0,0.0,0.0,2.0,8,5,11,11/07/2024,2024-11-07,08:55:00
11/05/2024 07:00:00 AM,5.0,2,1,3,5,1,3,3,0,1,2,IMPROPER OVERTAKING/PASSING,2,1,0.0,0.0,0.0,0.0,0.0,2.0,7,3,11,11/05/2024,2024-11-05,07:00:00
11/07/2024 07:00:00 AM,5.0,2,1,4,9,1,3,1,1,1,3,UNABLE TO DETERMINE,2,2,1.0,0.0,0.0,0.0,1.0,3.0,7,5,11,11/07/2024,2024-11-07,07:00:00
11/05/2024 05:24:00 PM,5.0,4,4,6,5,1,4,3,0,1,3,DRIVING SKILLS/KNOWLEDGE/EXPERIENCE,2,1,0.0,0.0,0.0,0.0,0.0,2.0,17,3,11,11/05/2024,2024-11-05,17:24:00