crash_date,traffic_control_device,weather_condition,lighting_condition,first_crash_type,trafficway_type,alignment,roadway_surface_cond,road_defect,crash_type,intersection_related_i,damage,prim_contributory_cause,num_units,most_severe_injury,injuries_total,injuries_fatal,injuries_incapacitating,injuries_non_incapacitating,injuries_reported_not_evident,injuries_no_indication,crash_hour,crash_day_of_week,crash_month,parsed_datetime,date,time
11/04/2024 04:55:00 PM,3.0,4,4,8,6,1,4,3,0,1,3,DRIVING SKILLS/KNOWLEDGE/EXPERIENCE,2,1,0.0,0.0,0.0,0.0,0.0,2.0,16,2,11,11/04/2024,2024-11-04,16:55:00
10/21/2024 04:03:00 PM,5.0,2,1,6,5,1,3,3,1,1,2,FAILING TO REDUCE SPEED TO AVOID CRASH,2,3,1.0,0.0,0.0,1.0,0.0,1.0,16,2,10,10/21/2024,2024-10-21,16:03:00
11/08/2024 01:52:00 AM,5.0,3,4,3,5,1,1,1,0,1,3,UNABLE TO DETERMINE,2,1,0.0,0.0,0.0,0.0,0.0,3.0,1,6,11,11/08/2024,2024-11-08,01:52:00
10/31/2024 02:13:00 PM,5.0,2,1,6,5,1,1,3,0,1,3,UNABLE TO DETERMINE,2,1,0.0,0.0,0.0,0.0,0.0,2.0,14,5,10,10/31/2024,2024-10-31,14:13:00
11/04/2024 03:04:00 PM,5.0,4,1,3,9,1,4,3,0,1,2,FOLLOWING TOO CLOSELY,2,1,0.0,0.0,0.0,0.0,0.0,2.0,15,2,11,11/04/2024,2024-11-04,15:04:00
11/05/2024 06:23:00 PM,7.0,4,4,6,5,1,4,3,0,1,3,FAILING TO YIELD RIGHT-OF-WAY,2,1,0.0,0.0,0.0,0.0,0.0,2.0,18,3,11,11/05/2024,2024-11-05,18:23:00
11/07/2024 07:10:00 PM,5.0,2,4,5,6,1,3,3,0,1,3,FAILING TO YIELD RIGHT-OF-WAY,2,1,0.0,0.0,0.0,0.0,0.0,2.0,19,5,11,11/07/2024,2024-11-07,19:10:00
10/26/2024 08:24:00 PM,3.0,2,4,11,6,1,3,3,1,0,3,FAILING TO REDUCE SPEED TO AVOID CRASH,2,1,0.0,0.0,0.0,0.0,0.0,2.0,20,7,10,10/26/2024,2024-10-26,20:24:00
11/04/2024 07:05:00 PM,5.0,4,4,6,5,1,4,3,0,1,3,FAILING TO YIELD RIGHT-OF-WAY,2,1,0.0,0.0,0.0,0.0,0.0,2.0,19,2,11,11/04/2024,2024-11-04,19:05:00
10/22/2024 09:58:00 AM,7.0,2,1,3,10,1,3,3,0,1,3,UNABLE TO DETERMINE,2,1,0.0,0.0,0.0,0.0,0.0,2.0,9,3,10,10/22/2024,2024-10-22,09:58:00
11/07/2024 03:35:00 PM,3.0,2,1,7,10,1,3,1,0,1,3,UNABLE TO DETERMINE,2,1,0.0,0.0,0.0,0.0,0.0,2.0,15,5,11,11/07/2024,2024-11-07,15:35:00
11/07/2024 09:48:00 AM,5.0,2,1,6,5,1,3,3,1,1,3,DISREGARDING TRAFFIC SIGNALS,2,3,2.0,0.0,0.0,2.0,0.0,0.0,9,5,11,11/07/2024,2024-11-07,09:48:00
11/07/2024 02:57:00 PM,5.0,2,1,4,5,1,1,1,0,1,3,UNABLE TO DETERMINE,2,1,0.0,0.0,0.0,0.0,0.0,3.0,14,5,11,11/07/2024,2024-11-07,14:57:00
11/04/2024 05:30:00 PM,1.0,2,1,4,6,1,1,1,0,1,3,UNABLE TO DETERMINE,2,1,0.0,0.0,0.0,0.0,0.0,2.0,17,2,11,11/04/2024,2024-11-04,17:30:00
11/06/2024 06:55:00 PM,5.0,2,1,4,6,1,3,3,1,1,1,UNABLE TO DETERMINE,2,3,1.0,0.0,0.0,1.0,0.0,4.0,18,4,11,11/06/2024,2024-11-06,18:55:00
10/30/2024 07:40:00 PM,6.0,2,4,13,3,1,3,3,1,1,2,FAILING TO YIELD RIGHT-OF-WAY,2,3,1.0,0.0,0.0,1.0,0.0,2.0,19,4,10,10/30/2024,2024-10-30,19:40:00
10/31/2024 04:50:00 AM,3.0,2,4,5,5,1,3,3,1,1,3,FAILING TO YIELD RIGHT-OF-WAY,2,1,0.0,0.0,0.0,0.0,0.0,3.0,4,5,10,10/31/2024,2024-10-31,04:50:00
11/02/2024 08:05:00 AM,3.0,2,1,6,6,1,3,3,0,1,3,FOLLOWING TOO CLOSELY,2,1,0.0,0.0,0.0,0.0,0.0,2.0,8,7,11,11/02/2024,2024-11-02,08:05:00
08/07/2024 06:35:00 PM,7.0,2,2,6,7,1,3,3,0,1,3,IMPROPER TURNING/NO SIGNAL,2,1,0.0,0.0,0.0,0.0,0.0,2.0,18,4,8,08/07/2024,2024-08-07,18:35:00
11/05/2024 05:45:00 PM,3.0,2,3,6,6,1,4,3,0,0,3,UNABLE TO DETERMINE,2,1,0.0,0.0,0.0,0.0,0.0,2.0,17,3,11,11/05/2024,2024-11-05,17:45:00
10/24/2024 11:25:00 PM,7.0,2,4,5,5,1,3,3,1,0,3,DISREGARDING STOP SIGN,2,2,1.0,0.0,0.0,0.0,1.0,2.0,23,5,10,10/24/2024,2024-10-24,23:25:00
10/24/2024 09:15:00 AM,7.0,2,1,5,6,1,3,3,0,1,3,FAILING TO YIELD RIGHT-OF-WAY,2,1,0.0,0.0,0.0,0.0,0.0,3.0,9,5,10,10/24/2024,2024-10-24,09:15:00
10/24/2024 12:50:00 PM,7.0,2,1,6,10,1,3,1,0,1,3,NOT APPLICABLE,2,1,0.0,0.0,0.0,0.0,0.0,3.0,12,5,10,10/24/2024,2024-10-24,12:50:00
10/24/2024 07:27:00 PM,1.0,2,1,6,5,1,1,1,0,1,3,IMPROPER TURNING/NO SIGNAL,2,1,0.0,0.0,0.0,0.0,0.0,3.0,19,5,10,10/24/2024,2024-10-24,19:27:00
10/24/2024 07:00:00 AM,7.0,2,1,13,5,1,3,3,1,1,1,UNABLE TO DETERMINE,2,2,1.0,0.0,0.0,0.0,1.0,1.0,7,5,10,10/24/2024,2024-10-24,07:00:00
10/24/2024 03:30:00 PM,3.0,2,1,6,6,1,3,3,0,1,3,FAILING TO YIELD RIGHT-OF-WAY,2,1,0.0,0.0,0.0,0.0,0.0,2.0,15,5,10,10/24/2024,2024-10-24,15:30:00
10/24/2024 07:32:00 PM,5.0,2,2,4,6,1,3,3,0,1,3,FOLLOWING TOO CLOSELY,2,1,0.0,0.0,0.0,0.0,0.0,2.0,19,5,10,10/24/2024,2024-10-24,19:32:00
10/24/2024 02:05:00 PM,7.0,2,1,5,5,1,3,3,0,1,3,DISREGARDING STOP SIGN,2,1,0.0,0.0,0.0,0.0,0.0,3.0,14,5,10,10/24/2024,2024-10-24,14:05:00
10/24/2024 08:30:00 AM,7.0,2,1,13,5,1,3,3,0,1,1,UNABLE TO DETERMINE,2,1,0.0,0.0,0.0,0.0,0.0,2.0,8,5,10,10/24/2024,2024-10-24,08:30:00
10/24/2024 08:30:00 AM,5.0,2,1,8,5,1,3,3,0,1,3,UNABLE TO DETERMINE,2,1,0.0,0.0,0.0,0.0,0.0,2.0,8,5,10,10/24/2024,2024-10-24,08:30:00
10/24/2024 08:20:00 AM,5.0,2,1,5,5,1,3,3,1,1,3,UNABLE TO DETERMINE,2,2,1.0,0.0,0.0,0.0,1.0,3.0,8,5,10,10/24/2024,2024-10-24,08:20:00
10/24/2024 01:30:00 AM,5.0,2,4,6,5,1,3,3,0,1,3,IMPROPER TURNING/NO SIGNAL,2,1,0.0,0.0,0.0,0.0,0.0,2.0,1,5,10,10/24/2024,2024-10-24,01:30:00
10/24/2024 03:39:00 PM,7.0,2,1,6,5,1,3,3,1,1,3,FAILING TO YIELD RIGHT-OF-WAY,2,2,1.0,0.0,0.0,0.0,1.0,2.0,15,5,10,10/24/2024,2024-10-24,15:39:00
10/24/2024 04:26:00 PM,5.0,2,3,13,5,1,3,3,1,1,1,FAILING TO YIELD RIGHT-OF-WAY,2,3,1.0,0.0,0.0,1.0,0.0,1.0,16,5,10,10/24/2024,2024-10-24,16:26:00
10/24/2024 08:16:00 AM,3.0,2,1,6,6,1,3,3,1,1,3,FAILING TO YIELD RIGHT-OF-WAY,2,3,1.0,0.0,0.0,1.0,0.0,1.0,8,5,10,10/24/2024,2024-10-24,08:16:00
10/24/2024 01:30:00 PM,1.0,2,1,6,6,1,1,1,0,0,3,FAILING TO YIELD RIGHT-OF-WAY,2,1,0.0,0.0,0.0,0.0,0.0,2.0,13,5,10,10/24/2024,2024-10-24,13:30:00
10/24/2024 01:12:00 AM,5.0,2,4,5,1,1,3,1,1,1,3,DISTRACTION - FROM INSIDE VEHICLE,2,3,2.0,0.0,0.0,1.0,1.0,3.0,1,5,10,10/24/2024,2024-10-24,01:12:00
10/24/2024 08:45:00 AM,5.0,2,1,4,5,1,3,3,0,1,3,FOLLOWING TOO CLOSELY,2,1,0.0,0.0,0.0,0.0,0.0,2.0,8,5,10,10/24/2024,2024-10-24,08:45:00
10/24/2024 09:35:00 AM,5.0,2,1,6,12,1,3,3,0,1,3,IMPROPER TURNING/NO SIGNAL,2,1,0.0,0.0,0.0,0.0,0.0,2.0,9,5,10,10/24/2024,2024-10-24,09:35:00
10/24/2024 07:46:00 AM,5.0,2,1,3,4,1,3,3,0,1,3,IMPROPER OVERTAKING/PASSING,2,1,0.0,0.0,0.0,0.0,0.0,2.0,7,5,10,10/24/2024,2024-10-24,07:46:00
10/24/2024 11:09:00 AM,5.0,2,1,6,2,1,3,1,0,1,3,IMPROPER TURNING/NO SIGNAL,2,1,0.0,0.0,0.0,0.0,0.0,5.0,11,5,10,10/24/2024,2024-10-24,11:09:00
10/24/2024 08:34:00 PM,5.0,2,5,6,7,1,3,3,1,1,3,DISREGARDING TRAFFIC SIGNALS,2,3,2.0,0.0,0.0,1.0,1.0,2.0,20,5,10,10/24/2024,2024-10-24,20:34:00
10/24/2024 09:52:00 AM,5.0,2,1,3,6,1,1,1,0,1,2,UNABLE TO DETERMINE,2,1,0.0,0.0,0.0,0.0,0.0,2.0,9,5,10,10/24/2024,2024-10-24,09:52:00
10/24/2024 06:56:00 PM,5.0,2,3,4,6,1,3,3,1,1,3,EQUIPMENT - VEHICLE CONDITION,2,3,1.0,0.0,0.0,1.0,0.0,1.0,18,5,10,10/24/2024,2024-10-24,18:56:00
10/24/2024 09:30:00 PM,5.0,2,4,11,6,1,3,1,0,0,3,FAILING TO REDUCE SPEED TO AVOID CRASH,2,1,0.0,0.0,0.0,0.0,0.0,1.0,21,5,10,10/24/2024,2024-10-24,21:30:00
10/24/2024 10:04:00 AM,5.0,2,1,6,3,1,3,3,0,1,3,IMPROPER TURNING/NO SIGNAL,2,1,0.0,0.0,0.0,0.0,0.0,2.0,10,5,10,10/24/2024,2024-10-24,10:04:00
10/24/2024 03:27:00 PM,5.0,2,1,6,5,1,3,3,0,1,3,UNABLE TO DETERMINE,2,1,0.0,0.0,0.0,0.0,0.0,2.0,15,5,10,10/24/2024,2024-10-24,15:27:00
10/24/2024 05:17:00 PM,5.0,2,1,4,4,1,3,3,0,1,1,FAILING TO REDUCE SPEED TO AVOID CRASH,2,1,0.0,0.0,0.0,0.0,0.0,2.0,17,5,10,10/24/2024,2024-10-24,17:17:00
10/24/2024 04:00:00 PM,7.0,2,1,14,5,1,1,1,0,1,1,UNABLE TO DETERMINE,2,1,0.0,0.0,0.0,0.0,0.0,2.0,16,5,10,10/24/2024,2024-10-24,16:00:00
10/24/2024 01:00:00 PM,5.0,2,1,13,5,1,1,1,1,1,3,FAILING TO YIELD RIGHT-OF-WAY,2,3,1.0,0.0,0.0,1.0,0.0,1.0,13,5,10,10/24/2024,2024-10-24,13:00:00
10/24/2024 01:45:00 PM,7.0,2,1,6,6,1,3,3,0,1,2,DISREGARDING STOP SIGN,2,1,0.0,0.0,0.0,0.0,0.0,2.0,13,5,10,10/24/2024,2024-10-24,13:45:00
10/24/2024 02:04:00 PM,5.0,2,1,4,4,1,3,1,1,1,3,UNABLE TO DETERMINE,2,2,1.0,0.0,0.0,0.0,1.0,5.0,14,5,10,10/24/2024,2024-10-24,14:04:00
10/24/2024 10:20:00 PM,5.0,2,4,6,5,1,3,3,1,1,3,IMPROPER TURNING/NO SIGNAL,2,3,1.0,0.0,0.0,1.0,0.0,4.0,22,5,10,10/24/2024,2024-10-24,22:20:00
10/24/2024 11:00:00 PM,5.0,2,2,4,5,1,3,3,0,1,3,FOLLOWING TOO CLOSELY,2,1,0.0,0.0,0.0,0.0,0.0,2.0,23,5,10,10/24/2024,2024-10-24,23:00:00
10/24/2024 11:41:00 AM,5.0,2,1,4,5,1,3,3,0,1,2,DISREGARDING TRAFFIC SIGNALS,2,1,0.0,0.0,0.0,0.0,0.0,5.0,11,5,10,10/24/2024,2024-10-24,11:41:00
10/24/2024 06:34:00 PM,5.0,2,4,6,6,1,3,3,0,1,3,UNABLE TO DETERMINE,2,1,0.0,0.0,0.0,0.0,0.0,3.0,18,5,10,10/24/2024,2024-10-24,18:34:00
10/24/2024 11:30:00 PM,5.0,2,4,5,5,1,3,3,1,1,3,DISREGARDING TRAFFIC SIGNALS,2,1,0.0,0.0,0.0,0.0,0.0,2.0,23,5,10,10/24/2024,2024-10-24,23:30:00
10/24/2024 08:08:00 AM,5.0,2,1,3,3,1,3,3,0,1,3,IMPROPER OVERTAKING/PASSING,2,1,0.0,0.0,0.0,0.0,0.0,2.0,8,5,10,10/24/2024,2024-10-24,08:08:00
11/07/2024 01:58:00 PM,5.0,2,1,5,6,1,4,3,1,1,3,DISREGARDING TRAFFIC SIGNALS,2,2,1.0,0.0,0.0,0.0,1.0,1.0,13,5,11,11/07/2024,2024-11-07,13:58:00
10/24/2024 02:58:00 PM,7.0,2,1,5,5,1,3,3,0,1,3,FAILING TO YIELD RIGHT-OF-WAY,2,1,0.0,0.0,0.0,0.0,0.0,3.0,14,5,10,10/24/2024,2024-10-24,14:58:00
10/24/2024 09:20:00 PM,7.0,2,4,5,6,1,3,3,0,1,3,DISREGARDING STOP SIGN,2,1,0.0,0.0,0.0,0.0,0.0,3.0,21,5,10,10/24/2024,2024-10-24,21:20:00
10/24/2024 05:35:00 PM,7.0,2,1,13,6,1,3,1,1,1,3,UNABLE TO DETERMINE,2,3,1.0,0.0,0.0,1.0,0.0,1.0,17,5,10,10/24/2024,2024-10-24,17:35:00
01/20/2024 02:33:00 PM,5.0,2,1,6,6,2,3,3,0,1,2,FAILING TO YIELD RIGHT-OF-WAY,2,1,0.0,0.0,0.0,0.0,0.0,2.0,14,7,1,01/20/2024,2024-01-20,14:33:00
10/24/2024 06:53:00 PM,5.0,2,1,6,4,1,3,3,0,1,3,UNABLE TO DETERMINE,2,1,0.0,0.0,0.0,0.0,0.0,3.0,18,5,10,10/24/2024,2024-10-24,18:53:00
10/24/2024 11:35:00 PM,5.0,2,4,6,4,1,3,3,0,1,3,FOLLOWING TOO CLOSELY,2,1,0.0,0.0,0.0,0.0,0.0,5.0,23,5,10,10/24/2024,2024-10-24,23:35:00
10/24/2024 01:20:00 PM,5.0,2,1,5,5,1,3,1,1,1,3,DISREGARDING TRAFFIC SIGNALS,2,2,2.0,0.0,0.0,0.0,2.0,3.0,13,5,10,10/24/2024,2024-10-24,13:20:00
10/24/2024 07:10:00 PM,7.0,2,4,4,5,1,3,3,0,1,3,IMPROPER BACKING,2,1,0.0,0.0,0.0,0.0,0.0,10.0,19,5,10,10/24/2024,2024-10-24,19:10:00
10/24/2024 07:45:00 AM,5.0,2,1,3,4,1,3,3,0,1,3,FAILING TO YIELD RIGHT-OF-WAY,2,1,0.0,0.0,0.0,0.0,0.0,2.0,7,5,10,10/24/2024,2024-10-24,07:45:00
10/24/2024 05:37:00 PM,5.0,2,1,4,6,1,3,3,1,1,3,FAILING TO REDUCE SPEED TO AVOID CRASH,2,2,1.0,0.0,0.0,0.0,1.0,3.0,17,5,10,10/24/2024,2024-10-24,17:37:00
10/24/2024 01:20:00 PM,3.0,2,1,5,4,1,3,3,0,1,3,UNABLE TO DETERMINE,2,1,0.0,0.0,0.0,0.0,0.0,2.0,13,5,10,10/24/2024,2024-10-24,13:20:00
10/24/2024 08:40:00 PM,5.0,2,4,6,1,1,3,3,0,1,2,IMPROPER TURNING/NO SIGNAL,2,1,0.0,0.0,0.0,0.0,0.0,2.0,20,5,10,10/24/2024,2024-10-24,20:40:00
10/24/2024 06:57:00 AM,1.0,2,1,5,6,1,1,1,0,1,2,NOT APPLICABLE,2,1,0.0,0.0,0.0,0.0,0.0,2.0,6,5,10,10/24/2024,2024-10-24,06:57:00
10/24/2024 08:42:00 AM,3.0,2,1,4,5,1,3,3,1,1,1,UNABLE TO DETERMINE,2,4,2.0,0.0,1.0,0.0,1.0,2.0,8,5,10,10/24/2024,2024-10-24,08:42:00
10/24/2024 01:06:00 PM,5.0,2,1,4,6,1,3,3,0,1,1,FOLLOWING TOO CLOSELY,2,1,0.0,0.0,0.0,0.0,0.0,9.0,13,5,10,10/24/2024,2024-10-24,13:06:00
10/24/2024 08:11:00 AM,5.0,2,1,6,6,1,3,3,0,1,3,UNABLE TO DETERMINE,2,1,0.0,0.0,0.0,0.0,0.0,2.0,8,5,10,10/24/2024,2024-10-24,08:11:00
11/06/2024 02:37:00 PM,7.0,2,1,5,6,1,3,3,1,1,3,UNABLE TO DETERMINE,2,2,1.0,0.0,0.0,0.0,1.0,1.0,14,4,11,11/06/2024,2024-11-06,14:37:00
11/07/2024 09:00:00 AM,5.0,2,1,6,5,1,3,3,0,1,3,DISREGARDING TRAFFIC SIGNALS,2,1,0.0,0.0,0.0,0.0,0.0,3.0,9,5,11,11/07/2024,2024-11-07,09:00:00
11/08/2024 08:30:00 AM,5.0,2,1,6,14,1,3,3,1,1,3,UNABLE TO DETERMINE,2,2,1.0,0.0,0.0,0.0,1.0,1.0,8,6,11,11/08/2024,2024-11-08,08:30:00
11/08/2024 06:10:00 PM,5.0,2,4,6,5,2,3,3,0,1,2,UNABLE TO DETERMINE,2,1,0.0,0.0,0.0,0.0,0.0,2.0,18,6,11,11/08/2024,2024-11-08,18:10:00
11/08/2024 03:01:00 PM,5.0,2,1,4,5,1,3,1,0,1,1,UNABLE TO DETERMINE,2,1,0.0,0.0,0.0,0.0,0.0,2.0,15,6,11,11/08/2024,2024-11-08,15:01:00
11/02/2024 12:07:00 AM,5.0,2,4,5,5,1,3,3,1,1,3,UNABLE TO DETERMINE,2,4,2.0,0.0,1.0,0.0,1.0,2.0,0,7,11,11/02/2024,2024-11-02,00:07:00
11/06/2024 10:00:00 PM,5.0,2,4,5,6,1,3,3,1,1,3,UNABLE TO DETERMINE,2,1,0.0,0.0,0.0,0.0,0.0,3.0,22,4,11,11/06/2024,2024-11-06,22:00:00
11/08/2024 04:10:00 PM,5.0,2,1,4,5,1,3,7,0,1,3,UNABLE TO DETERMINE,2,1,0.0,0.0,0.0,0.0,0.0,2.0,16,6,11,11/08/2024,2024-11-08,16:10:00
11/08/2024 03:37:00 PM,7.0,2,1,5,5,1,3,3,0,1,3,FAILING TO YIELD RIGHT-OF-WAY,2,1,0.0,0.0,0.0,0.0,0.0,2.0,15,6,11,11/08/2024,2024-11-08,15:37:00
11/07/2024 05:06:00 PM,5.0,2,1,3,4,1,3,3,0,1,2,FAILING TO YIELD RIGHT-OF-WAY,2,1,0.0,0.0,0.0,0.0,0.0,2.0,17,5,11,11/07/2024,2024-11-07,17:06:00
11/08/2024 03:31:00 PM,5.0,2,1,6,5,1,3,3,0,1,3,IMPROPER TURNING/NO SIGNAL,2,1,0.0,0.0,0.0,0.0,0.0,3.0,15,6,11,11/08/2024,2024-11-08,15:31:00
11/08/2024 07:06:00 PM,5.0,2,4,14,2,1,3,3,0,1,3,UNABLE TO DETERMINE,2,1,0.0,0.0,0.0,0.0,0.0,2.0,19,6,11,11/08/2024,2024-11-08,19:06:00
11/07/2024 02:45:00 PM,3.0,2,1,11,6,1,3,3,0,0,3,FOLLOWING TOO CLOSELY,2,1,0.0,0.0,0.0,0.0,0.0,2.0,14,5,11,11/07/2024,2024-11-07,14:45:00
11/08/2024 07:30:00 AM,5.0,2,1,6,5,1,3,3,0,1,2,UNABLE TO DETERMINE,2,1,0.0,0.0,0.0,0.0,0.0,2.0,7,6,11,11/08/2024,2024-11-08,07:30:00
11/01/2024 07:13:00 PM,5.0,2,1,6,5,1,3,3,1,1,3,FAILING TO YIELD RIGHT-OF-WAY,2,2,2.0,0.0,0.0,0.0,2.0,4.0,19,6,11,11/01/2024,2024-11-01,19:13:00
11/06/2024 01:03:00 AM,7.0,3,4,4,5,1,4,3,0,1,3,DISREGARDING STOP SIGN,2,1,0.0,0.0,0.0,0.0,0.0,2.0,1,4,11,11/06/2024,2024-11-06,01:03:00
11/07/2024 12:40:00 PM,7.0,2,1,13,6,1,3,3,1,1,3,FAILING TO YIELD RIGHT-OF-WAY,2,3,1.0,0.0,0.0,1.0,0.0,1.0,12,5,11,11/07/2024,2024-11-07,12:40:00
11/06/2024 12:00:00 PM,3.0,2,1,6,7,1,3,3,1,1,3,DRIVING ON WRONG SIDE/WRONG WAY,2,1,0.0,0.0,0.0,0.0,0.0,2.0,12,4,11,11/06/2024,2024-11-06,12:00:00
11/07/2024 03:20:00 PM,3.0,2,1,5,5,1,3,3,0,1,3,DRIVING ON WRONG SIDE/WRONG WAY,2,1,0.0,0.0,0.0,0.0,0.0,4.0,15,5,11,11/07/2024,2024-11-07,15:20:00
11/08/2024 10:55:00 PM,5.0,2,4,3,5,1,3,3,0,1,3,UNABLE TO DETERMINE,2,1,0.0,0.0,0.0,0.0,0.0,4.0,22,6,11,11/08/2024,2024-11-08,22:55:00
11/05/2024 05:40:00 PM,1.0,4,4,3,6,1,4,1,0,1,3,IMPROPER OVERTAKING/PASSING,2,1,0.0,0.0,0.0,0.0,0.0,2.0,17,3,11,11/05/2024,2024-11-05,17:40:00
11/04/2024 06:40:00 PM,7.0,2,4,4,6,1,1,1,0,1,3,FOLLOWING TOO CLOSELY,2,1,0.0,0.0,0.0,0.0,0.0,2.0,18,2,11,11/04/2024,2024-11-04,18:40:00
11/08/2024 12:33:00 PM,7.0,2,1,13,5,1,3,3,1,1,1,FAILING TO YIELD RIGHT-OF-WAY,2,3,1.0,0.0,0.0,1.0,0.0,1.0,12,6,11,11/08/2024,2024-11-08,12:33:00
11/07/2024 10:17:00 AM,7.0,2,1,5,6,1,3,3,0,1,3,NOT APPLICABLE,2,1,0.0,0.0,0.0,0.0,0.0,2.0,10,5,11,11/07/2024,2024-11-07,10:17:00
11/08/2024 08:00:00 AM,5.0,2,1,3,5,1,1,1,0,1,1,IMPROPER OVERTAKING/PASSING,2,1,0.0,0.0,0.0,0.0,0.0,2.0,8,6,11,11/08/2024,2024-11-08,08:00:00
11/08/2024 08:30:00 AM,5.0,2,1,6,5,1,3,1,0,1,2,UNABLE TO DETERMINE,2,1,0.0,0.0,0.0,0.0,0.0,2.0,8,6,11,11/08/2024,2024-11-08,08:30:00
11/07/2024 06:00:00 PM,3.0,2,3,13,5,1,3,1,1,1,1,UNABLE TO DETERMINE,2,3,1.0,0.0,0.0,1.0,0.0,1.0,18,5,11,11/07/2024,2024-11-07,18:00:00
11/08/2024 03:15:00 PM,5.0,2,1,13,5,1,3,3,1,1,3,FAILING TO YIELD RIGHT-OF-WAY,2,3,1.0,0.0,0.0,1.0,0.0,1.0,15,6,11,11/08/2024,2024-11-08,15:15:00
11/04/2024 02:15:00 PM,5.0,2,1,3,4,1,3,3,0,1,1,DRIVING SKILLS/KNOWLEDGE/EXPERIENCE,2,1,0.0,0.0,0.0,0.0,0.0,2.0,14,2,11,11/04/2024,2024-11-04,14:15:00
11/07/2024 12:57:00 PM,5.0,2,1,3,3,1,3,3,0,1,3,IMPROPER OVERTAKING/PASSING,2,1,0.0,0.0,0.0,0.0,0.0,2.0,12,5,11,11/07/2024,2024-11-07,12:57:00
11/08/2024 05:39:00 AM,3.0,2,1,5,16,1,3,1,0,1,3,FAILING TO YIELD RIGHT-OF-WAY,2,1,0.0,0.0,0.0,0.0,0.0,2.0,5,6,11,11/08/2024,2024-11-08,05:39:00
11/07/2024 08:07:00 AM,7.0,2,1,5,6,1,3,3,1,1,3,FAILING TO YIELD RIGHT-OF-WAY,2,2,1.0,0.0,0.0,0.0,1.0,4.0,8,5,11,11/07/2024,2024-11-07,08:07:00
11/08/2024 08:11:00 AM,7.0,2,1,5,5,1,3,3,1,1,3,DISREGARDING STOP SIGN,2,3,1.0,0.0,0.0,1.0,0.0,2.0,8,6,11,11/08/2024,2024-11-08,08:11:00
11/07/2024 02:30:00 PM,5.0,2,1,6,4,1,3,3,0,1,3,FOLLOWING TOO CLOSELY,2,1,0.0,0.0,0.0,0.0,0.0,2.0,14,5,11,11/07/2024,2024-11-07,14:30:00
11/08/2024 10:00:00 PM,5.0,2,4,3,6,1,3,3,0,1,3,FAILING TO YIELD RIGHT-OF-WAY,2,1,0.0,0.0,0.0,0.0,0.0,2.0,22,6,11,11/08/2024,2024-11-08,22:00:00
10/25/2024 08:30:00 PM,5.0,2,3,12,4,1,3,1,1,1,3,DISREGARDING TRAFFIC SIGNALS,2,1,0.0,0.0,0.0,0.0,0.0,2.0,20,6,10,10/25/2024,2024-10-25,20:30:00
10/25/2024 08:41:00 PM,6.0,2,4,13,4,1,1,3,1,1,3,FAILING TO YIELD RIGHT-OF-WAY,2,3,1.0,0.0,0.0,1.0,0.0,1.0,20,6,10,10/25/2024,2024-10-25,20:41:00
10/25/2024 05:00:00 PM,5.0,2,1,4,5,1,3,3,0,1,3,UNABLE TO DETERMINE,2,1,0.0,0.0,0.0,0.0,0.0,2.0,17,6,10,10/25/2024,2024-10-25,17:00:00
10/25/2024 08:30:00 AM,1.0,2,1,4,6,1,1,1,0,1,3,NOT APPLICABLE,2,1,0.0,0.0,0.0,0.0,0.0,2.0,8,6,10,10/25/2024,2024-10-25,08:30:00
10/25/2024 04:15:00 PM,5.0,2,1,6,4,1,3,3,0,1,3,UNABLE TO DETERMINE,2,1,0.0,0.0,0.0,0.0,0.0,2.0,16,6,10,10/25/2024,2024-10-25,16:15:00
10/25/2024 08:16:00 AM,3.0,4,1,11,6,1,4,3,1,1,3,UNABLE TO DETERMINE,2,1,0.0,0.0,0.0,0.0,0.0,1.0,8,6,10,10/25/2024,2024-10-25,08:16:00
10/25/2024 12:55:00 PM,1.0,2,1,6,6,1,1,1,0,1,3,UNABLE TO DETERMINE,2,1,0.0,0.0,0.0,0.0,0.0,4.0,12,6,10,10/25/2024,2024-10-25,12:55:00
10/25/2024 06:15:00 AM,5.0,4,2,3,6,1,4,3,1,1,3,UNABLE TO DETERMINE,2,3,1.0,0.0,0.0,1.0,0.0,1.0,6,6,10,10/25/2024,2024-10-25,06:15:00
10/25/2024 09:18:00 AM,7.0,2,1,4,6,1,4,3,0,1,3,FOLLOWING TOO CLOSELY,2,1,0.0,0.0,0.0,0.0,0.0,3.0,9,6,10,10/25/2024,2024-10-25,09:18:00
10/25/2024 02:30:00 PM,3.0,2,1,13,5,1,3,3,1,1,3,UNABLE TO DETERMINE,2,3,1.0,0.0,0.0,1.0,0.0,1.0,14,6,10,10/25/2024,2024-10-25,14:30:00
10/25/2024 07:00:00 PM,5.0,2,4,3,6,1,3,3,0,1,3,FOLLOWING TOO CLOSELY,2,1,0.0,0.0,0.0,0.0,0.0,3.0,19,6,10,10/25/2024,2024-10-25,19:00:00
10/25/2024 05:05:00 PM,5.0,2,1,6,3,1,1,1,0,1,2,IMPROPER LANE USAGE,2,1,0.0,0.0,0.0,0.0,0.0,2.0,17,6,10,10/25/2024,2024-10-25,17:05:00