crash_date,traffic_control_device,weather_condition,lighting_condition,first_crash_type,trafficway_type,alignment,roadway_surface_cond,road_defect,crash_type,intersection_related_i,damage,prim_contributory_cause,num_units,most_severe_injury,injuries_total,injuries_fatal,injuries_incapacitating,injuries_non_incapacitating,injuries_reported_not_evident,injuries_no_indication,crash_hour,crash_day_of_week,crash_month,parsed_datetime,date,time
10/25/2024 08:20:00 PM,7.0,2,4,5,6,1,3,1,1,1,3,FAILING TO YIELD RIGHT-OF-WAY,2,1,0.0,0.0,0.0,0.0,0.0,3.0,20,6,10,10/25/2024,2024-10-25,20:20:00
10/25/2024 08:10:00 AM,5.0,2,1,4,3,1,1,1,0,1,3,FOLLOWING TOO CLOSELY,2,1,0.0,0.0,0.0,0.0,0.0,2.0,8,6,10,10/25/2024,2024-10-25,08:10:00
10/25/2024 03:11:00 PM,3.0,2,1,3,6,1,3,3,0,1,2,UNABLE TO DETERMINE,2,1,0.0,0.0,0.0,0.0,0.0,3.0,15,6,10,10/25/2024,2024-10-25,15:11:00
10/25/2024 07:00:00 AM,3.0,4,1,3,4,1,4,3,0,0,3,DRIVING SKILLS/KNOWLEDGE/EXPERIENCE,2,1,0.0,0.0,0.0,0.0,0.0,2.0,7,6,10,10/25/2024,2024-10-25,07:00:00
10/25/2024 09:30:00 AM,5.0,2,1,4,10,1,3,3,0,1,2,FOLLOWING TOO CLOSELY,2,1,0.0,0.0,0.0,0.0,0.0,3.0,9,6,10,10/25/2024,2024-10-25,09:30:00
10/25/2024 06:45:00 AM,5.0,4,1,5,5,1,4,3,0,1,2,DISREGARDING TRAFFIC SIGNALS,2,1,0.0,0.0,0.0,0.0,0.0,2.0,6,6,10,10/25/2024,2024-10-25,06:45:00
10/25/2024 09:00:00 AM,7.0,3,1,5,5,1,4,3,1,1,3,FAILING TO YIELD RIGHT-OF-WAY,2,1,0.0,0.0,0.0,0.0,0.0,2.0,9,6,10,10/25/2024,2024-10-25,09:00:00
10/25/2024 10:20:00 AM,5.0,2,1,6,5,1,3,3,0,1,3,IMPROPER OVERTAKING/PASSING,2,1,0.0,0.0,0.0,0.0,0.0,4.0,10,6,10,10/25/2024,2024-10-25,10:20:00
10/25/2024 06:00:00 PM,5.0,2,3,8,6,1,3,3,0,1,3,IMPROPER BACKING,2,1,0.0,0.0,0.0,0.0,0.0,4.0,18,6,10,10/25/2024,2024-10-25,18:00:00
10/25/2024 02:42:00 PM,5.0,2,1,3,10,1,3,3,0,1,3,UNABLE TO DETERMINE,2,1,0.0,0.0,0.0,0.0,0.0,2.0,14,6,10,10/25/2024,2024-10-25,14:42:00
11/08/2024 11:30:00 PM,5.0,2,4,5,7,1,3,3,1,1,3,DISREGARDING TRAFFIC SIGNALS,2,1,0.0,0.0,0.0,0.0,0.0,3.0,23,6,11,11/08/2024,2024-11-08,23:30:00
10/25/2024 06:10:00 PM,5.0,2,3,4,6,1,3,3,0,1,3,FOLLOWING TOO CLOSELY,2,1,0.0,0.0,0.0,0.0,0.0,2.0,18,6,10,10/25/2024,2024-10-25,18:10:00
10/25/2024 04:34:00 PM,7.0,2,1,6,7,1,3,3,1,1,3,FAILING TO YIELD RIGHT-OF-WAY,2,1,0.0,0.0,0.0,0.0,0.0,2.0,16,6,10,10/25/2024,2024-10-25,16:34:00
10/25/2024 11:55:00 AM,5.0,2,1,3,6,1,3,3,0,1,3,IMPROPER TURNING/NO SIGNAL,2,1,0.0,0.0,0.0,0.0,0.0,2.0,11,6,10,10/25/2024,2024-10-25,11:55:00
10/25/2024 07:45:00 AM,5.0,2,1,6,6,1,4,1,0,1,3,DRIVING SKILLS/KNOWLEDGE/EXPERIENCE,2,1,0.0,0.0,0.0,0.0,0.0,3.0,7,6,10,10/25/2024,2024-10-25,07:45:00
10/25/2024 06:56:00 PM,5.0,2,4,14,6,1,3,3,1,1,2,UNABLE TO DETERMINE,2,3,1.0,0.0,0.0,1.0,0.0,1.0,18,6,10,10/25/2024,2024-10-25,18:56:00
10/25/2024 07:30:00 AM,7.0,4,2,13,5,1,4,3,1,1,1,UNABLE TO DETERMINE,2,3,1.0,0.0,0.0,1.0,0.0,1.0,7,6,10,10/25/2024,2024-10-25,07:30:00
10/25/2024 08:55:00 PM,5.0,2,4,6,5,1,3,1,0,1,3,UNABLE TO DETERMINE,2,1,0.0,0.0,0.0,0.0,0.0,4.0,20,6,10,10/25/2024,2024-10-25,20:55:00
10/25/2024 09:28:00 AM,1.0,2,1,10,6,1,1,1,0,1,1,NOT APPLICABLE,2,1,0.0,0.0,0.0,0.0,0.0,2.0,9,6,10,10/25/2024,2024-10-25,09:28:00
10/25/2024 04:30:00 PM,5.0,2,1,6,4,1,3,3,0,0,3,DISREGARDING TRAFFIC SIGNALS,2,1,0.0,0.0,0.0,0.0,0.0,2.0,16,6,10,10/25/2024,2024-10-25,16:30:00
10/25/2024 08:30:00 PM,5.0,2,4,6,5,1,3,3,1,1,3,IMPROPER TURNING/NO SIGNAL,2,3,1.0,0.0,0.0,1.0,0.0,3.0,20,6,10,10/25/2024,2024-10-25,20:30:00
10/25/2024 01:05:00 PM,1.0,2,1,4,6,1,1,1,0,1,3,UNABLE TO DETERMINE,2,1,0.0,0.0,0.0,0.0,0.0,2.0,13,6,10,10/25/2024,2024-10-25,13:05:00
10/25/2024 03:54:00 PM,7.0,4,1,14,4,1,3,1,1,1,3,FAILING TO YIELD RIGHT-OF-WAY,2,3,1.0,0.0,0.0,1.0,0.0,2.0,15,6,10,10/25/2024,2024-10-25,15:54:00
10/25/2024 03:30:00 PM,2.0,2,1,4,4,1,3,3,0,1,2,UNABLE TO DETERMINE,2,1,0.0,0.0,0.0,0.0,0.0,2.0,15,6,10,10/25/2024,2024-10-25,15:30:00
10/25/2024 02:56:00 PM,7.0,2,1,5,5,1,3,3,1,1,3,FAILING TO YIELD RIGHT-OF-WAY,2,1,0.0,0.0,0.0,0.0,0.0,3.0,14,6,10,10/25/2024,2024-10-25,14:56:00
10/25/2024 06:15:00 AM,5.0,4,1,10,5,1,4,3,1,1,1,UNABLE TO DETERMINE,2,3,1.0,0.0,0.0,1.0,0.0,2.0,6,6,10,10/25/2024,2024-10-25,06:15:00
10/25/2024 10:05:00 AM,5.0,2,1,5,6,1,3,3,1,1,3,FAILING TO REDUCE SPEED TO AVOID CRASH,2,2,2.0,0.0,0.0,0.0,2.0,2.0,10,6,10,10/25/2024,2024-10-25,10:05:00
10/25/2024 12:50:00 PM,5.0,2,1,5,5,1,3,3,1,1,3,DISREGARDING TRAFFIC SIGNALS,2,1,0.0,0.0,0.0,0.0,0.0,2.0,12,6,10,10/25/2024,2024-10-25,12:50:00
10/25/2024 11:15:00 PM,5.0,2,4,6,5,1,3,3,1,1,3,IMPROPER TURNING/NO SIGNAL,2,1,0.0,0.0,0.0,0.0,0.0,2.0,23,6,10,10/25/2024,2024-10-25,23:15:00
10/25/2024 07:57:00 PM,3.0,2,4,5,5,1,3,1,1,1,3,UNABLE TO DETERMINE,2,1,0.0,0.0,0.0,0.0,0.0,2.0,19,6,10,10/25/2024,2024-10-25,19:57:00
10/25/2024 05:22:00 AM,5.0,4,2,6,7,1,4,3,0,1,3,"VISION OBSCURED (SIGNS, TREE LIMBS, BUILDINGS, ETC.)",2,1,0.0,0.0,0.0,0.0,0.0,2.0,5,6,10,10/25/2024,2024-10-25,05:22:00
10/25/2024 05:18:00 PM,5.0,2,2,3,5,1,3,3,0,1,2,FOLLOWING TOO CLOSELY,2,1,0.0,0.0,0.0,0.0,0.0,2.0,17,6,10,10/25/2024,2024-10-25,17:18:00
10/25/2024 05:16:00 PM,1.0,2,1,4,6,1,1,1,0,1,3,FAILING TO REDUCE SPEED TO AVOID CRASH,2,1,0.0,0.0,0.0,0.0,0.0,2.0,17,6,10,10/25/2024,2024-10-25,17:16:00
10/25/2024 07:40:00 PM,1.0,2,1,3,6,1,1,1,0,1,3,IMPROPER LANE USAGE,2,1,0.0,0.0,0.0,0.0,0.0,2.0,19,6,10,10/25/2024,2024-10-25,19:40:00
10/25/2024 05:16:00 PM,5.0,2,1,6,6,1,3,3,1,1,3,NOT APPLICABLE,2,3,2.0,0.0,0.0,1.0,1.0,1.0,17,6,10,10/25/2024,2024-10-25,17:16:00
10/25/2024 07:45:00 AM,1.0,4,1,4,3,1,4,1,0,1,3,UNABLE TO DETERMINE,2,1,0.0,0.0,0.0,0.0,0.0,2.0,7,6,10,10/25/2024,2024-10-25,07:45:00
10/25/2024 07:55:00 PM,5.0,2,4,5,5,2,3,3,1,1,3,FAILING TO REDUCE SPEED TO AVOID CRASH,2,1,0.0,0.0,0.0,0.0,0.0,2.0,19,6,10,10/25/2024,2024-10-25,19:55:00
10/25/2024 11:22:00 AM,7.0,2,1,3,6,1,3,3,0,0,3,UNABLE TO DETERMINE,2,1,0.0,0.0,0.0,0.0,0.0,4.0,11,6,10,10/25/2024,2024-10-25,11:22:00
10/25/2024 10:47:00 AM,5.0,2,1,6,4,1,3,3,0,1,3,FAILING TO YIELD RIGHT-OF-WAY,2,1,0.0,0.0,0.0,0.0,0.0,2.0,10,6,10,10/25/2024,2024-10-25,10:47:00
10/25/2024 09:10:00 AM,5.0,2,1,4,5,1,4,3,0,1,1,FOLLOWING TOO CLOSELY,2,1,0.0,0.0,0.0,0.0,0.0,2.0,9,6,10,10/25/2024,2024-10-25,09:10:00
10/25/2024 04:35:00 PM,7.0,2,1,3,7,1,3,3,0,1,3,FAILING TO YIELD RIGHT-OF-WAY,2,1,0.0,0.0,0.0,0.0,0.0,2.0,16,6,10,10/25/2024,2024-10-25,16:35:00
10/25/2024 04:30:00 PM,5.0,2,1,6,3,1,3,3,1,1,3,IMPROPER TURNING/NO SIGNAL,2,1,0.0,0.0,0.0,0.0,0.0,2.0,16,6,10,10/25/2024,2024-10-25,16:30:00
10/25/2024 12:12:00 AM,5.0,4,4,14,6,1,4,3,0,1,1,FAILING TO YIELD RIGHT-OF-WAY,2,1,0.0,0.0,0.0,0.0,0.0,2.0,0,6,10,10/25/2024,2024-10-25,00:12:00
10/25/2024 10:13:00 AM,7.0,2,1,13,10,1,4,3,1,1,3,FAILING TO YIELD RIGHT-OF-WAY,2,3,1.0,0.0,0.0,1.0,0.0,1.0,10,6,10,10/25/2024,2024-10-25,10:13:00
11/09/2024 10:00:00 PM,7.0,4,4,6,7,1,4,1,0,1,3,DISREGARDING STOP SIGN,2,1,0.0,0.0,0.0,0.0,0.0,2.0,22,7,11,11/09/2024,2024-11-09,22:00:00
11/07/2024 08:40:00 PM,3.0,2,4,6,7,1,3,3,0,1,3,DRIVING ON WRONG SIDE/WRONG WAY,2,1,0.0,0.0,0.0,0.0,0.0,3.0,20,5,11,11/07/2024,2024-11-07,20:40:00
11/10/2024 12:15:00 AM,5.0,4,4,9,6,1,4,3,0,1,3,IMPROPER LANE USAGE,2,1,0.0,0.0,0.0,0.0,0.0,2.0,0,1,11,11/10/2024,2024-11-10,00:15:00
11/10/2024 02:04:00 AM,7.0,4,4,11,5,1,4,1,0,1,3,WEATHER,2,1,0.0,0.0,0.0,0.0,0.0,1.0,2,1,11,11/10/2024,2024-11-10,02:04:00
10/21/2024 10:25:00 PM,5.0,2,4,5,5,1,3,3,1,1,1,DISREGARDING TRAFFIC SIGNALS,2,4,2.0,0.0,2.0,0.0,0.0,1.0,22,2,10,10/21/2024,2024-10-21,22:25:00
11/07/2024 04:10:00 PM,5.0,2,1,6,5,3,3,3,0,1,3,UNABLE TO DETERMINE,2,1,0.0,0.0,0.0,0.0,0.0,2.0,16,5,11,11/07/2024,2024-11-07,16:10:00
11/09/2024 11:43:00 AM,7.0,2,1,13,5,1,3,3,0,1,1,FAILING TO YIELD RIGHT-OF-WAY,2,1,0.0,0.0,0.0,0.0,0.0,2.0,11,7,11,11/09/2024,2024-11-09,11:43:00
11/05/2024 05:25:00 PM,5.0,4,5,3,4,1,4,3,0,1,1,FAILING TO YIELD RIGHT-OF-WAY,2,1,0.0,0.0,0.0,0.0,0.0,2.0,17,3,11,11/05/2024,2024-11-05,17:25:00
11/07/2024 03:13:00 PM,5.0,2,1,14,5,1,3,3,0,1,3,FAILING TO YIELD RIGHT-OF-WAY,2,1,0.0,0.0,0.0,0.0,0.0,2.0,15,5,11,11/07/2024,2024-11-07,15:13:00
11/09/2024 12:00:00 AM,7.0,2,4,5,5,1,1,1,0,1,3,UNABLE TO DETERMINE,2,1,0.0,0.0,0.0,0.0,0.0,2.0,0,7,11,11/09/2024,2024-11-09,00:00:00
11/09/2024 04:48:00 PM,7.0,4,4,5,5,1,4,3,0,1,3,FAILING TO YIELD RIGHT-OF-WAY,2,1,0.0,0.0,0.0,0.0,0.0,2.0,16,7,11,11/09/2024,2024-11-09,16:48:00
11/09/2024 06:20:00 PM,5.0,2,4,5,5,1,4,1,1,1,3,DISREGARDING TRAFFIC SIGNALS,2,3,1.0,0.0,0.0,1.0,0.0,2.0,18,7,11,11/09/2024,2024-11-09,18:20:00
11/10/2024 12:18:00 AM,5.0,4,4,7,5,1,4,1,1,1,3,DISREGARDING TRAFFIC SIGNALS,2,1,0.0,0.0,0.0,0.0,0.0,2.0,0,1,11,11/10/2024,2024-11-10,00:18:00
11/04/2024 03:55:00 PM,5.0,3,1,4,4,1,3,3,0,1,2,FOLLOWING TOO CLOSELY,2,1,0.0,0.0,0.0,0.0,0.0,3.0,15,2,11,11/04/2024,2024-11-04,15:55:00
11/06/2024 08:29:00 PM,5.0,2,1,3,5,1,3,3,0,1,3,IMPROPER LANE USAGE,2,1,0.0,0.0,0.0,0.0,0.0,2.0,20,4,11,11/06/2024,2024-11-06,20:29:00
11/09/2024 07:35:00 PM,5.0,4,5,3,3,1,4,3,1,1,3,UNABLE TO DETERMINE,2,3,1.0,0.0,0.0,1.0,0.0,2.0,19,7,11,11/09/2024,2024-11-09,19:35:00
11/09/2024 02:10:00 PM,5.0,3,1,6,4,1,3,3,0,1,2,UNABLE TO DETERMINE,2,1,0.0,0.0,0.0,0.0,0.0,2.0,14,7,11,11/09/2024,2024-11-09,14:10:00
11/09/2024 05:10:00 PM,5.0,2,4,9,6,1,4,3,0,1,3,UNABLE TO DETERMINE,2,1,0.0,0.0,0.0,0.0,0.0,2.0,17,7,11,11/09/2024,2024-11-09,17:10:00
11/10/2024 01:45:00 AM,5.0,4,4,4,7,1,4,3,1,1,3,FOLLOWING TOO CLOSELY,2,1,0.0,0.0,0.0,0.0,0.0,3.0,1,1,11,11/10/2024,2024-11-10,01:45:00
11/10/2024 02:40:00 AM,5.0,4,4,6,3,1,4,3,0,1,3,IMPROPER TURNING/NO SIGNAL,2,1,0.0,0.0,0.0,0.0,0.0,2.0,2,1,11,11/10/2024,2024-11-10,02:40:00
10/26/2024 07:00:00 PM,5.0,2,4,6,5,1,3,3,1,1,3,FAILING TO YIELD RIGHT-OF-WAY,2,1,0.0,0.0,0.0,0.0,0.0,3.0,19,7,10,10/26/2024,2024-10-26,19:00:00
10/26/2024 06:13:00 PM,5.0,2,2,6,6,1,3,3,0,1,3,UNABLE TO DETERMINE,2,1,0.0,0.0,0.0,0.0,0.0,10.0,18,7,10,10/26/2024,2024-10-26,18:13:00
10/26/2024 03:30:00 PM,5.0,2,1,5,5,1,3,3,1,1,3,UNABLE TO DETERMINE,2,3,1.0,0.0,0.0,1.0,0.0,1.0,15,7,10,10/26/2024,2024-10-26,15:30:00
10/26/2024 09:45:00 PM,3.0,2,4,6,5,1,3,1,1,1,3,UNABLE TO DETERMINE,2,3,1.0,0.0,0.0,1.0,0.0,1.0,21,7,10,10/26/2024,2024-10-26,21:45:00
10/26/2024 05:00:00 PM,7.0,2,1,5,5,1,3,1,1,1,3,DISREGARDING STOP SIGN,2,2,1.0,0.0,0.0,0.0,1.0,2.0,17,7,10,10/26/2024,2024-10-26,17:00:00
10/26/2024 07:05:00 PM,5.0,2,3,13,6,1,3,3,1,1,3,NOT APPLICABLE,2,4,1.0,0.0,1.0,0.0,0.0,1.0,19,7,10,10/26/2024,2024-10-26,19:05:00
10/26/2024 02:30:00 PM,3.0,2,1,6,4,1,3,3,0,1,3,IMPROPER OVERTAKING/PASSING,2,1,0.0,0.0,0.0,0.0,0.0,2.0,14,7,10,10/26/2024,2024-10-26,14:30:00
10/26/2024 03:37:00 PM,1.0,2,1,14,10,1,1,1,1,1,3,UNABLE TO DETERMINE,2,3,1.0,0.0,0.0,1.0,0.0,1.0,15,7,10,10/26/2024,2024-10-26,15:37:00
10/26/2024 04:58:00 AM,5.0,2,1,5,5,1,3,3,0,1,3,DISREGARDING TRAFFIC SIGNALS,2,1,0.0,0.0,0.0,0.0,0.0,2.0,4,7,10,10/26/2024,2024-10-26,04:58:00
10/26/2024 05:15:00 AM,5.0,2,4,5,1,1,3,3,0,1,2,DRIVING SKILLS/KNOWLEDGE/EXPERIENCE,2,1,0.0,0.0,0.0,0.0,0.0,2.0,5,7,10,10/26/2024,2024-10-26,05:15:00
10/26/2024 10:05:00 AM,5.0,2,1,3,3,1,1,1,0,1,3,IMPROPER LANE USAGE,2,1,0.0,0.0,0.0,0.0,0.0,2.0,10,7,10,10/26/2024,2024-10-26,10:05:00
10/26/2024 07:15:00 PM,3.0,2,3,5,5,1,3,3,0,1,1,IMPROPER LANE USAGE,2,1,0.0,0.0,0.0,0.0,0.0,2.0,19,7,10,10/26/2024,2024-10-26,19:15:00
10/26/2024 12:39:00 PM,7.0,2,1,6,5,1,3,3,0,1,3,FAILING TO YIELD RIGHT-OF-WAY,2,1,0.0,0.0,0.0,0.0,0.0,3.0,12,7,10,10/26/2024,2024-10-26,12:39:00
10/26/2024 09:00:00 AM,5.0,2,1,6,5,1,3,3,0,1,3,FAILING TO REDUCE SPEED TO AVOID CRASH,2,1,0.0,0.0,0.0,0.0,0.0,3.0,9,7,10,10/26/2024,2024-10-26,09:00:00
10/26/2024 08:13:00 AM,5.0,2,1,6,5,1,3,3,1,1,3,UNABLE TO DETERMINE,2,2,1.0,0.0,0.0,0.0,1.0,2.0,8,7,10,10/26/2024,2024-10-26,08:13:00
10/26/2024 05:10:00 PM,7.0,2,1,14,6,1,3,3,1,1,3,FAILING TO YIELD RIGHT-OF-WAY,2,3,1.0,0.0,0.0,1.0,0.0,1.0,17,7,10,10/26/2024,2024-10-26,17:10:00
10/26/2024 04:25:00 PM,1.0,2,1,3,1,1,3,1,0,1,3,IMPROPER OVERTAKING/PASSING,2,1,0.0,0.0,0.0,0.0,0.0,2.0,16,7,10,10/26/2024,2024-10-26,16:25:00
10/26/2024 11:15:00 AM,5.0,2,1,4,4,1,3,3,0,1,3,UNABLE TO DETERMINE,2,1,0.0,0.0,0.0,0.0,0.0,2.0,11,7,10,10/26/2024,2024-10-26,11:15:00
10/26/2024 10:53:00 AM,5.0,2,1,5,6,1,3,3,1,1,3,DISREGARDING TRAFFIC SIGNALS,2,1,0.0,0.0,0.0,0.0,0.0,2.0,10,7,10,10/26/2024,2024-10-26,10:53:00
10/26/2024 11:05:00 AM,7.0,2,1,5,5,1,3,3,0,1,3,FAILING TO YIELD RIGHT-OF-WAY,2,1,0.0,0.0,0.0,0.0,0.0,2.0,11,7,10,10/26/2024,2024-10-26,11:05:00
10/26/2024 02:30:00 PM,3.0,2,1,14,6,1,3,3,0,1,3,UNABLE TO DETERMINE,2,1,0.0,0.0,0.0,0.0,0.0,2.0,14,7,10,10/26/2024,2024-10-26,14:30:00
10/26/2024 04:50:00 PM,7.0,2,1,5,5,1,3,3,0,1,3,UNABLE TO DETERMINE,2,1,0.0,0.0,0.0,0.0,0.0,2.0,16,7,10,10/26/2024,2024-10-26,16:50:00
11/15/2024 12:16:00 PM,7.0,2,1,14,5,1,1,1,0,1,1,UNABLE TO DETERMINE,2,1,0.0,0.0,0.0,0.0,0.0,2.0,12,6,11,11/15/2024,2024-11-15,12:16:00
10/26/2024 07:45:00 AM,5.0,2,1,5,5,1,3,3,1,1,3,DISREGARDING TRAFFIC SIGNALS,2,1,0.0,0.0,0.0,0.0,0.0,7.0,7,7,10,10/26/2024,2024-10-26,07:45:00
10/26/2024 12:22:00 AM,5.0,2,4,6,5,1,3,3,0,1,3,"VISION OBSCURED (SIGNS, TREE LIMBS, BUILDINGS, ETC.)",2,1,0.0,0.0,0.0,0.0,0.0,2.0,0,7,10,10/26/2024,2024-10-26,00:22:00
10/26/2024 02:40:00 PM,5.0,2,1,6,4,1,3,3,0,1,2,IMPROPER OVERTAKING/PASSING,2,1,0.0,0.0,0.0,0.0,0.0,2.0,14,7,10,10/26/2024,2024-10-26,14:40:00
10/26/2024 05:39:00 PM,5.0,2,1,5,6,1,3,3,1,1,3,DISREGARDING OTHER TRAFFIC SIGNS,2,1,0.0,0.0,0.0,0.0,0.0,4.0,17,7,10,10/26/2024,2024-10-26,17:39:00
10/26/2024 04:48:00 PM,7.0,2,1,5,5,1,3,3,1,1,3,UNABLE TO DETERMINE,2,2,1.0,0.0,0.0,0.0,1.0,1.0,16,7,10,10/26/2024,2024-10-26,16:48:00
10/26/2024 06:40:00 PM,3.0,2,4,6,6,1,3,1,1,1,3,FAILING TO YIELD RIGHT-OF-WAY,2,3,1.0,0.0,0.0,1.0,0.0,1.0,18,7,10,10/26/2024,2024-10-26,18:40:00
10/26/2024 04:00:00 PM,3.0,2,1,5,5,1,3,3,1,1,3,FAILING TO YIELD RIGHT-OF-WAY,2,3,1.0,0.0,0.0,1.0,0.0,2.0,16,7,10,10/26/2024,2024-10-26,16:00:00
10/26/2024 06:18:00 PM,7.0,2,1,5,6,1,1,1,0,1,3,FAILING TO YIELD RIGHT-OF-WAY,2,1,0.0,0.0,0.0,0.0,0.0,4.0,18,7,10,10/26/2024,2024-10-26,18:18:00
10/26/2024 07:00:00 PM,1.0,2,1,11,6,1,1,1,0,1,3,UNABLE TO DETERMINE,2,1,0.0,0.0,0.0,0.0,0.0,1.0,19,7,10,10/26/2024,2024-10-26,19:00:00
10/26/2024 11:00:00 PM,5.0,2,4,3,1,1,3,3,0,1,3,IMPROPER LANE USAGE,2,1,0.0,0.0,0.0,0.0,0.0,2.0,23,7,10,10/26/2024,2024-10-26,23:00:00
10/26/2024 04:40:00 AM,5.0,2,1,3,5,1,3,3,0,1,3,IMPROPER OVERTAKING/PASSING,2,1,0.0,0.0,0.0,0.0,0.0,2.0,4,7,10,10/26/2024,2024-10-26,04:40:00
11/07/2024 07:47:00 PM,3.0,2,4,4,6,1,3,3,1,1,3,FAILING TO REDUCE SPEED TO AVOID CRASH,2,1,0.0,0.0,0.0,0.0,0.0,2.0,19,5,11,11/07/2024,2024-11-07,19:47:00
11/10/2024 08:30:00 PM,5.0,2,4,5,5,1,3,3,0,1,3,UNABLE TO DETERMINE,2,1,0.0,0.0,0.0,0.0,0.0,2.0,20,1,11,11/10/2024,2024-11-10,20:30:00
11/10/2024 12:38:00 AM,5.0,4,3,5,5,1,4,3,1,1,3,DRIVING SKILLS/KNOWLEDGE/EXPERIENCE,2,2,2.0,0.0,0.0,0.0,2.0,0.0,0,1,11,11/10/2024,2024-11-10,00:38:00
11/10/2024 10:00:00 AM,7.0,2,1,5,5,1,3,3,0,1,3,FAILING TO YIELD RIGHT-OF-WAY,2,1,0.0,0.0,0.0,0.0,0.0,3.0,10,1,11,11/10/2024,2024-11-10,10:00:00
11/10/2024 08:08:00 PM,3.0,2,4,5,2,1,3,3,0,1,3,FAILING TO YIELD RIGHT-OF-WAY,2,1,0.0,0.0,0.0,0.0,0.0,2.0,20,1,11,11/10/2024,2024-11-10,20:08:00
11/10/2024 05:40:00 AM,5.0,4,2,6,5,1,4,3,1,1,3,FAILING TO YIELD RIGHT-OF-WAY,2,3,1.0,0.0,0.0,1.0,0.0,1.0,5,1,11,11/10/2024,2024-11-10,05:40:00
11/08/2024 05:10:00 PM,5.0,2,4,6,6,1,3,3,1,1,3,FAILING TO YIELD RIGHT-OF-WAY,2,1,0.0,0.0,0.0,0.0,0.0,2.0,17,6,11,11/08/2024,2024-11-08,17:10:00
11/10/2024 03:00:00 PM,7.0,2,1,6,7,1,3,3,0,1,3,IMPROPER TURNING/NO SIGNAL,2,1,0.0,0.0,0.0,0.0,0.0,2.0,15,1,11,11/10/2024,2024-11-10,15:00:00
11/05/2024 06:41:00 PM,5.0,4,4,4,5,1,4,1,0,1,3,WEATHER,2,1,0.0,0.0,0.0,0.0,0.0,2.0,18,3,11,11/05/2024,2024-11-05,18:41:00
11/10/2024 10:20:00 AM,7.0,2,1,6,10,1,3,3,0,1,3,IMPROPER TURNING/NO SIGNAL,2,1,0.0,0.0,0.0,0.0,0.0,2.0,10,1,11,11/10/2024,2024-11-10,10:20:00
11/05/2024 10:21:00 AM,5.0,2,1,13,6,1,3,3,1,0,3,UNABLE TO DETERMINE,2,4,1.0,0.0,1.0,0.0,0.0,1.0,10,3,11,11/05/2024,2024-11-05,10:21:00
11/08/2024 04:44:00 PM,3.0,2,4,13,6,1,3,3,1,1,1,UNABLE TO DETERMINE,2,3,1.0,0.0,0.0,1.0,0.0,1.0,16,6,11,11/08/2024,2024-11-08,16:44:00
11/09/2024 06:45:00 PM,5.0,2,1,4,4,1,1,1,0,1,2,FOLLOWING TOO CLOSELY,2,1,0.0,0.0,0.0,0.0,0.0,3.0,18,7,11,11/09/2024,2024-11-09,18:45:00
11/10/2024 05:39:00 PM,5.0,2,4,5,6,1,3,1,1,1,3,FAILING TO YIELD RIGHT-OF-WAY,2,1,0.0,0.0,0.0,0.0,0.0,3.0,17,1,11,11/10/2024,2024-11-10,17:39:00
11/03/2024 08:08:00 PM,5.0,3,4,4,3,1,4,3,0,1,3,FOLLOWING TOO CLOSELY,2,1,0.0,0.0,0.0,0.0,0.0,2.0,20,1,11,11/03/2024,2024-11-03,20:08:00
11/09/2024 07:50:00 PM,5.0,2,4,4,4,1,3,3,0,1,3,FOLLOWING TOO CLOSELY,2,1,0.0,0.0,0.0,0.0,0.0,4.0,19,7,11,11/09/2024,2024-11-09,19:50:00
11/09/2024 05:00:00 PM,1.0,2,1,7,6,1,1,1,0,1,2,IMPROPER BACKING,2,1,0.0,0.0,0.0,0.0,0.0,3.0,17,7,11,11/09/2024,2024-11-09,17:00:00
11/10/2024 12:30:00 PM,5.0,2,1,6,6,1,3,3,0,1,3,IMPROPER LANE USAGE,2,1,0.0,0.0,0.0,0.0,0.0,3.0,12,1,11,11/10/2024,2024-11-10,12:30:00
11/09/2024 09:33:00 PM,5.0,4,4,4,4,1,4,3,1,1,3,FOLLOWING TOO CLOSELY,2,1,0.0,0.0,0.0,0.0,0.0,2.0,21,7,11,11/09/2024,2024-11-09,21:33:00
11/10/2024 03:15:00 PM,5.0,2,1,6,14,1,3,1,0,1,3,FAILING TO YIELD RIGHT-OF-WAY,2,1,0.0,0.0,0.0,0.0,0.0,3.0,15,1,11,11/10/2024,2024-11-10,15:15:00
11/09/2024 09:00:00 PM,3.0,2,3,3,6,1,3,3,0,0,2,IMPROPER LANE USAGE,2,1,0.0,0.0,0.0,0.0,0.0,2.0,21,7,11,11/09/2024,2024-11-09,21:00:00
11/10/2024 09:58:00 PM,5.0,2,4,4,4,1,1,1,0,1,3,FAILING TO REDUCE SPEED TO AVOID CRASH,2,1,0.0,0.0,0.0,0.0,0.0,2.0,21,1,11,11/10/2024,2024-11-10,21:58:00
11/10/2024 12:33:00 PM,5.0,2,1,6,7,1,4,1,0,1,3,FAILING TO YIELD RIGHT-OF-WAY,2,1,0.0,0.0,0.0,0.0,0.0,2.0,12,1,11,11/10/2024,2024-11-10,12:33:00
11/10/2024 06:54:00 PM,5.0,2,4,4,6,1,3,3,0,1,3,FOLLOWING TOO CLOSELY,2,1,0.0,0.0,0.0,0.0,0.0,2.0,18,1,11,11/10/2024,2024-11-10,18:54:00