crash_date,traffic_control_device,weather_condition,lighting_condition,first_crash_type,trafficway_type,alignment,roadway_surface_cond,road_defect,crash_type,intersection_related_i,damage,prim_contributory_cause,num_units,most_severe_injury,injuries_total,injuries_fatal,injuries_incapacitating,injuries_non_incapacitating,injuries_reported_not_evident,injuries_no_indication,crash_hour,crash_day_of_week,crash_month,parsed_datetime,date,time
11/12/2024 07:40:00 AM,5.0,2,1,4,5,1,3,1,0,1,3,UNABLE TO DETERMINE,2,1,0.0,0.0,0.0,0.0,0.0,2.0,7,3,11,11/12/2024,2024-11-12,07:40:00
11/12/2024 04:25:00 PM,7.0,2,1,5,1,1,3,3,1,1,3,DISREGARDING STOP SIGN,2,1,0.0,0.0,0.0,0.0,0.0,4.0,16,3,11,11/12/2024,2024-11-12,16:25:00
10/29/2024 04:00:00 PM,1.0,2,1,6,1,1,1,1,0,1,3,UNABLE TO DETERMINE,2,1,0.0,0.0,0.0,0.0,0.0,2.0,16,3,10,10/29/2024,2024-10-29,16:00:00
11/12/2024 04:35:00 PM,3.0,2,1,6,5,1,3,3,0,1,3,UNABLE TO DETERMINE,2,1,0.0,0.0,0.0,0.0,0.0,2.0,16,3,11,11/12/2024,2024-11-12,16:35:00
10/29/2024 01:16:00 PM,5.0,2,1,6,4,1,3,3,1,1,3,IMPROPER TURNING/NO SIGNAL,2,3,1.0,0.0,0.0,1.0,0.0,1.0,13,3,10,10/29/2024,2024-10-29,13:16:00
10/29/2024 11:00:00 AM,5.0,2,1,6,6,1,3,3,0,1,2,IMPROPER TURNING/NO SIGNAL,2,1,0.0,0.0,0.0,0.0,0.0,2.0,11,3,10,10/29/2024,2024-10-29,11:00:00
10/29/2024 04:00:00 PM,5.0,2,1,3,4,1,3,3,0,1,3,IMPROPER OVERTAKING/PASSING,2,1,0.0,0.0,0.0,0.0,0.0,2.0,16,3,10,10/29/2024,2024-10-29,16:00:00
10/29/2024 07:42:00 PM,5.0,2,4,6,5,1,3,3,0,1,3,DRIVING SKILLS/KNOWLEDGE/EXPERIENCE,2,1,0.0,0.0,0.0,0.0,0.0,3.0,19,3,10,10/29/2024,2024-10-29,19:42:00
10/29/2024 06:30:00 AM,5.0,2,5,4,4,1,3,3,0,1,3,UNABLE TO DETERMINE,2,1,0.0,0.0,0.0,0.0,0.0,2.0,6,3,10,10/29/2024,2024-10-29,06:30:00
10/29/2024 01:40:00 PM,7.0,2,1,6,5,1,3,3,0,1,3,FAILING TO YIELD RIGHT-OF-WAY,2,1,0.0,0.0,0.0,0.0,0.0,2.0,13,3,10,10/29/2024,2024-10-29,13:40:00
10/29/2024 06:26:00 PM,5.0,2,1,6,2,1,3,3,1,1,3,IMPROPER TURNING/NO SIGNAL,2,3,1.0,0.0,0.0,1.0,0.0,1.0,18,3,10,10/29/2024,2024-10-29,18:26:00
10/29/2024 09:40:00 AM,7.0,2,1,5,6,1,3,3,0,1,3,UNABLE TO DETERMINE,2,1,0.0,0.0,0.0,0.0,0.0,2.0,9,3,10,10/29/2024,2024-10-29,09:40:00
10/29/2024 10:09:00 PM,8.0,2,5,5,4,1,3,1,1,1,3,DISREGARDING TRAFFIC SIGNALS,2,4,2.0,0.0,1.0,1.0,0.0,1.0,22,3,10,10/29/2024,2024-10-29,22:09:00
10/29/2024 08:09:00 AM,5.0,2,1,5,5,1,3,3,1,1,3,FAILING TO YIELD RIGHT-OF-WAY,2,1,0.0,0.0,0.0,0.0,0.0,4.0,8,3,10,10/29/2024,2024-10-29,08:09:00
10/29/2024 07:50:00 AM,5.0,2,1,5,5,1,3,3,1,1,3,DISREGARDING TRAFFIC SIGNALS,2,1,0.0,0.0,0.0,0.0,0.0,2.0,7,3,10,10/29/2024,2024-10-29,07:50:00
10/29/2024 06:15:00 PM,1.0,2,5,6,7,1,1,1,1,1,3,UNABLE TO DETERMINE,2,3,1.0,0.0,0.0,1.0,0.0,1.0,18,3,10,10/29/2024,2024-10-29,18:15:00
10/29/2024 05:30:00 PM,1.0,2,4,6,7,1,3,1,0,1,2,UNABLE TO DETERMINE,2,1,0.0,0.0,0.0,0.0,0.0,3.0,17,3,10,10/29/2024,2024-10-29,17:30:00
10/29/2024 05:50:00 AM,5.0,2,4,14,5,1,3,3,1,1,3,FAILING TO YIELD RIGHT-OF-WAY,2,2,1.0,0.0,0.0,0.0,1.0,1.0,5,3,10,10/29/2024,2024-10-29,05:50:00
10/29/2024 11:17:00 AM,3.0,2,1,5,4,1,3,3,1,1,3,UNABLE TO DETERMINE,2,3,1.0,0.0,0.0,1.0,0.0,1.0,11,3,10,10/29/2024,2024-10-29,11:17:00
10/29/2024 02:20:00 PM,7.0,2,1,5,5,1,3,1,1,1,3,FAILING TO YIELD RIGHT-OF-WAY,2,1,0.0,0.0,0.0,0.0,0.0,3.0,14,3,10,10/29/2024,2024-10-29,14:20:00
10/29/2024 07:15:00 AM,5.0,2,1,6,6,1,3,3,0,1,3,FAILING TO YIELD RIGHT-OF-WAY,2,1,0.0,0.0,0.0,0.0,0.0,2.0,7,3,10,10/29/2024,2024-10-29,07:15:00
10/29/2024 08:30:00 PM,3.0,2,5,6,3,1,3,3,0,1,3,FAILING TO YIELD RIGHT-OF-WAY,2,1,0.0,0.0,0.0,0.0,0.0,2.0,20,3,10,10/29/2024,2024-10-29,20:30:00
10/29/2024 06:20:00 PM,5.0,2,3,6,5,1,3,3,0,1,3,IMPROPER OVERTAKING/PASSING,2,1,0.0,0.0,0.0,0.0,0.0,2.0,18,3,10,10/29/2024,2024-10-29,18:20:00
10/29/2024 07:05:00 PM,5.0,2,3,6,5,1,3,3,1,1,3,IMPROPER TURNING/NO SIGNAL,2,1,0.0,0.0,0.0,0.0,0.0,2.0,19,3,10,10/29/2024,2024-10-29,19:05:00
10/29/2024 11:00:00 PM,5.0,2,3,3,6,1,3,3,0,1,2,IMPROPER LANE USAGE,2,1,0.0,0.0,0.0,0.0,0.0,2.0,23,3,10,10/29/2024,2024-10-29,23:00:00
10/29/2024 12:12:00 PM,5.0,2,1,6,4,1,3,3,0,1,3,DRIVING SKILLS/KNOWLEDGE/EXPERIENCE,2,1,0.0,0.0,0.0,0.0,0.0,2.0,12,3,10,10/29/2024,2024-10-29,12:12:00
10/29/2024 01:10:00 PM,5.0,2,1,5,5,1,3,7,1,1,3,DISREGARDING TRAFFIC SIGNALS,2,3,2.0,0.0,0.0,2.0,0.0,0.0,13,3,10,10/29/2024,2024-10-29,13:10:00
10/29/2024 11:30:00 AM,7.0,2,1,6,6,1,3,3,0,1,3,UNABLE TO DETERMINE,2,1,0.0,0.0,0.0,0.0,0.0,2.0,11,3,10,10/29/2024,2024-10-29,11:30:00
10/29/2024 03:30:00 PM,7.0,2,1,5,6,1,3,3,1,1,3,FAILING TO YIELD RIGHT-OF-WAY,2,1,0.0,0.0,0.0,0.0,0.0,2.0,15,3,10,10/29/2024,2024-10-29,15:30:00
10/29/2024 02:50:00 PM,5.0,2,1,5,5,1,3,3,0,1,3,IMPROPER OVERTAKING/PASSING,2,1,0.0,0.0,0.0,0.0,0.0,2.0,14,3,10,10/29/2024,2024-10-29,14:50:00
10/29/2024 09:37:00 AM,7.0,2,1,3,6,1,3,3,0,0,3,IMPROPER OVERTAKING/PASSING,2,1,0.0,0.0,0.0,0.0,0.0,2.0,9,3,10,10/29/2024,2024-10-29,09:37:00
10/29/2024 10:27:00 PM,7.0,2,4,5,5,1,3,1,0,1,3,UNABLE TO DETERMINE,2,1,0.0,0.0,0.0,0.0,0.0,4.0,22,3,10,10/29/2024,2024-10-29,22:27:00
11/10/2024 07:45:00 AM,7.0,2,1,5,5,1,4,1,1,1,3,FAILING TO YIELD RIGHT-OF-WAY,2,1,0.0,0.0,0.0,0.0,0.0,2.0,7,1,11,11/10/2024,2024-11-10,07:45:00
10/29/2024 03:33:00 PM,5.0,2,1,6,6,1,3,3,1,1,3,FAILING TO YIELD RIGHT-OF-WAY,2,2,1.0,0.0,0.0,0.0,1.0,1.0,15,3,10,10/29/2024,2024-10-29,15:33:00
10/29/2024 04:33:00 PM,5.0,2,1,4,12,1,3,3,0,1,3,UNABLE TO DETERMINE,2,1,0.0,0.0,0.0,0.0,0.0,3.0,16,3,10,10/29/2024,2024-10-29,16:33:00
10/29/2024 08:30:00 AM,5.0,2,1,4,2,1,3,3,0,1,3,FOLLOWING TOO CLOSELY,2,1,0.0,0.0,0.0,0.0,0.0,2.0,8,3,10,10/29/2024,2024-10-29,08:30:00
10/29/2024 03:30:00 PM,5.0,2,1,6,6,1,3,1,0,1,3,UNABLE TO DETERMINE,2,1,0.0,0.0,0.0,0.0,0.0,2.0,15,3,10,10/29/2024,2024-10-29,15:30:00
10/29/2024 01:30:00 PM,7.0,2,1,4,4,1,3,3,0,1,3,UNABLE TO DETERMINE,2,1,0.0,0.0,0.0,0.0,0.0,3.0,13,3,10,10/29/2024,2024-10-29,13:30:00
10/29/2024 08:15:00 PM,7.0,2,4,5,5,1,3,3,1,1,3,UNABLE TO DETERMINE,2,2,1.0,0.0,0.0,0.0,1.0,3.0,20,3,10,10/29/2024,2024-10-29,20:15:00
10/29/2024 07:45:00 AM,5.0,2,1,6,4,1,3,3,0,1,3,UNABLE TO DETERMINE,2,1,0.0,0.0,0.0,0.0,0.0,3.0,7,3,10,10/29/2024,2024-10-29,07:45:00
10/29/2024 06:25:00 PM,5.0,2,4,3,1,1,3,3,0,1,3,IMPROPER OVERTAKING/PASSING,2,1,0.0,0.0,0.0,0.0,0.0,2.0,18,3,10,10/29/2024,2024-10-29,18:25:00
10/29/2024 06:00:00 PM,5.0,2,1,6,6,1,3,3,0,1,2,UNABLE TO DETERMINE,2,1,0.0,0.0,0.0,0.0,0.0,4.0,18,3,10,10/29/2024,2024-10-29,18:00:00
11/13/2024 07:01:00 AM,3.0,2,2,11,10,1,3,3,0,0,3,UNABLE TO DETERMINE,2,1,0.0,0.0,0.0,0.0,0.0,1.0,7,4,11,11/13/2024,2024-11-13,07:01:00
11/13/2024 03:48:00 PM,7.0,2,1,5,5,1,3,3,1,1,3,FAILING TO YIELD RIGHT-OF-WAY,2,1,0.0,0.0,0.0,0.0,0.0,5.0,15,4,11,11/13/2024,2024-11-13,15:48:00
11/12/2024 08:55:00 PM,5.0,2,4,4,5,1,3,3,0,1,1,IMPROPER BACKING,2,1,0.0,0.0,0.0,0.0,0.0,2.0,20,3,11,11/12/2024,2024-11-12,20:55:00
11/13/2024 04:39:00 PM,5.0,4,2,6,12,1,4,3,1,1,3,FAILING TO REDUCE SPEED TO AVOID CRASH,2,1,0.0,0.0,0.0,0.0,0.0,2.0,16,4,11,11/13/2024,2024-11-13,16:39:00
11/05/2024 07:35:00 PM,5.0,4,4,5,5,1,4,3,0,1,2,DISREGARDING TRAFFIC SIGNALS,2,1,0.0,0.0,0.0,0.0,0.0,3.0,19,3,11,11/05/2024,2024-11-05,19:35:00
11/13/2024 06:04:00 PM,7.0,2,1,4,5,1,3,3,0,1,3,FAILING TO REDUCE SPEED TO AVOID CRASH,2,1,0.0,0.0,0.0,0.0,0.0,2.0,18,4,11,11/13/2024,2024-11-13,18:04:00
11/12/2024 12:20:00 PM,5.0,2,1,3,6,1,3,3,0,1,3,UNABLE TO DETERMINE,2,1,0.0,0.0,0.0,0.0,0.0,2.0,12,3,11,11/12/2024,2024-11-12,12:20:00
11/13/2024 10:48:00 AM,3.0,2,1,5,5,1,3,3,0,1,3,UNABLE TO DETERMINE,2,1,0.0,0.0,0.0,0.0,0.0,2.0,10,4,11,11/13/2024,2024-11-13,10:48:00
11/13/2024 08:15:00 PM,5.0,4,4,6,6,1,4,1,0,1,3,IMPROPER TURNING/NO SIGNAL,2,1,0.0,0.0,0.0,0.0,0.0,2.0,20,4,11,11/13/2024,2024-11-13,20:15:00
11/12/2024 11:30:00 AM,5.0,2,1,4,6,1,3,3,0,1,3,FOLLOWING TOO CLOSELY,2,1,0.0,0.0,0.0,0.0,0.0,2.0,11,3,11,11/12/2024,2024-11-12,11:30:00
11/12/2024 09:15:00 PM,5.0,4,4,5,5,1,4,3,1,1,3,DISREGARDING TRAFFIC SIGNALS,2,1,0.0,0.0,0.0,0.0,0.0,2.0,21,3,11,11/12/2024,2024-11-12,21:15:00
11/13/2024 03:11:00 PM,5.0,2,1,6,4,1,3,3,1,1,3,FAILING TO YIELD RIGHT-OF-WAY,2,3,1.0,0.0,0.0,1.0,0.0,1.0,15,4,11,11/13/2024,2024-11-13,15:11:00
11/13/2024 09:00:00 AM,5.0,2,1,6,5,1,3,3,0,1,3,IMPROPER LANE USAGE,2,1,0.0,0.0,0.0,0.0,0.0,2.0,9,4,11,11/13/2024,2024-11-13,09:00:00
11/13/2024 04:39:00 PM,5.0,2,1,6,5,1,1,1,0,1,3,UNABLE TO DETERMINE,2,1,0.0,0.0,0.0,0.0,0.0,2.0,16,4,11,11/13/2024,2024-11-13,16:39:00
11/13/2024 10:15:00 PM,5.0,4,4,4,5,1,4,3,0,1,2,UNABLE TO DETERMINE,2,1,0.0,0.0,0.0,0.0,0.0,2.0,22,4,11,11/13/2024,2024-11-13,22:15:00
10/18/2024 05:30:00 PM,5.0,2,1,6,5,1,1,1,0,1,3,UNABLE TO DETERMINE,2,1,0.0,0.0,0.0,0.0,0.0,2.0,17,6,10,10/18/2024,2024-10-18,17:30:00
11/06/2024 06:07:00 PM,5.0,2,4,6,5,1,1,3,0,1,3,DISREGARDING TRAFFIC SIGNALS,2,1,0.0,0.0,0.0,0.0,0.0,2.0,18,4,11,11/06/2024,2024-11-06,18:07:00
11/12/2024 09:45:00 AM,1.0,2,1,5,10,1,3,1,0,1,3,UNABLE TO DETERMINE,2,1,0.0,0.0,0.0,0.0,0.0,2.0,9,3,11,11/12/2024,2024-11-12,09:45:00
11/10/2024 07:54:00 AM,5.0,4,4,6,5,1,4,3,0,1,3,UNABLE TO DETERMINE,2,1,0.0,0.0,0.0,0.0,0.0,2.0,7,1,11,11/10/2024,2024-11-10,07:54:00
11/13/2024 07:20:00 PM,5.0,4,4,3,6,1,4,3,0,1,3,IMPROPER OVERTAKING/PASSING,2,1,0.0,0.0,0.0,0.0,0.0,2.0,19,4,11,11/13/2024,2024-11-13,19:20:00
11/13/2024 09:31:00 PM,7.0,4,4,5,5,1,4,1,0,1,3,DISREGARDING STOP SIGN,2,1,0.0,0.0,0.0,0.0,0.0,2.0,21,4,11,11/13/2024,2024-11-13,21:31:00
11/08/2024 11:00:00 AM,5.0,2,1,5,6,1,3,3,1,1,3,FAILING TO YIELD RIGHT-OF-WAY,2,1,0.0,0.0,0.0,0.0,0.0,2.0,11,6,11,11/08/2024,2024-11-08,11:00:00
11/13/2024 04:49:00 PM,5.0,7,3,6,9,4,4,1,0,1,2,IMPROPER OVERTAKING/PASSING,2,1,0.0,0.0,0.0,0.0,0.0,2.0,16,4,11,11/13/2024,2024-11-13,16:49:00
11/11/2024 10:20:00 AM,7.0,2,1,5,5,1,3,3,1,1,3,DISREGARDING STOP SIGN,2,1,0.0,0.0,0.0,0.0,0.0,2.0,10,2,11,11/11/2024,2024-11-11,10:20:00
11/13/2024 08:15:00 AM,5.0,2,1,5,5,1,3,3,0,1,1,UNABLE TO DETERMINE,2,1,0.0,0.0,0.0,0.0,0.0,2.0,8,4,11,11/13/2024,2024-11-13,08:15:00
11/13/2024 05:48:00 PM,7.0,4,5,5,5,1,4,3,1,0,3,DISREGARDING STOP SIGN,2,3,1.0,0.0,0.0,1.0,0.0,1.0,17,4,11,11/13/2024,2024-11-13,17:48:00
11/10/2024 12:30:00 PM,7.0,2,1,6,7,1,3,3,1,1,3,FAILING TO YIELD RIGHT-OF-WAY,2,3,1.0,0.0,0.0,1.0,0.0,5.0,12,1,11,11/10/2024,2024-11-10,12:30:00
11/13/2024 06:02:00 PM,5.0,4,4,6,5,1,4,3,0,1,3,DISREGARDING OTHER TRAFFIC SIGNS,2,1,0.0,0.0,0.0,0.0,0.0,2.0,18,4,11,11/13/2024,2024-11-13,18:02:00
11/12/2024 11:40:00 AM,5.0,2,1,3,5,1,3,1,0,1,2,IMPROPER OVERTAKING/PASSING,2,1,0.0,0.0,0.0,0.0,0.0,2.0,11,3,11,11/12/2024,2024-11-12,11:40:00
11/13/2024 05:42:00 PM,5.0,2,3,6,6,1,1,1,0,1,3,FAILING TO YIELD RIGHT-OF-WAY,2,1,0.0,0.0,0.0,0.0,0.0,2.0,17,4,11,11/13/2024,2024-11-13,17:42:00
10/30/2024 07:45:00 AM,7.0,2,2,3,4,1,3,3,0,1,3,UNABLE TO DETERMINE,2,1,0.0,0.0,0.0,0.0,0.0,2.0,7,4,10,10/30/2024,2024-10-30,07:45:00
10/30/2024 06:30:00 PM,5.0,2,3,6,5,1,3,3,0,1,3,DISREGARDING TRAFFIC SIGNALS,2,1,0.0,0.0,0.0,0.0,0.0,2.0,18,4,10,10/30/2024,2024-10-30,18:30:00
10/30/2024 08:35:00 AM,5.0,2,1,6,6,1,3,3,0,1,2,UNABLE TO DETERMINE,2,1,0.0,0.0,0.0,0.0,0.0,4.0,8,4,10,10/30/2024,2024-10-30,08:35:00
10/30/2024 06:45:00 AM,7.0,2,1,6,6,1,3,3,0,1,3,FAILING TO YIELD RIGHT-OF-WAY,2,1,0.0,0.0,0.0,0.0,0.0,2.0,6,4,10,10/30/2024,2024-10-30,06:45:00
10/30/2024 08:25:00 AM,7.0,2,1,5,6,1,3,3,1,1,3,FAILING TO YIELD RIGHT-OF-WAY,2,3,1.0,0.0,0.0,1.0,0.0,2.0,8,4,10,10/30/2024,2024-10-30,08:25:00
10/30/2024 07:16:00 PM,3.0,2,5,6,7,1,3,3,1,1,3,FAILING TO YIELD RIGHT-OF-WAY,2,3,2.0,0.0,0.0,2.0,0.0,0.0,19,4,10,10/30/2024,2024-10-30,19:16:00
10/30/2024 10:18:00 AM,5.0,2,1,6,5,4,3,3,1,1,3,DISREGARDING TRAFFIC SIGNALS,2,2,2.0,0.0,0.0,0.0,2.0,2.0,10,4,10,10/30/2024,2024-10-30,10:18:00
10/30/2024 04:56:00 PM,5.0,2,1,6,5,1,3,3,0,1,2,FAILING TO YIELD RIGHT-OF-WAY,2,1,0.0,0.0,0.0,0.0,0.0,2.0,16,4,10,10/30/2024,2024-10-30,16:56:00
10/30/2024 10:50:00 AM,5.0,2,1,3,5,1,3,3,1,1,3,UNABLE TO DETERMINE,2,4,1.0,0.0,1.0,0.0,0.0,1.0,10,4,10,10/30/2024,2024-10-30,10:50:00
10/30/2024 05:00:00 PM,5.0,2,1,4,6,1,3,3,0,1,3,UNABLE TO DETERMINE,2,1,0.0,0.0,0.0,0.0,0.0,2.0,17,4,10,10/30/2024,2024-10-30,17:00:00
10/30/2024 04:48:00 PM,5.0,2,1,6,5,1,3,1,0,1,1,FOLLOWING TOO CLOSELY,2,1,0.0,0.0,0.0,0.0,0.0,3.0,16,4,10,10/30/2024,2024-10-30,16:48:00
10/30/2024 11:00:00 AM,5.0,2,1,3,5,1,3,3,1,1,3,IMPROPER LANE USAGE,2,2,1.0,0.0,0.0,0.0,1.0,1.0,11,4,10,10/30/2024,2024-10-30,11:00:00
10/30/2024 10:30:00 AM,7.0,2,1,3,10,1,3,3,0,0,2,IMPROPER OVERTAKING/PASSING,2,1,0.0,0.0,0.0,0.0,0.0,4.0,10,4,10,10/30/2024,2024-10-30,10:30:00
10/30/2024 07:48:00 AM,5.0,2,1,6,1,1,1,1,0,1,3,UNABLE TO DETERMINE,2,1,0.0,0.0,0.0,0.0,0.0,5.0,7,4,10,10/30/2024,2024-10-30,07:48:00
10/30/2024 06:30:00 PM,5.0,2,4,6,4,2,3,3,0,1,3,IMPROPER TURNING/NO SIGNAL,2,1,0.0,0.0,0.0,0.0,0.0,2.0,18,4,10,10/30/2024,2024-10-30,18:30:00
10/30/2024 09:30:00 AM,3.0,2,1,6,9,1,3,3,0,1,1,UNABLE TO DETERMINE,2,1,0.0,0.0,0.0,0.0,0.0,3.0,9,4,10,10/30/2024,2024-10-30,09:30:00
10/30/2024 11:00:00 PM,7.0,2,4,4,4,1,3,1,1,1,3,UNABLE TO DETERMINE,2,2,2.0,0.0,0.0,0.0,2.0,0.0,23,4,10,10/30/2024,2024-10-30,23:00:00
10/30/2024 08:13:00 AM,5.0,2,1,6,5,1,3,3,1,1,3,UNABLE TO DETERMINE,2,1,0.0,0.0,0.0,0.0,0.0,2.0,8,4,10,10/30/2024,2024-10-30,08:13:00
10/30/2024 07:19:00 AM,5.0,2,1,4,6,1,3,3,1,1,1,FOLLOWING TOO CLOSELY,2,2,1.0,0.0,0.0,0.0,1.0,1.0,7,4,10,10/30/2024,2024-10-30,07:19:00
10/30/2024 12:01:00 AM,5.0,2,4,4,5,1,3,3,1,1,3,FAILING TO YIELD RIGHT-OF-WAY,2,1,0.0,0.0,0.0,0.0,0.0,2.0,0,4,10,10/30/2024,2024-10-30,00:01:00
10/30/2024 08:45:00 AM,5.0,2,1,14,3,1,3,3,1,1,3,IMPROPER TURNING/NO SIGNAL,2,3,1.0,0.0,0.0,1.0,0.0,1.0,8,4,10,10/30/2024,2024-10-30,08:45:00
10/30/2024 03:58:00 PM,1.0,2,1,11,6,1,3,1,0,1,2,UNABLE TO DETERMINE,2,1,0.0,0.0,0.0,0.0,0.0,1.0,15,4,10,10/30/2024,2024-10-30,15:58:00
10/30/2024 08:30:00 PM,5.0,2,4,5,5,1,1,1,0,1,2,UNABLE TO DETERMINE,2,1,0.0,0.0,0.0,0.0,0.0,2.0,20,4,10,10/30/2024,2024-10-30,20:30:00
10/30/2024 07:30:00 AM,5.0,2,1,4,6,1,3,3,0,1,2,FAILING TO REDUCE SPEED TO AVOID CRASH,2,1,0.0,0.0,0.0,0.0,0.0,2.0,7,4,10,10/30/2024,2024-10-30,07:30:00
10/30/2024 07:50:00 AM,7.0,2,1,5,7,1,3,3,1,1,3,FAILING TO YIELD RIGHT-OF-WAY,2,3,2.0,0.0,0.0,2.0,0.0,0.0,7,4,10,10/30/2024,2024-10-30,07:50:00
10/30/2024 11:15:00 PM,5.0,2,4,4,5,1,1,1,0,1,3,UNABLE TO DETERMINE,2,1,0.0,0.0,0.0,0.0,0.0,2.0,23,4,10,10/30/2024,2024-10-30,23:15:00
10/30/2024 08:39:00 PM,5.0,2,4,4,5,1,1,1,0,1,3,UNABLE TO DETERMINE,2,1,0.0,0.0,0.0,0.0,0.0,4.0,20,4,10,10/30/2024,2024-10-30,20:39:00
10/30/2024 03:35:00 PM,7.0,3,1,5,4,1,1,1,0,1,3,FAILING TO YIELD RIGHT-OF-WAY,2,1,0.0,0.0,0.0,0.0,0.0,2.0,15,4,10,10/30/2024,2024-10-30,15:35:00
10/30/2024 06:00:00 PM,5.0,2,4,4,6,2,3,3,0,1,3,DRIVING SKILLS/KNOWLEDGE/EXPERIENCE,2,1,0.0,0.0,0.0,0.0,0.0,3.0,18,4,10,10/30/2024,2024-10-30,18:00:00
10/30/2024 05:10:00 PM,7.0,2,1,13,5,1,3,3,1,1,1,OBSTRUCTED CROSSWALKS,2,4,1.0,0.0,1.0,0.0,0.0,1.0,17,4,10,10/30/2024,2024-10-30,17:10:00
10/30/2024 05:45:00 PM,5.0,2,4,6,6,1,3,3,1,1,3,DRIVING SKILLS/KNOWLEDGE/EXPERIENCE,2,1,0.0,0.0,0.0,0.0,0.0,5.0,17,4,10,10/30/2024,2024-10-30,17:45:00
10/30/2024 02:00:00 PM,1.0,2,1,6,6,1,3,3,0,1,3,FOLLOWING TOO CLOSELY,2,1,0.0,0.0,0.0,0.0,0.0,2.0,14,4,10,10/30/2024,2024-10-30,14:00:00
10/30/2024 08:12:00 PM,5.0,2,4,6,5,1,3,3,0,1,2,IMPROPER TURNING/NO SIGNAL,2,1,0.0,0.0,0.0,0.0,0.0,3.0,20,4,10,10/30/2024,2024-10-30,20:12:00
10/30/2024 10:00:00 AM,5.0,2,1,3,7,1,3,1,0,1,3,IMPROPER TURNING/NO SIGNAL,2,1,0.0,0.0,0.0,0.0,0.0,2.0,10,4,10,10/30/2024,2024-10-30,10:00:00
10/30/2024 05:15:00 AM,3.0,2,4,6,6,1,3,3,0,1,3,UNABLE TO DETERMINE,2,1,0.0,0.0,0.0,0.0,0.0,2.0,5,4,10,10/30/2024,2024-10-30,05:15:00
10/30/2024 06:20:00 AM,5.0,3,4,6,3,1,3,3,1,1,3,FAILING TO YIELD RIGHT-OF-WAY,2,3,1.0,0.0,0.0,1.0,0.0,1.0,6,4,10,10/30/2024,2024-10-30,06:20:00
10/30/2024 03:40:00 PM,5.0,2,1,13,5,1,3,3,1,1,1,FAILING TO YIELD RIGHT-OF-WAY,2,2,1.0,0.0,0.0,0.0,1.0,1.0,15,4,10,10/30/2024,2024-10-30,15:40:00
10/30/2024 05:30:00 AM,5.0,2,4,5,6,1,3,3,1,1,3,FAILING TO REDUCE SPEED TO AVOID CRASH,2,3,1.0,0.0,0.0,1.0,0.0,1.0,5,4,10,10/30/2024,2024-10-30,05:30:00
11/13/2024 11:50:00 PM,5.0,2,4,3,5,1,3,3,0,1,3,IMPROPER OVERTAKING/PASSING,2,1,0.0,0.0,0.0,0.0,0.0,2.0,23,4,11,11/13/2024,2024-11-13,23:50:00
11/14/2024 06:05:00 PM,3.0,3,4,4,6,1,4,3,1,1,3,FOLLOWING TOO CLOSELY,2,2,2.0,0.0,0.0,0.0,2.0,0.0,18,5,11,11/14/2024,2024-11-14,18:05:00
10/05/2024 11:38:00 PM,5.0,3,5,6,14,1,3,3,1,1,3,UNABLE TO DETERMINE,2,4,2.0,0.0,1.0,0.0,1.0,1.0,23,7,10,10/05/2024,2024-10-05,23:38:00
11/13/2024 04:59:00 PM,5.0,4,4,14,4,1,4,3,1,1,3,FAILING TO YIELD RIGHT-OF-WAY,2,2,1.0,0.0,0.0,0.0,1.0,1.0,16,4,11,11/13/2024,2024-11-13,16:59:00
11/14/2024 05:35:00 PM,5.0,2,5,4,18,1,3,3,0,1,2,FOLLOWING TOO CLOSELY,2,1,0.0,0.0,0.0,0.0,0.0,3.0,17,5,11,11/14/2024,2024-11-14,17:35:00
11/14/2024 08:50:00 AM,5.0,3,1,4,4,1,1,1,0,1,3,FOLLOWING TOO CLOSELY,2,1,0.0,0.0,0.0,0.0,0.0,2.0,8,5,11,11/14/2024,2024-11-14,08:50:00
11/14/2024 10:20:00 AM,5.0,3,1,6,6,1,4,3,1,1,3,UNABLE TO DETERMINE,2,2,1.0,0.0,0.0,0.0,1.0,1.0,10,5,11,11/14/2024,2024-11-14,10:20:00
11/06/2024 11:36:00 AM,5.0,2,1,6,5,1,3,3,0,1,2,UNABLE TO DETERMINE,2,1,0.0,0.0,0.0,0.0,0.0,2.0,11,4,11,11/06/2024,2024-11-06,11:36:00
11/13/2024 09:00:00 PM,5.0,4,4,5,5,1,4,1,1,1,3,FAILING TO YIELD RIGHT-OF-WAY,2,2,2.0,0.0,0.0,0.0,2.0,1.0,21,4,11,11/13/2024,2024-11-13,21:00:00
11/14/2024 11:45:00 AM,3.0,2,1,9,6,1,3,3,0,1,2,UNABLE TO DETERMINE,2,1,0.0,0.0,0.0,0.0,0.0,2.0,11,5,11,11/14/2024,2024-11-14,11:45:00
11/14/2024 07:47:00 AM,5.0,4,1,6,5,1,4,3,1,1,3,FAILING TO YIELD RIGHT-OF-WAY,2,3,2.0,0.0,0.0,2.0,0.0,0.0,7,5,11,11/14/2024,2024-11-14,07:47:00