crash_date,traffic_control_device,weather_condition,lighting_condition,first_crash_type,trafficway_type,alignment,roadway_surface_cond,road_defect,crash_type,intersection_related_i,damage,prim_contributory_cause,num_units,most_severe_injury,injuries_total,injuries_fatal,injuries_incapacitating,injuries_non_incapacitating,injuries_reported_not_evident,injuries_no_indication,crash_hour,crash_day_of_week,crash_month,parsed_datetime,date,time
11/13/2024 09:38:00 PM,5.0,4,4,3,10,1,4,3,0,1,3,IMPROPER LANE USAGE,2,1,0.0,0.0,0.0,0.0,0.0,2.0,21,4,11,11/13/2024,2024-11-13,21:38:00
11/14/2024 06:30:00 PM,7.0,2,4,5,5,1,3,3,0,1,3,UNABLE TO DETERMINE,2,1,0.0,0.0,0.0,0.0,0.0,2.0,18,5,11,11/14/2024,2024-11-14,18:30:00
11/12/2024 05:50:00 PM,3.0,2,1,5,5,1,3,1,0,1,3,FAILING TO YIELD RIGHT-OF-WAY,2,1,0.0,0.0,0.0,0.0,0.0,3.0,17,3,11,11/12/2024,2024-11-12,17:50:00
11/13/2024 01:55:00 PM,3.0,2,1,3,4,1,3,3,0,1,3,IMPROPER OVERTAKING/PASSING,2,1,0.0,0.0,0.0,0.0,0.0,2.0,13,4,11,11/13/2024,2024-11-13,13:55:00
11/14/2024 02:04:00 PM,5.0,4,3,4,5,1,4,3,0,1,3,FAILING TO REDUCE SPEED TO AVOID CRASH,2,1,0.0,0.0,0.0,0.0,0.0,7.0,14,5,11,11/14/2024,2024-11-14,14:04:00
11/14/2024 04:15:00 PM,5.0,2,4,3,5,1,3,3,0,0,2,DRIVING SKILLS/KNOWLEDGE/EXPERIENCE,2,1,0.0,0.0,0.0,0.0,0.0,4.0,16,5,11,11/14/2024,2024-11-14,16:15:00
11/13/2024 02:45:00 PM,5.0,2,4,3,6,1,4,1,0,1,3,IMPROPER OVERTAKING/PASSING,2,1,0.0,0.0,0.0,0.0,0.0,2.0,14,4,11,11/13/2024,2024-11-13,14:45:00
11/14/2024 03:56:00 PM,7.0,2,4,6,6,1,3,3,0,0,2,FAILING TO YIELD RIGHT-OF-WAY,2,1,0.0,0.0,0.0,0.0,0.0,4.0,15,5,11,11/14/2024,2024-11-14,15:56:00
11/11/2024 03:43:00 PM,5.0,2,1,14,5,1,3,1,0,1,3,UNABLE TO DETERMINE,2,1,0.0,0.0,0.0,0.0,0.0,2.0,15,2,11,11/11/2024,2024-11-11,15:43:00
11/14/2024 09:10:00 AM,5.0,3,1,6,10,1,3,3,0,1,3,UNABLE TO DETERMINE,2,1,0.0,0.0,0.0,0.0,0.0,2.0,9,5,11,11/14/2024,2024-11-14,09:10:00
11/10/2024 09:20:00 AM,7.0,2,1,4,5,1,3,3,0,1,2,FOLLOWING TOO CLOSELY,2,1,0.0,0.0,0.0,0.0,0.0,2.0,9,1,11,11/10/2024,2024-11-10,09:20:00
11/11/2024 04:13:00 AM,7.0,2,4,5,5,1,3,3,0,1,3,DISREGARDING OTHER TRAFFIC SIGNS,2,1,0.0,0.0,0.0,0.0,0.0,2.0,4,2,11,11/11/2024,2024-11-11,04:13:00
11/14/2024 02:00:00 PM,5.0,4,5,13,5,1,4,3,1,1,3,FAILING TO YIELD RIGHT-OF-WAY,2,3,1.0,0.0,0.0,1.0,0.0,1.0,14,5,11,11/14/2024,2024-11-14,14:00:00
11/12/2024 09:15:00 PM,7.0,2,4,6,6,1,3,3,1,1,3,FAILING TO YIELD RIGHT-OF-WAY,2,1,0.0,0.0,0.0,0.0,0.0,3.0,21,3,11,11/12/2024,2024-11-12,21:15:00
11/14/2024 03:20:00 PM,7.0,2,1,3,4,1,3,3,0,1,3,UNABLE TO DETERMINE,2,1,0.0,0.0,0.0,0.0,0.0,2.0,15,5,11,11/14/2024,2024-11-14,15:20:00
11/13/2024 12:22:00 PM,5.0,2,1,5,6,1,3,3,0,1,3,DISREGARDING TRAFFIC SIGNALS,2,1,0.0,0.0,0.0,0.0,0.0,3.0,12,4,11,11/13/2024,2024-11-13,12:22:00
11/12/2024 09:40:00 AM,1.0,2,1,6,5,1,1,1,0,1,3,UNABLE TO DETERMINE,2,1,0.0,0.0,0.0,0.0,0.0,2.0,9,3,11,11/12/2024,2024-11-12,09:40:00
11/14/2024 10:16:00 PM,5.0,2,2,6,5,1,3,3,0,1,1,UNABLE TO DETERMINE,2,1,0.0,0.0,0.0,0.0,0.0,2.0,22,5,11,11/14/2024,2024-11-14,22:16:00
11/14/2024 06:36:00 AM,3.0,4,2,11,5,1,4,1,0,1,3,IMPROPER LANE USAGE,2,1,0.0,0.0,0.0,0.0,0.0,1.0,6,5,11,11/14/2024,2024-11-14,06:36:00
11/13/2024 07:32:00 PM,5.0,4,5,5,6,1,4,3,1,1,3,UNABLE TO DETERMINE,2,1,0.0,0.0,0.0,0.0,0.0,3.0,19,4,11,11/13/2024,2024-11-13,19:32:00
11/14/2024 10:59:00 AM,2.0,4,1,4,5,1,4,1,0,1,3,FAILING TO YIELD RIGHT-OF-WAY,2,1,0.0,0.0,0.0,0.0,0.0,3.0,10,5,11,11/14/2024,2024-11-14,10:59:00
11/15/2024 01:25:00 AM,5.0,2,2,5,9,1,3,3,1,1,3,FAILING TO YIELD RIGHT-OF-WAY,2,3,2.0,0.0,0.0,2.0,0.0,0.0,1,6,11,11/15/2024,2024-11-15,01:25:00
11/13/2024 11:40:00 AM,7.0,2,1,3,5,1,3,3,0,0,3,UNABLE TO DETERMINE,2,1,0.0,0.0,0.0,0.0,0.0,2.0,11,4,11,11/13/2024,2024-11-13,11:40:00
11/14/2024 06:15:00 AM,5.0,4,5,4,4,1,4,3,1,1,3,FAILING TO REDUCE SPEED TO AVOID CRASH,2,1,0.0,0.0,0.0,0.0,0.0,2.0,6,5,11,11/14/2024,2024-11-14,06:15:00
11/14/2024 04:11:00 PM,7.0,2,3,3,6,1,3,3,0,1,3,FAILING TO YIELD RIGHT-OF-WAY,2,1,0.0,0.0,0.0,0.0,0.0,2.0,16,5,11,11/14/2024,2024-11-14,16:11:00
11/14/2024 07:20:00 PM,7.0,3,5,5,5,1,4,3,1,1,3,FAILING TO YIELD RIGHT-OF-WAY,2,3,1.0,0.0,0.0,1.0,0.0,1.0,19,5,11,11/14/2024,2024-11-14,19:20:00
11/14/2024 06:17:00 PM,7.0,4,4,13,6,1,4,1,1,1,2,FAILING TO REDUCE SPEED TO AVOID CRASH,2,4,1.0,0.0,1.0,0.0,0.0,1.0,18,5,11,11/14/2024,2024-11-14,18:17:00
11/12/2024 10:00:00 AM,5.0,2,1,12,6,1,3,3,0,1,3,IMPROPER LANE USAGE,2,1,0.0,0.0,0.0,0.0,0.0,1.0,10,3,11,11/12/2024,2024-11-12,10:00:00
11/14/2024 05:15:00 AM,5.0,4,4,13,5,1,4,3,1,1,3,FAILING TO YIELD RIGHT-OF-WAY,2,4,1.0,0.0,1.0,0.0,0.0,1.0,5,5,11,11/14/2024,2024-11-14,05:15:00
11/13/2024 06:50:00 PM,1.0,4,3,3,6,1,4,1,0,1,2,NOT APPLICABLE,2,1,0.0,0.0,0.0,0.0,0.0,2.0,18,4,11,11/13/2024,2024-11-13,18:50:00
11/14/2024 03:33:00 PM,7.0,4,1,6,5,2,4,1,0,1,3,FAILING TO REDUCE SPEED TO AVOID CRASH,2,1,0.0,0.0,0.0,0.0,0.0,2.0,15,5,11,11/14/2024,2024-11-14,15:33:00
11/12/2024 07:15:00 PM,5.0,2,4,6,5,1,3,3,0,1,3,FAILING TO YIELD RIGHT-OF-WAY,2,1,0.0,0.0,0.0,0.0,0.0,2.0,19,3,11,11/12/2024,2024-11-12,19:15:00
11/13/2024 07:00:00 PM,5.0,4,4,4,5,1,4,1,0,1,2,FOLLOWING TOO CLOSELY,2,1,0.0,0.0,0.0,0.0,0.0,2.0,19,4,11,11/13/2024,2024-11-13,19:00:00
10/31/2024 01:00:00 PM,5.0,2,1,6,1,1,3,3,0,1,3,IMPROPER TURNING/NO SIGNAL,2,1,0.0,0.0,0.0,0.0,0.0,2.0,13,5,10,10/31/2024,2024-10-31,13:00:00
10/31/2024 03:15:00 PM,7.0,2,1,4,11,1,3,3,0,1,3,FAILING TO YIELD RIGHT-OF-WAY,2,1,0.0,0.0,0.0,0.0,0.0,4.0,15,5,10,10/31/2024,2024-10-31,15:15:00
10/31/2024 05:30:00 PM,5.0,2,1,4,5,1,3,3,0,1,3,FOLLOWING TOO CLOSELY,2,1,0.0,0.0,0.0,0.0,0.0,2.0,17,5,10,10/31/2024,2024-10-31,17:30:00
10/31/2024 08:34:00 PM,5.0,2,5,14,6,1,3,3,1,1,3,FAILING TO YIELD RIGHT-OF-WAY,2,3,1.0,0.0,0.0,1.0,0.0,1.0,20,5,10,10/31/2024,2024-10-31,20:34:00
10/31/2024 03:07:00 PM,1.0,3,1,4,5,1,1,1,0,1,3,UNABLE TO DETERMINE,2,1,0.0,0.0,0.0,0.0,0.0,2.0,15,5,10,10/31/2024,2024-10-31,15:07:00
10/31/2024 06:20:00 PM,5.0,2,4,6,5,2,3,3,0,1,3,IMPROPER TURNING/NO SIGNAL,2,1,0.0,0.0,0.0,0.0,0.0,2.0,18,5,10,10/31/2024,2024-10-31,18:20:00
10/31/2024 08:45:00 PM,5.0,2,5,3,10,1,3,1,0,1,3,FAILING TO YIELD RIGHT-OF-WAY,2,1,0.0,0.0,0.0,0.0,0.0,2.0,20,5,10,10/31/2024,2024-10-31,20:45:00
10/31/2024 04:50:00 PM,5.0,2,1,3,4,1,1,3,0,1,2,DRIVING SKILLS/KNOWLEDGE/EXPERIENCE,2,1,0.0,0.0,0.0,0.0,0.0,2.0,16,5,10,10/31/2024,2024-10-31,16:50:00
10/31/2024 02:40:00 PM,5.0,3,1,5,5,1,3,3,1,1,3,FAILING TO YIELD RIGHT-OF-WAY,2,3,2.0,0.0,0.0,1.0,1.0,3.0,14,5,10,10/31/2024,2024-10-31,14:40:00
10/31/2024 07:00:00 PM,3.0,2,1,3,5,1,1,1,0,0,3,FAILING TO YIELD RIGHT-OF-WAY,2,1,0.0,0.0,0.0,0.0,0.0,2.0,19,5,10,10/31/2024,2024-10-31,19:00:00
10/31/2024 07:45:00 AM,5.0,3,2,3,4,1,3,3,0,1,3,IMPROPER TURNING/NO SIGNAL,2,1,0.0,0.0,0.0,0.0,0.0,2.0,7,5,10,10/31/2024,2024-10-31,07:45:00
10/31/2024 01:45:00 PM,1.0,2,1,4,10,1,3,1,0,1,1,UNABLE TO DETERMINE,2,1,0.0,0.0,0.0,0.0,0.0,2.0,13,5,10,10/31/2024,2024-10-31,13:45:00
10/31/2024 08:15:00 PM,5.0,2,4,6,6,1,3,3,0,1,2,FAILING TO YIELD RIGHT-OF-WAY,2,1,0.0,0.0,0.0,0.0,0.0,2.0,20,5,10,10/31/2024,2024-10-31,20:15:00
10/31/2024 05:40:00 PM,7.0,2,3,5,5,1,3,3,0,1,3,FAILING TO YIELD RIGHT-OF-WAY,2,1,0.0,0.0,0.0,0.0,0.0,2.0,17,5,10,10/31/2024,2024-10-31,17:40:00
10/31/2024 08:00:00 AM,7.0,4,1,5,5,1,4,3,1,1,3,DISREGARDING STOP SIGN,2,1,0.0,0.0,0.0,0.0,0.0,2.0,8,5,10,10/31/2024,2024-10-31,08:00:00
10/31/2024 04:45:00 PM,5.0,2,1,4,5,1,1,1,0,1,3,UNABLE TO DETERMINE,2,1,0.0,0.0,0.0,0.0,0.0,3.0,16,5,10,10/31/2024,2024-10-31,16:45:00
10/31/2024 05:03:00 PM,5.0,2,1,6,5,1,1,1,0,1,3,IMPROPER TURNING/NO SIGNAL,2,1,0.0,0.0,0.0,0.0,0.0,3.0,17,5,10,10/31/2024,2024-10-31,17:03:00
10/31/2024 09:45:00 PM,7.0,2,1,5,6,1,1,3,0,1,3,DISREGARDING STOP SIGN,2,1,0.0,0.0,0.0,0.0,0.0,2.0,21,5,10,10/31/2024,2024-10-31,21:45:00
10/31/2024 08:18:00 AM,5.0,2,1,13,6,1,3,3,1,1,2,FAILING TO YIELD RIGHT-OF-WAY,2,3,1.0,0.0,0.0,1.0,0.0,2.0,8,5,10,10/31/2024,2024-10-31,08:18:00
10/31/2024 10:15:00 AM,5.0,2,1,6,6,1,3,3,1,1,3,UNABLE TO DETERMINE,2,1,0.0,0.0,0.0,0.0,0.0,2.0,10,5,10,10/31/2024,2024-10-31,10:15:00
10/31/2024 03:27:00 PM,7.0,3,1,5,5,1,3,3,1,1,3,"VISION OBSCURED (SIGNS, TREE LIMBS, BUILDINGS, ETC.)",2,1,0.0,0.0,0.0,0.0,0.0,2.0,15,5,10,10/31/2024,2024-10-31,15:27:00
10/31/2024 11:20:00 AM,5.0,4,1,5,6,1,4,3,0,1,3,FAILING TO YIELD RIGHT-OF-WAY,2,1,0.0,0.0,0.0,0.0,0.0,3.0,11,5,10,10/31/2024,2024-10-31,11:20:00
10/31/2024 07:17:00 AM,5.0,4,1,6,5,1,4,3,0,1,3,IMPROPER TURNING/NO SIGNAL,2,1,0.0,0.0,0.0,0.0,0.0,2.0,7,5,10,10/31/2024,2024-10-31,07:17:00
10/31/2024 04:32:00 PM,5.0,2,4,6,5,1,3,1,0,1,3,UNABLE TO DETERMINE,2,1,0.0,0.0,0.0,0.0,0.0,5.0,16,5,10,10/31/2024,2024-10-31,16:32:00
10/31/2024 10:15:00 AM,5.0,2,1,3,5,1,3,1,0,1,3,IMPROPER TURNING/NO SIGNAL,2,1,0.0,0.0,0.0,0.0,0.0,2.0,10,5,10,10/31/2024,2024-10-31,10:15:00
10/31/2024 04:20:00 PM,7.0,2,1,5,6,1,1,1,0,1,3,DISREGARDING STOP SIGN,2,1,0.0,0.0,0.0,0.0,0.0,2.0,16,5,10,10/31/2024,2024-10-31,16:20:00
10/31/2024 09:10:00 AM,7.0,2,1,5,1,2,3,3,1,1,3,FAILING TO YIELD RIGHT-OF-WAY,2,1,0.0,0.0,0.0,0.0,0.0,2.0,9,5,10,10/31/2024,2024-10-31,09:10:00
10/31/2024 07:01:00 PM,3.0,2,4,6,5,1,3,2,1,1,3,FAILING TO YIELD RIGHT-OF-WAY,2,1,0.0,0.0,0.0,0.0,0.0,2.0,19,5,10,10/31/2024,2024-10-31,19:01:00
10/31/2024 04:34:00 PM,5.0,2,1,4,4,1,3,3,1,1,3,FOLLOWING TOO CLOSELY,2,3,2.0,0.0,0.0,2.0,0.0,2.0,16,5,10,10/31/2024,2024-10-31,16:34:00
10/31/2024 08:03:00 AM,5.0,2,1,6,7,1,3,3,1,1,3,FAILING TO YIELD RIGHT-OF-WAY,2,3,2.0,0.0,0.0,2.0,0.0,1.0,8,5,10,10/31/2024,2024-10-31,08:03:00
10/31/2024 10:05:00 PM,7.0,2,4,5,6,1,3,3,1,1,3,DISREGARDING STOP SIGN,2,1,0.0,0.0,0.0,0.0,0.0,3.0,22,5,10,10/31/2024,2024-10-31,22:05:00
10/31/2024 02:49:00 PM,5.0,2,1,3,5,1,3,1,0,1,3,IMPROPER LANE USAGE,2,1,0.0,0.0,0.0,0.0,0.0,2.0,14,5,10,10/31/2024,2024-10-31,14:49:00
10/31/2024 06:56:00 PM,5.0,2,4,6,5,1,3,3,0,1,3,IMPROPER OVERTAKING/PASSING,2,1,0.0,0.0,0.0,0.0,0.0,2.0,18,5,10,10/31/2024,2024-10-31,18:56:00
10/31/2024 08:00:00 PM,7.0,2,1,5,3,1,1,1,0,1,1,FAILING TO YIELD RIGHT-OF-WAY,2,1,0.0,0.0,0.0,0.0,0.0,4.0,20,5,10,10/31/2024,2024-10-31,20:00:00
10/31/2024 03:15:00 PM,7.0,2,1,13,5,1,3,3,1,1,1,CELL PHONE USE OTHER THAN TEXTING,2,2,1.0,0.0,0.0,0.0,1.0,1.0,15,5,10,10/31/2024,2024-10-31,15:15:00
11/08/2024 03:30:00 PM,5.0,2,1,3,3,1,1,3,0,0,3,UNABLE TO DETERMINE,2,1,0.0,0.0,0.0,0.0,0.0,2.0,15,6,11,11/08/2024,2024-11-08,15:30:00
11/15/2024 08:30:00 PM,7.0,2,4,6,5,1,1,1,1,1,3,DISREGARDING STOP SIGN,2,1,0.0,0.0,0.0,0.0,0.0,2.0,20,6,11,11/15/2024,2024-11-15,20:30:00
11/16/2024 02:08:00 AM,5.0,2,4,6,4,1,3,3,1,1,3,FAILING TO YIELD RIGHT-OF-WAY,2,1,0.0,0.0,0.0,0.0,0.0,3.0,2,7,11,11/16/2024,2024-11-16,02:08:00
11/15/2024 11:47:00 AM,3.0,2,1,6,4,2,3,3,1,1,3,IMPROPER TURNING/NO SIGNAL,2,1,0.0,0.0,0.0,0.0,0.0,2.0,11,6,11,11/15/2024,2024-11-15,11:47:00
11/14/2024 09:30:00 AM,5.0,4,1,6,5,1,4,3,0,1,3,UNABLE TO DETERMINE,2,1,0.0,0.0,0.0,0.0,0.0,2.0,9,5,11,11/14/2024,2024-11-14,09:30:00
11/14/2024 08:50:00 PM,5.0,2,4,5,6,1,4,3,1,1,3,UNABLE TO DETERMINE,2,3,1.0,0.0,0.0,1.0,0.0,3.0,20,5,11,11/14/2024,2024-11-14,20:50:00
11/14/2024 08:45:00 PM,3.0,2,4,6,7,1,3,3,0,1,3,IMPROPER BACKING,2,1,0.0,0.0,0.0,0.0,0.0,2.0,20,5,11,11/14/2024,2024-11-14,20:45:00
11/15/2024 08:00:00 AM,3.0,3,1,3,4,1,3,3,0,0,3,UNABLE TO DETERMINE,2,1,0.0,0.0,0.0,0.0,0.0,2.0,8,6,11,11/15/2024,2024-11-15,08:00:00
11/15/2024 03:00:00 PM,5.0,2,1,4,6,1,3,3,0,1,3,FOLLOWING TOO CLOSELY,2,1,0.0,0.0,0.0,0.0,0.0,2.0,15,6,11,11/15/2024,2024-11-15,15:00:00
11/15/2024 07:47:00 AM,5.0,2,1,13,5,1,3,3,1,1,3,FAILING TO YIELD RIGHT-OF-WAY,2,4,2.0,0.0,1.0,1.0,0.0,0.0,7,6,11,11/15/2024,2024-11-15,07:47:00
11/15/2024 10:20:00 AM,3.0,2,1,9,10,1,3,3,0,0,1,DRIVING SKILLS/KNOWLEDGE/EXPERIENCE,2,1,0.0,0.0,0.0,0.0,0.0,3.0,10,6,11,11/15/2024,2024-11-15,10:20:00
11/13/2024 05:30:00 PM,5.0,2,2,4,5,1,1,1,0,1,3,FOLLOWING TOO CLOSELY,2,1,0.0,0.0,0.0,0.0,0.0,2.0,17,4,11,11/13/2024,2024-11-13,17:30:00
11/14/2024 12:35:00 PM,4.0,2,1,13,6,1,3,3,1,1,1,UNABLE TO DETERMINE,2,3,1.0,0.0,0.0,1.0,0.0,1.0,12,5,11,11/14/2024,2024-11-14,12:35:00
11/15/2024 07:05:00 PM,5.0,2,4,9,6,1,3,3,0,1,3,UNABLE TO DETERMINE,2,1,0.0,0.0,0.0,0.0,0.0,4.0,19,6,11,11/15/2024,2024-11-15,19:05:00
11/14/2024 09:20:00 PM,5.0,2,4,3,4,1,3,3,1,0,2,FAILING TO YIELD RIGHT-OF-WAY,2,2,1.0,0.0,0.0,0.0,1.0,1.0,21,5,11,11/14/2024,2024-11-14,21:20:00
11/14/2024 12:00:00 PM,7.0,2,1,5,13,1,3,3,1,1,3,FAILING TO YIELD RIGHT-OF-WAY,2,2,2.0,0.0,0.0,0.0,2.0,1.0,12,5,11,11/14/2024,2024-11-14,12:00:00
11/15/2024 05:30:00 PM,7.0,3,4,4,6,1,3,3,0,1,3,FOLLOWING TOO CLOSELY,2,1,0.0,0.0,0.0,0.0,0.0,2.0,17,6,11,11/15/2024,2024-11-15,17:30:00
11/15/2024 07:10:00 AM,5.0,2,1,4,6,1,3,3,0,1,3,FOLLOWING TOO CLOSELY,2,1,0.0,0.0,0.0,0.0,0.0,3.0,7,6,11,11/15/2024,2024-11-15,07:10:00
11/15/2024 04:20:00 PM,5.0,3,3,4,5,1,1,1,0,1,3,UNABLE TO DETERMINE,2,1,0.0,0.0,0.0,0.0,0.0,2.0,16,6,11,11/15/2024,2024-11-15,16:20:00
11/15/2024 12:55:00 PM,5.0,2,1,6,5,1,3,3,1,1,3,FAILING TO YIELD RIGHT-OF-WAY,2,2,2.0,0.0,0.0,0.0,2.0,1.0,12,6,11,11/15/2024,2024-11-15,12:55:00
11/15/2024 04:43:00 PM,3.0,2,5,3,4,1,3,3,0,1,2,IMPROPER OVERTAKING/PASSING,2,1,0.0,0.0,0.0,0.0,0.0,2.0,16,6,11,11/15/2024,2024-11-15,16:43:00
11/01/2024 09:00:00 AM,5.0,2,1,6,5,1,3,3,1,1,3,FOLLOWING TOO CLOSELY,2,2,1.0,0.0,0.0,0.0,1.0,1.0,9,6,11,11/01/2024,2024-11-01,09:00:00
11/01/2024 07:40:00 AM,5.0,2,1,6,6,1,3,3,0,1,3,UNABLE TO DETERMINE,2,1,0.0,0.0,0.0,0.0,0.0,3.0,7,6,11,11/01/2024,2024-11-01,07:40:00
11/01/2024 02:59:00 PM,3.0,2,1,6,4,1,1,1,0,1,2,IMPROPER LANE USAGE,2,1,0.0,0.0,0.0,0.0,0.0,3.0,14,6,11,11/01/2024,2024-11-01,14:59:00
11/01/2024 08:35:00 PM,5.0,2,4,6,5,1,3,3,1,1,3,FAILING TO YIELD RIGHT-OF-WAY,2,2,1.0,0.0,0.0,0.0,1.0,1.0,20,6,11,11/01/2024,2024-11-01,20:35:00
11/01/2024 09:23:00 PM,5.0,2,4,5,6,1,3,3,1,1,3,DISREGARDING TRAFFIC SIGNALS,2,3,2.0,0.0,0.0,2.0,0.0,1.0,21,6,11,11/01/2024,2024-11-01,21:23:00
11/01/2024 09:00:00 AM,5.0,2,1,5,6,1,3,3,1,1,3,DISREGARDING TRAFFIC SIGNALS,2,1,0.0,0.0,0.0,0.0,0.0,4.0,9,6,11,11/01/2024,2024-11-01,09:00:00
11/01/2024 06:16:00 PM,5.0,2,1,5,5,1,3,1,0,1,3,FAILING TO REDUCE SPEED TO AVOID CRASH,2,1,0.0,0.0,0.0,0.0,0.0,2.0,18,6,11,11/01/2024,2024-11-01,18:16:00
11/01/2024 09:30:00 AM,5.0,2,1,4,6,1,3,3,0,1,3,FOLLOWING TOO CLOSELY,2,1,0.0,0.0,0.0,0.0,0.0,2.0,9,6,11,11/01/2024,2024-11-01,09:30:00
11/01/2024 06:25:00 PM,3.0,2,3,5,5,1,1,1,1,1,3,UNABLE TO DETERMINE,2,2,1.0,0.0,0.0,0.0,1.0,2.0,18,6,11,11/01/2024,2024-11-01,18:25:00
11/01/2024 08:35:00 AM,5.0,2,1,5,5,1,3,3,0,1,3,DISREGARDING TRAFFIC SIGNALS,2,1,0.0,0.0,0.0,0.0,0.0,2.0,8,6,11,11/01/2024,2024-11-01,08:35:00
11/01/2024 01:24:00 PM,5.0,2,1,13,5,1,3,3,1,1,3,UNABLE TO DETERMINE,2,3,1.0,0.0,0.0,1.0,0.0,1.0,13,6,11,11/01/2024,2024-11-01,13:24:00
11/01/2024 03:56:00 PM,5.0,2,1,6,7,1,3,3,0,1,3,IMPROPER TURNING/NO SIGNAL,2,1,0.0,0.0,0.0,0.0,0.0,2.0,15,6,11,11/01/2024,2024-11-01,15:56:00
11/01/2024 11:30:00 PM,7.0,2,4,5,5,1,3,3,1,1,3,FAILING TO YIELD RIGHT-OF-WAY,2,3,1.0,0.0,0.0,1.0,0.0,2.0,23,6,11,11/01/2024,2024-11-01,23:30:00
11/01/2024 03:44:00 PM,3.0,2,1,6,5,1,3,1,1,1,3,DRIVING SKILLS/KNOWLEDGE/EXPERIENCE,2,1,0.0,0.0,0.0,0.0,0.0,2.0,15,6,11,11/01/2024,2024-11-01,15:44:00
11/01/2024 08:30:00 PM,5.0,2,3,3,6,1,3,3,0,1,2,IMPROPER LANE USAGE,2,1,0.0,0.0,0.0,0.0,0.0,2.0,20,6,11,11/01/2024,2024-11-01,20:30:00
11/01/2024 10:23:00 PM,7.0,2,4,6,6,1,3,3,0,1,3,FAILING TO YIELD RIGHT-OF-WAY,2,1,0.0,0.0,0.0,0.0,0.0,2.0,22,6,11,11/01/2024,2024-11-01,22:23:00
11/01/2024 08:30:00 AM,5.0,2,1,6,5,1,3,1,0,1,3,IMPROPER LANE USAGE,2,1,0.0,0.0,0.0,0.0,0.0,2.0,8,6,11,11/01/2024,2024-11-01,08:30:00
11/01/2024 03:39:00 PM,5.0,2,1,5,5,1,3,3,1,1,3,UNABLE TO DETERMINE,2,3,1.0,0.0,0.0,1.0,0.0,2.0,15,6,11,11/01/2024,2024-11-01,15:39:00
11/01/2024 06:30:00 PM,7.0,2,3,5,5,1,3,3,1,1,3,FAILING TO YIELD RIGHT-OF-WAY,2,2,1.0,0.0,0.0,0.0,1.0,2.0,18,6,11,11/01/2024,2024-11-01,18:30:00
11/01/2024 05:00:00 PM,5.0,2,1,6,5,1,3,3,0,0,1,UNABLE TO DETERMINE,2,1,0.0,0.0,0.0,0.0,0.0,2.0,17,6,11,11/01/2024,2024-11-01,17:00:00
11/01/2024 09:45:00 AM,5.0,2,1,4,5,1,3,3,0,1,3,UNABLE TO DETERMINE,2,1,0.0,0.0,0.0,0.0,0.0,2.0,9,6,11,11/01/2024,2024-11-01,09:45:00
11/01/2024 10:50:00 AM,5.0,2,1,3,4,1,3,3,0,1,1,UNABLE TO DETERMINE,2,1,0.0,0.0,0.0,0.0,0.0,3.0,10,6,11,11/01/2024,2024-11-01,10:50:00
11/01/2024 05:30:00 AM,9.0,2,3,6,3,1,3,1,1,1,2,DRIVING ON WRONG SIDE/WRONG WAY,2,2,1.0,0.0,0.0,0.0,1.0,1.0,5,6,11,11/01/2024,2024-11-01,05:30:00
11/01/2024 08:30:00 AM,5.0,2,1,14,5,1,3,3,1,1,2,"VISION OBSCURED (SIGNS, TREE LIMBS, BUILDINGS, ETC.)",2,4,1.0,0.0,1.0,0.0,0.0,3.0,8,6,11,11/01/2024,2024-11-01,08:30:00
11/01/2024 06:15:00 PM,7.0,2,3,5,5,1,1,1,1,1,3,UNABLE TO DETERMINE,2,2,2.0,0.0,0.0,0.0,2.0,4.0,18,6,11,11/01/2024,2024-11-01,18:15:00
11/01/2024 12:45:00 PM,7.0,2,5,4,6,1,3,1,0,1,3,FAILING TO YIELD RIGHT-OF-WAY,2,1,0.0,0.0,0.0,0.0,0.0,2.0,12,6,11,11/01/2024,2024-11-01,12:45:00
11/01/2024 03:30:00 PM,5.0,2,1,4,5,1,3,3,0,1,3,FOLLOWING TOO CLOSELY,2,1,0.0,0.0,0.0,0.0,0.0,2.0,15,6,11,11/01/2024,2024-11-01,15:30:00
11/01/2024 04:00:00 PM,5.0,2,1,4,10,1,3,3,0,1,2,UNABLE TO DETERMINE,2,1,0.0,0.0,0.0,0.0,0.0,2.0,16,6,11,11/01/2024,2024-11-01,16:00:00
11/01/2024 03:30:00 PM,5.0,2,1,7,5,1,3,6,0,1,3,IMPROPER BACKING,2,1,0.0,0.0,0.0,0.0,0.0,2.0,15,6,11,11/01/2024,2024-11-01,15:30:00
11/01/2024 01:50:00 PM,7.0,2,1,6,4,1,3,3,0,1,3,IMPROPER TURNING/NO SIGNAL,2,1,0.0,0.0,0.0,0.0,0.0,2.0,13,6,11,11/01/2024,2024-11-01,13:50:00
11/01/2024 11:08:00 PM,5.0,2,5,6,5,1,3,1,0,1,3,UNABLE TO DETERMINE,2,1,0.0,0.0,0.0,0.0,0.0,2.0,23,6,11,11/01/2024,2024-11-01,23:08:00
11/01/2024 08:29:00 PM,5.0,2,4,5,5,1,3,1,1,1,3,DISREGARDING TRAFFIC SIGNALS,2,3,1.0,0.0,0.0,1.0,0.0,1.0,20,6,11,11/01/2024,2024-11-01,20:29:00