crash_date,traffic_control_device,weather_condition,lighting_condition,first_crash_type,trafficway_type,alignment,roadway_surface_cond,road_defect,crash_type,intersection_related_i,damage,prim_contributory_cause,num_units,most_severe_injury,injuries_total,injuries_fatal,injuries_incapacitating,injuries_non_incapacitating,injuries_reported_not_evident,injuries_no_indication,crash_hour,crash_day_of_week,crash_month,parsed_datetime,date,time
11/01/2024 01:19:00 AM,5.0,2,4,5,5,1,3,3,1,1,3,DISREGARDING TRAFFIC SIGNALS,2,3,2.0,0.0,0.0,2.0,0.0,1.0,1,6,11,11/01/2024,2024-11-01,01:19:00
11/01/2024 05:00:00 PM,5.0,2,1,6,3,1,3,3,1,1,3,FAILING TO YIELD RIGHT-OF-WAY,2,1,0.0,0.0,0.0,0.0,0.0,3.0,17,6,11,11/01/2024,2024-11-01,17:00:00
11/01/2024 09:00:00 AM,1.0,2,1,4,6,1,1,1,0,1,2,NOT APPLICABLE,2,1,0.0,0.0,0.0,0.0,0.0,2.0,9,6,11,11/01/2024,2024-11-01,09:00:00
11/01/2024 03:16:00 PM,7.0,2,1,6,2,1,1,1,0,1,3,FAILING TO YIELD RIGHT-OF-WAY,2,1,0.0,0.0,0.0,0.0,0.0,2.0,15,6,11,11/01/2024,2024-11-01,15:16:00
11/01/2024 12:00:00 PM,1.0,2,1,8,1,1,1,1,0,1,1,UNABLE TO DETERMINE,2,1,0.0,0.0,0.0,0.0,0.0,2.0,12,6,11,11/01/2024,2024-11-01,12:00:00
11/01/2024 02:32:00 PM,3.0,2,1,11,6,1,3,3,0,0,1,UNABLE TO DETERMINE,2,1,0.0,0.0,0.0,0.0,0.0,1.0,14,6,11,11/01/2024,2024-11-01,14:32:00
11/01/2024 10:45:00 PM,5.0,2,4,6,5,1,3,3,0,1,2,FAILING TO YIELD RIGHT-OF-WAY,2,1,0.0,0.0,0.0,0.0,0.0,2.0,22,6,11,11/01/2024,2024-11-01,22:45:00
11/01/2024 07:10:00 AM,3.0,2,1,14,7,1,3,3,1,1,3,FAILING TO YIELD RIGHT-OF-WAY,2,3,1.0,0.0,0.0,1.0,0.0,2.0,7,6,11,11/01/2024,2024-11-01,07:10:00
11/01/2024 09:00:00 AM,5.0,2,1,6,5,1,3,3,0,1,3,FOLLOWING TOO CLOSELY,2,1,0.0,0.0,0.0,0.0,0.0,3.0,9,6,11,11/01/2024,2024-11-01,09:00:00
11/16/2024 02:50:00 PM,1.0,2,1,8,6,1,3,3,0,0,3,UNABLE TO DETERMINE,2,1,0.0,0.0,0.0,0.0,0.0,2.0,14,7,11,11/16/2024,2024-11-16,14:50:00
11/12/2024 01:10:00 PM,5.0,2,1,4,6,1,3,3,0,1,3,FOLLOWING TOO CLOSELY,2,1,0.0,0.0,0.0,0.0,0.0,2.0,13,3,11,11/12/2024,2024-11-12,13:10:00
11/15/2024 07:30:00 PM,5.0,2,1,6,5,1,1,1,0,1,2,UNABLE TO DETERMINE,2,1,0.0,0.0,0.0,0.0,0.0,2.0,19,6,11,11/15/2024,2024-11-15,19:30:00
11/16/2024 06:10:00 PM,7.0,2,4,5,6,1,3,3,1,1,3,DISREGARDING STOP SIGN,2,1,0.0,0.0,0.0,0.0,0.0,2.0,18,7,11,11/16/2024,2024-11-16,18:10:00
11/14/2024 08:30:00 AM,5.0,2,1,4,4,1,3,1,0,1,3,UNABLE TO DETERMINE,2,1,0.0,0.0,0.0,0.0,0.0,2.0,8,5,11,11/14/2024,2024-11-14,08:30:00
11/17/2024 01:11:00 AM,5.0,2,4,6,6,1,3,1,1,1,3,TURNING RIGHT ON RED,2,1,0.0,0.0,0.0,0.0,0.0,7.0,1,1,11,11/17/2024,2024-11-17,01:11:00
11/16/2024 08:00:00 AM,5.0,2,1,6,5,1,3,1,0,1,3,UNABLE TO DETERMINE,2,1,0.0,0.0,0.0,0.0,0.0,4.0,8,7,11,11/16/2024,2024-11-16,08:00:00
11/14/2024 07:45:00 AM,5.0,2,1,6,6,1,3,3,1,1,3,UNABLE TO DETERMINE,2,1,0.0,0.0,0.0,0.0,0.0,2.0,7,5,11,11/14/2024,2024-11-14,07:45:00
11/15/2024 10:15:00 PM,5.0,2,4,6,6,1,3,3,0,1,3,UNABLE TO DETERMINE,2,1,0.0,0.0,0.0,0.0,0.0,2.0,22,6,11,11/15/2024,2024-11-15,22:15:00
11/16/2024 10:50:00 AM,7.0,2,1,4,6,1,3,1,0,1,3,FOLLOWING TOO CLOSELY,2,1,0.0,0.0,0.0,0.0,0.0,2.0,10,7,11,11/16/2024,2024-11-16,10:50:00
11/10/2024 05:52:00 PM,5.0,2,5,4,1,1,1,1,0,0,3,UNABLE TO DETERMINE,2,1,0.0,0.0,0.0,0.0,0.0,2.0,17,1,11,11/10/2024,2024-11-10,17:52:00
11/16/2024 01:10:00 AM,7.0,2,4,5,5,1,3,3,1,1,3,UNABLE TO DETERMINE,2,2,1.0,0.0,0.0,0.0,1.0,1.0,1,7,11,11/16/2024,2024-11-16,01:10:00
11/14/2024 06:40:00 PM,5.0,2,4,4,4,1,3,3,0,1,3,FOLLOWING TOO CLOSELY,2,1,0.0,0.0,0.0,0.0,0.0,2.0,18,5,11,11/14/2024,2024-11-14,18:40:00
11/14/2024 07:45:00 AM,3.0,4,1,14,10,1,4,3,1,1,3,FAILING TO YIELD RIGHT-OF-WAY,2,3,1.0,0.0,0.0,1.0,0.0,1.0,7,5,11,11/14/2024,2024-11-14,07:45:00
11/16/2024 02:15:00 PM,7.0,2,1,5,5,1,1,1,0,1,2,DISREGARDING STOP SIGN,2,1,0.0,0.0,0.0,0.0,0.0,2.0,14,7,11,11/16/2024,2024-11-16,14:15:00
11/16/2024 11:40:00 AM,5.0,2,1,6,7,1,3,3,1,1,3,UNABLE TO DETERMINE,2,1,0.0,0.0,0.0,0.0,0.0,2.0,11,7,11,11/16/2024,2024-11-16,11:40:00
11/17/2024 12:13:00 AM,5.0,2,4,6,5,1,3,3,1,1,3,IMPROPER TURNING/NO SIGNAL,2,1,0.0,0.0,0.0,0.0,0.0,2.0,0,1,11,11/17/2024,2024-11-17,00:13:00
11/16/2024 01:25:00 PM,5.0,2,1,4,5,1,1,1,1,1,2,UNABLE TO DETERMINE,2,2,1.0,0.0,0.0,0.0,1.0,1.0,13,7,11,11/16/2024,2024-11-16,13:25:00
11/12/2024 08:35:00 AM,5.0,2,1,3,6,1,1,1,0,1,2,FAILING TO REDUCE SPEED TO AVOID CRASH,2,1,0.0,0.0,0.0,0.0,0.0,2.0,8,3,11,11/12/2024,2024-11-12,08:35:00
11/15/2024 04:20:00 PM,3.0,2,1,10,6,1,3,3,1,0,3,PHYSICAL CONDITION OF DRIVER,2,4,1.0,0.0,1.0,0.0,0.0,1.0,16,6,11,11/15/2024,2024-11-15,16:20:00
11/16/2024 02:00:00 PM,1.0,2,1,6,5,1,1,1,1,1,3,UNABLE TO DETERMINE,2,2,1.0,0.0,0.0,0.0,1.0,1.0,14,7,11,11/16/2024,2024-11-16,14:00:00
11/16/2024 12:49:00 PM,5.0,2,1,5,6,1,3,3,1,1,3,FAILING TO YIELD RIGHT-OF-WAY,2,2,2.0,0.0,0.0,0.0,2.0,2.0,12,7,11,11/16/2024,2024-11-16,12:49:00
11/17/2024 02:50:00 AM,5.0,2,4,3,5,1,1,1,0,1,3,IMPROPER OVERTAKING/PASSING,2,1,0.0,0.0,0.0,0.0,0.0,2.0,2,1,11,11/17/2024,2024-11-17,02:50:00
11/14/2024 04:45:00 PM,5.0,2,1,6,5,1,1,1,0,1,2,IMPROPER OVERTAKING/PASSING,2,1,0.0,0.0,0.0,0.0,0.0,2.0,16,5,11,11/14/2024,2024-11-14,16:45:00
11/15/2024 09:45:00 PM,5.0,2,4,6,6,2,3,3,0,1,2,FAILING TO YIELD RIGHT-OF-WAY,2,1,0.0,0.0,0.0,0.0,0.0,2.0,21,6,11,11/15/2024,2024-11-15,21:45:00
11/16/2024 08:23:00 AM,7.0,2,1,5,6,1,3,3,1,1,2,NOT APPLICABLE,2,1,0.0,0.0,0.0,0.0,0.0,2.0,8,7,11,11/16/2024,2024-11-16,08:23:00
11/16/2024 10:05:00 AM,7.0,2,1,4,4,1,3,3,1,1,3,UNABLE TO DETERMINE,2,2,2.0,0.0,0.0,0.0,2.0,1.0,10,7,11,11/16/2024,2024-11-16,10:05:00
11/16/2024 06:58:00 AM,5.0,3,1,6,4,1,3,3,0,1,3,IMPROPER OVERTAKING/PASSING,2,1,0.0,0.0,0.0,0.0,0.0,2.0,6,7,11,11/16/2024,2024-11-16,06:58:00
11/07/2024 02:00:00 PM,3.0,2,1,14,6,1,3,3,0,1,1,UNABLE TO DETERMINE,2,1,0.0,0.0,0.0,0.0,0.0,4.0,14,5,11,11/07/2024,2024-11-07,14:00:00
11/16/2024 09:00:00 AM,5.0,2,1,5,5,4,1,1,0,1,2,FAILING TO YIELD RIGHT-OF-WAY,2,1,0.0,0.0,0.0,0.0,0.0,2.0,9,7,11,11/16/2024,2024-11-16,09:00:00
11/16/2024 01:00:00 PM,5.0,2,1,6,5,1,3,3,0,1,3,IMPROPER LANE USAGE,2,1,0.0,0.0,0.0,0.0,0.0,2.0,13,7,11,11/16/2024,2024-11-16,13:00:00
11/14/2024 06:00:00 AM,5.0,2,4,6,6,1,4,3,0,1,3,IMPROPER TURNING/NO SIGNAL,2,1,0.0,0.0,0.0,0.0,0.0,2.0,6,5,11,11/14/2024,2024-11-14,06:00:00
11/15/2024 06:50:00 PM,7.0,2,3,5,5,1,1,1,0,0,3,FAILING TO YIELD RIGHT-OF-WAY,2,1,0.0,0.0,0.0,0.0,0.0,8.0,18,6,11,11/15/2024,2024-11-15,18:50:00
11/16/2024 07:00:00 PM,5.0,2,4,8,4,1,3,3,0,1,3,UNABLE TO DETERMINE,2,1,0.0,0.0,0.0,0.0,0.0,2.0,19,7,11,11/16/2024,2024-11-16,19:00:00
11/02/2024 11:08:00 AM,5.0,2,1,5,6,1,3,3,1,1,3,FAILING TO REDUCE SPEED TO AVOID CRASH,2,2,1.0,0.0,0.0,0.0,1.0,1.0,11,7,11,11/02/2024,2024-11-02,11:08:00
11/02/2024 08:06:00 AM,5.0,2,1,5,5,1,3,3,1,1,3,DISREGARDING TRAFFIC SIGNALS,2,2,1.0,0.0,0.0,0.0,1.0,1.0,8,7,11,11/02/2024,2024-11-02,08:06:00
11/02/2024 03:00:00 PM,5.0,2,1,6,9,1,3,3,0,1,3,UNABLE TO DETERMINE,2,1,0.0,0.0,0.0,0.0,0.0,2.0,15,7,11,11/02/2024,2024-11-02,15:00:00
11/02/2024 01:15:00 PM,5.0,2,1,5,4,1,3,3,0,1,3,HAD BEEN DRINKING (USE WHEN ARREST IS NOT MADE),2,1,0.0,0.0,0.0,0.0,0.0,2.0,13,7,11,11/02/2024,2024-11-02,13:15:00
11/02/2024 07:00:00 PM,5.0,2,5,13,6,1,3,3,1,1,3,UNABLE TO DETERMINE,2,2,1.0,0.0,0.0,0.0,1.0,1.0,19,7,11,11/02/2024,2024-11-02,19:00:00
11/02/2024 01:48:00 AM,5.0,2,4,6,5,1,3,3,0,1,3,IMPROPER OVERTAKING/PASSING,2,1,0.0,0.0,0.0,0.0,0.0,4.0,1,7,11,11/02/2024,2024-11-02,01:48:00
11/02/2024 03:12:00 PM,5.0,2,1,4,7,1,3,3,0,1,3,DISTRACTION - FROM INSIDE VEHICLE,2,1,0.0,0.0,0.0,0.0,0.0,2.0,15,7,11,11/02/2024,2024-11-02,15:12:00
11/02/2024 10:00:00 AM,7.0,2,1,5,5,1,3,3,0,1,3,FAILING TO YIELD RIGHT-OF-WAY,2,1,0.0,0.0,0.0,0.0,0.0,3.0,10,7,11,11/02/2024,2024-11-02,10:00:00
11/02/2024 09:28:00 AM,5.0,2,1,6,5,1,3,3,1,1,3,IMPROPER TURNING/NO SIGNAL,2,1,0.0,0.0,0.0,0.0,0.0,2.0,9,7,11,11/02/2024,2024-11-02,09:28:00
11/02/2024 03:20:00 AM,7.0,2,5,6,6,1,3,3,1,1,3,FAILING TO YIELD RIGHT-OF-WAY,2,1,0.0,0.0,0.0,0.0,0.0,2.0,3,7,11,11/02/2024,2024-11-02,03:20:00
11/02/2024 01:35:00 PM,5.0,2,1,5,4,1,3,3,0,1,3,DISREGARDING TRAFFIC SIGNALS,2,1,0.0,0.0,0.0,0.0,0.0,2.0,13,7,11,11/02/2024,2024-11-02,13:35:00
11/02/2024 04:35:00 AM,7.0,2,4,5,5,1,3,3,1,1,3,UNABLE TO DETERMINE,2,1,0.0,0.0,0.0,0.0,0.0,3.0,4,7,11,11/02/2024,2024-11-02,04:35:00
11/02/2024 07:15:00 PM,7.0,2,4,5,5,1,3,3,0,1,3,FAILING TO YIELD RIGHT-OF-WAY,2,1,0.0,0.0,0.0,0.0,0.0,2.0,19,7,11,11/02/2024,2024-11-02,19:15:00
11/02/2024 11:00:00 PM,5.0,2,4,6,6,1,3,3,1,1,3,UNABLE TO DETERMINE,2,1,0.0,0.0,0.0,0.0,0.0,4.0,23,7,11,11/02/2024,2024-11-02,23:00:00
11/02/2024 01:50:00 PM,5.0,2,1,6,6,1,3,1,0,1,1,IMPROPER OVERTAKING/PASSING,2,1,0.0,0.0,0.0,0.0,0.0,4.0,13,7,11,11/02/2024,2024-11-02,13:50:00
11/02/2024 10:06:00 AM,3.0,2,1,3,6,1,3,3,0,0,2,IMPROPER LANE USAGE,2,1,0.0,0.0,0.0,0.0,0.0,2.0,10,7,11,11/02/2024,2024-11-02,10:06:00
11/02/2024 06:40:00 PM,3.0,2,2,13,7,1,3,3,0,1,3,FAILING TO YIELD RIGHT-OF-WAY,2,1,0.0,0.0,0.0,0.0,0.0,2.0,18,7,11,11/02/2024,2024-11-02,18:40:00
11/02/2024 12:45:00 PM,7.0,2,1,6,5,1,3,3,0,1,3,UNABLE TO DETERMINE,2,1,0.0,0.0,0.0,0.0,0.0,2.0,12,7,11,11/02/2024,2024-11-02,12:45:00
11/02/2024 11:30:00 PM,5.0,2,4,5,5,1,3,3,0,1,2,DISREGARDING TRAFFIC SIGNALS,2,1,0.0,0.0,0.0,0.0,0.0,2.0,23,7,11,11/02/2024,2024-11-02,23:30:00
11/02/2024 06:00:00 PM,5.0,2,4,3,10,1,1,1,0,1,2,IMPROPER OVERTAKING/PASSING,2,1,0.0,0.0,0.0,0.0,0.0,2.0,18,7,11,11/02/2024,2024-11-02,18:00:00
11/02/2024 08:50:00 AM,5.0,2,1,5,5,1,1,1,0,1,3,FAILING TO YIELD RIGHT-OF-WAY,2,1,0.0,0.0,0.0,0.0,0.0,2.0,8,7,11,11/02/2024,2024-11-02,08:50:00
11/02/2024 04:50:00 PM,5.0,2,1,6,13,1,3,3,0,1,2,IMPROPER TURNING/NO SIGNAL,2,1,0.0,0.0,0.0,0.0,0.0,2.0,16,7,11,11/02/2024,2024-11-02,16:50:00
11/02/2024 10:29:00 AM,7.0,2,1,5,7,1,3,3,0,1,3,"OPERATING VEHICLE IN ERRATIC, RECKLESS, CARELESS, NEGLIGENT OR AGGRESSIVE MANNER",2,1,0.0,0.0,0.0,0.0,0.0,4.0,10,7,11,11/02/2024,2024-11-02,10:29:00
11/02/2024 02:20:00 PM,5.0,2,1,6,5,1,3,3,1,1,3,FAILING TO YIELD RIGHT-OF-WAY,2,3,1.0,0.0,0.0,1.0,0.0,1.0,14,7,11,11/02/2024,2024-11-02,14:20:00
11/02/2024 09:19:00 AM,3.0,2,1,6,5,1,3,1,0,1,3,FAILING TO YIELD RIGHT-OF-WAY,2,1,0.0,0.0,0.0,0.0,0.0,2.0,9,7,11,11/02/2024,2024-11-02,09:19:00
11/02/2024 10:30:00 AM,3.0,2,1,4,4,1,3,3,1,1,2,FOLLOWING TOO CLOSELY,2,2,1.0,0.0,0.0,0.0,1.0,1.0,10,7,11,11/02/2024,2024-11-02,10:30:00
11/02/2024 02:00:00 PM,5.0,2,1,5,6,1,3,3,0,1,3,UNABLE TO DETERMINE,2,1,0.0,0.0,0.0,0.0,0.0,4.0,14,7,11,11/02/2024,2024-11-02,14:00:00
11/02/2024 12:30:00 PM,5.0,2,1,3,4,1,3,3,0,1,2,DRIVING SKILLS/KNOWLEDGE/EXPERIENCE,2,1,0.0,0.0,0.0,0.0,0.0,4.0,12,7,11,11/02/2024,2024-11-02,12:30:00
11/02/2024 04:42:00 PM,3.0,2,1,6,6,1,3,3,0,1,3,UNABLE TO DETERMINE,2,1,0.0,0.0,0.0,0.0,0.0,2.0,16,7,11,11/02/2024,2024-11-02,16:42:00
11/02/2024 10:35:00 PM,5.0,2,4,8,5,1,3,1,0,1,3,IMPROPER BACKING,2,1,0.0,0.0,0.0,0.0,0.0,3.0,22,7,11,11/02/2024,2024-11-02,22:35:00
11/02/2024 11:56:00 AM,5.0,2,1,11,5,1,3,3,0,1,3,DRIVING SKILLS/KNOWLEDGE/EXPERIENCE,2,1,0.0,0.0,0.0,0.0,0.0,1.0,11,7,11,11/02/2024,2024-11-02,11:56:00
11/13/2024 07:10:00 PM,7.0,4,4,4,6,1,4,1,1,1,1,UNDER THE INFLUENCE OF ALCOHOL/DRUGS (USE WHEN ARREST IS EFFECTED),2,1,0.0,0.0,0.0,0.0,0.0,2.0,19,4,11,11/13/2024,2024-11-13,19:10:00
11/16/2024 06:20:00 PM,5.0,2,3,6,5,1,3,3,0,1,3,UNABLE TO DETERMINE,2,1,0.0,0.0,0.0,0.0,0.0,2.0,18,7,11,11/16/2024,2024-11-16,18:20:00
11/17/2024 04:20:00 AM,5.0,2,4,5,5,1,3,3,1,1,3,DISREGARDING TRAFFIC SIGNALS,2,1,0.0,0.0,0.0,0.0,0.0,2.0,4,1,11,11/17/2024,2024-11-17,04:20:00
11/15/2024 08:30:00 PM,17.0,2,4,4,5,1,3,1,1,1,3,FOLLOWING TOO CLOSELY,2,3,2.0,0.0,0.0,2.0,0.0,0.0,20,6,11,11/15/2024,2024-11-15,20:30:00
11/14/2024 08:00:00 AM,5.0,4,1,5,5,1,4,3,0,1,3,FAILING TO YIELD RIGHT-OF-WAY,2,1,0.0,0.0,0.0,0.0,0.0,2.0,8,5,11,11/14/2024,2024-11-14,08:00:00
11/16/2024 07:38:00 PM,7.0,2,1,6,7,1,3,3,0,1,3,FAILING TO YIELD RIGHT-OF-WAY,2,1,0.0,0.0,0.0,0.0,0.0,3.0,19,7,11,11/16/2024,2024-11-16,19:38:00
11/15/2024 10:35:00 PM,5.0,2,4,6,5,1,3,3,1,1,3,DISREGARDING TRAFFIC SIGNALS,2,4,1.0,0.0,1.0,0.0,0.0,1.0,22,6,11,11/15/2024,2024-11-15,22:35:00
11/15/2024 12:50:00 PM,5.0,3,1,6,4,1,3,3,0,1,2,UNABLE TO DETERMINE,2,1,0.0,0.0,0.0,0.0,0.0,2.0,12,6,11,11/15/2024,2024-11-15,12:50:00
11/12/2024 01:36:00 PM,7.0,2,1,6,7,1,3,3,1,1,3,FAILING TO YIELD RIGHT-OF-WAY,2,4,2.0,0.0,1.0,1.0,0.0,0.0,13,3,11,11/12/2024,2024-11-12,13:36:00
11/15/2024 02:30:00 PM,5.0,2,1,4,5,1,1,1,0,1,2,UNABLE TO DETERMINE,2,1,0.0,0.0,0.0,0.0,0.0,2.0,14,6,11,11/15/2024,2024-11-15,14:30:00
11/14/2024 06:30:00 PM,3.0,2,4,4,6,1,3,3,0,1,3,DISTRACTION - FROM OUTSIDE VEHICLE,2,1,0.0,0.0,0.0,0.0,0.0,2.0,18,5,11,11/14/2024,2024-11-14,18:30:00
11/17/2024 06:30:00 AM,5.0,2,2,4,6,1,3,3,1,0,3,UNABLE TO DETERMINE,2,3,1.0,0.0,0.0,1.0,0.0,1.0,6,1,11,11/17/2024,2024-11-17,06:30:00
11/16/2024 08:00:00 PM,5.0,2,1,5,5,1,1,1,0,1,3,DISREGARDING TRAFFIC SIGNALS,2,1,0.0,0.0,0.0,0.0,0.0,2.0,20,7,11,11/16/2024,2024-11-16,20:00:00
11/16/2024 09:24:00 PM,7.0,2,4,5,5,1,3,3,1,1,3,UNABLE TO DETERMINE,2,1,0.0,0.0,0.0,0.0,0.0,2.0,21,7,11,11/16/2024,2024-11-16,21:24:00
11/17/2024 09:50:00 AM,5.0,2,4,3,6,1,3,3,0,1,3,IMPROPER LANE USAGE,2,1,0.0,0.0,0.0,0.0,0.0,3.0,9,1,11,11/17/2024,2024-11-17,09:50:00
11/16/2024 11:17:00 AM,5.0,2,1,13,6,1,3,3,1,1,1,FAILING TO YIELD RIGHT-OF-WAY,2,2,1.0,0.0,0.0,0.0,1.0,1.0,11,7,11,11/16/2024,2024-11-16,11:17:00
11/17/2024 04:36:00 PM,3.0,2,4,3,6,1,3,3,0,1,3,UNABLE TO DETERMINE,2,1,0.0,0.0,0.0,0.0,0.0,3.0,16,1,11,11/17/2024,2024-11-17,16:36:00
11/17/2024 09:30:00 PM,5.0,4,4,4,6,1,4,3,0,1,3,UNABLE TO DETERMINE,2,1,0.0,0.0,0.0,0.0,0.0,2.0,21,1,11,11/17/2024,2024-11-17,21:30:00
11/17/2024 10:30:00 AM,9.0,3,1,6,4,1,3,3,0,0,3,IMPROPER TURNING/NO SIGNAL,2,1,0.0,0.0,0.0,0.0,0.0,3.0,10,1,11,11/17/2024,2024-11-17,10:30:00
11/15/2024 09:30:00 PM,5.0,2,5,6,6,1,3,1,0,1,3,UNABLE TO DETERMINE,2,1,0.0,0.0,0.0,0.0,0.0,2.0,21,6,11,11/15/2024,2024-11-15,21:30:00
11/17/2024 11:00:00 AM,5.0,2,1,4,6,1,3,3,0,1,3,FOLLOWING TOO CLOSELY,2,1,0.0,0.0,0.0,0.0,0.0,2.0,11,1,11,11/17/2024,2024-11-17,11:00:00
11/17/2024 04:20:00 PM,7.0,2,3,6,6,1,3,3,1,1,3,FAILING TO YIELD RIGHT-OF-WAY,2,1,0.0,0.0,0.0,0.0,0.0,2.0,16,1,11,11/17/2024,2024-11-17,16:20:00
10/21/2024 08:02:00 AM,3.0,2,1,3,10,1,3,3,1,1,2,IMPROPER OVERTAKING/PASSING,2,1,0.0,0.0,0.0,0.0,0.0,6.0,8,2,10,10/21/2024,2024-10-21,08:02:00
11/17/2024 08:31:00 AM,3.0,2,1,6,6,1,3,2,0,1,3,"VISION OBSCURED (SIGNS, TREE LIMBS, BUILDINGS, ETC.)",2,1,0.0,0.0,0.0,0.0,0.0,2.0,8,1,11,11/17/2024,2024-11-17,08:31:00
11/15/2024 08:25:00 AM,7.0,2,1,4,10,1,3,3,0,1,3,IMPROPER BACKING,2,1,0.0,0.0,0.0,0.0,0.0,2.0,8,6,11,11/15/2024,2024-11-15,08:25:00
11/10/2024 05:08:00 PM,5.0,2,4,4,5,1,3,3,0,1,1,FOLLOWING TOO CLOSELY,2,1,0.0,0.0,0.0,0.0,0.0,2.0,17,1,11,11/10/2024,2024-11-10,17:08:00
11/17/2024 12:20:00 PM,7.0,2,1,5,5,1,3,3,1,1,3,FAILING TO YIELD RIGHT-OF-WAY,2,2,1.0,0.0,0.0,0.0,1.0,2.0,12,1,11,11/17/2024,2024-11-17,12:20:00
11/17/2024 04:30:00 PM,1.0,2,4,3,6,1,1,1,0,1,3,UNABLE TO DETERMINE,2,1,0.0,0.0,0.0,0.0,0.0,2.0,16,1,11,11/17/2024,2024-11-17,16:30:00
11/03/2024 10:00:00 AM,5.0,2,1,4,6,1,3,3,0,1,3,FAILING TO REDUCE SPEED TO AVOID CRASH,2,1,0.0,0.0,0.0,0.0,0.0,2.0,10,1,11,11/03/2024,2024-11-03,10:00:00
11/03/2024 05:16:00 PM,5.0,4,5,4,6,1,4,1,0,1,3,FOLLOWING TOO CLOSELY,2,1,0.0,0.0,0.0,0.0,0.0,2.0,17,1,11,11/03/2024,2024-11-03,17:16:00
11/03/2024 02:30:00 AM,5.0,2,4,6,4,1,3,1,0,1,3,UNABLE TO DETERMINE,2,1,0.0,0.0,0.0,0.0,0.0,2.0,2,1,11,11/03/2024,2024-11-03,02:30:00
11/03/2024 08:45:00 AM,7.0,2,1,14,4,1,3,3,1,1,1,UNABLE TO DETERMINE,2,2,1.0,0.0,0.0,0.0,1.0,1.0,8,1,11,11/03/2024,2024-11-03,08:45:00
11/03/2024 04:05:00 PM,3.0,3,1,6,7,1,3,3,1,1,3,FAILING TO YIELD RIGHT-OF-WAY,2,3,1.0,0.0,0.0,1.0,0.0,1.0,16,1,11,11/03/2024,2024-11-03,16:05:00
11/03/2024 03:10:00 PM,3.0,2,1,5,1,1,3,3,1,1,3,FAILING TO YIELD RIGHT-OF-WAY,2,1,0.0,0.0,0.0,0.0,0.0,2.0,15,1,11,11/03/2024,2024-11-03,15:10:00
11/03/2024 11:30:00 PM,3.0,2,5,3,17,1,1,1,0,0,3,FAILING TO YIELD RIGHT-OF-WAY,2,1,0.0,0.0,0.0,0.0,0.0,3.0,23,1,11,11/03/2024,2024-11-03,23:30:00
11/03/2024 06:42:00 PM,7.0,4,3,5,5,1,4,3,1,1,3,FAILING TO YIELD RIGHT-OF-WAY,2,1,0.0,0.0,0.0,0.0,0.0,3.0,18,1,11,11/03/2024,2024-11-03,18:42:00
11/03/2024 11:50:00 PM,7.0,2,4,5,5,1,3,3,0,1,3,UNABLE TO DETERMINE,2,1,0.0,0.0,0.0,0.0,0.0,2.0,23,1,11,11/03/2024,2024-11-03,23:50:00
11/03/2024 03:33:00 PM,5.0,3,1,6,5,1,2,1,0,1,3,IMPROPER LANE USAGE,2,1,0.0,0.0,0.0,0.0,0.0,3.0,15,1,11,11/03/2024,2024-11-03,15:33:00
11/03/2024 07:22:00 AM,7.0,2,1,6,6,1,3,3,1,1,3,DRIVING ON WRONG SIDE/WRONG WAY,2,3,2.0,0.0,0.0,2.0,0.0,2.0,7,1,11,11/03/2024,2024-11-03,07:22:00
11/03/2024 08:15:00 AM,5.0,2,1,4,5,1,1,1,0,1,3,FOLLOWING TOO CLOSELY,2,1,0.0,0.0,0.0,0.0,0.0,2.0,8,1,11,11/03/2024,2024-11-03,08:15:00
11/03/2024 02:19:00 AM,1.0,2,4,6,6,1,3,1,1,1,3,IMPROPER TURNING/NO SIGNAL,2,2,1.0,0.0,0.0,0.0,1.0,1.0,2,1,11,11/03/2024,2024-11-03,02:19:00
11/03/2024 01:30:00 PM,7.0,2,1,6,6,1,3,3,0,1,3,FAILING TO YIELD RIGHT-OF-WAY,2,1,0.0,0.0,0.0,0.0,0.0,3.0,13,1,11,11/03/2024,2024-11-03,13:30:00
11/03/2024 02:45:00 PM,5.0,2,1,6,4,1,3,3,0,1,3,DISREGARDING TRAFFIC SIGNALS,2,1,0.0,0.0,0.0,0.0,0.0,2.0,14,1,11,11/03/2024,2024-11-03,14:45:00
11/03/2024 06:00:00 AM,1.0,2,2,4,1,4,1,1,0,1,3,DRIVING SKILLS/KNOWLEDGE/EXPERIENCE,2,1,0.0,0.0,0.0,0.0,0.0,2.0,6,1,11,11/03/2024,2024-11-03,06:00:00
11/03/2024 09:30:00 AM,9.0,3,1,5,16,1,3,3,0,1,3,FAILING TO YIELD RIGHT-OF-WAY,2,1,0.0,0.0,0.0,0.0,0.0,2.0,9,1,11,11/03/2024,2024-11-03,09:30:00
11/03/2024 05:00:00 PM,5.0,2,1,4,6,1,3,3,0,1,3,FAILING TO REDUCE SPEED TO AVOID CRASH,2,1,0.0,0.0,0.0,0.0,0.0,3.0,17,1,11,11/03/2024,2024-11-03,17:00:00
11/03/2024 01:20:00 PM,5.0,2,1,5,1,1,3,7,0,1,2,UNABLE TO DETERMINE,2,1,0.0,0.0,0.0,0.0,0.0,2.0,13,1,11,11/03/2024,2024-11-03,13:20:00