crash_date,traffic_control_device,weather_condition,lighting_condition,first_crash_type,trafficway_type,alignment,roadway_surface_cond,road_defect,crash_type,intersection_related_i,damage,prim_contributory_cause,num_units,most_severe_injury,injuries_total,injuries_fatal,injuries_incapacitating,injuries_non_incapacitating,injuries_reported_not_evident,injuries_no_indication,crash_hour,crash_day_of_week,crash_month,parsed_datetime,date,time
11/05/2024 11:00:00 AM,5.0,2,1,4,6,1,3,3,0,1,3,IMPROPER BACKING,2,1,0.0,0.0,0.0,0.0,0.0,2.0,11,3,11,11/05/2024,2024-11-05,11:00:00
11/05/2024 05:45:00 PM,5.0,4,4,5,4,1,4,3,1,1,3,IMPROPER OVERTAKING/PASSING,2,1,0.0,0.0,0.0,0.0,0.0,2.0,17,3,11,11/05/2024,2024-11-05,17:45:00
11/05/2024 07:39:00 PM,5.0,4,2,5,13,1,4,3,1,1,3,DISREGARDING TRAFFIC SIGNALS,2,2,2.0,0.0,0.0,0.0,2.0,0.0,19,3,11,11/05/2024,2024-11-05,19:39:00
11/05/2024 09:00:00 PM,1.0,4,4,6,1,1,4,1,0,1,3,UNABLE TO DETERMINE,2,1,0.0,0.0,0.0,0.0,0.0,2.0,21,3,11,11/05/2024,2024-11-05,21:00:00
11/05/2024 05:42:00 PM,5.0,4,4,6,4,2,4,3,0,1,3,NOT APPLICABLE,2,1,0.0,0.0,0.0,0.0,0.0,2.0,17,3,11,11/05/2024,2024-11-05,17:42:00
11/05/2024 11:59:00 AM,7.0,7,1,3,10,1,4,3,0,1,3,FAILING TO REDUCE SPEED TO AVOID CRASH,2,1,0.0,0.0,0.0,0.0,0.0,2.0,11,3,11,11/05/2024,2024-11-05,11:59:00
11/05/2024 02:00:00 PM,5.0,4,4,5,5,2,4,1,0,1,3,DISREGARDING OTHER TRAFFIC SIGNS,2,1,0.0,0.0,0.0,0.0,0.0,2.0,14,3,11,11/05/2024,2024-11-05,14:00:00
11/05/2024 10:20:00 AM,5.0,2,4,6,12,1,3,1,0,0,3,IMPROPER TURNING/NO SIGNAL,2,1,0.0,0.0,0.0,0.0,0.0,2.0,10,3,11,11/05/2024,2024-11-05,10:20:00
11/05/2024 04:57:00 PM,5.0,4,4,13,5,1,4,3,1,1,2,FAILING TO YIELD RIGHT-OF-WAY,2,2,1.0,0.0,0.0,0.0,1.0,1.0,16,3,11,11/05/2024,2024-11-05,16:57:00
11/05/2024 04:50:00 PM,7.0,4,4,6,17,1,4,3,0,1,3,FAILING TO YIELD RIGHT-OF-WAY,2,1,0.0,0.0,0.0,0.0,0.0,2.0,16,3,11,11/05/2024,2024-11-05,16:50:00
11/05/2024 03:48:00 PM,5.0,4,1,6,14,1,4,3,1,1,3,UNABLE TO DETERMINE,2,1,0.0,0.0,0.0,0.0,0.0,2.0,15,3,11,11/05/2024,2024-11-05,15:48:00
11/05/2024 05:14:00 PM,5.0,4,4,13,5,1,4,3,1,1,1,UNABLE TO DETERMINE,2,4,1.0,0.0,1.0,0.0,0.0,1.0,17,3,11,11/05/2024,2024-11-05,17:14:00
11/05/2024 06:05:00 PM,5.0,4,4,13,6,1,4,3,1,1,2,UNABLE TO DETERMINE,2,2,1.0,0.0,0.0,0.0,1.0,1.0,18,3,11,11/05/2024,2024-11-05,18:05:00
11/05/2024 05:22:00 PM,5.0,4,4,5,4,1,4,3,0,1,2,UNABLE TO DETERMINE,2,1,0.0,0.0,0.0,0.0,0.0,4.0,17,3,11,11/05/2024,2024-11-05,17:22:00
11/05/2024 04:50:00 PM,5.0,4,4,6,5,1,4,1,0,1,2,UNABLE TO DETERMINE,2,1,0.0,0.0,0.0,0.0,0.0,2.0,16,3,11,11/05/2024,2024-11-05,16:50:00
11/05/2024 11:35:00 PM,1.0,4,4,6,6,1,4,1,0,1,3,IMPROPER TURNING/NO SIGNAL,2,1,0.0,0.0,0.0,0.0,0.0,2.0,23,3,11,11/05/2024,2024-11-05,23:35:00
11/05/2024 05:48:00 PM,3.0,4,4,6,5,1,4,3,1,1,3,IMPROPER TURNING/NO SIGNAL,2,2,1.0,0.0,0.0,0.0,1.0,2.0,17,3,11,11/05/2024,2024-11-05,17:48:00
11/05/2024 11:58:00 AM,5.0,2,1,3,3,1,3,3,1,1,3,IMPROPER TURNING/NO SIGNAL,2,2,2.0,0.0,0.0,0.0,2.0,1.0,11,3,11,11/05/2024,2024-11-05,11:58:00
11/05/2024 09:50:00 PM,5.0,4,4,14,5,1,4,3,1,1,3,FAILING TO YIELD RIGHT-OF-WAY,2,4,1.0,0.0,1.0,0.0,0.0,1.0,21,3,11,11/05/2024,2024-11-05,21:50:00
11/05/2024 08:30:00 PM,5.0,4,4,4,4,1,4,1,1,1,3,UNABLE TO DETERMINE,2,2,1.0,0.0,0.0,0.0,1.0,1.0,20,3,11,11/05/2024,2024-11-05,20:30:00
11/05/2024 04:53:00 PM,7.0,4,4,14,5,1,4,3,1,1,3,UNABLE TO DETERMINE,2,1,0.0,0.0,0.0,0.0,0.0,2.0,16,3,11,11/05/2024,2024-11-05,16:53:00
11/05/2024 03:28:00 PM,7.0,2,1,14,10,1,3,3,0,1,1,UNABLE TO DETERMINE,2,1,0.0,0.0,0.0,0.0,0.0,2.0,15,3,11,11/05/2024,2024-11-05,15:28:00
11/05/2024 11:10:00 AM,5.0,2,1,3,5,1,3,3,0,1,2,IMPROPER LANE USAGE,2,1,0.0,0.0,0.0,0.0,0.0,4.0,11,3,11,11/05/2024,2024-11-05,11:10:00
11/05/2024 05:20:00 PM,5.0,4,4,13,7,1,4,1,0,1,2,UNABLE TO DETERMINE,2,1,0.0,0.0,0.0,0.0,0.0,2.0,17,3,11,11/05/2024,2024-11-05,17:20:00
11/20/2024 06:50:00 PM,3.0,4,5,5,6,1,4,3,0,1,3,FAILING TO YIELD RIGHT-OF-WAY,2,1,0.0,0.0,0.0,0.0,0.0,2.0,18,4,11,11/20/2024,2024-11-20,18:50:00
11/20/2024 03:31:00 AM,5.0,2,4,5,6,1,3,3,1,1,3,DISREGARDING TRAFFIC SIGNALS,2,2,2.0,0.0,0.0,0.0,2.0,1.0,3,4,11,11/20/2024,2024-11-20,03:31:00
11/20/2024 08:26:00 PM,7.0,7,4,6,6,1,4,3,0,1,3,FAILING TO YIELD RIGHT-OF-WAY,2,1,0.0,0.0,0.0,0.0,0.0,2.0,20,4,11,11/20/2024,2024-11-20,20:26:00
11/20/2024 06:55:00 PM,5.0,7,4,6,5,1,4,1,1,1,3,FAILING TO YIELD RIGHT-OF-WAY,2,3,1.0,0.0,0.0,1.0,0.0,2.0,18,4,11,11/20/2024,2024-11-20,18:55:00
11/16/2024 08:47:00 PM,5.0,2,4,5,5,1,3,3,1,1,3,UNABLE TO DETERMINE,2,2,1.0,0.0,0.0,0.0,1.0,1.0,20,7,11,11/16/2024,2024-11-16,20:47:00
11/18/2024 07:40:00 PM,5.0,2,4,6,4,1,4,3,0,1,3,FAILING TO YIELD RIGHT-OF-WAY,2,1,0.0,0.0,0.0,0.0,0.0,3.0,19,2,11,11/18/2024,2024-11-18,19:40:00
11/19/2024 11:45:00 PM,5.0,2,4,3,4,1,3,3,0,1,3,IMPROPER OVERTAKING/PASSING,2,1,0.0,0.0,0.0,0.0,0.0,2.0,23,3,11,11/19/2024,2024-11-19,23:45:00
11/20/2024 10:45:00 AM,3.0,2,1,5,2,1,3,1,0,1,3,IMPROPER BACKING,2,1,0.0,0.0,0.0,0.0,0.0,2.0,10,4,11,11/20/2024,2024-11-20,10:45:00
11/14/2024 03:45:00 PM,5.0,2,1,4,5,1,3,1,0,1,3,FAILING TO YIELD RIGHT-OF-WAY,2,1,0.0,0.0,0.0,0.0,0.0,2.0,15,5,11,11/14/2024,2024-11-14,15:45:00
11/19/2024 05:55:00 AM,5.0,4,4,14,5,1,4,1,1,1,1,UNABLE TO DETERMINE,2,3,1.0,0.0,0.0,1.0,0.0,2.0,5,3,11,11/19/2024,2024-11-19,05:55:00
11/20/2024 07:45:00 AM,7.0,2,1,5,6,1,4,3,0,1,3,FAILING TO YIELD RIGHT-OF-WAY,2,1,0.0,0.0,0.0,0.0,0.0,3.0,7,4,11,11/20/2024,2024-11-20,07:45:00
11/08/2024 08:04:00 PM,5.0,2,4,3,6,1,3,3,0,1,3,IMPROPER LANE USAGE,2,1,0.0,0.0,0.0,0.0,0.0,2.0,20,6,11,11/08/2024,2024-11-08,20:04:00
11/20/2024 03:20:00 PM,3.0,4,1,11,6,1,4,1,0,1,3,FAILING TO REDUCE SPEED TO AVOID CRASH,2,1,0.0,0.0,0.0,0.0,0.0,1.0,15,4,11,11/20/2024,2024-11-20,15:20:00
11/20/2024 06:00:00 PM,4.0,5,4,13,6,1,4,3,1,1,3,FAILING TO YIELD RIGHT-OF-WAY,2,3,1.0,0.0,0.0,1.0,0.0,2.0,18,4,11,11/20/2024,2024-11-20,18:00:00
11/20/2024 05:08:00 PM,5.0,2,3,4,5,1,3,1,0,1,3,FAILING TO YIELD RIGHT-OF-WAY,2,1,0.0,0.0,0.0,0.0,0.0,2.0,17,4,11,11/20/2024,2024-11-20,17:08:00
08/02/2024 03:59:00 PM,7.0,2,1,6,5,1,3,3,1,1,3,IMPROPER OVERTAKING/PASSING,2,3,2.0,0.0,0.0,2.0,0.0,0.0,15,6,8,08/02/2024,2024-08-02,15:59:00
11/13/2024 02:00:00 PM,3.0,2,1,6,6,1,3,3,1,1,3,IMPROPER TURNING/NO SIGNAL,2,3,2.0,0.0,0.0,1.0,1.0,1.0,14,4,11,11/13/2024,2024-11-13,14:00:00
11/20/2024 03:55:00 PM,5.0,2,1,6,10,1,3,1,1,1,2,UNABLE TO DETERMINE,2,2,1.0,0.0,0.0,0.0,1.0,2.0,15,4,11,11/20/2024,2024-11-20,15:55:00
11/21/2024 02:30:00 AM,5.0,2,4,4,4,1,4,3,0,1,2,FOLLOWING TOO CLOSELY,2,1,0.0,0.0,0.0,0.0,0.0,2.0,2,5,11,11/21/2024,2024-11-21,02:30:00
11/20/2024 05:35:00 PM,5.0,4,4,6,6,1,4,3,1,1,3,IMPROPER TURNING/NO SIGNAL,2,2,1.0,0.0,0.0,0.0,1.0,1.0,17,4,11,11/20/2024,2024-11-20,17:35:00
11/11/2024 07:17:00 AM,5.0,2,1,6,7,1,1,1,0,1,3,FAILING TO YIELD RIGHT-OF-WAY,2,1,0.0,0.0,0.0,0.0,0.0,2.0,7,2,11,11/11/2024,2024-11-11,07:17:00
11/19/2024 06:38:00 PM,7.0,2,4,5,5,1,3,3,0,1,3,FAILING TO YIELD RIGHT-OF-WAY,2,1,0.0,0.0,0.0,0.0,0.0,2.0,18,3,11,11/19/2024,2024-11-19,18:38:00
11/21/2024 02:40:00 AM,5.0,2,4,6,5,1,4,3,0,1,3,IMPROPER TURNING/NO SIGNAL,2,1,0.0,0.0,0.0,0.0,0.0,3.0,2,5,11,11/21/2024,2024-11-21,02:40:00
11/14/2024 07:31:00 AM,7.0,4,1,5,5,1,4,3,1,1,3,DISREGARDING STOP SIGN,2,4,1.0,0.0,1.0,0.0,0.0,1.0,7,5,11,11/14/2024,2024-11-14,07:31:00
11/20/2024 12:30:00 PM,5.0,2,1,4,4,1,3,3,0,1,3,UNABLE TO DETERMINE,2,1,0.0,0.0,0.0,0.0,0.0,2.0,12,4,11,11/20/2024,2024-11-20,12:30:00
11/18/2024 04:30:00 PM,5.0,4,1,6,6,1,4,3,0,1,3,UNABLE TO DETERMINE,2,1,0.0,0.0,0.0,0.0,0.0,2.0,16,2,11,11/18/2024,2024-11-18,16:30:00
11/06/2024 06:10:00 PM,7.0,2,4,3,6,1,3,3,0,1,3,FOLLOWING TOO CLOSELY,2,1,0.0,0.0,0.0,0.0,0.0,2.0,18,4,11,11/06/2024,2024-11-06,18:10:00
11/06/2024 11:30:00 AM,7.0,2,1,5,5,1,3,3,0,1,3,UNABLE TO DETERMINE,2,1,0.0,0.0,0.0,0.0,0.0,3.0,11,4,11,11/06/2024,2024-11-06,11:30:00
11/06/2024 06:20:00 PM,3.0,2,5,4,4,1,3,1,1,1,3,FAILING TO REDUCE SPEED TO AVOID CRASH,2,1,0.0,0.0,0.0,0.0,0.0,2.0,18,4,11,11/06/2024,2024-11-06,18:20:00
11/06/2024 06:51:00 PM,5.0,2,5,4,5,1,3,3,0,1,1,DRIVING SKILLS/KNOWLEDGE/EXPERIENCE,2,1,0.0,0.0,0.0,0.0,0.0,3.0,18,4,11,11/06/2024,2024-11-06,18:51:00
11/06/2024 07:00:00 PM,1.0,2,1,13,1,1,1,1,1,1,3,UNABLE TO DETERMINE,2,3,1.0,0.0,0.0,1.0,0.0,1.0,19,4,11,11/06/2024,2024-11-06,19:00:00
11/06/2024 12:40:00 PM,5.0,2,1,6,5,1,3,3,0,1,3,UNABLE TO DETERMINE,2,1,0.0,0.0,0.0,0.0,0.0,2.0,12,4,11,11/06/2024,2024-11-06,12:40:00
11/06/2024 07:20:00 AM,7.0,2,1,5,6,1,1,1,0,1,3,FAILING TO YIELD RIGHT-OF-WAY,2,1,0.0,0.0,0.0,0.0,0.0,3.0,7,4,11,11/06/2024,2024-11-06,07:20:00
11/06/2024 10:50:00 AM,3.0,2,1,6,6,1,3,3,0,1,3,UNABLE TO DETERMINE,2,1,0.0,0.0,0.0,0.0,0.0,2.0,10,4,11,11/06/2024,2024-11-06,10:50:00
11/06/2024 12:30:00 PM,1.0,3,1,5,5,1,1,1,0,1,3,UNABLE TO DETERMINE,2,1,0.0,0.0,0.0,0.0,0.0,2.0,12,4,11,11/06/2024,2024-11-06,12:30:00
11/06/2024 08:00:00 AM,1.0,2,1,6,6,1,3,1,0,0,3,UNABLE TO DETERMINE,2,1,0.0,0.0,0.0,0.0,0.0,7.0,8,4,11,11/06/2024,2024-11-06,08:00:00
11/06/2024 09:00:00 AM,5.0,2,1,3,5,1,3,3,0,1,3,FAILING TO YIELD RIGHT-OF-WAY,2,1,0.0,0.0,0.0,0.0,0.0,2.0,9,4,11,11/06/2024,2024-11-06,09:00:00
11/06/2024 04:52:00 PM,5.0,2,4,4,5,1,3,3,0,0,3,FOLLOWING TOO CLOSELY,2,1,0.0,0.0,0.0,0.0,0.0,2.0,16,4,11,11/06/2024,2024-11-06,16:52:00
11/06/2024 08:46:00 AM,7.0,2,1,5,5,4,3,1,1,1,3,FAILING TO YIELD RIGHT-OF-WAY,2,2,1.0,0.0,0.0,0.0,1.0,1.0,8,4,11,11/06/2024,2024-11-06,08:46:00
11/20/2024 09:50:00 AM,7.0,2,1,6,5,1,3,3,0,1,2,UNABLE TO DETERMINE,2,1,0.0,0.0,0.0,0.0,0.0,2.0,9,4,11,11/20/2024,2024-11-20,09:50:00
11/06/2024 06:00:00 PM,7.0,3,5,5,5,1,3,1,0,1,2,UNABLE TO DETERMINE,2,1,0.0,0.0,0.0,0.0,0.0,2.0,18,4,11,11/06/2024,2024-11-06,18:00:00
11/06/2024 06:40:00 PM,5.0,2,4,13,6,1,1,1,1,1,1,DRIVING SKILLS/KNOWLEDGE/EXPERIENCE,2,2,1.0,0.0,0.0,0.0,1.0,1.0,18,4,11,11/06/2024,2024-11-06,18:40:00
11/06/2024 03:30:00 PM,5.0,2,1,3,6,1,3,3,0,1,3,FAILING TO YIELD RIGHT-OF-WAY,2,1,0.0,0.0,0.0,0.0,0.0,2.0,15,4,11,11/06/2024,2024-11-06,15:30:00
11/06/2024 02:00:00 PM,7.0,2,1,6,6,1,3,3,0,1,3,UNABLE TO DETERMINE,2,1,0.0,0.0,0.0,0.0,0.0,2.0,14,4,11,11/06/2024,2024-11-06,14:00:00
11/06/2024 04:45:00 PM,5.0,2,4,6,6,1,3,3,1,1,3,IMPROPER TURNING/NO SIGNAL,2,1,0.0,0.0,0.0,0.0,0.0,5.0,16,4,11,11/06/2024,2024-11-06,16:45:00
11/06/2024 03:50:00 PM,5.0,2,1,4,6,1,3,3,1,1,3,UNABLE TO DETERMINE,2,2,2.0,0.0,0.0,0.0,2.0,0.0,15,4,11,11/06/2024,2024-11-06,15:50:00
11/06/2024 06:39:00 AM,5.0,2,1,5,5,1,4,3,1,1,3,DISREGARDING TRAFFIC SIGNALS,2,3,2.0,0.0,0.0,2.0,0.0,1.0,6,4,11,11/06/2024,2024-11-06,06:39:00
11/20/2024 11:57:00 AM,3.0,2,1,11,10,1,3,3,0,1,3,UNABLE TO DETERMINE,2,1,0.0,0.0,0.0,0.0,0.0,1.0,11,4,11,11/20/2024,2024-11-20,11:57:00
11/20/2024 09:38:00 AM,5.0,3,1,3,3,1,3,3,0,0,3,IMPROPER LANE USAGE,2,1,0.0,0.0,0.0,0.0,0.0,4.0,9,4,11,11/20/2024,2024-11-20,09:38:00
11/05/2024 04:10:00 PM,1.0,2,1,13,5,1,1,1,1,1,3,UNABLE TO DETERMINE,2,3,1.0,0.0,0.0,1.0,0.0,1.0,16,3,11,11/05/2024,2024-11-05,16:10:00
11/21/2024 02:30:00 PM,12.0,5,1,3,7,1,5,3,0,0,1,IMPROPER OVERTAKING/PASSING,2,1,0.0,0.0,0.0,0.0,0.0,2.0,14,5,11,11/21/2024,2024-11-21,14:30:00
11/21/2024 07:00:00 AM,3.0,3,1,5,5,1,3,3,1,1,3,UNABLE TO DETERMINE,2,3,2.0,0.0,0.0,2.0,0.0,2.0,7,5,11,11/21/2024,2024-11-21,07:00:00
11/21/2024 10:35:00 AM,5.0,5,1,4,4,1,5,3,0,1,3,UNABLE TO DETERMINE,2,1,0.0,0.0,0.0,0.0,0.0,2.0,10,5,11,11/21/2024,2024-11-21,10:35:00
05/11/2024 03:48:00 PM,5.0,2,1,5,5,1,3,7,1,1,3,DISREGARDING TRAFFIC SIGNALS,2,1,0.0,0.0,0.0,0.0,0.0,2.0,15,7,5,05/11/2024,2024-05-11,15:48:00
11/20/2024 05:50:00 PM,5.0,2,4,4,4,1,3,3,0,1,3,FOLLOWING TOO CLOSELY,2,1,0.0,0.0,0.0,0.0,0.0,2.0,17,4,11,11/20/2024,2024-11-20,17:50:00
11/20/2024 12:18:00 PM,5.0,2,1,5,5,1,1,1,1,1,3,UNABLE TO DETERMINE,2,1,0.0,0.0,0.0,0.0,0.0,2.0,12,4,11,11/20/2024,2024-11-20,12:18:00
11/21/2024 09:35:00 AM,7.0,5,1,4,6,1,5,3,0,1,3,WEATHER,2,1,0.0,0.0,0.0,0.0,0.0,2.0,9,5,11,11/21/2024,2024-11-21,09:35:00
11/19/2024 01:10:00 PM,5.0,3,1,8,5,1,3,1,1,1,3,IMPROPER BACKING,2,2,1.0,0.0,0.0,0.0,1.0,1.0,13,3,11,11/19/2024,2024-11-19,13:10:00
11/20/2024 07:38:00 PM,5.0,4,5,4,7,1,4,3,0,1,3,FOLLOWING TOO CLOSELY,2,1,0.0,0.0,0.0,0.0,0.0,2.0,19,4,11,11/20/2024,2024-11-20,19:38:00
11/20/2024 03:00:00 PM,5.0,3,1,3,5,1,3,1,1,1,3,UNABLE TO DETERMINE,2,3,1.0,0.0,0.0,1.0,0.0,1.0,15,4,11,11/20/2024,2024-11-20,15:00:00
11/20/2024 07:55:00 AM,7.0,4,1,6,6,1,4,3,0,1,3,FAILING TO YIELD RIGHT-OF-WAY,2,1,0.0,0.0,0.0,0.0,0.0,2.0,7,4,11,11/20/2024,2024-11-20,07:55:00
11/21/2024 10:10:00 AM,7.0,5,1,4,5,1,5,3,1,1,3,WEATHER,2,1,0.0,0.0,0.0,0.0,0.0,2.0,10,5,11,11/21/2024,2024-11-21,10:10:00
11/21/2024 11:00:00 AM,5.0,5,1,4,5,1,5,3,0,1,1,UNABLE TO DETERMINE,2,1,0.0,0.0,0.0,0.0,0.0,2.0,11,5,11,11/21/2024,2024-11-21,11:00:00
11/21/2024 09:40:00 AM,7.0,5,1,5,6,1,5,3,0,1,3,UNABLE TO DETERMINE,2,1,0.0,0.0,0.0,0.0,0.0,2.0,9,5,11,11/21/2024,2024-11-21,09:40:00
11/21/2024 05:10:00 PM,7.0,5,1,4,10,1,5,3,0,1,2,UNABLE TO DETERMINE,2,1,0.0,0.0,0.0,0.0,0.0,2.0,17,5,11,11/21/2024,2024-11-21,17:10:00
11/21/2024 09:05:00 AM,5.0,5,1,13,5,1,4,3,1,1,1,FAILING TO YIELD RIGHT-OF-WAY,2,3,1.0,0.0,0.0,1.0,0.0,1.0,9,5,11,11/21/2024,2024-11-21,09:05:00
11/19/2024 02:27:00 PM,5.0,2,1,6,5,1,3,3,0,1,1,IMPROPER TURNING/NO SIGNAL,2,1,0.0,0.0,0.0,0.0,0.0,2.0,14,3,11,11/19/2024,2024-11-19,14:27:00
11/21/2024 10:00:00 AM,5.0,5,1,4,6,1,5,3,0,1,3,FOLLOWING TOO CLOSELY,2,1,0.0,0.0,0.0,0.0,0.0,2.0,10,5,11,11/21/2024,2024-11-21,10:00:00
11/21/2024 10:07:00 AM,5.0,5,1,4,6,1,5,3,1,1,3,FOLLOWING TOO CLOSELY,2,1,0.0,0.0,0.0,0.0,0.0,2.0,10,5,11,11/21/2024,2024-11-21,10:07:00
11/20/2024 05:57:00 PM,5.0,2,5,13,5,1,4,3,1,1,3,UNABLE TO DETERMINE,2,4,1.0,0.0,1.0,0.0,0.0,1.0,17,4,11,11/20/2024,2024-11-20,17:57:00
11/21/2024 10:30:00 AM,3.0,5,1,4,6,1,5,3,0,1,3,FOLLOWING TOO CLOSELY,2,1,0.0,0.0,0.0,0.0,0.0,2.0,10,5,11,11/21/2024,2024-11-21,10:30:00
11/16/2024 02:53:00 PM,3.0,2,1,12,4,1,3,3,0,0,3,IMPROPER BACKING,2,1,0.0,0.0,0.0,0.0,0.0,2.0,14,7,11,11/16/2024,2024-11-16,14:53:00
11/18/2024 09:30:00 PM,5.0,4,4,5,5,1,4,3,1,1,3,UNABLE TO DETERMINE,2,2,1.0,0.0,0.0,0.0,1.0,2.0,21,2,11,11/18/2024,2024-11-18,21:30:00
11/21/2024 10:30:00 AM,3.0,5,1,5,6,1,5,3,1,1,3,UNABLE TO DETERMINE,2,1,0.0,0.0,0.0,0.0,0.0,2.0,10,5,11,11/21/2024,2024-11-21,10:30:00
11/20/2024 12:45:00 PM,5.0,2,1,5,3,1,1,1,1,1,3,UNABLE TO DETERMINE,2,1,0.0,0.0,0.0,0.0,0.0,2.0,12,4,11,11/20/2024,2024-11-20,12:45:00
11/21/2024 06:30:00 PM,7.0,4,1,6,5,1,4,3,0,1,3,UNABLE TO DETERMINE,2,1,0.0,0.0,0.0,0.0,0.0,2.0,18,5,11,11/21/2024,2024-11-21,18:30:00
11/20/2024 10:04:00 PM,3.0,4,4,5,5,1,4,1,1,1,3,UNABLE TO DETERMINE,2,3,1.0,0.0,0.0,1.0,0.0,1.0,22,4,11,11/20/2024,2024-11-20,22:04:00
11/21/2024 02:45:00 PM,5.0,5,3,3,5,1,4,3,0,1,1,IMPROPER OVERTAKING/PASSING,2,1,0.0,0.0,0.0,0.0,0.0,4.0,14,5,11,11/21/2024,2024-11-21,14:45:00
11/21/2024 02:18:00 PM,5.0,5,1,4,6,1,5,3,0,1,2,FOLLOWING TOO CLOSELY,2,1,0.0,0.0,0.0,0.0,0.0,4.0,14,5,11,11/21/2024,2024-11-21,14:18:00
11/21/2024 11:05:00 AM,5.0,5,1,6,6,1,5,3,0,0,3,UNABLE TO DETERMINE,2,1,0.0,0.0,0.0,0.0,0.0,2.0,11,5,11,11/21/2024,2024-11-21,11:05:00
11/21/2024 11:07:00 AM,3.0,5,1,4,1,1,5,1,0,0,1,UNABLE TO DETERMINE,2,1,0.0,0.0,0.0,0.0,0.0,2.0,11,5,11,11/21/2024,2024-11-21,11:07:00
11/21/2024 05:30:00 PM,5.0,4,4,3,4,1,5,3,0,1,3,UNABLE TO DETERMINE,2,1,0.0,0.0,0.0,0.0,0.0,2.0,17,5,11,11/21/2024,2024-11-21,17:30:00
11/21/2024 03:22:00 PM,7.0,5,1,5,5,1,4,3,1,1,3,FAILING TO YIELD RIGHT-OF-WAY,2,2,2.0,0.0,0.0,0.0,2.0,3.0,15,5,11,11/21/2024,2024-11-21,15:22:00
11/07/2024 07:45:00 AM,3.0,2,1,5,5,1,3,3,0,1,2,UNABLE TO DETERMINE,2,1,0.0,0.0,0.0,0.0,0.0,2.0,7,5,11,11/07/2024,2024-11-07,07:45:00
11/07/2024 07:29:00 AM,5.0,2,1,13,5,1,3,3,1,1,1,"VISION OBSCURED (SIGNS, TREE LIMBS, BUILDINGS, ETC.)",2,4,1.0,0.0,1.0,0.0,0.0,1.0,7,5,11,11/07/2024,2024-11-07,07:29:00
11/07/2024 06:45:00 PM,5.0,2,4,6,6,1,1,3,0,1,3,FOLLOWING TOO CLOSELY,2,1,0.0,0.0,0.0,0.0,0.0,2.0,18,5,11,11/07/2024,2024-11-07,18:45:00
11/07/2024 11:15:00 AM,5.0,2,1,13,5,1,3,3,1,1,1,FAILING TO YIELD RIGHT-OF-WAY,2,3,1.0,0.0,0.0,1.0,0.0,1.0,11,5,11,11/07/2024,2024-11-07,11:15:00
11/07/2024 08:25:00 PM,5.0,2,4,6,6,1,3,3,1,1,3,FAILING TO YIELD RIGHT-OF-WAY,2,1,0.0,0.0,0.0,0.0,0.0,2.0,20,5,11,11/07/2024,2024-11-07,20:25:00
11/07/2024 09:00:00 AM,5.0,2,1,4,5,1,3,3,0,1,2,UNABLE TO DETERMINE,2,1,0.0,0.0,0.0,0.0,0.0,2.0,9,5,11,11/07/2024,2024-11-07,09:00:00
11/07/2024 07:30:00 PM,7.0,2,5,5,5,1,3,3,0,1,3,UNABLE TO DETERMINE,2,1,0.0,0.0,0.0,0.0,0.0,2.0,19,5,11,11/07/2024,2024-11-07,19:30:00
11/07/2024 11:30:00 AM,5.0,2,1,8,6,1,3,3,0,1,3,IMPROPER BACKING,2,1,0.0,0.0,0.0,0.0,0.0,2.0,11,5,11,11/07/2024,2024-11-07,11:30:00
11/07/2024 10:18:00 AM,5.0,2,1,4,4,1,3,3,0,1,3,UNABLE TO DETERMINE,2,1,0.0,0.0,0.0,0.0,0.0,6.0,10,5,11,11/07/2024,2024-11-07,10:18:00
11/07/2024 12:45:00 PM,5.0,2,1,3,4,1,3,3,0,1,3,IMPROPER LANE USAGE,2,1,0.0,0.0,0.0,0.0,0.0,3.0,12,5,11,11/07/2024,2024-11-07,12:45:00
11/07/2024 09:29:00 AM,7.0,2,1,5,5,1,3,3,0,1,3,UNABLE TO DETERMINE,2,1,0.0,0.0,0.0,0.0,0.0,2.0,9,5,11,11/07/2024,2024-11-07,09:29:00
11/07/2024 07:50:00 AM,5.0,2,1,14,6,1,3,1,1,1,2,UNABLE TO DETERMINE,2,3,1.0,0.0,0.0,1.0,0.0,1.0,7,5,11,11/07/2024,2024-11-07,07:50:00
11/07/2024 09:25:00 AM,1.0,2,1,6,1,1,1,1,0,1,3,UNABLE TO DETERMINE,2,1,0.0,0.0,0.0,0.0,0.0,2.0,9,5,11,11/07/2024,2024-11-07,09:25:00
11/07/2024 11:20:00 AM,5.0,2,1,3,3,1,1,3,0,1,3,FAILING TO YIELD RIGHT-OF-WAY,2,1,0.0,0.0,0.0,0.0,0.0,2.0,11,5,11,11/07/2024,2024-11-07,11:20:00
11/07/2024 01:30:00 PM,5.0,2,1,6,3,1,3,3,0,1,3,UNABLE TO DETERMINE,2,1,0.0,0.0,0.0,0.0,0.0,2.0,13,5,11,11/07/2024,2024-11-07,13:30:00
11/07/2024 09:11:00 PM,5.0,2,5,5,7,1,3,3,1,1,3,UNABLE TO DETERMINE,2,1,0.0,0.0,0.0,0.0,0.0,3.0,21,5,11,11/07/2024,2024-11-07,21:11:00