crash_date,traffic_control_device,weather_condition,lighting_condition,first_crash_type,trafficway_type,alignment,roadway_surface_cond,road_defect,crash_type,intersection_related_i,damage,prim_contributory_cause,num_units,most_severe_injury,injuries_total,injuries_fatal,injuries_incapacitating,injuries_non_incapacitating,injuries_reported_not_evident,injuries_no_indication,crash_hour,crash_day_of_week,crash_month,parsed_datetime,date,time
11/07/2024 07:50:00 AM,3.0,2,1,4,6,1,3,3,0,0,3,UNABLE TO DETERMINE,2,1,0.0,0.0,0.0,0.0,0.0,3.0,7,5,11,11/07/2024,2024-11-07,07:50:00
11/07/2024 05:00:00 AM,7.0,2,4,5,6,1,3,3,1,1,3,DISREGARDING STOP SIGN,2,1,0.0,0.0,0.0,0.0,0.0,2.0,5,5,11,11/07/2024,2024-11-07,05:00:00
11/07/2024 11:30:00 AM,5.0,2,1,4,5,1,3,3,1,1,3,UNABLE TO DETERMINE,2,2,1.0,0.0,0.0,0.0,1.0,1.0,11,5,11,11/07/2024,2024-11-07,11:30:00
11/07/2024 04:30:00 PM,3.0,2,4,3,4,1,3,3,0,1,3,IMPROPER OVERTAKING/PASSING,2,1,0.0,0.0,0.0,0.0,0.0,3.0,16,5,11,11/07/2024,2024-11-07,16:30:00
11/07/2024 01:16:00 PM,7.0,2,1,6,6,1,3,3,0,1,3,UNABLE TO DETERMINE,2,1,0.0,0.0,0.0,0.0,0.0,2.0,13,5,11,11/07/2024,2024-11-07,13:16:00
11/07/2024 09:05:00 AM,5.0,2,1,6,5,1,3,3,0,1,3,UNABLE TO DETERMINE,2,1,0.0,0.0,0.0,0.0,0.0,2.0,9,5,11,11/07/2024,2024-11-07,09:05:00
11/07/2024 12:00:00 PM,1.0,2,1,11,17,1,1,1,0,1,3,EQUIPMENT - VEHICLE CONDITION,2,1,0.0,0.0,0.0,0.0,0.0,1.0,12,5,11,11/07/2024,2024-11-07,12:00:00
11/07/2024 06:25:00 PM,5.0,2,4,3,6,1,3,1,0,1,2,UNABLE TO DETERMINE,2,1,0.0,0.0,0.0,0.0,0.0,2.0,18,5,11,11/07/2024,2024-11-07,18:25:00
11/07/2024 05:00:00 PM,1.0,2,1,13,6,1,3,1,1,1,2,FAILING TO YIELD RIGHT-OF-WAY,2,3,1.0,0.0,0.0,1.0,0.0,1.0,17,5,11,11/07/2024,2024-11-07,17:00:00
11/07/2024 07:30:00 AM,7.0,2,2,5,6,1,3,3,0,1,2,DRIVING SKILLS/KNOWLEDGE/EXPERIENCE,2,1,0.0,0.0,0.0,0.0,0.0,2.0,7,5,11,11/07/2024,2024-11-07,07:30:00
11/07/2024 01:45:00 PM,7.0,2,1,8,6,1,3,3,0,1,1,UNABLE TO DETERMINE,2,1,0.0,0.0,0.0,0.0,0.0,2.0,13,5,11,11/07/2024,2024-11-07,13:45:00
11/07/2024 05:31:00 PM,7.0,2,5,5,6,1,3,3,1,1,3,FAILING TO YIELD RIGHT-OF-WAY,2,1,0.0,0.0,0.0,0.0,0.0,2.0,17,5,11,11/07/2024,2024-11-07,17:31:00
11/07/2024 04:40:00 PM,7.0,2,3,5,5,1,3,3,1,1,3,FAILING TO YIELD RIGHT-OF-WAY,2,3,1.0,0.0,0.0,1.0,0.0,1.0,16,5,11,11/07/2024,2024-11-07,16:40:00
11/07/2024 07:30:00 PM,5.0,2,5,3,6,1,3,3,1,1,3,UNABLE TO DETERMINE,2,3,1.0,0.0,0.0,1.0,0.0,1.0,19,5,11,11/07/2024,2024-11-07,19:30:00
11/07/2024 07:50:00 AM,7.0,2,1,6,6,1,3,3,0,1,3,FAILING TO YIELD RIGHT-OF-WAY,2,1,0.0,0.0,0.0,0.0,0.0,3.0,7,5,11,11/07/2024,2024-11-07,07:50:00
11/07/2024 04:26:00 PM,7.0,2,1,8,5,1,3,1,0,1,2,UNABLE TO DETERMINE,2,1,0.0,0.0,0.0,0.0,0.0,2.0,16,5,11,11/07/2024,2024-11-07,16:26:00
11/07/2024 07:10:00 AM,5.0,2,1,5,5,1,3,3,1,1,3,FAILING TO YIELD RIGHT-OF-WAY,2,1,0.0,0.0,0.0,0.0,0.0,2.0,7,5,11,11/07/2024,2024-11-07,07:10:00
11/07/2024 06:12:00 PM,7.0,2,3,5,6,1,3,3,1,1,3,FAILING TO YIELD RIGHT-OF-WAY,2,1,0.0,0.0,0.0,0.0,0.0,3.0,18,5,11,11/07/2024,2024-11-07,18:12:00
11/07/2024 05:24:00 PM,5.0,2,3,6,5,1,3,1,1,1,3,DISREGARDING OTHER TRAFFIC SIGNS,2,3,1.0,0.0,0.0,1.0,0.0,1.0,17,5,11,11/07/2024,2024-11-07,17:24:00
11/07/2024 06:30:00 PM,7.0,2,5,6,6,1,3,3,0,1,3,FAILING TO YIELD RIGHT-OF-WAY,2,1,0.0,0.0,0.0,0.0,0.0,2.0,18,5,11,11/07/2024,2024-11-07,18:30:00
11/07/2024 06:30:00 PM,5.0,2,4,6,7,1,3,3,0,1,3,DISREGARDING TRAFFIC SIGNALS,2,1,0.0,0.0,0.0,0.0,0.0,3.0,18,5,11,11/07/2024,2024-11-07,18:30:00
11/07/2024 07:15:00 AM,5.0,2,1,4,5,1,3,3,0,1,3,UNABLE TO DETERMINE,2,1,0.0,0.0,0.0,0.0,0.0,2.0,7,5,11,11/07/2024,2024-11-07,07:15:00
11/21/2024 05:40:00 AM,1.0,2,2,4,4,1,1,1,0,1,3,UNABLE TO DETERMINE,2,1,0.0,0.0,0.0,0.0,0.0,2.0,5,5,11,11/21/2024,2024-11-21,05:40:00
11/22/2024 12:00:00 PM,3.0,2,3,3,6,1,3,3,0,1,2,IMPROPER LANE USAGE,2,1,0.0,0.0,0.0,0.0,0.0,3.0,12,6,11,11/22/2024,2024-11-22,12:00:00
11/15/2024 11:00:00 AM,5.0,2,1,4,5,1,3,3,0,1,3,DRIVING SKILLS/KNOWLEDGE/EXPERIENCE,2,1,0.0,0.0,0.0,0.0,0.0,2.0,11,6,11,11/15/2024,2024-11-15,11:00:00
11/22/2024 08:25:00 PM,7.0,2,4,6,10,1,3,3,1,1,2,IMPROPER OVERTAKING/PASSING,2,2,1.0,0.0,0.0,0.0,1.0,3.0,20,6,11,11/22/2024,2024-11-22,20:25:00
11/19/2024 01:50:00 PM,5.0,2,1,6,5,1,3,3,0,1,3,IMPROPER LANE USAGE,2,1,0.0,0.0,0.0,0.0,0.0,2.0,13,3,11,11/19/2024,2024-11-19,13:50:00
11/22/2024 05:00:00 PM,1.0,3,4,3,5,1,1,1,0,1,3,UNABLE TO DETERMINE,2,1,0.0,0.0,0.0,0.0,0.0,2.0,17,6,11,11/22/2024,2024-11-22,17:00:00
11/23/2024 12:25:00 AM,5.0,3,4,14,5,1,1,1,1,1,2,FAILING TO YIELD RIGHT-OF-WAY,2,2,1.0,0.0,0.0,0.0,1.0,1.0,0,7,11,11/23/2024,2024-11-23,00:25:00
11/22/2024 06:07:00 PM,3.0,2,5,5,5,1,3,1,1,0,3,FAILING TO YIELD RIGHT-OF-WAY,2,1,0.0,0.0,0.0,0.0,0.0,2.0,18,6,11,11/22/2024,2024-11-22,18:07:00
11/22/2024 03:40:00 PM,5.0,2,1,6,5,1,3,3,0,1,3,IMPROPER OVERTAKING/PASSING,2,1,0.0,0.0,0.0,0.0,0.0,2.0,15,6,11,11/22/2024,2024-11-22,15:40:00
11/22/2024 12:24:00 PM,7.0,3,1,5,4,1,3,3,0,1,3,UNABLE TO DETERMINE,2,1,0.0,0.0,0.0,0.0,0.0,2.0,12,6,11,11/22/2024,2024-11-22,12:24:00
11/21/2024 09:30:00 AM,5.0,5,1,4,6,1,5,3,0,1,3,WEATHER,2,1,0.0,0.0,0.0,0.0,0.0,2.0,9,5,11,11/21/2024,2024-11-21,09:30:00
11/22/2024 07:01:00 PM,7.0,2,4,6,6,1,3,3,0,1,3,FAILING TO YIELD RIGHT-OF-WAY,2,1,0.0,0.0,0.0,0.0,0.0,2.0,19,6,11,11/22/2024,2024-11-22,19:01:00
11/22/2024 02:10:00 PM,5.0,2,1,6,14,1,3,3,0,1,3,UNABLE TO DETERMINE,2,1,0.0,0.0,0.0,0.0,0.0,2.0,14,6,11,11/22/2024,2024-11-22,14:10:00
11/21/2024 05:40:00 PM,5.0,2,3,4,5,1,1,1,0,1,3,FAILING TO YIELD RIGHT-OF-WAY,2,1,0.0,0.0,0.0,0.0,0.0,2.0,17,5,11,11/21/2024,2024-11-21,17:40:00
11/20/2024 05:00:00 PM,5.0,4,4,5,5,1,4,3,1,1,3,DISREGARDING TRAFFIC SIGNALS,2,1,0.0,0.0,0.0,0.0,0.0,2.0,17,4,11,11/20/2024,2024-11-20,17:00:00
11/15/2024 01:15:00 PM,1.0,2,1,3,5,1,1,1,0,1,3,UNABLE TO DETERMINE,2,1,0.0,0.0,0.0,0.0,0.0,2.0,13,6,11,11/15/2024,2024-11-15,13:15:00
11/14/2024 03:34:00 PM,5.0,3,1,6,6,1,3,3,0,1,2,DISREGARDING ROAD MARKINGS,2,1,0.0,0.0,0.0,0.0,0.0,2.0,15,5,11,11/14/2024,2024-11-14,15:34:00
11/20/2024 12:00:00 PM,1.0,2,1,4,6,1,1,1,0,1,1,NOT APPLICABLE,2,1,0.0,0.0,0.0,0.0,0.0,2.0,12,4,11,11/20/2024,2024-11-20,12:00:00
11/21/2024 12:55:00 PM,5.0,5,1,11,6,1,5,3,0,1,2,DRIVING SKILLS/KNOWLEDGE/EXPERIENCE,2,1,0.0,0.0,0.0,0.0,0.0,2.0,12,5,11,11/21/2024,2024-11-21,12:55:00
11/22/2024 09:40:00 AM,5.0,2,1,4,6,1,3,1,1,1,3,DRIVING SKILLS/KNOWLEDGE/EXPERIENCE,2,3,1.0,0.0,0.0,1.0,0.0,2.0,9,6,11,11/22/2024,2024-11-22,09:40:00
11/21/2024 08:27:00 PM,5.0,2,4,6,6,1,4,3,1,1,3,IMPROPER TURNING/NO SIGNAL,2,1,0.0,0.0,0.0,0.0,0.0,2.0,20,5,11,11/21/2024,2024-11-21,20:27:00
11/22/2024 06:00:00 PM,5.0,2,4,4,5,1,1,1,0,1,3,UNABLE TO DETERMINE,2,1,0.0,0.0,0.0,0.0,0.0,2.0,18,6,11,11/22/2024,2024-11-22,18:00:00
11/22/2024 07:45:00 AM,5.0,2,1,6,6,1,3,3,0,1,3,IMPROPER TURNING/NO SIGNAL,2,1,0.0,0.0,0.0,0.0,0.0,2.0,7,6,11,11/22/2024,2024-11-22,07:45:00
11/21/2024 09:40:00 AM,5.0,5,1,4,4,1,5,1,0,1,3,FOLLOWING TOO CLOSELY,2,1,0.0,0.0,0.0,0.0,0.0,2.0,9,5,11,11/21/2024,2024-11-21,09:40:00
11/22/2024 09:00:00 AM,5.0,2,1,6,14,1,3,1,1,1,3,UNABLE TO DETERMINE,2,3,1.0,0.0,0.0,1.0,0.0,1.0,9,6,11,11/22/2024,2024-11-22,09:00:00
11/22/2024 05:00:00 PM,7.0,2,4,6,15,1,3,3,0,1,3,IMPROPER TURNING/NO SIGNAL,2,1,0.0,0.0,0.0,0.0,0.0,2.0,17,6,11,11/22/2024,2024-11-22,17:00:00
11/22/2024 03:32:00 PM,7.0,2,2,6,6,1,3,3,1,0,2,FAILING TO YIELD RIGHT-OF-WAY,2,1,0.0,0.0,0.0,0.0,0.0,2.0,15,6,11,11/22/2024,2024-11-22,15:32:00
11/21/2024 10:30:00 AM,7.0,2,1,4,7,1,1,1,0,1,1,UNABLE TO DETERMINE,2,1,0.0,0.0,0.0,0.0,0.0,2.0,10,5,11,11/21/2024,2024-11-21,10:30:00
11/19/2024 05:00:00 PM,5.0,2,2,3,5,1,3,3,0,1,2,UNABLE TO DETERMINE,2,1,0.0,0.0,0.0,0.0,0.0,2.0,17,3,11,11/19/2024,2024-11-19,17:00:00
11/21/2024 09:13:00 PM,5.0,4,3,6,5,1,4,1,1,1,3,UNABLE TO DETERMINE,2,3,1.0,0.0,0.0,1.0,0.0,3.0,21,5,11,11/21/2024,2024-11-21,21:13:00
11/22/2024 03:30:00 PM,1.0,2,1,4,2,1,1,1,0,1,3,UNABLE TO DETERMINE,2,1,0.0,0.0,0.0,0.0,0.0,2.0,15,6,11,11/22/2024,2024-11-22,15:30:00
11/23/2024 12:05:00 AM,1.0,2,4,4,5,1,3,1,1,1,3,FAILING TO REDUCE SPEED TO AVOID CRASH,2,1,0.0,0.0,0.0,0.0,0.0,2.0,0,7,11,11/23/2024,2024-11-23,00:05:00
11/20/2024 09:14:00 PM,5.0,5,4,4,4,1,4,1,0,1,3,"OPERATING VEHICLE IN ERRATIC, RECKLESS, CARELESS, NEGLIGENT OR AGGRESSIVE MANNER",2,1,0.0,0.0,0.0,0.0,0.0,3.0,21,4,11,11/20/2024,2024-11-20,21:14:00
11/09/2024 07:40:00 AM,7.0,2,1,13,2,1,3,1,1,1,1,IMPROPER TURNING/NO SIGNAL,2,4,1.0,0.0,1.0,0.0,0.0,1.0,7,7,11,11/09/2024,2024-11-09,07:40:00
11/08/2024 11:44:00 AM,5.0,2,1,5,10,1,3,3,1,1,3,DRIVING ON WRONG SIDE/WRONG WAY,2,2,1.0,0.0,0.0,0.0,1.0,3.0,11,6,11,11/08/2024,2024-11-08,11:44:00
11/08/2024 12:54:00 PM,5.0,2,1,3,10,1,3,3,1,1,3,DISREGARDING ROAD MARKINGS,2,1,0.0,0.0,0.0,0.0,0.0,3.0,12,6,11,11/08/2024,2024-11-08,12:54:00
11/08/2024 07:30:00 AM,5.0,2,1,6,5,1,3,3,0,1,3,UNABLE TO DETERMINE,2,1,0.0,0.0,0.0,0.0,0.0,2.0,7,6,11,11/08/2024,2024-11-08,07:30:00
11/09/2024 09:34:00 PM,5.0,4,4,3,6,1,4,1,0,1,2,UNABLE TO DETERMINE,2,1,0.0,0.0,0.0,0.0,0.0,2.0,21,7,11,11/09/2024,2024-11-09,21:34:00
11/09/2024 10:00:00 PM,3.0,4,4,6,4,1,4,1,0,1,3,UNABLE TO DETERMINE,2,1,0.0,0.0,0.0,0.0,0.0,2.0,22,7,11,11/09/2024,2024-11-09,22:00:00
11/09/2024 07:28:00 PM,5.0,2,4,3,6,1,4,3,0,0,1,IMPROPER OVERTAKING/PASSING,2,1,0.0,0.0,0.0,0.0,0.0,4.0,19,7,11,11/09/2024,2024-11-09,19:28:00
11/09/2024 06:00:00 PM,5.0,2,5,6,4,1,4,3,0,1,3,IMPROPER LANE USAGE,2,1,0.0,0.0,0.0,0.0,0.0,3.0,18,7,11,11/09/2024,2024-11-09,18:00:00
11/09/2024 12:30:00 AM,5.0,2,4,6,5,1,3,3,0,1,3,UNABLE TO DETERMINE,2,1,0.0,0.0,0.0,0.0,0.0,6.0,0,7,11,11/09/2024,2024-11-09,00:30:00
11/09/2024 04:40:00 PM,5.0,4,5,6,4,1,4,1,1,1,3,FAILING TO YIELD RIGHT-OF-WAY,2,3,1.0,0.0,0.0,1.0,0.0,1.0,16,7,11,11/09/2024,2024-11-09,16:40:00
11/08/2024 08:57:00 AM,5.0,2,1,5,5,1,1,1,0,1,3,DISREGARDING TRAFFIC SIGNALS,2,1,0.0,0.0,0.0,0.0,0.0,2.0,8,6,11,11/08/2024,2024-11-08,08:57:00
11/09/2024 11:10:00 PM,5.0,4,4,6,4,1,4,3,1,1,3,IMPROPER TURNING/NO SIGNAL,2,1,0.0,0.0,0.0,0.0,0.0,3.0,23,7,11,11/09/2024,2024-11-09,23:10:00
11/09/2024 04:45:00 PM,3.0,2,3,7,6,1,3,3,0,1,2,IMPROPER LANE USAGE,2,1,0.0,0.0,0.0,0.0,0.0,2.0,16,7,11,11/09/2024,2024-11-09,16:45:00
11/08/2024 06:40:00 PM,5.0,2,4,13,5,1,3,3,1,1,3,FAILING TO YIELD RIGHT-OF-WAY,2,3,1.0,0.0,0.0,1.0,0.0,1.0,18,6,11,11/08/2024,2024-11-08,18:40:00
11/08/2024 05:50:00 PM,5.0,2,4,3,6,1,3,3,0,1,3,UNABLE TO DETERMINE,2,1,0.0,0.0,0.0,0.0,0.0,2.0,17,6,11,11/08/2024,2024-11-08,17:50:00
11/08/2024 08:24:00 AM,5.0,2,1,10,6,1,3,1,1,1,3,DRIVING ON WRONG SIDE/WRONG WAY,2,1,0.0,0.0,0.0,0.0,0.0,2.0,8,6,11,11/08/2024,2024-11-08,08:24:00
11/08/2024 07:50:00 AM,5.0,2,1,6,6,1,3,3,0,1,1,IMPROPER OVERTAKING/PASSING,2,1,0.0,0.0,0.0,0.0,0.0,2.0,7,6,11,11/08/2024,2024-11-08,07:50:00
11/09/2024 03:40:00 PM,5.0,2,1,6,6,1,4,3,1,1,3,FAILING TO YIELD RIGHT-OF-WAY,2,1,0.0,0.0,0.0,0.0,0.0,2.0,15,7,11,11/09/2024,2024-11-09,15:40:00
11/09/2024 03:16:00 PM,5.0,4,1,6,5,1,4,3,0,1,1,FOLLOWING TOO CLOSELY,2,1,0.0,0.0,0.0,0.0,0.0,5.0,15,7,11,11/09/2024,2024-11-09,15:16:00
11/09/2024 12:35:00 PM,3.0,2,1,6,5,1,3,3,0,1,2,FAILING TO YIELD RIGHT-OF-WAY,2,1,0.0,0.0,0.0,0.0,0.0,3.0,12,7,11,11/09/2024,2024-11-09,12:35:00
11/08/2024 04:58:00 PM,5.0,2,5,13,5,1,3,3,1,1,3,FAILING TO YIELD RIGHT-OF-WAY,2,3,1.0,0.0,0.0,1.0,0.0,1.0,16,6,11,11/08/2024,2024-11-08,16:58:00
11/09/2024 10:40:00 AM,7.0,2,1,14,5,1,3,3,1,1,2,UNABLE TO DETERMINE,2,2,1.0,0.0,0.0,0.0,1.0,1.0,10,7,11,11/09/2024,2024-11-09,10:40:00
11/09/2024 01:29:00 PM,3.0,3,1,6,6,4,3,3,1,1,3,FAILING TO YIELD RIGHT-OF-WAY,2,3,1.0,0.0,0.0,1.0,0.0,1.0,13,7,11,11/09/2024,2024-11-09,13:29:00
11/08/2024 04:10:00 PM,7.0,2,1,6,6,1,3,3,1,1,2,DRIVING ON WRONG SIDE/WRONG WAY,2,2,2.0,0.0,0.0,0.0,2.0,2.0,16,6,11,11/08/2024,2024-11-08,16:10:00
11/08/2024 07:50:00 AM,7.0,2,1,10,6,1,3,3,0,1,3,UNABLE TO DETERMINE,2,1,0.0,0.0,0.0,0.0,0.0,2.0,7,6,11,11/08/2024,2024-11-08,07:50:00
11/08/2024 07:30:00 PM,3.0,2,4,6,4,1,3,3,0,0,3,FOLLOWING TOO CLOSELY,2,1,0.0,0.0,0.0,0.0,0.0,2.0,19,6,11,11/08/2024,2024-11-08,19:30:00
11/09/2024 06:55:00 PM,3.0,4,4,6,6,1,4,3,0,1,3,FAILING TO YIELD RIGHT-OF-WAY,2,1,0.0,0.0,0.0,0.0,0.0,2.0,18,7,11,11/09/2024,2024-11-09,18:55:00
11/09/2024 04:00:00 PM,7.0,4,1,4,4,1,4,3,0,1,2,UNABLE TO DETERMINE,2,1,0.0,0.0,0.0,0.0,0.0,2.0,16,7,11,11/09/2024,2024-11-09,16:00:00
11/08/2024 12:00:00 PM,3.0,2,1,6,6,1,1,1,1,1,3,FAILING TO YIELD RIGHT-OF-WAY,2,3,2.0,0.0,0.0,2.0,0.0,1.0,12,6,11,11/08/2024,2024-11-08,12:00:00
11/08/2024 10:54:00 AM,5.0,2,1,3,6,1,3,3,0,1,3,IMPROPER OVERTAKING/PASSING,2,1,0.0,0.0,0.0,0.0,0.0,2.0,10,6,11,11/08/2024,2024-11-08,10:54:00
11/09/2024 07:00:00 PM,5.0,2,5,4,6,1,1,1,0,1,2,UNABLE TO DETERMINE,2,1,0.0,0.0,0.0,0.0,0.0,2.0,19,7,11,11/09/2024,2024-11-09,19:00:00
11/09/2024 06:25:00 PM,7.0,2,1,6,6,1,4,1,1,1,2,UNABLE TO DETERMINE,2,1,0.0,0.0,0.0,0.0,0.0,2.0,18,7,11,11/09/2024,2024-11-09,18:25:00
11/09/2024 07:35:00 PM,7.0,2,4,5,5,1,4,3,1,1,3,FAILING TO REDUCE SPEED TO AVOID CRASH,2,1,0.0,0.0,0.0,0.0,0.0,4.0,19,7,11,11/09/2024,2024-11-09,19:35:00
11/08/2024 12:05:00 PM,3.0,2,1,6,6,1,3,3,0,1,2,FAILING TO YIELD RIGHT-OF-WAY,2,1,0.0,0.0,0.0,0.0,0.0,3.0,12,6,11,11/08/2024,2024-11-08,12:05:00
11/08/2024 03:49:00 PM,5.0,2,1,6,6,1,3,1,1,1,1,UNABLE TO DETERMINE,2,1,0.0,0.0,0.0,0.0,0.0,3.0,15,6,11,11/08/2024,2024-11-08,15:49:00
11/09/2024 10:57:00 PM,5.0,4,4,6,6,1,4,3,0,1,3,UNABLE TO DETERMINE,2,1,0.0,0.0,0.0,0.0,0.0,2.0,22,7,11,11/09/2024,2024-11-09,22:57:00
11/08/2024 03:56:00 PM,2.0,2,1,5,5,1,3,3,1,1,3,FAILING TO YIELD RIGHT-OF-WAY,2,2,1.0,0.0,0.0,0.0,1.0,5.0,15,6,11,11/08/2024,2024-11-08,15:56:00
11/09/2024 03:36:00 PM,5.0,4,4,6,5,1,4,3,1,1,3,FAILING TO YIELD RIGHT-OF-WAY,2,2,1.0,0.0,0.0,0.0,1.0,3.0,15,7,11,11/09/2024,2024-11-09,15:36:00
11/08/2024 03:03:00 PM,7.0,2,1,5,5,1,3,3,0,1,3,IMPROPER BACKING,2,1,0.0,0.0,0.0,0.0,0.0,2.0,15,6,11,11/08/2024,2024-11-08,15:03:00
11/08/2024 02:40:00 PM,7.0,2,1,5,5,1,3,3,0,1,3,UNABLE TO DETERMINE,2,1,0.0,0.0,0.0,0.0,0.0,2.0,14,6,11,11/08/2024,2024-11-08,14:40:00
11/08/2024 08:30:00 PM,5.0,2,4,6,5,1,3,3,1,1,3,FAILING TO YIELD RIGHT-OF-WAY,2,1,0.0,0.0,0.0,0.0,0.0,3.0,20,6,11,11/08/2024,2024-11-08,20:30:00
11/08/2024 10:00:00 PM,5.0,2,4,5,5,1,3,3,0,1,3,UNABLE TO DETERMINE,2,1,0.0,0.0,0.0,0.0,0.0,3.0,22,6,11,11/08/2024,2024-11-08,22:00:00
11/08/2024 06:13:00 PM,5.0,2,4,6,5,1,3,3,0,1,1,UNABLE TO DETERMINE,2,1,0.0,0.0,0.0,0.0,0.0,2.0,18,6,11,11/08/2024,2024-11-08,18:13:00
11/09/2024 07:24:00 PM,7.0,4,4,5,5,1,2,3,1,1,3,FAILING TO YIELD RIGHT-OF-WAY,2,1,0.0,0.0,0.0,0.0,0.0,3.0,19,7,11,11/09/2024,2024-11-09,19:24:00
11/09/2024 12:59:00 AM,5.0,2,5,5,5,1,3,3,1,1,3,DISREGARDING TRAFFIC SIGNALS,2,1,0.0,0.0,0.0,0.0,0.0,5.0,0,7,11,11/09/2024,2024-11-09,00:59:00
11/08/2024 01:15:00 PM,5.0,2,1,3,4,1,3,3,0,1,1,DRIVING SKILLS/KNOWLEDGE/EXPERIENCE,2,1,0.0,0.0,0.0,0.0,0.0,2.0,13,6,11,11/08/2024,2024-11-08,13:15:00
11/08/2024 03:00:00 AM,5.0,2,4,5,5,1,3,3,1,1,3,DISREGARDING TRAFFIC SIGNALS,2,3,1.0,0.0,0.0,1.0,0.0,4.0,3,6,11,11/08/2024,2024-11-08,03:00:00
11/09/2024 12:15:00 AM,7.0,2,4,5,11,1,3,3,1,1,3,UNABLE TO DETERMINE,2,1,0.0,0.0,0.0,0.0,0.0,2.0,0,7,11,11/09/2024,2024-11-09,00:15:00
11/08/2024 11:35:00 PM,5.0,2,5,4,5,1,1,1,0,1,3,UNABLE TO DETERMINE,2,1,0.0,0.0,0.0,0.0,0.0,2.0,23,6,11,11/08/2024,2024-11-08,23:35:00
11/08/2024 08:48:00 AM,5.0,2,1,13,6,1,3,3,1,1,3,NOT APPLICABLE,2,3,1.0,0.0,0.0,1.0,0.0,1.0,8,6,11,11/08/2024,2024-11-08,08:48:00
11/08/2024 01:00:00 PM,5.0,2,1,3,4,1,1,1,0,1,2,IMPROPER LANE USAGE,2,1,0.0,0.0,0.0,0.0,0.0,2.0,13,6,11,11/08/2024,2024-11-08,13:00:00
11/08/2024 05:00:00 PM,7.0,2,4,4,4,1,3,3,1,1,3,FOLLOWING TOO CLOSELY,2,2,1.0,0.0,0.0,0.0,1.0,1.0,17,6,11,11/08/2024,2024-11-08,17:00:00
11/09/2024 10:05:00 AM,5.0,3,1,5,6,1,3,1,0,1,2,UNABLE TO DETERMINE,2,1,0.0,0.0,0.0,0.0,0.0,4.0,10,7,11,11/09/2024,2024-11-09,10:05:00
11/08/2024 08:21:00 AM,5.0,2,1,13,5,1,3,3,1,1,1,"VISION OBSCURED (SIGNS, TREE LIMBS, BUILDINGS, ETC.)",2,4,1.0,0.0,1.0,0.0,0.0,1.0,8,6,11,11/08/2024,2024-11-08,08:21:00
11/08/2024 11:27:00 AM,3.0,2,1,5,5,1,3,3,1,1,3,FAILING TO YIELD RIGHT-OF-WAY,2,1,0.0,0.0,0.0,0.0,0.0,2.0,11,6,11,11/08/2024,2024-11-08,11:27:00
11/09/2024 12:30:00 PM,3.0,2,1,11,7,1,4,3,0,1,3,UNABLE TO DETERMINE,2,1,0.0,0.0,0.0,0.0,0.0,1.0,12,7,11,11/09/2024,2024-11-09,12:30:00
11/08/2024 04:34:00 PM,7.0,2,4,6,5,1,3,3,0,1,2,FAILING TO YIELD RIGHT-OF-WAY,2,1,0.0,0.0,0.0,0.0,0.0,4.0,16,6,11,11/08/2024,2024-11-08,16:34:00
11/09/2024 09:20:00 PM,5.0,2,4,6,5,1,1,1,0,1,3,UNABLE TO DETERMINE,2,1,0.0,0.0,0.0,0.0,0.0,3.0,21,7,11,11/09/2024,2024-11-09,21:20:00
11/08/2024 09:01:00 AM,5.0,2,1,5,4,1,3,3,1,1,3,DISREGARDING TRAFFIC SIGNALS,2,1,0.0,0.0,0.0,0.0,0.0,2.0,9,6,11,11/08/2024,2024-11-08,09:01:00
11/08/2024 07:55:00 AM,3.0,2,1,6,7,1,3,3,0,1,1,FAILING TO YIELD RIGHT-OF-WAY,2,1,0.0,0.0,0.0,0.0,0.0,2.0,7,6,11,11/08/2024,2024-11-08,07:55:00
11/09/2024 09:50:00 PM,5.0,4,4,6,4,1,4,3,1,1,3,FAILING TO YIELD RIGHT-OF-WAY,2,4,2.0,0.0,1.0,0.0,1.0,2.0,21,7,11,11/09/2024,2024-11-09,21:50:00
11/09/2024 11:38:00 PM,5.0,4,4,13,5,1,4,3,1,1,1,FAILING TO REDUCE SPEED TO AVOID CRASH,2,3,1.0,0.0,0.0,1.0,0.0,1.0,23,7,11,11/09/2024,2024-11-09,23:38:00
11/08/2024 08:47:00 AM,2.0,2,1,4,5,1,3,3,0,1,3,FOLLOWING TOO CLOSELY,2,1,0.0,0.0,0.0,0.0,0.0,2.0,8,6,11,11/08/2024,2024-11-08,08:47:00
11/09/2024 02:32:00 PM,7.0,4,5,4,5,1,4,1,0,1,3,UNABLE TO DETERMINE,2,1,0.0,0.0,0.0,0.0,0.0,2.0,14,7,11,11/09/2024,2024-11-09,14:32:00
11/09/2024 04:07:00 PM,5.0,4,3,4,6,1,4,3,0,1,3,FOLLOWING TOO CLOSELY,2,1,0.0,0.0,0.0,0.0,0.0,4.0,16,7,11,11/09/2024,2024-11-09,16:07:00
11/08/2024 06:45:00 AM,5.0,2,1,3,6,1,1,1,0,1,2,UNABLE TO DETERMINE,2,1,0.0,0.0,0.0,0.0,0.0,2.0,6,6,11,11/08/2024,2024-11-08,06:45:00