crash_date,traffic_control_device,weather_condition,lighting_condition,first_crash_type,trafficway_type,alignment,roadway_surface_cond,road_defect,crash_type,intersection_related_i,damage,prim_contributory_cause,num_units,most_severe_injury,injuries_total,injuries_fatal,injuries_incapacitating,injuries_non_incapacitating,injuries_reported_not_evident,injuries_no_indication,crash_hour,crash_day_of_week,crash_month,parsed_datetime,date,time
11/09/2024 03:00:00 AM,5.0,2,4,6,12,1,3,3,1,1,3,UNABLE TO DETERMINE,2,3,1.0,0.0,0.0,1.0,0.0,3.0,3,7,11,11/09/2024,2024-11-09,03:00:00
11/08/2024 06:25:00 PM,5.0,2,4,3,3,1,3,3,0,1,3,UNABLE TO DETERMINE,2,1,0.0,0.0,0.0,0.0,0.0,2.0,18,6,11,11/08/2024,2024-11-08,18:25:00
11/09/2024 10:45:00 AM,5.0,2,1,4,5,1,3,3,1,1,3,FAILING TO REDUCE SPEED TO AVOID CRASH,2,1,0.0,0.0,0.0,0.0,0.0,2.0,10,7,11,11/09/2024,2024-11-09,10:45:00
11/09/2024 03:09:00 AM,5.0,2,4,4,5,1,3,3,1,1,3,FOLLOWING TOO CLOSELY,2,1,0.0,0.0,0.0,0.0,0.0,3.0,3,7,11,11/09/2024,2024-11-09,03:09:00
11/09/2024 12:16:00 PM,5.0,2,1,3,4,1,3,3,1,1,3,UNABLE TO DETERMINE,2,2,1.0,0.0,0.0,0.0,1.0,2.0,12,7,11,11/09/2024,2024-11-09,12:16:00
11/09/2024 07:27:00 PM,5.0,2,1,5,5,1,1,1,0,1,3,UNABLE TO DETERMINE,2,1,0.0,0.0,0.0,0.0,0.0,2.0,19,7,11,11/09/2024,2024-11-09,19:27:00
11/08/2024 09:05:00 AM,7.0,2,1,2,5,1,3,3,0,1,1,FAILING TO YIELD RIGHT-OF-WAY,2,1,0.0,0.0,0.0,0.0,0.0,2.0,9,6,11,11/08/2024,2024-11-08,09:05:00
11/09/2024 06:50:00 PM,5.0,7,5,13,6,1,4,3,0,0,1,NOT APPLICABLE,2,1,0.0,0.0,0.0,0.0,0.0,2.0,18,7,11,11/09/2024,2024-11-09,18:50:00
11/09/2024 11:00:00 PM,7.0,4,4,5,6,1,4,3,0,1,3,UNABLE TO DETERMINE,2,1,0.0,0.0,0.0,0.0,0.0,2.0,23,7,11,11/09/2024,2024-11-09,23:00:00
11/08/2024 06:35:00 PM,5.0,2,4,4,9,1,3,3,1,1,2,FOLLOWING TOO CLOSELY,2,2,1.0,0.0,0.0,0.0,1.0,4.0,18,6,11,11/08/2024,2024-11-08,18:35:00
11/08/2024 08:05:00 AM,5.0,2,1,5,5,1,3,3,1,1,3,FAILING TO YIELD RIGHT-OF-WAY,2,2,2.0,0.0,0.0,0.0,2.0,0.0,8,6,11,11/08/2024,2024-11-08,08:05:00
11/09/2024 04:58:00 PM,5.0,4,4,5,5,1,4,3,1,1,3,DISREGARDING TRAFFIC SIGNALS,2,1,0.0,0.0,0.0,0.0,0.0,3.0,16,7,11,11/09/2024,2024-11-09,16:58:00
11/09/2024 10:58:00 PM,3.0,4,4,13,6,1,4,1,1,1,1,WEATHER,2,2,1.0,0.0,0.0,0.0,1.0,1.0,22,7,11,11/09/2024,2024-11-09,22:58:00
11/09/2024 10:00:00 PM,5.0,4,4,13,5,1,4,3,1,1,3,UNABLE TO DETERMINE,2,3,1.0,0.0,0.0,1.0,0.0,1.0,22,7,11,11/09/2024,2024-11-09,22:00:00
11/08/2024 12:40:00 PM,5.0,2,1,4,4,1,3,3,1,1,3,FAILING TO YIELD RIGHT-OF-WAY,2,2,1.0,0.0,0.0,0.0,1.0,2.0,12,6,11,11/08/2024,2024-11-08,12:40:00
11/08/2024 10:10:00 AM,7.0,2,1,5,17,1,3,3,0,1,1,DRIVING SKILLS/KNOWLEDGE/EXPERIENCE,2,1,0.0,0.0,0.0,0.0,0.0,2.0,10,6,11,11/08/2024,2024-11-08,10:10:00
11/09/2024 06:10:00 PM,5.0,4,4,4,6,1,4,3,0,1,3,FOLLOWING TOO CLOSELY,2,1,0.0,0.0,0.0,0.0,0.0,2.0,18,7,11,11/09/2024,2024-11-09,18:10:00
11/09/2024 10:34:00 PM,5.0,4,4,6,6,1,4,3,1,1,3,FAILING TO YIELD RIGHT-OF-WAY,2,1,0.0,0.0,0.0,0.0,0.0,3.0,22,7,11,11/09/2024,2024-11-09,22:34:00
11/08/2024 09:00:00 AM,5.0,2,1,4,6,1,3,3,0,1,3,UNABLE TO DETERMINE,2,1,0.0,0.0,0.0,0.0,0.0,2.0,9,6,11,11/08/2024,2024-11-08,09:00:00
11/08/2024 02:50:00 PM,5.0,2,1,4,6,1,3,3,0,1,3,FOLLOWING TOO CLOSELY,2,1,0.0,0.0,0.0,0.0,0.0,2.0,14,6,11,11/08/2024,2024-11-08,14:50:00
11/08/2024 09:39:00 PM,3.0,2,4,6,7,1,3,3,1,1,3,IMPROPER TURNING/NO SIGNAL,2,2,1.0,0.0,0.0,0.0,1.0,1.0,21,6,11,11/08/2024,2024-11-08,21:39:00
11/08/2024 08:30:00 AM,5.0,2,1,3,5,1,3,1,0,1,3,IMPROPER LANE USAGE,2,1,0.0,0.0,0.0,0.0,0.0,2.0,8,6,11,11/08/2024,2024-11-08,08:30:00
11/09/2024 03:25:00 PM,5.0,4,1,6,6,1,4,3,0,1,1,UNABLE TO DETERMINE,2,1,0.0,0.0,0.0,0.0,0.0,2.0,15,7,11,11/09/2024,2024-11-09,15:25:00
11/08/2024 09:04:00 PM,5.0,2,4,6,5,1,3,3,0,1,3,TURNING RIGHT ON RED,2,1,0.0,0.0,0.0,0.0,0.0,3.0,21,6,11,11/08/2024,2024-11-08,21:04:00
11/09/2024 11:45:00 PM,5.0,4,4,5,3,1,4,3,1,1,3,"VISION OBSCURED (SIGNS, TREE LIMBS, BUILDINGS, ETC.)",2,1,0.0,0.0,0.0,0.0,0.0,6.0,23,7,11,11/09/2024,2024-11-09,23:45:00
11/08/2024 06:50:00 PM,5.0,2,4,4,7,1,3,3,0,1,1,UNABLE TO DETERMINE,2,1,0.0,0.0,0.0,0.0,0.0,2.0,18,6,11,11/08/2024,2024-11-08,18:50:00
11/09/2024 05:54:00 PM,7.0,2,2,5,6,1,3,3,1,1,3,UNABLE TO DETERMINE,2,1,0.0,0.0,0.0,0.0,0.0,3.0,17,7,11,11/09/2024,2024-11-09,17:54:00
11/08/2024 02:30:00 PM,7.0,2,1,6,5,1,3,3,0,1,3,FAILING TO YIELD RIGHT-OF-WAY,2,1,0.0,0.0,0.0,0.0,0.0,2.0,14,6,11,11/08/2024,2024-11-08,14:30:00
11/08/2024 03:35:00 PM,5.0,2,1,4,5,1,3,2,1,1,3,FOLLOWING TOO CLOSELY,2,1,0.0,0.0,0.0,0.0,0.0,2.0,15,6,11,11/08/2024,2024-11-08,15:35:00
11/08/2024 03:50:00 PM,5.0,2,1,6,6,1,3,3,0,1,3,UNABLE TO DETERMINE,2,1,0.0,0.0,0.0,0.0,0.0,2.0,15,6,11,11/08/2024,2024-11-08,15:50:00
11/08/2024 05:15:00 AM,5.0,2,4,6,6,1,3,3,0,1,3,FAILING TO YIELD RIGHT-OF-WAY,2,1,0.0,0.0,0.0,0.0,0.0,2.0,5,6,11,11/08/2024,2024-11-08,05:15:00
11/09/2024 01:50:00 AM,5.0,2,4,3,4,1,3,3,0,1,3,IMPROPER OVERTAKING/PASSING,2,1,0.0,0.0,0.0,0.0,0.0,2.0,1,7,11,11/09/2024,2024-11-09,01:50:00
11/08/2024 01:50:00 PM,5.0,2,1,6,5,1,3,3,1,1,3,FAILING TO YIELD RIGHT-OF-WAY,2,4,1.0,0.0,1.0,0.0,0.0,1.0,13,6,11,11/08/2024,2024-11-08,13:50:00
11/08/2024 11:15:00 AM,1.0,2,1,3,4,1,1,1,0,1,3,IMPROPER TURNING/NO SIGNAL,2,1,0.0,0.0,0.0,0.0,0.0,3.0,11,6,11,11/08/2024,2024-11-08,11:15:00
11/26/2024 01:31:00 AM,1.0,2,4,5,1,1,1,1,1,1,2,"OPERATING VEHICLE IN ERRATIC, RECKLESS, CARELESS, NEGLIGENT OR AGGRESSIVE MANNER",2,1,0.0,0.0,0.0,0.0,0.0,2.0,1,3,11,11/26/2024,2024-11-26,01:31:00
11/25/2024 02:15:00 AM,7.0,2,4,5,5,1,3,3,1,1,3,FAILING TO YIELD RIGHT-OF-WAY,2,2,2.0,0.0,0.0,0.0,2.0,3.0,2,2,11,11/25/2024,2024-11-25,02:15:00
11/21/2024 08:00:00 AM,1.0,5,1,3,5,1,3,3,0,1,3,UNABLE TO DETERMINE,2,1,0.0,0.0,0.0,0.0,0.0,2.0,8,5,11,11/21/2024,2024-11-21,08:00:00
11/24/2024 02:58:00 PM,7.0,2,1,4,6,1,3,1,1,1,2,FOLLOWING TOO CLOSELY,2,3,1.0,0.0,0.0,1.0,0.0,1.0,14,1,11,11/24/2024,2024-11-24,14:58:00
11/24/2024 01:10:00 PM,1.0,2,1,4,5,1,1,1,0,1,3,UNABLE TO DETERMINE,2,1,0.0,0.0,0.0,0.0,0.0,3.0,13,1,11,11/24/2024,2024-11-24,13:10:00
11/24/2024 02:55:00 PM,3.0,2,1,6,6,1,3,3,0,1,3,FOLLOWING TOO CLOSELY,2,1,0.0,0.0,0.0,0.0,0.0,3.0,14,1,11,11/24/2024,2024-11-24,14:55:00
11/24/2024 04:51:00 AM,5.0,2,4,3,1,1,3,1,0,1,3,FAILING TO REDUCE SPEED TO AVOID CRASH,2,1,0.0,0.0,0.0,0.0,0.0,2.0,4,1,11,11/24/2024,2024-11-24,04:51:00
11/22/2024 03:53:00 PM,7.0,2,1,12,3,1,4,3,1,1,3,UNABLE TO DETERMINE,2,1,0.0,0.0,0.0,0.0,0.0,2.0,15,6,11,11/22/2024,2024-11-22,15:53:00
11/23/2024 05:09:00 PM,3.0,2,2,6,6,1,3,3,1,1,3,NOT APPLICABLE,2,2,1.0,0.0,0.0,0.0,1.0,3.0,17,7,11,11/23/2024,2024-11-23,17:09:00
11/24/2024 12:02:00 AM,5.0,2,4,6,9,1,3,3,1,1,3,FAILING TO REDUCE SPEED TO AVOID CRASH,2,3,1.0,0.0,0.0,1.0,0.0,4.0,0,1,11,11/24/2024,2024-11-24,00:02:00
11/24/2024 05:04:00 PM,1.0,2,1,5,5,1,1,1,0,1,3,DISREGARDING TRAFFIC SIGNALS,2,1,0.0,0.0,0.0,0.0,0.0,2.0,17,1,11,11/24/2024,2024-11-24,17:04:00
11/24/2024 10:55:00 AM,7.0,2,1,5,6,1,3,1,1,1,3,DISREGARDING STOP SIGN,2,1,0.0,0.0,0.0,0.0,0.0,2.0,10,1,11,11/24/2024,2024-11-24,10:55:00
11/20/2024 02:28:00 PM,7.0,2,1,11,7,1,3,3,0,1,2,IMPROPER TURNING/NO SIGNAL,2,1,0.0,0.0,0.0,0.0,0.0,1.0,14,4,11,11/20/2024,2024-11-20,14:28:00
11/22/2024 08:05:00 PM,5.0,2,4,6,1,1,3,3,0,1,3,UNABLE TO DETERMINE,2,1,0.0,0.0,0.0,0.0,0.0,2.0,20,6,11,11/22/2024,2024-11-22,20:05:00
11/24/2024 01:50:00 PM,5.0,2,1,5,4,1,3,3,0,0,3,FAILING TO YIELD RIGHT-OF-WAY,2,1,0.0,0.0,0.0,0.0,0.0,2.0,13,1,11,11/24/2024,2024-11-24,13:50:00
11/09/2024 12:40:00 PM,3.0,2,1,5,2,1,1,1,0,0,3,IMPROPER OVERTAKING/PASSING,2,1,0.0,0.0,0.0,0.0,0.0,5.0,12,7,11,11/09/2024,2024-11-09,12:40:00
11/21/2024 10:30:00 AM,5.0,5,1,6,6,1,5,3,0,1,2,UNABLE TO DETERMINE,2,1,0.0,0.0,0.0,0.0,0.0,2.0,10,5,11,11/21/2024,2024-11-21,10:30:00
11/22/2024 08:05:00 PM,5.0,2,3,5,5,1,3,3,0,1,2,DISREGARDING TRAFFIC SIGNALS,2,1,0.0,0.0,0.0,0.0,0.0,5.0,20,6,11,11/22/2024,2024-11-22,20:05:00
11/23/2024 06:00:00 PM,1.0,2,4,4,4,1,1,1,0,1,3,FOLLOWING TOO CLOSELY,2,1,0.0,0.0,0.0,0.0,0.0,2.0,18,7,11,11/23/2024,2024-11-23,18:00:00
11/24/2024 02:28:00 PM,5.0,2,1,3,5,1,3,3,0,1,3,UNABLE TO DETERMINE,2,1,0.0,0.0,0.0,0.0,0.0,2.0,14,1,11,11/24/2024,2024-11-24,14:28:00
11/24/2024 10:17:00 AM,3.0,2,1,14,5,1,3,3,1,1,3,FAILING TO YIELD RIGHT-OF-WAY,2,3,1.0,0.0,0.0,1.0,0.0,1.0,10,1,11,11/24/2024,2024-11-24,10:17:00
11/24/2024 01:45:00 PM,5.0,2,1,4,5,1,3,3,0,1,3,FAILING TO REDUCE SPEED TO AVOID CRASH,2,1,0.0,0.0,0.0,0.0,0.0,2.0,13,1,11,11/24/2024,2024-11-24,13:45:00
11/23/2024 03:00:00 PM,1.0,3,1,4,5,1,1,1,0,1,3,UNABLE TO DETERMINE,2,1,0.0,0.0,0.0,0.0,0.0,2.0,15,7,11,11/23/2024,2024-11-23,15:00:00
11/22/2024 03:37:00 PM,3.0,2,1,4,6,1,3,3,1,0,2,UNABLE TO DETERMINE,2,3,1.0,0.0,0.0,1.0,0.0,1.0,15,6,11,11/22/2024,2024-11-22,15:37:00
11/24/2024 02:00:00 PM,7.0,3,1,5,7,1,3,3,0,1,3,UNABLE TO DETERMINE,2,1,0.0,0.0,0.0,0.0,0.0,2.0,14,1,11,11/24/2024,2024-11-24,14:00:00
11/24/2024 05:28:00 PM,7.0,2,1,4,1,1,1,1,0,1,3,UNABLE TO DETERMINE,2,1,0.0,0.0,0.0,0.0,0.0,2.0,17,1,11,11/24/2024,2024-11-24,17:28:00
11/21/2024 10:20:00 AM,5.0,5,1,4,6,1,5,3,0,1,3,FOLLOWING TOO CLOSELY,2,1,0.0,0.0,0.0,0.0,0.0,2.0,10,5,11,11/21/2024,2024-11-21,10:20:00
11/22/2024 07:30:00 PM,5.0,2,4,5,2,1,1,1,0,0,3,UNABLE TO DETERMINE,2,1,0.0,0.0,0.0,0.0,0.0,2.0,19,6,11,11/22/2024,2024-11-22,19:30:00
11/23/2024 09:40:00 PM,5.0,2,4,5,5,1,3,3,1,1,3,DISREGARDING TRAFFIC SIGNALS,2,1,0.0,0.0,0.0,0.0,0.0,2.0,21,7,11,11/23/2024,2024-11-23,21:40:00
11/24/2024 01:50:00 PM,5.0,2,1,13,6,1,3,3,1,1,1,FAILING TO YIELD RIGHT-OF-WAY,2,3,1.0,0.0,0.0,1.0,0.0,1.0,13,1,11,11/24/2024,2024-11-24,13:50:00
11/24/2024 02:54:00 AM,5.0,2,4,6,6,1,3,3,0,1,3,IMPROPER TURNING/NO SIGNAL,2,1,0.0,0.0,0.0,0.0,0.0,2.0,2,1,11,11/24/2024,2024-11-24,02:54:00
11/24/2024 03:30:00 PM,7.0,2,1,5,7,1,3,3,0,1,3,FAILING TO YIELD RIGHT-OF-WAY,2,1,0.0,0.0,0.0,0.0,0.0,2.0,15,1,11,11/24/2024,2024-11-24,15:30:00
11/20/2024 05:45:00 PM,5.0,4,5,3,4,1,1,1,0,1,3,UNABLE TO DETERMINE,2,1,0.0,0.0,0.0,0.0,0.0,2.0,17,4,11,11/20/2024,2024-11-20,17:45:00
11/23/2024 01:06:00 PM,5.0,2,1,5,5,1,3,3,1,1,3,FAILING TO REDUCE SPEED TO AVOID CRASH,2,2,1.0,0.0,0.0,0.0,1.0,1.0,13,7,11,11/23/2024,2024-11-23,13:06:00
11/24/2024 01:45:00 PM,5.0,2,1,4,4,1,3,3,0,1,3,UNABLE TO DETERMINE,2,1,0.0,0.0,0.0,0.0,0.0,2.0,13,1,11,11/24/2024,2024-11-24,13:45:00
11/22/2024 09:00:00 PM,5.0,2,4,4,4,1,3,3,0,1,3,UNABLE TO DETERMINE,2,1,0.0,0.0,0.0,0.0,0.0,3.0,21,6,11,11/22/2024,2024-11-22,21:00:00
11/22/2024 05:30:00 PM,1.0,2,1,3,6,1,1,1,0,1,3,IMPROPER LANE USAGE,2,1,0.0,0.0,0.0,0.0,0.0,2.0,17,6,11,11/22/2024,2024-11-22,17:30:00
11/23/2024 09:40:00 AM,5.0,4,1,4,4,1,3,3,0,1,3,FOLLOWING TOO CLOSELY,2,1,0.0,0.0,0.0,0.0,0.0,3.0,9,7,11,11/23/2024,2024-11-23,09:40:00
11/21/2024 12:20:00 PM,5.0,5,4,4,6,1,5,3,0,1,2,WEATHER,2,1,0.0,0.0,0.0,0.0,0.0,2.0,12,5,11,11/21/2024,2024-11-21,12:20:00
11/24/2024 12:48:00 AM,1.0,2,4,6,5,1,3,3,0,1,3,UNABLE TO DETERMINE,2,1,0.0,0.0,0.0,0.0,0.0,3.0,0,1,11,11/24/2024,2024-11-24,00:48:00
11/24/2024 08:10:00 PM,5.0,2,4,5,4,1,3,3,0,1,2,UNABLE TO DETERMINE,2,1,0.0,0.0,0.0,0.0,0.0,4.0,20,1,11,11/24/2024,2024-11-24,20:10:00
11/22/2024 05:45:00 PM,5.0,2,4,5,5,1,3,3,0,1,3,UNABLE TO DETERMINE,2,1,0.0,0.0,0.0,0.0,0.0,2.0,17,6,11,11/22/2024,2024-11-22,17:45:00
11/23/2024 03:37:00 PM,1.0,2,1,4,5,1,1,1,0,1,2,FOLLOWING TOO CLOSELY,2,1,0.0,0.0,0.0,0.0,0.0,3.0,15,7,11,11/23/2024,2024-11-23,15:37:00
11/24/2024 05:10:00 PM,5.0,2,5,14,5,1,3,3,1,1,3,FAILING TO YIELD RIGHT-OF-WAY,2,3,1.0,0.0,0.0,1.0,0.0,1.0,17,1,11,11/24/2024,2024-11-24,17:10:00
11/17/2024 05:15:00 PM,5.0,2,4,6,7,1,3,3,1,1,3,DRIVING SKILLS/KNOWLEDGE/EXPERIENCE,2,1,0.0,0.0,0.0,0.0,0.0,2.0,17,1,11,11/17/2024,2024-11-17,17:15:00
11/23/2024 04:36:00 PM,7.0,2,4,5,5,1,3,3,1,1,3,FAILING TO YIELD RIGHT-OF-WAY,2,2,1.0,0.0,0.0,0.0,1.0,1.0,16,7,11,11/23/2024,2024-11-23,16:36:00
11/24/2024 09:50:00 AM,7.0,2,1,5,5,1,1,1,0,1,2,UNABLE TO DETERMINE,2,1,0.0,0.0,0.0,0.0,0.0,2.0,9,1,11,11/24/2024,2024-11-24,09:50:00
11/24/2024 03:33:00 PM,7.0,2,2,5,5,1,3,3,1,1,3,NOT APPLICABLE,2,1,0.0,0.0,0.0,0.0,0.0,2.0,15,1,11,11/24/2024,2024-11-24,15:33:00
11/23/2024 01:30:00 PM,7.0,2,1,3,6,1,3,3,0,1,2,FOLLOWING TOO CLOSELY,2,1,0.0,0.0,0.0,0.0,0.0,4.0,13,7,11,11/23/2024,2024-11-23,13:30:00
11/23/2024 06:45:00 AM,3.0,2,1,5,6,1,3,3,1,1,2,UNABLE TO DETERMINE,2,1,0.0,0.0,0.0,0.0,0.0,2.0,6,7,11,11/23/2024,2024-11-23,06:45:00
11/22/2024 03:10:00 PM,7.0,2,2,6,7,1,3,3,0,1,2,FAILING TO YIELD RIGHT-OF-WAY,2,1,0.0,0.0,0.0,0.0,0.0,2.0,15,6,11,11/22/2024,2024-11-22,15:10:00
11/24/2024 11:15:00 AM,5.0,2,1,5,6,1,3,3,0,1,2,FAILING TO YIELD RIGHT-OF-WAY,2,1,0.0,0.0,0.0,0.0,0.0,2.0,11,1,11,11/24/2024,2024-11-24,11:15:00
11/24/2024 07:20:00 PM,7.0,2,4,5,5,1,3,3,1,1,3,FAILING TO YIELD RIGHT-OF-WAY,2,1,0.0,0.0,0.0,0.0,0.0,5.0,19,1,11,11/24/2024,2024-11-24,19:20:00
11/23/2024 09:50:00 PM,5.0,2,4,3,4,1,3,3,0,1,3,IMPROPER LANE USAGE,2,1,0.0,0.0,0.0,0.0,0.0,2.0,21,7,11,11/23/2024,2024-11-23,21:50:00
11/23/2024 07:15:00 PM,7.0,3,4,6,7,1,3,1,0,1,3,DRIVING SKILLS/KNOWLEDGE/EXPERIENCE,2,1,0.0,0.0,0.0,0.0,0.0,2.0,19,7,11,11/23/2024,2024-11-23,19:15:00
11/21/2024 08:15:00 AM,7.0,2,1,5,10,1,3,3,0,1,3,FAILING TO YIELD RIGHT-OF-WAY,2,1,0.0,0.0,0.0,0.0,0.0,2.0,8,5,11,11/21/2024,2024-11-21,08:15:00
11/23/2024 06:32:00 PM,7.0,2,4,13,5,1,3,3,1,1,1,UNABLE TO DETERMINE,2,3,1.0,0.0,0.0,1.0,0.0,1.0,18,7,11,11/23/2024,2024-11-23,18:32:00
11/23/2024 12:50:00 PM,7.0,2,1,5,10,1,3,3,0,1,3,FAILING TO YIELD RIGHT-OF-WAY,2,1,0.0,0.0,0.0,0.0,0.0,2.0,12,7,11,11/23/2024,2024-11-23,12:50:00
11/24/2024 03:45:00 PM,5.0,2,1,4,4,1,3,3,0,1,3,UNABLE TO DETERMINE,2,1,0.0,0.0,0.0,0.0,0.0,4.0,15,1,11,11/24/2024,2024-11-24,15:45:00
11/24/2024 06:30:00 PM,1.0,2,4,6,5,1,1,1,0,1,3,UNABLE TO DETERMINE,2,1,0.0,0.0,0.0,0.0,0.0,2.0,18,1,11,11/24/2024,2024-11-24,18:30:00
11/24/2024 02:00:00 AM,3.0,3,4,6,4,1,3,3,0,1,3,IMPROPER TURNING/NO SIGNAL,2,1,0.0,0.0,0.0,0.0,0.0,2.0,2,1,11,11/24/2024,2024-11-24,02:00:00
11/24/2024 02:57:00 AM,5.0,2,4,4,6,1,3,3,1,1,3,FAILING TO REDUCE SPEED TO AVOID CRASH,2,1,0.0,0.0,0.0,0.0,0.0,2.0,2,1,11,11/24/2024,2024-11-24,02:57:00
11/23/2024 03:00:00 PM,7.0,2,1,6,6,1,3,3,0,1,3,FAILING TO YIELD RIGHT-OF-WAY,2,1,0.0,0.0,0.0,0.0,0.0,2.0,15,7,11,11/23/2024,2024-11-23,15:00:00
11/23/2024 04:30:00 PM,7.0,2,1,4,5,1,3,3,0,1,3,UNABLE TO DETERMINE,2,1,0.0,0.0,0.0,0.0,0.0,2.0,16,7,11,11/23/2024,2024-11-23,16:30:00
11/24/2024 03:53:00 PM,5.0,2,1,6,5,1,3,3,1,1,3,IMPROPER TURNING/NO SIGNAL,2,2,1.0,0.0,0.0,0.0,1.0,1.0,15,1,11,11/24/2024,2024-11-24,15:53:00
11/24/2024 03:35:00 PM,5.0,2,1,6,5,1,3,3,0,1,3,IMPROPER TURNING/NO SIGNAL,2,1,0.0,0.0,0.0,0.0,0.0,2.0,15,1,11,11/24/2024,2024-11-24,15:35:00
11/23/2024 03:30:00 AM,5.0,2,4,5,7,1,3,3,1,1,3,FAILING TO YIELD RIGHT-OF-WAY,2,1,0.0,0.0,0.0,0.0,0.0,2.0,3,7,11,11/23/2024,2024-11-23,03:30:00
11/24/2024 07:45:00 AM,5.0,2,1,5,5,1,3,3,1,1,3,DISREGARDING TRAFFIC SIGNALS,2,2,1.0,0.0,0.0,0.0,1.0,3.0,7,1,11,11/24/2024,2024-11-24,07:45:00
11/23/2024 02:55:00 PM,7.0,3,1,5,6,1,3,3,1,1,3,FAILING TO YIELD RIGHT-OF-WAY,2,1,0.0,0.0,0.0,0.0,0.0,3.0,14,7,11,11/23/2024,2024-11-23,14:55:00
11/23/2024 08:30:00 PM,5.0,2,1,6,5,1,1,1,0,1,3,IMPROPER TURNING/NO SIGNAL,2,1,0.0,0.0,0.0,0.0,0.0,3.0,20,7,11,11/23/2024,2024-11-23,20:30:00
11/24/2024 04:30:00 AM,5.0,2,4,6,7,1,3,3,1,1,3,UNABLE TO DETERMINE,2,3,1.0,0.0,0.0,1.0,0.0,2.0,4,1,11,11/24/2024,2024-11-24,04:30:00
11/24/2024 12:43:00 PM,7.0,2,1,5,6,1,3,3,0,1,3,FAILING TO REDUCE SPEED TO AVOID CRASH,2,1,0.0,0.0,0.0,0.0,0.0,3.0,12,1,11,11/24/2024,2024-11-24,12:43:00
11/25/2024 12:47:00 AM,5.0,2,4,6,5,1,3,3,1,1,3,FAILING TO YIELD RIGHT-OF-WAY,2,1,0.0,0.0,0.0,0.0,0.0,2.0,0,2,11,11/25/2024,2024-11-25,00:47:00
11/23/2024 01:10:00 PM,7.0,2,1,5,5,1,3,3,1,1,3,UNABLE TO DETERMINE,2,1,0.0,0.0,0.0,0.0,0.0,2.0,13,7,11,11/23/2024,2024-11-23,13:10:00
11/24/2024 06:24:00 PM,5.0,2,5,4,5,1,3,1,1,1,3,FOLLOWING TOO CLOSELY,2,1,0.0,0.0,0.0,0.0,0.0,2.0,18,1,11,11/24/2024,2024-11-24,18:24:00
11/10/2024 08:40:00 PM,7.0,2,4,6,7,1,3,3,1,1,3,FAILING TO YIELD RIGHT-OF-WAY,2,3,2.0,0.0,0.0,1.0,1.0,1.0,20,1,11,11/10/2024,2024-11-10,20:40:00
11/10/2024 03:15:00 AM,5.0,4,4,5,5,1,4,1,0,1,2,DISREGARDING TRAFFIC SIGNALS,2,1,0.0,0.0,0.0,0.0,0.0,6.0,3,1,11,11/10/2024,2024-11-10,03:15:00
11/10/2024 04:40:00 AM,7.0,4,4,5,6,1,4,3,0,1,3,FAILING TO YIELD RIGHT-OF-WAY,2,1,0.0,0.0,0.0,0.0,0.0,4.0,4,1,11,11/10/2024,2024-11-10,04:40:00
11/18/2024 12:09:00 PM,3.0,4,1,6,7,1,4,1,0,1,3,IMPROPER TURNING/NO SIGNAL,2,1,0.0,0.0,0.0,0.0,0.0,3.0,12,2,11,11/18/2024,2024-11-18,12:09:00
11/30/2024 06:30:00 PM,5.0,2,2,4,6,1,3,3,0,1,3,FOLLOWING TOO CLOSELY,2,1,0.0,0.0,0.0,0.0,0.0,2.0,18,7,11,11/30/2024,2024-11-30,18:30:00
11/10/2024 06:25:00 PM,5.0,2,4,6,6,1,3,3,0,1,3,IMPROPER OVERTAKING/PASSING,2,1,0.0,0.0,0.0,0.0,0.0,3.0,18,1,11,11/10/2024,2024-11-10,18:25:00
11/10/2024 07:10:00 PM,5.0,2,4,3,6,1,3,3,1,1,3,IMPROPER OVERTAKING/PASSING,2,1,0.0,0.0,0.0,0.0,0.0,3.0,19,1,11,11/10/2024,2024-11-10,19:10:00
11/10/2024 01:00:00 PM,5.0,3,1,5,5,1,3,3,0,1,3,FOLLOWING TOO CLOSELY,2,1,0.0,0.0,0.0,0.0,0.0,2.0,13,1,11,11/10/2024,2024-11-10,13:00:00
11/10/2024 08:45:00 AM,3.0,2,1,6,4,1,4,3,1,1,3,IMPROPER OVERTAKING/PASSING,2,2,1.0,0.0,0.0,0.0,1.0,1.0,8,1,11,11/10/2024,2024-11-10,08:45:00
11/10/2024 07:30:00 PM,1.0,2,3,3,6,1,3,3,0,1,3,IMPROPER LANE USAGE,2,1,0.0,0.0,0.0,0.0,0.0,3.0,19,1,11,11/10/2024,2024-11-10,19:30:00
11/10/2024 01:15:00 PM,1.0,2,1,4,5,1,3,1,0,1,3,UNABLE TO DETERMINE,2,1,0.0,0.0,0.0,0.0,0.0,2.0,13,1,11,11/10/2024,2024-11-10,13:15:00
11/10/2024 02:30:00 AM,5.0,2,4,10,6,1,1,1,0,1,3,FAILING TO REDUCE SPEED TO AVOID CRASH,2,1,0.0,0.0,0.0,0.0,0.0,2.0,2,1,11,11/10/2024,2024-11-10,02:30:00
11/10/2024 09:05:00 PM,5.0,2,4,9,5,1,3,3,1,1,3,UNABLE TO DETERMINE,2,3,1.0,0.0,0.0,1.0,0.0,1.0,21,1,11,11/10/2024,2024-11-10,21:05:00