crash_date,traffic_control_device,weather_condition,lighting_condition,first_crash_type,trafficway_type,alignment,roadway_surface_cond,road_defect,crash_type,intersection_related_i,damage,prim_contributory_cause,num_units,most_severe_injury,injuries_total,injuries_fatal,injuries_incapacitating,injuries_non_incapacitating,injuries_reported_not_evident,injuries_no_indication,crash_hour,crash_day_of_week,crash_month,parsed_datetime,date,time
11/14/2024 06:45:00 PM,5.0,2,5,5,5,1,3,1,0,1,3,UNABLE TO DETERMINE,2,1,0.0,0.0,0.0,0.0,0.0,2.0,18,5,11,11/14/2024,2024-11-14,18:45:00
11/14/2024 01:53:00 PM,5.0,4,1,5,6,1,4,3,1,1,3,UNABLE TO DETERMINE,2,1,0.0,0.0,0.0,0.0,0.0,2.0,13,5,11,11/14/2024,2024-11-14,13:53:00
11/14/2024 09:00:00 PM,5.0,2,3,3,6,1,3,3,0,0,2,IMPROPER LANE USAGE,2,1,0.0,0.0,0.0,0.0,0.0,2.0,21,5,11,11/14/2024,2024-11-14,21:00:00
11/14/2024 08:06:00 PM,5.0,4,5,5,6,1,4,3,1,1,3,DRIVING ON WRONG SIDE/WRONG WAY,2,3,2.0,0.0,0.0,1.0,1.0,0.0,20,5,11,11/14/2024,2024-11-14,20:06:00
11/14/2024 08:15:00 AM,5.0,4,1,5,5,1,4,3,1,1,3,UNABLE TO DETERMINE,2,2,1.0,0.0,0.0,0.0,1.0,1.0,8,5,11,11/14/2024,2024-11-14,08:15:00
11/14/2024 06:30:00 PM,7.0,2,3,13,5,1,3,1,1,1,2,FOLLOWING TOO CLOSELY,2,2,1.0,0.0,0.0,0.0,1.0,1.0,18,5,11,11/14/2024,2024-11-14,18:30:00
11/14/2024 07:08:00 PM,5.0,2,5,6,5,1,3,3,0,1,3,IMPROPER TURNING/NO SIGNAL,2,1,0.0,0.0,0.0,0.0,0.0,3.0,19,5,11,11/14/2024,2024-11-14,19:08:00
11/14/2024 02:59:00 PM,5.0,2,1,6,4,1,1,1,0,1,3,IMPROPER TURNING/NO SIGNAL,2,1,0.0,0.0,0.0,0.0,0.0,2.0,14,5,11,11/14/2024,2024-11-14,14:59:00
11/14/2024 04:54:00 PM,5.0,2,3,14,5,1,3,1,1,1,2,FAILING TO YIELD RIGHT-OF-WAY,2,3,1.0,0.0,0.0,1.0,0.0,1.0,16,5,11,11/14/2024,2024-11-14,16:54:00
11/29/2024 05:40:00 PM,5.0,2,5,4,14,1,3,3,0,1,2,UNABLE TO DETERMINE,2,1,0.0,0.0,0.0,0.0,0.0,4.0,17,6,11,11/29/2024,2024-11-29,17:40:00
11/28/2024 01:50:00 AM,5.0,2,4,5,5,1,3,3,1,1,3,DISREGARDING TRAFFIC SIGNALS,2,2,1.0,0.0,0.0,0.0,1.0,1.0,1,5,11,11/28/2024,2024-11-28,01:50:00
11/28/2024 10:00:00 PM,5.0,3,4,10,5,1,3,3,0,1,3,IMPROPER LANE USAGE,2,1,0.0,0.0,0.0,0.0,0.0,2.0,22,5,11,11/28/2024,2024-11-28,22:00:00
11/29/2024 04:23:00 PM,7.0,2,5,5,7,1,3,3,1,1,3,DISREGARDING STOP SIGN,2,2,1.0,0.0,0.0,0.0,1.0,1.0,16,6,11,11/29/2024,2024-11-29,16:23:00
11/27/2024 06:30:00 PM,7.0,2,5,11,5,1,3,3,0,1,3,NOT APPLICABLE,2,1,0.0,0.0,0.0,0.0,0.0,1.0,18,4,11,11/27/2024,2024-11-27,18:30:00
11/28/2024 03:00:00 PM,7.0,2,1,5,5,1,3,3,0,1,3,DISREGARDING STOP SIGN,2,1,0.0,0.0,0.0,0.0,0.0,2.0,15,5,11,11/28/2024,2024-11-28,15:00:00
11/29/2024 04:40:00 PM,5.0,2,4,3,5,1,3,3,1,1,2,IMPROPER OVERTAKING/PASSING,2,3,1.0,0.0,0.0,1.0,0.0,1.0,16,6,11,11/29/2024,2024-11-29,16:40:00
11/27/2024 11:15:00 AM,5.0,2,1,5,10,1,3,3,1,1,3,FAILING TO YIELD RIGHT-OF-WAY,2,3,2.0,0.0,0.0,2.0,0.0,0.0,11,4,11,11/27/2024,2024-11-27,11:15:00
11/27/2024 12:50:00 AM,5.0,2,4,6,5,1,1,1,0,1,2,IMPROPER BACKING,2,1,0.0,0.0,0.0,0.0,0.0,2.0,0,4,11,11/27/2024,2024-11-27,00:50:00
11/27/2024 06:15:00 PM,5.0,2,4,5,5,1,1,1,0,1,3,FAILING TO YIELD RIGHT-OF-WAY,2,1,0.0,0.0,0.0,0.0,0.0,2.0,18,4,11,11/27/2024,2024-11-27,18:15:00
11/29/2024 05:32:00 AM,5.0,2,4,6,6,1,3,3,1,1,3,UNABLE TO DETERMINE,2,1,0.0,0.0,0.0,0.0,0.0,2.0,5,6,11,11/29/2024,2024-11-29,05:32:00
11/28/2024 01:10:00 AM,5.0,2,4,6,5,1,3,3,0,1,3,IMPROPER TURNING/NO SIGNAL,2,1,0.0,0.0,0.0,0.0,0.0,2.0,1,5,11,11/28/2024,2024-11-28,01:10:00
11/27/2024 12:00:00 PM,5.0,2,1,4,5,1,3,3,0,1,2,FOLLOWING TOO CLOSELY,2,1,0.0,0.0,0.0,0.0,0.0,2.0,12,4,11,11/27/2024,2024-11-27,12:00:00
11/29/2024 10:43:00 AM,1.0,2,1,6,5,1,3,1,0,1,3,UNABLE TO DETERMINE,2,1,0.0,0.0,0.0,0.0,0.0,2.0,10,6,11,11/29/2024,2024-11-29,10:43:00
11/29/2024 02:30:00 PM,5.0,2,1,14,4,1,3,3,1,1,3,UNABLE TO DETERMINE,2,2,1.0,0.0,0.0,0.0,1.0,1.0,14,6,11,11/29/2024,2024-11-29,14:30:00
11/30/2024 03:01:00 AM,5.0,2,4,6,5,1,3,3,1,1,3,IMPROPER LANE USAGE,2,1,0.0,0.0,0.0,0.0,0.0,4.0,3,7,11,11/30/2024,2024-11-30,03:01:00
11/26/2024 07:00:00 PM,5.0,2,1,6,5,1,1,1,0,1,1,DRIVING SKILLS/KNOWLEDGE/EXPERIENCE,2,1,0.0,0.0,0.0,0.0,0.0,2.0,19,3,11,11/26/2024,2024-11-26,19:00:00
11/28/2024 09:15:00 PM,5.0,2,4,4,4,1,3,3,0,1,3,FOLLOWING TOO CLOSELY,2,1,0.0,0.0,0.0,0.0,0.0,2.0,21,5,11,11/28/2024,2024-11-28,21:15:00
11/29/2024 01:40:00 PM,5.0,2,1,4,6,1,3,3,0,1,3,FOLLOWING TOO CLOSELY,2,1,0.0,0.0,0.0,0.0,0.0,2.0,13,6,11,11/29/2024,2024-11-29,13:40:00
11/26/2024 11:45:00 AM,5.0,2,1,6,5,1,3,3,0,1,3,IMPROPER LANE USAGE,2,1,0.0,0.0,0.0,0.0,0.0,2.0,11,3,11,11/26/2024,2024-11-26,11:45:00
11/29/2024 08:41:00 AM,5.0,2,1,3,3,1,3,1,1,1,3,IMPROPER OVERTAKING/PASSING,2,1,0.0,0.0,0.0,0.0,0.0,2.0,8,6,11,11/29/2024,2024-11-29,08:41:00
11/28/2024 03:20:00 PM,7.0,2,1,5,5,1,3,3,0,1,2,UNABLE TO DETERMINE,2,1,0.0,0.0,0.0,0.0,0.0,2.0,15,5,11,11/28/2024,2024-11-28,15:20:00
11/24/2024 06:00:00 PM,5.0,2,1,5,5,1,1,1,0,1,3,DISREGARDING TRAFFIC SIGNALS,2,1,0.0,0.0,0.0,0.0,0.0,3.0,18,1,11,11/24/2024,2024-11-24,18:00:00
11/27/2024 05:45:00 PM,5.0,2,5,6,6,1,3,3,0,1,3,FAILING TO YIELD RIGHT-OF-WAY,2,1,0.0,0.0,0.0,0.0,0.0,2.0,17,4,11,11/27/2024,2024-11-27,17:45:00
11/30/2024 12:25:00 AM,5.0,2,4,3,6,1,1,1,0,1,3,FAILING TO REDUCE SPEED TO AVOID CRASH,2,1,0.0,0.0,0.0,0.0,0.0,2.0,0,7,11,11/30/2024,2024-11-30,00:25:00
11/15/2024 05:33:00 PM,7.0,2,5,13,5,1,3,3,1,1,1,FAILING TO YIELD RIGHT-OF-WAY,2,3,1.0,0.0,0.0,1.0,0.0,1.0,17,6,11,11/15/2024,2024-11-15,17:33:00
11/15/2024 06:23:00 PM,7.0,2,4,6,5,1,3,3,0,1,3,UNABLE TO DETERMINE,2,1,0.0,0.0,0.0,0.0,0.0,2.0,18,6,11,11/15/2024,2024-11-15,18:23:00
11/15/2024 08:24:00 AM,6.0,3,1,13,5,1,3,3,1,1,1,FAILING TO YIELD RIGHT-OF-WAY,2,3,1.0,0.0,0.0,1.0,0.0,1.0,8,6,11,11/15/2024,2024-11-15,08:24:00
11/15/2024 12:47:00 PM,3.0,2,1,11,6,1,3,1,0,0,3,DRIVING SKILLS/KNOWLEDGE/EXPERIENCE,2,1,0.0,0.0,0.0,0.0,0.0,2.0,12,6,11,11/15/2024,2024-11-15,12:47:00
11/15/2024 08:33:00 AM,7.0,2,1,11,6,1,3,1,0,1,2,IMPROPER OVERTAKING/PASSING,2,1,0.0,0.0,0.0,0.0,0.0,1.0,8,6,11,11/15/2024,2024-11-15,08:33:00
11/15/2024 04:00:00 PM,7.0,3,1,6,4,1,3,3,0,1,3,IMPROPER TURNING/NO SIGNAL,2,1,0.0,0.0,0.0,0.0,0.0,2.0,16,6,11,11/15/2024,2024-11-15,16:00:00
11/15/2024 11:36:00 AM,7.0,2,1,5,5,1,3,3,1,1,3,FAILING TO YIELD RIGHT-OF-WAY,2,1,0.0,0.0,0.0,0.0,0.0,3.0,11,6,11,11/15/2024,2024-11-15,11:36:00
11/15/2024 08:49:00 PM,7.0,3,4,5,5,1,1,1,0,1,1,UNABLE TO DETERMINE,2,1,0.0,0.0,0.0,0.0,0.0,5.0,20,6,11,11/15/2024,2024-11-15,20:49:00
11/15/2024 07:09:00 AM,7.0,3,1,6,6,1,3,3,1,1,3,DRIVING SKILLS/KNOWLEDGE/EXPERIENCE,2,1,0.0,0.0,0.0,0.0,0.0,4.0,7,6,11,11/15/2024,2024-11-15,07:09:00
11/15/2024 10:03:00 AM,7.0,3,1,6,5,1,4,3,1,1,3,FAILING TO YIELD RIGHT-OF-WAY,2,1,0.0,0.0,0.0,0.0,0.0,4.0,10,6,11,11/15/2024,2024-11-15,10:03:00
11/15/2024 08:10:00 AM,5.0,2,1,4,5,1,3,3,0,1,3,FOLLOWING TOO CLOSELY,2,1,0.0,0.0,0.0,0.0,0.0,2.0,8,6,11,11/15/2024,2024-11-15,08:10:00
11/15/2024 07:10:00 PM,3.0,2,4,6,10,1,3,3,0,1,3,FOLLOWING TOO CLOSELY,2,1,0.0,0.0,0.0,0.0,0.0,3.0,19,6,11,11/15/2024,2024-11-15,19:10:00
11/15/2024 01:45:00 PM,5.0,2,1,6,10,1,3,3,0,1,2,FOLLOWING TOO CLOSELY,2,1,0.0,0.0,0.0,0.0,0.0,3.0,13,6,11,11/15/2024,2024-11-15,13:45:00
11/15/2024 11:45:00 AM,4.0,2,1,5,3,1,3,1,1,1,3,FAILING TO YIELD RIGHT-OF-WAY,2,3,2.0,0.0,0.0,1.0,1.0,1.0,11,6,11,11/15/2024,2024-11-15,11:45:00
11/15/2024 05:35:00 PM,7.0,2,4,6,7,1,3,1,1,1,3,UNABLE TO DETERMINE,2,1,0.0,0.0,0.0,0.0,0.0,3.0,17,6,11,11/15/2024,2024-11-15,17:35:00
11/15/2024 08:52:00 AM,3.0,3,1,6,6,1,3,3,1,1,3,IMPROPER OVERTAKING/PASSING,2,1,0.0,0.0,0.0,0.0,0.0,2.0,8,6,11,11/15/2024,2024-11-15,08:52:00
11/15/2024 05:43:00 PM,7.0,2,4,5,5,1,3,3,1,1,3,FAILING TO YIELD RIGHT-OF-WAY,2,1,0.0,0.0,0.0,0.0,0.0,2.0,17,6,11,11/15/2024,2024-11-15,17:43:00
11/15/2024 03:30:00 PM,7.0,2,1,5,6,1,3,3,1,1,3,FAILING TO YIELD RIGHT-OF-WAY,2,3,1.0,0.0,0.0,1.0,0.0,1.0,15,6,11,11/15/2024,2024-11-15,15:30:00
11/15/2024 03:15:00 PM,5.0,2,1,6,5,1,3,3,0,1,3,UNABLE TO DETERMINE,2,1,0.0,0.0,0.0,0.0,0.0,4.0,15,6,11,11/15/2024,2024-11-15,15:15:00
11/15/2024 03:53:00 PM,5.0,2,1,6,5,1,3,3,1,1,3,FAILING TO YIELD RIGHT-OF-WAY,2,1,0.0,0.0,0.0,0.0,0.0,3.0,15,6,11,11/15/2024,2024-11-15,15:53:00
11/15/2024 01:00:00 PM,7.0,2,1,6,4,1,3,3,0,1,2,UNABLE TO DETERMINE,2,1,0.0,0.0,0.0,0.0,0.0,2.0,13,6,11,11/15/2024,2024-11-15,13:00:00
11/15/2024 11:30:00 AM,5.0,2,1,4,6,1,3,3,0,1,2,FOLLOWING TOO CLOSELY,2,1,0.0,0.0,0.0,0.0,0.0,2.0,11,6,11,11/15/2024,2024-11-15,11:30:00
11/15/2024 03:05:00 PM,1.0,2,1,3,6,1,1,1,0,1,3,IMPROPER LANE USAGE,2,1,0.0,0.0,0.0,0.0,0.0,2.0,15,6,11,11/15/2024,2024-11-15,15:05:00
11/15/2024 03:30:00 AM,5.0,2,4,5,5,1,3,3,1,1,3,"OPERATING VEHICLE IN ERRATIC, RECKLESS, CARELESS, NEGLIGENT OR AGGRESSIVE MANNER",2,3,2.0,0.0,0.0,2.0,0.0,1.0,3,6,11,11/15/2024,2024-11-15,03:30:00
11/15/2024 02:40:00 PM,5.0,2,1,4,5,1,3,3,1,1,3,UNABLE TO DETERMINE,2,1,0.0,0.0,0.0,0.0,0.0,2.0,14,6,11,11/15/2024,2024-11-15,14:40:00
11/15/2024 04:00:00 PM,5.0,2,1,5,5,1,3,3,1,1,3,DISREGARDING TRAFFIC SIGNALS,2,1,0.0,0.0,0.0,0.0,0.0,2.0,16,6,11,11/15/2024,2024-11-15,16:00:00
11/15/2024 03:15:00 PM,5.0,2,1,3,6,1,3,3,0,0,3,FOLLOWING TOO CLOSELY,2,1,0.0,0.0,0.0,0.0,0.0,2.0,15,6,11,11/15/2024,2024-11-15,15:15:00
11/15/2024 03:00:00 PM,7.0,2,1,11,6,1,3,1,0,1,3,UNABLE TO DETERMINE,2,1,0.0,0.0,0.0,0.0,0.0,1.0,15,6,11,11/15/2024,2024-11-15,15:00:00
11/16/2024 12:00:00 AM,5.0,2,4,6,5,1,3,3,1,1,3,UNABLE TO DETERMINE,2,5,2.0,1.0,0.0,1.0,0.0,0.0,0,7,11,11/16/2024,2024-11-16,00:00:00
11/15/2024 11:15:00 AM,5.0,2,1,4,7,1,3,3,0,1,3,UNABLE TO DETERMINE,2,1,0.0,0.0,0.0,0.0,0.0,3.0,11,6,11,11/15/2024,2024-11-15,11:15:00
11/15/2024 10:35:00 AM,5.0,2,1,4,10,1,3,3,0,1,3,FOLLOWING TOO CLOSELY,2,1,0.0,0.0,0.0,0.0,0.0,2.0,10,6,11,11/15/2024,2024-11-15,10:35:00
11/15/2024 04:58:00 AM,5.0,2,4,5,6,1,3,1,0,1,3,UNABLE TO DETERMINE,2,1,0.0,0.0,0.0,0.0,0.0,2.0,4,6,11,11/15/2024,2024-11-15,04:58:00
11/15/2024 12:45:00 PM,5.0,2,1,5,6,1,3,3,1,1,3,DISREGARDING TRAFFIC SIGNALS,2,1,0.0,0.0,0.0,0.0,0.0,2.0,12,6,11,11/15/2024,2024-11-15,12:45:00
11/15/2024 12:30:00 PM,7.0,3,1,6,7,1,3,1,1,1,3,FAILING TO YIELD RIGHT-OF-WAY,2,2,1.0,0.0,0.0,0.0,1.0,1.0,12,6,11,11/15/2024,2024-11-15,12:30:00
11/15/2024 05:31:00 PM,3.0,2,4,3,6,1,3,3,0,1,3,UNABLE TO DETERMINE,2,1,0.0,0.0,0.0,0.0,0.0,2.0,17,6,11,11/15/2024,2024-11-15,17:31:00
11/15/2024 02:20:00 PM,7.0,3,1,5,5,1,1,1,0,1,3,UNABLE TO DETERMINE,2,1,0.0,0.0,0.0,0.0,0.0,2.0,14,6,11,11/15/2024,2024-11-15,14:20:00
11/15/2024 07:00:00 AM,5.0,2,1,9,5,1,1,1,0,1,3,UNABLE TO DETERMINE,2,1,0.0,0.0,0.0,0.0,0.0,2.0,7,6,11,11/15/2024,2024-11-15,07:00:00
11/30/2024 07:00:00 AM,5.0,2,1,6,5,1,3,3,0,1,3,UNABLE TO DETERMINE,2,1,0.0,0.0,0.0,0.0,0.0,2.0,7,7,11,11/30/2024,2024-11-30,07:00:00
11/30/2024 06:00:00 AM,3.0,2,2,6,4,1,3,3,1,0,2,IMPROPER TURNING/NO SIGNAL,2,1,0.0,0.0,0.0,0.0,0.0,3.0,6,7,11,11/30/2024,2024-11-30,06:00:00
11/30/2024 02:28:00 PM,3.0,2,1,6,5,1,3,3,0,1,2,FAILING TO YIELD RIGHT-OF-WAY,2,1,0.0,0.0,0.0,0.0,0.0,2.0,14,7,11,11/30/2024,2024-11-30,14:28:00
11/21/2024 10:00:00 PM,5.0,5,5,4,5,1,5,1,0,1,3,FAILING TO YIELD RIGHT-OF-WAY,2,1,0.0,0.0,0.0,0.0,0.0,2.0,22,5,11,11/21/2024,2024-11-21,22:00:00
11/29/2024 06:30:00 AM,5.0,2,4,11,5,1,3,3,0,0,3,UNABLE TO DETERMINE,2,1,0.0,0.0,0.0,0.0,0.0,1.0,6,6,11,11/29/2024,2024-11-29,06:30:00
11/30/2024 09:45:00 AM,5.0,2,1,4,5,1,3,3,0,1,3,DRIVING SKILLS/KNOWLEDGE/EXPERIENCE,2,1,0.0,0.0,0.0,0.0,0.0,2.0,9,7,11,11/30/2024,2024-11-30,09:45:00
11/30/2024 01:56:00 PM,5.0,2,1,3,5,1,3,3,0,1,3,UNABLE TO DETERMINE,2,1,0.0,0.0,0.0,0.0,0.0,2.0,13,7,11,11/30/2024,2024-11-30,13:56:00
11/30/2024 09:36:00 AM,7.0,2,1,5,6,1,3,3,0,1,3,FAILING TO YIELD RIGHT-OF-WAY,2,1,0.0,0.0,0.0,0.0,0.0,2.0,9,7,11,11/30/2024,2024-11-30,09:36:00
11/22/2024 02:53:00 PM,7.0,2,1,5,5,1,3,3,1,1,3,DISREGARDING STOP SIGN,2,1,0.0,0.0,0.0,0.0,0.0,2.0,14,6,11,11/22/2024,2024-11-22,14:53:00
11/30/2024 10:04:00 AM,7.0,2,1,6,7,1,3,3,0,1,3,DISREGARDING STOP SIGN,2,1,0.0,0.0,0.0,0.0,0.0,2.0,10,7,11,11/30/2024,2024-11-30,10:04:00
11/30/2024 03:30:00 PM,3.0,2,1,6,10,1,3,3,0,1,3,IMPROPER TURNING/NO SIGNAL,2,1,0.0,0.0,0.0,0.0,0.0,3.0,15,7,11,11/30/2024,2024-11-30,15:30:00
11/30/2024 12:30:00 PM,5.0,2,1,6,3,1,1,1,0,1,3,FAILING TO YIELD RIGHT-OF-WAY,2,1,0.0,0.0,0.0,0.0,0.0,2.0,12,7,11,11/30/2024,2024-11-30,12:30:00
11/29/2024 07:00:00 PM,7.0,2,4,13,6,1,3,3,1,0,3,UNABLE TO DETERMINE,2,3,1.0,0.0,0.0,1.0,0.0,1.0,19,6,11,11/29/2024,2024-11-29,19:00:00
11/26/2024 12:16:00 PM,5.0,2,1,6,5,1,3,3,0,1,3,IMPROPER TURNING/NO SIGNAL,2,1,0.0,0.0,0.0,0.0,0.0,2.0,12,3,11,11/26/2024,2024-11-26,12:16:00
11/29/2024 08:30:00 PM,5.0,2,4,3,6,1,4,3,0,1,3,IMPROPER LANE USAGE,2,1,0.0,0.0,0.0,0.0,0.0,2.0,20,6,11,11/29/2024,2024-11-29,20:30:00
11/30/2024 07:15:00 PM,7.0,2,4,6,6,1,3,3,1,1,3,UNABLE TO DETERMINE,2,1,0.0,0.0,0.0,0.0,0.0,5.0,19,7,11,11/30/2024,2024-11-30,19:15:00
11/27/2024 01:30:00 PM,7.0,2,1,6,5,1,3,3,1,1,3,FAILING TO YIELD RIGHT-OF-WAY,2,3,1.0,0.0,0.0,1.0,0.0,1.0,13,4,11,11/27/2024,2024-11-27,13:30:00
11/29/2024 06:59:00 AM,5.0,2,1,5,6,1,3,3,1,1,3,FAILING TO REDUCE SPEED TO AVOID CRASH,2,3,1.0,0.0,0.0,1.0,0.0,1.0,6,6,11,11/29/2024,2024-11-29,06:59:00
11/30/2024 07:51:00 PM,5.0,2,3,5,5,1,3,3,1,1,3,DISREGARDING TRAFFIC SIGNALS,2,3,1.0,0.0,0.0,1.0,0.0,3.0,19,7,11,11/30/2024,2024-11-30,19:51:00
11/20/2024 03:00:00 PM,3.0,2,1,12,2,1,3,3,0,1,2,UNABLE TO DETERMINE,2,1,0.0,0.0,0.0,0.0,0.0,2.0,15,4,11,11/20/2024,2024-11-20,15:00:00
11/29/2024 09:30:00 AM,5.0,2,1,3,5,1,1,1,0,1,1,UNABLE TO DETERMINE,2,1,0.0,0.0,0.0,0.0,0.0,3.0,9,6,11,11/29/2024,2024-11-29,09:30:00
11/30/2024 02:44:00 PM,3.0,2,1,6,5,1,3,3,1,1,3,UNABLE TO DETERMINE,2,1,0.0,0.0,0.0,0.0,0.0,2.0,14,7,11,11/30/2024,2024-11-30,14:44:00
11/26/2024 12:47:00 PM,5.0,2,1,6,4,1,3,3,0,1,3,UNABLE TO DETERMINE,2,1,0.0,0.0,0.0,0.0,0.0,2.0,12,3,11,11/26/2024,2024-11-26,12:47:00
11/23/2024 11:37:00 AM,5.0,2,1,4,4,2,3,3,0,1,1,FAILING TO REDUCE SPEED TO AVOID CRASH,2,1,0.0,0.0,0.0,0.0,0.0,3.0,11,7,11,11/23/2024,2024-11-23,11:37:00
12/01/2024 01:23:00 AM,7.0,2,4,5,1,1,3,3,1,1,3,FAILING TO YIELD RIGHT-OF-WAY,2,1,0.0,0.0,0.0,0.0,0.0,5.0,1,1,12,12/01/2024,2024-12-01,01:23:00
11/30/2024 08:18:00 AM,3.0,2,1,5,4,1,3,3,0,1,3,UNABLE TO DETERMINE,2,1,0.0,0.0,0.0,0.0,0.0,2.0,8,7,11,11/30/2024,2024-11-30,08:18:00
12/01/2024 03:08:00 AM,5.0,2,4,5,14,1,3,3,1,1,3,FAILING TO YIELD RIGHT-OF-WAY,2,3,1.0,0.0,0.0,1.0,0.0,4.0,3,1,12,12/01/2024,2024-12-01,03:08:00
11/16/2024 04:45:00 PM,5.0,2,3,6,6,1,3,1,1,1,3,"VISION OBSCURED (SIGNS, TREE LIMBS, BUILDINGS, ETC.)",2,3,2.0,0.0,0.0,2.0,0.0,1.0,16,7,11,11/16/2024,2024-11-16,16:45:00
11/16/2024 05:00:00 AM,5.0,2,4,3,7,1,3,3,0,1,3,IMPROPER LANE USAGE,2,1,0.0,0.0,0.0,0.0,0.0,2.0,5,7,11,11/16/2024,2024-11-16,05:00:00
11/16/2024 10:30:00 PM,3.0,2,4,6,7,1,3,3,0,1,2,FAILING TO YIELD RIGHT-OF-WAY,2,1,0.0,0.0,0.0,0.0,0.0,3.0,22,7,11,11/16/2024,2024-11-16,22:30:00
11/16/2024 09:15:00 PM,7.0,2,4,5,6,1,3,1,1,1,3,UNABLE TO DETERMINE,2,2,1.0,0.0,0.0,0.0,1.0,1.0,21,7,11,11/16/2024,2024-11-16,21:15:00
11/16/2024 03:33:00 PM,1.0,2,1,4,10,1,1,1,0,1,3,UNABLE TO DETERMINE,2,1,0.0,0.0,0.0,0.0,0.0,2.0,15,7,11,11/16/2024,2024-11-16,15:33:00
11/16/2024 07:19:00 PM,3.0,2,4,6,7,1,3,3,0,1,3,FAILING TO YIELD RIGHT-OF-WAY,2,1,0.0,0.0,0.0,0.0,0.0,5.0,19,7,11,11/16/2024,2024-11-16,19:19:00
11/16/2024 07:40:00 PM,5.0,2,4,6,10,1,3,3,0,1,3,IMPROPER LANE USAGE,2,1,0.0,0.0,0.0,0.0,0.0,2.0,19,7,11,11/16/2024,2024-11-16,19:40:00
11/16/2024 09:13:00 AM,5.0,3,1,6,3,1,3,3,1,1,3,UNABLE TO DETERMINE,2,1,0.0,0.0,0.0,0.0,0.0,3.0,9,7,11,11/16/2024,2024-11-16,09:13:00
11/16/2024 07:53:00 PM,5.0,2,4,13,4,1,3,3,1,1,3,FAILING TO YIELD RIGHT-OF-WAY,2,3,1.0,0.0,0.0,1.0,0.0,1.0,19,7,11,11/16/2024,2024-11-16,19:53:00
11/16/2024 03:47:00 PM,7.0,3,1,4,5,1,3,3,0,1,3,FOLLOWING TOO CLOSELY,2,1,0.0,0.0,0.0,0.0,0.0,2.0,15,7,11,11/16/2024,2024-11-16,15:47:00
11/16/2024 10:00:00 AM,5.0,2,1,4,5,1,3,3,0,1,3,FOLLOWING TOO CLOSELY,2,1,0.0,0.0,0.0,0.0,0.0,9.0,10,7,11,11/16/2024,2024-11-16,10:00:00
11/16/2024 05:37:00 PM,5.0,2,5,5,6,1,3,3,1,1,3,DISREGARDING OTHER TRAFFIC SIGNS,2,3,1.0,0.0,0.0,1.0,0.0,2.0,17,7,11,11/16/2024,2024-11-16,17:37:00
11/16/2024 09:52:00 AM,7.0,3,1,5,6,1,3,3,1,1,3,FAILING TO YIELD RIGHT-OF-WAY,2,2,1.0,0.0,0.0,0.0,1.0,1.0,9,7,11,11/16/2024,2024-11-16,09:52:00
11/16/2024 04:05:00 PM,3.0,2,4,6,5,1,3,3,1,1,3,FAILING TO YIELD RIGHT-OF-WAY,2,1,0.0,0.0,0.0,0.0,0.0,3.0,16,7,11,11/16/2024,2024-11-16,16:05:00
11/16/2024 08:45:00 PM,5.0,2,4,6,6,1,3,3,0,1,3,FAILING TO YIELD RIGHT-OF-WAY,2,1,0.0,0.0,0.0,0.0,0.0,2.0,20,7,11,11/16/2024,2024-11-16,20:45:00
11/16/2024 08:50:00 PM,7.0,2,4,5,10,1,3,3,0,1,3,DISREGARDING STOP SIGN,2,1,0.0,0.0,0.0,0.0,0.0,2.0,20,7,11,11/16/2024,2024-11-16,20:50:00
11/16/2024 01:43:00 PM,5.0,2,1,6,5,1,3,1,0,1,3,UNABLE TO DETERMINE,2,1,0.0,0.0,0.0,0.0,0.0,3.0,13,7,11,11/16/2024,2024-11-16,13:43:00
11/16/2024 10:33:00 AM,5.0,2,1,3,5,1,3,3,0,1,1,FOLLOWING TOO CLOSELY,2,1,0.0,0.0,0.0,0.0,0.0,2.0,10,7,11,11/16/2024,2024-11-16,10:33:00
11/16/2024 12:00:00 PM,1.0,2,1,11,17,1,1,1,0,1,3,UNABLE TO DETERMINE,2,1,0.0,0.0,0.0,0.0,0.0,1.0,12,7,11,11/16/2024,2024-11-16,12:00:00
12/01/2024 11:20:00 AM,5.0,2,1,6,5,1,3,3,0,1,3,IMPROPER LANE USAGE,2,1,0.0,0.0,0.0,0.0,0.0,2.0,11,1,12,12/01/2024,2024-12-01,11:20:00
12/01/2024 12:35:00 PM,5.0,2,1,4,6,1,3,3,1,1,3,EQUIPMENT - VEHICLE CONDITION,2,1,0.0,0.0,0.0,0.0,0.0,3.0,12,1,12,12/01/2024,2024-12-01,12:35:00
12/01/2024 07:10:00 PM,5.0,2,4,9,7,1,3,3,1,1,3,DRIVING ON WRONG SIDE/WRONG WAY,2,2,1.0,0.0,0.0,0.0,1.0,1.0,19,1,12,12/01/2024,2024-12-01,19:10:00
11/30/2024 01:25:00 PM,5.0,2,1,5,5,1,3,3,1,1,3,FAILING TO YIELD RIGHT-OF-WAY,2,1,0.0,0.0,0.0,0.0,0.0,2.0,13,7,11,11/30/2024,2024-11-30,13:25:00