crash_date,traffic_control_device,weather_condition,lighting_condition,first_crash_type,trafficway_type,alignment,roadway_surface_cond,road_defect,crash_type,intersection_related_i,damage,prim_contributory_cause,num_units,most_severe_injury,injuries_total,injuries_fatal,injuries_incapacitating,injuries_non_incapacitating,injuries_reported_not_evident,injuries_no_indication,crash_hour,crash_day_of_week,crash_month,parsed_datetime,date,time
12/03/2024 06:51:00 AM,5.0,2,5,6,6,1,3,3,1,1,3,UNABLE TO DETERMINE,2,1,0.0,0.0,0.0,0.0,0.0,2.0,6,3,12,12/03/2024,2024-12-03,06:51:00
12/03/2024 08:00:00 AM,5.0,2,1,3,4,1,3,1,0,1,3,NOT APPLICABLE,2,1,0.0,0.0,0.0,0.0,0.0,2.0,8,3,12,12/03/2024,2024-12-03,08:00:00
11/30/2024 09:45:00 PM,5.0,2,4,4,5,1,1,1,0,0,2,UNABLE TO DETERMINE,2,1,0.0,0.0,0.0,0.0,0.0,2.0,21,7,11,11/30/2024,2024-11-30,21:45:00
12/01/2024 09:04:00 PM,5.0,2,4,5,6,1,3,3,1,1,3,UNABLE TO DETERMINE,2,2,1.0,0.0,0.0,0.0,1.0,1.0,21,1,12,12/01/2024,2024-12-01,21:04:00
12/02/2024 11:00:00 AM,5.0,2,1,6,5,1,3,3,0,1,3,FOLLOWING TOO CLOSELY,2,1,0.0,0.0,0.0,0.0,0.0,2.0,11,2,12,12/02/2024,2024-12-02,11:00:00
12/03/2024 08:00:00 AM,3.0,2,1,6,6,1,3,3,0,1,3,UNABLE TO DETERMINE,2,1,0.0,0.0,0.0,0.0,0.0,5.0,8,3,12,12/03/2024,2024-12-03,08:00:00
12/03/2024 10:00:00 AM,7.0,2,1,6,1,1,3,3,0,1,3,FAILING TO YIELD RIGHT-OF-WAY,2,1,0.0,0.0,0.0,0.0,0.0,3.0,10,3,12,12/03/2024,2024-12-03,10:00:00
12/03/2024 08:05:00 AM,5.0,2,1,4,6,1,3,1,0,1,2,UNABLE TO DETERMINE,2,1,0.0,0.0,0.0,0.0,0.0,2.0,8,3,12,12/03/2024,2024-12-03,08:05:00
12/03/2024 02:45:00 PM,1.0,2,1,3,5,1,1,1,0,1,3,IMPROPER OVERTAKING/PASSING,2,1,0.0,0.0,0.0,0.0,0.0,2.0,14,3,12,12/03/2024,2024-12-03,14:45:00
12/03/2024 06:15:00 AM,3.0,2,2,5,5,1,3,3,1,1,3,NOT APPLICABLE,2,3,1.0,0.0,0.0,1.0,0.0,1.0,6,3,12,12/03/2024,2024-12-03,06:15:00
12/03/2024 10:54:00 AM,7.0,2,1,3,4,1,3,3,0,1,2,FAILING TO YIELD RIGHT-OF-WAY,2,1,0.0,0.0,0.0,0.0,0.0,2.0,10,3,12,12/03/2024,2024-12-03,10:54:00
12/03/2024 12:15:00 PM,5.0,2,1,6,5,1,3,3,1,1,3,FAILING TO YIELD RIGHT-OF-WAY,2,1,0.0,0.0,0.0,0.0,0.0,3.0,12,3,12,12/03/2024,2024-12-03,12:15:00
12/03/2024 10:45:00 AM,5.0,2,1,8,4,4,3,1,0,1,3,DRIVING SKILLS/KNOWLEDGE/EXPERIENCE,2,1,0.0,0.0,0.0,0.0,0.0,2.0,10,3,12,12/03/2024,2024-12-03,10:45:00
12/02/2024 08:35:00 AM,1.0,2,1,4,9,1,3,3,0,1,2,UNABLE TO DETERMINE,2,1,0.0,0.0,0.0,0.0,0.0,4.0,8,2,12,12/02/2024,2024-12-02,08:35:00
12/02/2024 11:50:00 AM,3.0,2,4,6,6,1,3,3,0,1,3,IMPROPER OVERTAKING/PASSING,2,1,0.0,0.0,0.0,0.0,0.0,3.0,11,2,12,12/02/2024,2024-12-02,11:50:00
12/03/2024 07:20:00 AM,5.0,2,1,6,12,1,3,1,0,1,3,FAILING TO YIELD RIGHT-OF-WAY,2,1,0.0,0.0,0.0,0.0,0.0,3.0,7,3,12,12/03/2024,2024-12-03,07:20:00
12/02/2024 03:45:00 PM,3.0,2,1,14,6,1,3,3,1,1,3,UNABLE TO DETERMINE,2,3,1.0,0.0,0.0,1.0,0.0,1.0,15,2,12,12/02/2024,2024-12-02,15:45:00
12/03/2024 07:30:00 AM,3.0,2,1,4,5,1,3,3,1,1,3,DISTRACTION - FROM OUTSIDE VEHICLE,2,1,0.0,0.0,0.0,0.0,0.0,2.0,7,3,12,12/03/2024,2024-12-03,07:30:00
12/03/2024 07:21:00 AM,5.0,2,1,6,5,1,3,3,0,1,3,IMPROPER OVERTAKING/PASSING,2,1,0.0,0.0,0.0,0.0,0.0,2.0,7,3,12,12/03/2024,2024-12-03,07:21:00
12/02/2024 08:15:00 AM,5.0,2,1,4,5,1,1,1,0,1,1,UNABLE TO DETERMINE,2,1,0.0,0.0,0.0,0.0,0.0,2.0,8,2,12,12/02/2024,2024-12-02,08:15:00
12/02/2024 05:40:00 PM,1.0,2,5,3,5,1,1,1,0,0,3,UNABLE TO DETERMINE,2,1,0.0,0.0,0.0,0.0,0.0,2.0,17,2,12,12/02/2024,2024-12-02,17:40:00
12/02/2024 12:28:00 PM,5.0,2,1,5,5,1,3,3,1,1,3,DISREGARDING TRAFFIC SIGNALS,2,2,1.0,0.0,0.0,0.0,1.0,3.0,12,2,12,12/02/2024,2024-12-02,12:28:00
11/21/2024 12:00:00 PM,5.0,2,1,4,4,1,3,3,1,1,3,UNABLE TO DETERMINE,2,2,1.0,0.0,0.0,0.0,1.0,1.0,12,5,11,11/21/2024,2024-11-21,12:00:00
11/27/2024 06:20:00 PM,5.0,2,4,6,6,1,3,3,0,1,2,UNABLE TO DETERMINE,2,1,0.0,0.0,0.0,0.0,0.0,2.0,18,4,11,11/27/2024,2024-11-27,18:20:00
12/02/2024 06:01:00 PM,3.0,2,4,3,11,2,3,3,0,0,3,UNABLE TO DETERMINE,2,1,0.0,0.0,0.0,0.0,0.0,4.0,18,2,12,12/02/2024,2024-12-02,18:01:00
12/03/2024 04:54:00 PM,5.0,3,3,6,7,1,3,3,1,1,1,FOLLOWING TOO CLOSELY,2,3,1.0,0.0,0.0,1.0,0.0,2.0,16,3,12,12/03/2024,2024-12-03,16:54:00
12/03/2024 10:30:00 AM,3.0,2,1,3,6,1,3,3,0,0,3,UNABLE TO DETERMINE,2,1,0.0,0.0,0.0,0.0,0.0,3.0,10,3,12,12/03/2024,2024-12-03,10:30:00
12/02/2024 01:41:00 PM,5.0,2,1,5,7,1,3,3,1,1,3,DISREGARDING TRAFFIC SIGNALS,2,2,2.0,0.0,0.0,0.0,2.0,1.0,13,2,12,12/02/2024,2024-12-02,13:41:00
12/03/2024 08:30:00 AM,5.0,2,1,4,5,1,1,1,0,1,3,UNABLE TO DETERMINE,2,1,0.0,0.0,0.0,0.0,0.0,2.0,8,3,12,12/03/2024,2024-12-03,08:30:00
12/02/2024 11:49:00 AM,5.0,2,1,6,6,1,3,3,0,1,3,IMPROPER LANE USAGE,2,1,0.0,0.0,0.0,0.0,0.0,2.0,11,2,12,12/02/2024,2024-12-02,11:49:00
12/03/2024 03:31:00 PM,5.0,2,1,13,7,1,3,3,1,1,1,UNABLE TO DETERMINE,2,2,1.0,0.0,0.0,0.0,1.0,1.0,15,3,12,12/03/2024,2024-12-03,15:31:00
12/03/2024 07:30:00 AM,7.0,2,1,6,5,1,3,3,1,1,3,UNABLE TO DETERMINE,2,1,0.0,0.0,0.0,0.0,0.0,4.0,7,3,12,12/03/2024,2024-12-03,07:30:00
11/23/2024 08:00:00 PM,5.0,2,4,5,5,1,3,1,0,1,3,UNABLE TO DETERMINE,2,1,0.0,0.0,0.0,0.0,0.0,2.0,20,7,11,11/23/2024,2024-11-23,20:00:00
12/02/2024 05:02:00 PM,8.0,2,4,6,6,1,3,3,1,1,3,FAILING TO YIELD RIGHT-OF-WAY,2,1,0.0,0.0,0.0,0.0,0.0,2.0,17,2,12,12/02/2024,2024-12-02,17:02:00
12/02/2024 02:06:00 PM,5.0,2,1,13,5,1,3,3,1,1,3,DISREGARDING TRAFFIC SIGNALS,2,3,1.0,0.0,0.0,1.0,0.0,1.0,14,2,12,12/02/2024,2024-12-02,14:06:00
11/21/2024 10:00:00 AM,5.0,5,1,4,6,1,5,3,0,0,2,FOLLOWING TOO CLOSELY,2,1,0.0,0.0,0.0,0.0,0.0,4.0,10,5,11,11/21/2024,2024-11-21,10:00:00
11/19/2024 02:45:00 AM,1.0,2,1,4,6,1,1,1,0,0,3,UNABLE TO DETERMINE,2,1,0.0,0.0,0.0,0.0,0.0,2.0,2,3,11,11/19/2024,2024-11-19,02:45:00
11/19/2024 09:30:00 PM,5.0,2,4,4,5,1,3,3,1,1,3,FAILING TO REDUCE SPEED TO AVOID CRASH,2,3,2.0,0.0,0.0,2.0,0.0,1.0,21,3,11,11/19/2024,2024-11-19,21:30:00
11/19/2024 10:54:00 AM,5.0,3,1,6,4,1,3,3,0,1,2,DRIVING SKILLS/KNOWLEDGE/EXPERIENCE,2,1,0.0,0.0,0.0,0.0,0.0,2.0,10,3,11,11/19/2024,2024-11-19,10:54:00
11/19/2024 05:23:00 PM,7.0,2,3,4,4,1,3,3,0,1,2,UNABLE TO DETERMINE,2,1,0.0,0.0,0.0,0.0,0.0,2.0,17,3,11,11/19/2024,2024-11-19,17:23:00
11/19/2024 06:00:00 AM,5.0,3,5,6,6,1,3,1,1,1,3,FAILING TO YIELD RIGHT-OF-WAY,2,1,0.0,0.0,0.0,0.0,0.0,2.0,6,3,11,11/19/2024,2024-11-19,06:00:00
11/19/2024 08:55:00 AM,5.0,3,1,6,5,1,4,3,0,1,3,FAILING TO YIELD RIGHT-OF-WAY,2,1,0.0,0.0,0.0,0.0,0.0,3.0,8,3,11,11/19/2024,2024-11-19,08:55:00
11/19/2024 05:04:00 PM,5.0,2,4,3,6,1,1,1,0,1,3,IMPROPER OVERTAKING/PASSING,2,1,0.0,0.0,0.0,0.0,0.0,2.0,17,3,11,11/19/2024,2024-11-19,17:04:00
11/19/2024 07:25:00 PM,5.0,3,4,6,5,1,3,3,0,1,3,FOLLOWING TOO CLOSELY,2,1,0.0,0.0,0.0,0.0,0.0,2.0,19,3,11,11/19/2024,2024-11-19,19:25:00
11/19/2024 03:30:00 PM,5.0,2,1,13,6,1,1,1,1,1,3,DRIVING SKILLS/KNOWLEDGE/EXPERIENCE,2,3,1.0,0.0,0.0,1.0,0.0,1.0,15,3,11,11/19/2024,2024-11-19,15:30:00
11/19/2024 10:55:00 AM,7.0,2,1,5,5,1,3,3,1,1,3,DISREGARDING STOP SIGN,2,2,1.0,0.0,0.0,0.0,1.0,1.0,10,3,11,11/19/2024,2024-11-19,10:55:00
11/19/2024 10:25:00 AM,7.0,3,1,6,6,1,3,3,0,1,3,DRIVING SKILLS/KNOWLEDGE/EXPERIENCE,2,1,0.0,0.0,0.0,0.0,0.0,2.0,10,3,11,11/19/2024,2024-11-19,10:25:00
11/19/2024 02:45:00 PM,5.0,2,1,11,5,1,1,3,0,1,3,IMPROPER TURNING/NO SIGNAL,2,1,0.0,0.0,0.0,0.0,0.0,2.0,14,3,11,11/19/2024,2024-11-19,14:45:00
11/19/2024 11:30:00 AM,5.0,2,1,4,6,1,3,3,0,1,3,IMPROPER LANE USAGE,2,1,0.0,0.0,0.0,0.0,0.0,2.0,11,3,11,11/19/2024,2024-11-19,11:30:00
11/19/2024 02:40:00 PM,3.0,2,1,5,5,1,3,3,0,1,2,FAILING TO YIELD RIGHT-OF-WAY,2,1,0.0,0.0,0.0,0.0,0.0,2.0,14,3,11,11/19/2024,2024-11-19,14:40:00
11/19/2024 07:00:00 AM,5.0,2,1,6,5,1,3,3,0,1,3,UNABLE TO DETERMINE,2,1,0.0,0.0,0.0,0.0,0.0,2.0,7,3,11,11/19/2024,2024-11-19,07:00:00
11/19/2024 03:13:00 PM,7.0,2,1,5,5,1,3,3,1,1,3,DISREGARDING STOP SIGN,2,1,0.0,0.0,0.0,0.0,0.0,4.0,15,3,11,11/19/2024,2024-11-19,15:13:00
11/19/2024 08:38:00 AM,5.0,2,1,6,4,1,3,3,0,1,3,IMPROPER TURNING/NO SIGNAL,2,1,0.0,0.0,0.0,0.0,0.0,2.0,8,3,11,11/19/2024,2024-11-19,08:38:00
11/19/2024 05:10:00 PM,1.0,2,4,13,6,1,1,1,1,1,3,FAILING TO YIELD RIGHT-OF-WAY,2,3,1.0,0.0,0.0,1.0,0.0,1.0,17,3,11,11/19/2024,2024-11-19,17:10:00
11/19/2024 09:30:00 AM,3.0,3,1,13,6,1,3,3,1,1,3,FAILING TO YIELD RIGHT-OF-WAY,2,3,1.0,0.0,0.0,1.0,0.0,2.0,9,3,11,11/19/2024,2024-11-19,09:30:00
11/19/2024 05:22:00 AM,7.0,2,2,5,5,1,4,3,0,1,3,FAILING TO YIELD RIGHT-OF-WAY,2,1,0.0,0.0,0.0,0.0,0.0,2.0,5,3,11,11/19/2024,2024-11-19,05:22:00
11/19/2024 02:35:00 PM,5.0,2,1,13,4,1,3,3,1,1,1,FAILING TO YIELD RIGHT-OF-WAY,2,3,1.0,0.0,0.0,1.0,0.0,1.0,14,3,11,11/19/2024,2024-11-19,14:35:00
11/19/2024 10:06:00 PM,5.0,2,5,5,5,1,3,3,1,1,3,DISREGARDING TRAFFIC SIGNALS,2,1,0.0,0.0,0.0,0.0,0.0,2.0,22,3,11,11/19/2024,2024-11-19,22:06:00
11/19/2024 04:55:00 PM,7.0,2,2,6,5,1,3,3,1,1,3,DISREGARDING STOP SIGN,2,1,0.0,0.0,0.0,0.0,0.0,6.0,16,3,11,11/19/2024,2024-11-19,16:55:00
11/19/2024 07:57:00 AM,5.0,2,1,5,6,1,3,3,1,1,3,FAILING TO YIELD RIGHT-OF-WAY,2,1,0.0,0.0,0.0,0.0,0.0,3.0,7,3,11,11/19/2024,2024-11-19,07:57:00
11/19/2024 07:49:00 AM,7.0,3,1,6,6,1,1,3,1,1,2,FAILING TO YIELD RIGHT-OF-WAY,2,2,1.0,0.0,0.0,0.0,1.0,2.0,7,3,11,11/19/2024,2024-11-19,07:49:00
11/19/2024 06:10:00 PM,5.0,2,4,6,5,1,3,3,1,1,3,FAILING TO YIELD RIGHT-OF-WAY,2,4,2.0,0.0,1.0,0.0,1.0,0.0,18,3,11,11/19/2024,2024-11-19,18:10:00
11/19/2024 03:00:00 PM,7.0,2,1,5,1,1,3,3,1,1,3,FAILING TO YIELD RIGHT-OF-WAY,2,3,1.0,0.0,0.0,1.0,0.0,6.0,15,3,11,11/19/2024,2024-11-19,15:00:00
11/19/2024 03:48:00 PM,5.0,2,3,5,5,1,3,3,1,1,3,DISREGARDING TRAFFIC SIGNALS,2,3,1.0,0.0,0.0,1.0,0.0,2.0,15,3,11,11/19/2024,2024-11-19,15:48:00
11/19/2024 04:48:00 PM,7.0,2,4,6,5,1,3,3,1,1,3,FAILING TO YIELD RIGHT-OF-WAY,2,2,1.0,0.0,0.0,0.0,1.0,2.0,16,3,11,11/19/2024,2024-11-19,16:48:00
11/19/2024 12:20:00 AM,5.0,4,4,5,5,1,4,3,0,1,3,UNABLE TO DETERMINE,2,1,0.0,0.0,0.0,0.0,0.0,2.0,0,3,11,11/19/2024,2024-11-19,00:20:00
12/03/2024 12:00:00 PM,7.0,2,1,4,4,1,3,3,1,1,3,FOLLOWING TOO CLOSELY,2,2,1.0,0.0,0.0,0.0,1.0,2.0,12,3,12,12/03/2024,2024-12-03,12:00:00
12/03/2024 10:40:00 PM,5.0,2,4,6,14,1,3,3,1,1,3,UNABLE TO DETERMINE,2,2,1.0,0.0,0.0,0.0,1.0,1.0,22,3,12,12/03/2024,2024-12-03,22:40:00
12/01/2024 12:00:00 PM,1.0,2,1,11,6,1,1,1,0,1,3,UNABLE TO DETERMINE,2,1,0.0,0.0,0.0,0.0,0.0,1.0,12,1,12,12/01/2024,2024-12-01,12:00:00
12/04/2024 08:20:00 AM,3.0,2,1,14,6,1,3,3,1,1,3,FAILING TO YIELD RIGHT-OF-WAY,2,3,1.0,0.0,0.0,1.0,0.0,1.0,8,4,12,12/04/2024,2024-12-04,08:20:00
11/28/2024 02:27:00 PM,7.0,2,1,4,3,1,1,1,0,1,3,UNABLE TO DETERMINE,2,1,0.0,0.0,0.0,0.0,0.0,2.0,14,5,11,11/28/2024,2024-11-28,14:27:00
12/05/2024 02:15:00 AM,5.0,2,4,4,5,1,6,2,0,1,3,UNABLE TO DETERMINE,2,1,0.0,0.0,0.0,0.0,0.0,2.0,2,5,12,12/05/2024,2024-12-05,02:15:00
12/04/2024 11:48:00 PM,5.0,2,4,6,5,1,2,3,1,1,3,IMPROPER TURNING/NO SIGNAL,2,2,1.0,0.0,0.0,0.0,1.0,2.0,23,4,12,12/04/2024,2024-12-04,23:48:00
12/04/2024 08:42:00 AM,3.0,2,1,6,7,1,3,3,0,0,3,DISTRACTION - FROM INSIDE VEHICLE,2,1,0.0,0.0,0.0,0.0,0.0,2.0,8,4,12,12/04/2024,2024-12-04,08:42:00
12/04/2024 11:50:00 AM,1.0,2,1,5,1,1,1,1,0,1,3,UNABLE TO DETERMINE,2,1,0.0,0.0,0.0,0.0,0.0,2.0,11,4,12,12/04/2024,2024-12-04,11:50:00
12/03/2024 07:00:00 PM,3.0,2,4,6,10,1,3,3,0,0,2,FAILING TO YIELD RIGHT-OF-WAY,2,1,0.0,0.0,0.0,0.0,0.0,2.0,19,3,12,12/03/2024,2024-12-03,19:00:00
12/04/2024 04:55:00 PM,5.0,2,4,4,5,1,3,3,0,1,1,UNABLE TO DETERMINE,2,1,0.0,0.0,0.0,0.0,0.0,2.0,16,4,12,12/04/2024,2024-12-04,16:55:00
12/04/2024 03:23:00 PM,1.0,2,1,5,5,1,1,1,0,1,3,UNABLE TO DETERMINE,2,1,0.0,0.0,0.0,0.0,0.0,2.0,15,4,12,12/04/2024,2024-12-04,15:23:00
12/03/2024 07:00:00 AM,5.0,2,1,6,1,1,3,1,0,1,3,IMPROPER OVERTAKING/PASSING,2,1,0.0,0.0,0.0,0.0,0.0,3.0,7,3,12,12/03/2024,2024-12-03,07:00:00
11/21/2024 07:30:00 PM,5.0,5,5,6,6,1,5,1,0,0,2,WEATHER,2,1,0.0,0.0,0.0,0.0,0.0,3.0,19,5,11,11/21/2024,2024-11-21,19:30:00
12/04/2024 05:02:00 PM,5.0,2,4,4,5,1,3,3,0,1,3,FOLLOWING TOO CLOSELY,2,1,0.0,0.0,0.0,0.0,0.0,5.0,17,4,12,12/04/2024,2024-12-04,17:02:00
11/28/2024 01:48:00 AM,5.0,2,4,4,6,1,1,1,0,1,2,UNABLE TO DETERMINE,2,1,0.0,0.0,0.0,0.0,0.0,2.0,1,5,11,11/28/2024,2024-11-28,01:48:00
10/25/2024 10:00:00 AM,3.0,2,1,5,5,1,3,7,1,1,3,UNABLE TO DETERMINE,2,3,1.0,0.0,0.0,1.0,0.0,1.0,10,6,10,10/25/2024,2024-10-25,10:00:00
10/18/2024 04:30:00 PM,5.0,2,1,14,4,1,3,3,1,1,3,DISREGARDING TRAFFIC SIGNALS,2,3,1.0,0.0,0.0,1.0,0.0,1.0,16,6,10,10/18/2024,2024-10-18,16:30:00
12/04/2024 07:45:00 AM,3.0,2,1,6,6,1,3,3,0,0,3,FAILING TO YIELD RIGHT-OF-WAY,2,1,0.0,0.0,0.0,0.0,0.0,2.0,7,4,12,12/04/2024,2024-12-04,07:45:00
11/27/2024 11:30:00 AM,1.0,2,1,6,5,1,1,1,0,1,3,IMPROPER TURNING/NO SIGNAL,2,1,0.0,0.0,0.0,0.0,0.0,2.0,11,4,11,11/27/2024,2024-11-27,11:30:00
12/04/2024 10:43:00 AM,5.0,2,1,5,5,1,3,3,1,1,3,FAILING TO YIELD RIGHT-OF-WAY,2,1,0.0,0.0,0.0,0.0,0.0,2.0,10,4,12,12/04/2024,2024-12-04,10:43:00
11/20/2024 06:29:00 PM,5.0,4,4,6,5,1,4,1,0,1,3,UNABLE TO DETERMINE,2,1,0.0,0.0,0.0,0.0,0.0,2.0,18,4,11,11/20/2024,2024-11-20,18:29:00
11/20/2024 06:19:00 PM,5.0,3,4,13,5,1,1,1,0,1,2,FAILING TO YIELD RIGHT-OF-WAY,2,1,0.0,0.0,0.0,0.0,0.0,2.0,18,4,11,11/20/2024,2024-11-20,18:19:00
11/20/2024 08:00:00 AM,7.0,3,1,5,6,1,4,3,1,1,3,FAILING TO REDUCE SPEED TO AVOID CRASH,2,2,1.0,0.0,0.0,0.0,1.0,1.0,8,4,11,11/20/2024,2024-11-20,08:00:00
11/20/2024 07:30:00 PM,5.0,2,4,6,5,1,1,1,0,1,3,UNABLE TO DETERMINE,2,1,0.0,0.0,0.0,0.0,0.0,2.0,19,4,11,11/20/2024,2024-11-20,19:30:00
11/20/2024 11:00:00 AM,5.0,2,1,5,14,1,3,3,1,1,3,UNABLE TO DETERMINE,2,1,0.0,0.0,0.0,0.0,0.0,2.0,11,4,11,11/20/2024,2024-11-20,11:00:00
11/20/2024 06:30:00 PM,5.0,5,4,14,5,1,4,3,0,1,2,FAILING TO YIELD RIGHT-OF-WAY,2,1,0.0,0.0,0.0,0.0,0.0,2.0,18,4,11,11/20/2024,2024-11-20,18:30:00
11/20/2024 12:07:00 AM,5.0,2,4,5,5,1,3,3,1,1,3,UNABLE TO DETERMINE,2,3,1.0,0.0,0.0,1.0,0.0,1.0,0,4,11,11/20/2024,2024-11-20,00:07:00
11/20/2024 05:20:00 PM,5.0,3,4,5,6,1,4,3,0,1,3,FAILING TO YIELD RIGHT-OF-WAY,2,1,0.0,0.0,0.0,0.0,0.0,2.0,17,4,11,11/20/2024,2024-11-20,17:20:00
11/20/2024 09:45:00 PM,7.0,2,4,5,5,1,3,3,0,1,3,FAILING TO YIELD RIGHT-OF-WAY,2,1,0.0,0.0,0.0,0.0,0.0,2.0,21,4,11,11/20/2024,2024-11-20,21:45:00
11/20/2024 12:00:00 PM,5.0,2,1,4,4,1,3,3,0,1,3,UNABLE TO DETERMINE,2,1,0.0,0.0,0.0,0.0,0.0,4.0,12,4,11,11/20/2024,2024-11-20,12:00:00
11/20/2024 08:44:00 AM,7.0,2,1,5,6,1,4,3,1,1,3,FAILING TO YIELD RIGHT-OF-WAY,2,2,1.0,0.0,0.0,0.0,1.0,3.0,8,4,11,11/20/2024,2024-11-20,08:44:00
11/20/2024 10:30:00 AM,5.0,2,1,6,6,1,3,3,0,1,3,FAILING TO REDUCE SPEED TO AVOID CRASH,2,1,0.0,0.0,0.0,0.0,0.0,3.0,10,4,11,11/20/2024,2024-11-20,10:30:00
11/20/2024 03:59:00 PM,5.0,4,4,6,9,1,4,3,1,1,3,IMPROPER LANE USAGE,2,3,1.0,0.0,0.0,1.0,0.0,3.0,15,4,11,11/20/2024,2024-11-20,15:59:00
11/20/2024 04:24:00 PM,5.0,4,4,6,5,1,4,3,0,1,3,IMPROPER TURNING/NO SIGNAL,2,1,0.0,0.0,0.0,0.0,0.0,6.0,16,4,11,11/20/2024,2024-11-20,16:24:00
11/20/2024 07:06:00 AM,7.0,4,2,6,7,1,4,2,1,1,3,FAILING TO YIELD RIGHT-OF-WAY,2,2,1.0,0.0,0.0,0.0,1.0,1.0,7,4,11,11/20/2024,2024-11-20,07:06:00
11/20/2024 07:30:00 AM,5.0,4,1,13,10,1,4,3,1,1,1,FAILING TO YIELD RIGHT-OF-WAY,2,3,1.0,0.0,0.0,1.0,0.0,1.0,7,4,11,11/20/2024,2024-11-20,07:30:00
11/20/2024 08:03:00 AM,7.0,3,1,5,5,1,4,3,1,1,3,FAILING TO YIELD RIGHT-OF-WAY,2,1,0.0,0.0,0.0,0.0,0.0,3.0,8,4,11,11/20/2024,2024-11-20,08:03:00
11/20/2024 08:55:00 AM,5.0,2,5,3,5,1,3,1,0,1,3,FAILING TO YIELD RIGHT-OF-WAY,2,1,0.0,0.0,0.0,0.0,0.0,2.0,8,4,11,11/20/2024,2024-11-20,08:55:00
11/20/2024 07:35:00 PM,3.0,7,5,4,6,1,5,3,0,1,3,WEATHER,2,1,0.0,0.0,0.0,0.0,0.0,2.0,19,4,11,11/20/2024,2024-11-20,19:35:00
11/20/2024 09:39:00 AM,5.0,2,1,3,5,1,3,3,1,1,3,IMPROPER TURNING/NO SIGNAL,2,3,1.0,0.0,0.0,1.0,0.0,1.0,9,4,11,11/20/2024,2024-11-20,09:39:00
11/20/2024 06:15:00 AM,5.0,4,1,5,5,1,4,3,0,1,2,FAILING TO YIELD RIGHT-OF-WAY,2,1,0.0,0.0,0.0,0.0,0.0,2.0,6,4,11,11/20/2024,2024-11-20,06:15:00
11/20/2024 07:37:00 AM,5.0,3,1,6,13,1,4,3,0,1,3,IMPROPER TURNING/NO SIGNAL,2,1,0.0,0.0,0.0,0.0,0.0,2.0,7,4,11,11/20/2024,2024-11-20,07:37:00
11/20/2024 12:40:00 PM,5.0,2,1,6,5,1,3,3,0,1,3,IMPROPER TURNING/NO SIGNAL,2,1,0.0,0.0,0.0,0.0,0.0,2.0,12,4,11,11/20/2024,2024-11-20,12:40:00
11/20/2024 09:50:00 PM,7.0,7,5,5,7,1,4,3,1,1,3,FAILING TO YIELD RIGHT-OF-WAY,2,3,2.0,0.0,0.0,2.0,0.0,2.0,21,4,11,11/20/2024,2024-11-20,21:50:00
11/20/2024 09:02:00 AM,7.0,2,1,14,5,1,3,3,0,1,3,UNABLE TO DETERMINE,2,1,0.0,0.0,0.0,0.0,0.0,2.0,9,4,11,11/20/2024,2024-11-20,09:02:00
11/20/2024 04:45:00 PM,3.0,4,4,11,10,1,4,1,0,1,2,UNABLE TO DETERMINE,2,1,0.0,0.0,0.0,0.0,0.0,1.0,16,4,11,11/20/2024,2024-11-20,16:45:00
11/20/2024 10:40:00 AM,5.0,2,1,6,13,1,3,3,1,1,3,IMPROPER TURNING/NO SIGNAL,2,1,0.0,0.0,0.0,0.0,0.0,36.0,10,4,11,11/20/2024,2024-11-20,10:40:00
11/20/2024 06:04:00 PM,5.0,4,4,6,5,1,4,3,0,1,3,UNABLE TO DETERMINE,2,1,0.0,0.0,0.0,0.0,0.0,2.0,18,4,11,11/20/2024,2024-11-20,18:04:00
11/20/2024 06:30:00 AM,5.0,2,1,5,6,3,3,3,1,1,3,UNABLE TO DETERMINE,2,3,2.0,0.0,0.0,2.0,0.0,0.0,6,4,11,11/20/2024,2024-11-20,06:30:00
11/20/2024 05:15:00 PM,7.0,2,1,4,5,1,3,3,0,1,3,UNABLE TO DETERMINE,2,1,0.0,0.0,0.0,0.0,0.0,2.0,17,4,11,11/20/2024,2024-11-20,17:15:00
11/20/2024 03:00:00 PM,3.0,7,1,5,6,1,4,3,1,1,3,UNABLE TO DETERMINE,2,1,0.0,0.0,0.0,0.0,0.0,2.0,15,4,11,11/20/2024,2024-11-20,15:00:00
11/20/2024 03:45:00 PM,7.0,2,1,5,4,1,3,3,1,1,3,DRIVING SKILLS/KNOWLEDGE/EXPERIENCE,2,1,0.0,0.0,0.0,0.0,0.0,2.0,15,4,11,11/20/2024,2024-11-20,15:45:00
11/20/2024 03:30:00 PM,7.0,4,1,6,5,1,4,3,1,1,3,NOT APPLICABLE,2,1,0.0,0.0,0.0,0.0,0.0,2.0,15,4,11,11/20/2024,2024-11-20,15:30:00
11/20/2024 04:25:00 PM,5.0,2,1,6,5,1,4,3,0,1,3,FAILING TO YIELD RIGHT-OF-WAY,2,1,0.0,0.0,0.0,0.0,0.0,2.0,16,4,11,11/20/2024,2024-11-20,16:25:00