crash_date,traffic_control_device,weather_condition,lighting_condition,first_crash_type,trafficway_type,alignment,roadway_surface_cond,road_defect,crash_type,intersection_related_i,damage,prim_contributory_cause,num_units,most_severe_injury,injuries_total,injuries_fatal,injuries_incapacitating,injuries_non_incapacitating,injuries_reported_not_evident,injuries_no_indication,crash_hour,crash_day_of_week,crash_month,parsed_datetime,date,time
11/20/2024 04:22:00 PM,5.0,5,3,13,6,1,4,3,1,1,2,NOT APPLICABLE,2,3,1.0,0.0,0.0,1.0,0.0,1.0,16,4,11,11/20/2024,2024-11-20,16:22:00
11/20/2024 08:30:00 AM,5.0,3,1,6,5,1,3,3,0,1,3,FAILING TO YIELD RIGHT-OF-WAY,2,1,0.0,0.0,0.0,0.0,0.0,2.0,8,4,11,11/20/2024,2024-11-20,08:30:00
11/20/2024 11:09:00 AM,5.0,2,1,3,4,1,3,3,0,1,1,UNABLE TO DETERMINE,2,1,0.0,0.0,0.0,0.0,0.0,2.0,11,4,11,11/20/2024,2024-11-20,11:09:00
12/03/2024 11:45:00 AM,5.0,2,1,6,5,1,3,3,0,1,3,UNABLE TO DETERMINE,2,1,0.0,0.0,0.0,0.0,0.0,2.0,11,3,12,12/03/2024,2024-12-03,11:45:00
11/20/2024 04:25:00 PM,5.0,2,1,6,6,1,4,3,1,1,3,DISREGARDING TRAFFIC SIGNALS,2,3,1.0,0.0,0.0,1.0,0.0,1.0,16,4,11,11/20/2024,2024-11-20,16:25:00
11/20/2024 10:03:00 AM,5.0,2,1,6,5,1,3,3,1,1,3,FAILING TO YIELD RIGHT-OF-WAY,2,2,2.0,0.0,0.0,0.0,2.0,1.0,10,4,11,11/20/2024,2024-11-20,10:03:00
11/20/2024 08:20:00 AM,5.0,2,1,4,5,1,3,3,0,1,3,DRIVING SKILLS/KNOWLEDGE/EXPERIENCE,2,1,0.0,0.0,0.0,0.0,0.0,2.0,8,4,11,11/20/2024,2024-11-20,08:20:00
11/20/2024 11:37:00 AM,5.0,2,1,3,5,1,3,3,0,1,3,UNABLE TO DETERMINE,2,1,0.0,0.0,0.0,0.0,0.0,2.0,11,4,11,11/20/2024,2024-11-20,11:37:00
11/20/2024 02:58:00 PM,5.0,2,1,4,5,1,1,1,0,1,3,UNABLE TO DETERMINE,2,1,0.0,0.0,0.0,0.0,0.0,2.0,14,4,11,11/20/2024,2024-11-20,14:58:00
11/20/2024 03:43:00 PM,3.0,7,1,4,5,1,4,3,0,1,2,FOLLOWING TOO CLOSELY,2,1,0.0,0.0,0.0,0.0,0.0,2.0,15,4,11,11/20/2024,2024-11-20,15:43:00
11/20/2024 05:46:00 PM,5.0,4,4,6,5,1,4,3,1,1,3,IMPROPER TURNING/NO SIGNAL,2,3,2.0,0.0,0.0,2.0,0.0,1.0,17,4,11,11/20/2024,2024-11-20,17:46:00
11/20/2024 05:40:00 PM,7.0,2,4,3,6,1,3,3,0,1,3,UNABLE TO DETERMINE,2,1,0.0,0.0,0.0,0.0,0.0,2.0,17,4,11,11/20/2024,2024-11-20,17:40:00
11/20/2024 08:05:00 AM,5.0,2,1,6,4,1,4,1,0,1,3,DISREGARDING TRAFFIC SIGNALS,2,1,0.0,0.0,0.0,0.0,0.0,2.0,8,4,11,11/20/2024,2024-11-20,08:05:00
12/05/2024 10:26:00 AM,5.0,2,1,6,6,1,3,3,1,1,3,IMPROPER OVERTAKING/PASSING,2,1,0.0,0.0,0.0,0.0,0.0,2.0,10,5,12,12/05/2024,2024-12-05,10:26:00
12/05/2024 05:30:00 PM,5.0,2,4,13,4,1,3,3,1,1,1,IMPROPER TURNING/NO SIGNAL,2,4,2.0,0.0,2.0,0.0,0.0,0.0,17,5,12,12/05/2024,2024-12-05,17:30:00
12/04/2024 07:30:00 PM,7.0,2,4,5,1,1,3,3,1,1,3,UNABLE TO DETERMINE,2,3,1.0,0.0,0.0,1.0,0.0,2.0,19,4,12,12/04/2024,2024-12-04,19:30:00
12/05/2024 04:15:00 PM,5.0,2,1,3,5,1,3,3,0,1,3,UNABLE TO DETERMINE,2,1,0.0,0.0,0.0,0.0,0.0,2.0,16,5,12,12/05/2024,2024-12-05,16:15:00
12/05/2024 12:17:00 PM,5.0,2,1,6,6,1,3,3,0,1,3,UNABLE TO DETERMINE,2,1,0.0,0.0,0.0,0.0,0.0,2.0,12,5,12,12/05/2024,2024-12-05,12:17:00
12/04/2024 03:45:00 PM,5.0,2,1,3,4,1,3,3,0,1,3,IMPROPER OVERTAKING/PASSING,2,1,0.0,0.0,0.0,0.0,0.0,2.0,15,4,12,12/04/2024,2024-12-04,15:45:00
12/03/2024 12:30:00 AM,5.0,2,4,5,4,1,3,3,1,1,3,UNABLE TO DETERMINE,2,1,0.0,0.0,0.0,0.0,0.0,2.0,0,3,12,12/03/2024,2024-12-03,00:30:00
12/04/2024 06:40:00 AM,7.0,2,1,11,10,1,3,3,0,1,3,IMPROPER TURNING/NO SIGNAL,2,1,0.0,0.0,0.0,0.0,0.0,1.0,6,4,12,12/04/2024,2024-12-04,06:40:00
12/05/2024 08:11:00 AM,7.0,2,1,5,5,1,3,3,0,1,3,FAILING TO YIELD RIGHT-OF-WAY,2,1,0.0,0.0,0.0,0.0,0.0,2.0,8,5,12,12/05/2024,2024-12-05,08:11:00
12/05/2024 07:45:00 AM,5.0,2,1,3,5,1,1,1,0,1,3,UNABLE TO DETERMINE,2,1,0.0,0.0,0.0,0.0,0.0,2.0,7,5,12,12/05/2024,2024-12-05,07:45:00
12/05/2024 08:19:00 AM,5.0,2,1,5,1,1,3,3,1,1,3,FAILING TO YIELD RIGHT-OF-WAY,2,1,0.0,0.0,0.0,0.0,0.0,2.0,8,5,12,12/05/2024,2024-12-05,08:19:00
12/05/2024 06:53:00 AM,7.0,2,1,8,5,1,3,3,0,1,3,IMPROPER BACKING,2,1,0.0,0.0,0.0,0.0,0.0,2.0,6,5,12,12/05/2024,2024-12-05,06:53:00
11/27/2024 06:26:00 PM,7.0,2,4,6,7,1,3,3,0,1,2,FAILING TO YIELD RIGHT-OF-WAY,2,1,0.0,0.0,0.0,0.0,0.0,2.0,18,4,11,11/27/2024,2024-11-27,18:26:00
12/04/2024 11:55:00 AM,5.0,2,1,4,5,1,3,1,0,1,3,FOLLOWING TOO CLOSELY,2,1,0.0,0.0,0.0,0.0,0.0,2.0,11,4,12,12/04/2024,2024-12-04,11:55:00
09/21/2024 03:18:00 AM,5.0,2,4,14,6,1,3,3,1,1,3,UNABLE TO DETERMINE,2,5,1.0,1.0,0.0,0.0,0.0,1.0,3,7,9,09/21/2024,2024-09-21,03:18:00
12/05/2024 05:20:00 PM,3.0,2,4,4,4,1,3,1,0,1,3,UNABLE TO DETERMINE,2,1,0.0,0.0,0.0,0.0,0.0,6.0,17,5,12,12/05/2024,2024-12-05,17:20:00
11/17/2024 09:00:00 AM,3.0,2,1,3,10,1,3,3,0,1,3,NOT APPLICABLE,2,1,0.0,0.0,0.0,0.0,0.0,2.0,9,1,11,11/17/2024,2024-11-17,09:00:00
12/04/2024 12:53:00 PM,5.0,2,1,6,5,1,3,3,0,1,3,FAILING TO YIELD RIGHT-OF-WAY,2,1,0.0,0.0,0.0,0.0,0.0,2.0,12,4,12,12/04/2024,2024-12-04,12:53:00
12/05/2024 02:32:00 PM,5.0,2,3,4,6,1,3,3,1,1,3,FAILING TO REDUCE SPEED TO AVOID CRASH,2,3,1.0,0.0,0.0,1.0,0.0,1.0,14,5,12,12/05/2024,2024-12-05,14:32:00
12/05/2024 03:00:00 PM,1.0,3,1,3,5,1,1,1,0,1,3,UNABLE TO DETERMINE,2,1,0.0,0.0,0.0,0.0,0.0,2.0,15,5,12,12/05/2024,2024-12-05,15:00:00
12/03/2024 08:38:00 AM,5.0,2,1,3,5,1,1,1,0,1,3,UNABLE TO DETERMINE,2,1,0.0,0.0,0.0,0.0,0.0,2.0,8,3,12,12/03/2024,2024-12-03,08:38:00
12/05/2024 05:55:00 PM,5.0,2,4,4,6,1,3,3,1,1,3,UNABLE TO DETERMINE,2,1,0.0,0.0,0.0,0.0,0.0,2.0,17,5,12,12/05/2024,2024-12-05,17:55:00
12/05/2024 09:20:00 AM,5.0,2,1,6,6,1,3,3,1,1,3,IMPROPER OVERTAKING/PASSING,2,1,0.0,0.0,0.0,0.0,0.0,2.0,9,5,12,12/05/2024,2024-12-05,09:20:00
12/05/2024 08:30:00 AM,5.0,2,1,4,5,1,3,3,0,1,3,DRIVING SKILLS/KNOWLEDGE/EXPERIENCE,2,1,0.0,0.0,0.0,0.0,0.0,3.0,8,5,12,12/05/2024,2024-12-05,08:30:00
12/03/2024 08:30:00 PM,5.0,2,5,6,13,1,1,1,0,1,3,UNABLE TO DETERMINE,2,1,0.0,0.0,0.0,0.0,0.0,2.0,20,3,12,12/03/2024,2024-12-03,20:30:00
12/04/2024 03:45:00 PM,7.0,2,4,6,6,1,3,3,0,1,3,NOT APPLICABLE,2,1,0.0,0.0,0.0,0.0,0.0,2.0,15,4,12,12/04/2024,2024-12-04,15:45:00
12/04/2024 03:48:00 PM,5.0,2,1,3,7,1,1,3,0,1,2,UNABLE TO DETERMINE,2,1,0.0,0.0,0.0,0.0,0.0,2.0,15,4,12,12/04/2024,2024-12-04,15:48:00
12/05/2024 05:30:00 AM,5.0,2,1,5,6,1,3,3,1,1,3,UNABLE TO DETERMINE,2,2,1.0,0.0,0.0,0.0,1.0,1.0,5,5,12,12/05/2024,2024-12-05,05:30:00
12/05/2024 08:58:00 AM,5.0,2,1,6,6,1,3,3,1,1,3,IMPROPER OVERTAKING/PASSING,2,1,0.0,0.0,0.0,0.0,0.0,3.0,8,5,12,12/05/2024,2024-12-05,08:58:00
11/30/2024 02:25:00 PM,1.0,2,1,6,5,1,1,3,0,1,3,UNABLE TO DETERMINE,2,1,0.0,0.0,0.0,0.0,0.0,2.0,14,7,11,11/30/2024,2024-11-30,14:25:00
12/05/2024 12:15:00 PM,7.0,2,1,5,6,1,3,3,1,1,3,UNABLE TO DETERMINE,2,1,0.0,0.0,0.0,0.0,0.0,3.0,12,5,12,12/05/2024,2024-12-05,12:15:00
11/21/2024 06:50:00 PM,3.0,4,5,8,5,1,4,3,0,1,3,UNABLE TO DETERMINE,2,1,0.0,0.0,0.0,0.0,0.0,2.0,18,5,11,11/21/2024,2024-11-21,18:50:00
11/21/2024 08:00:00 AM,7.0,4,1,5,1,1,4,1,0,1,2,UNABLE TO DETERMINE,2,1,0.0,0.0,0.0,0.0,0.0,2.0,8,5,11,11/21/2024,2024-11-21,08:00:00
11/21/2024 06:10:00 AM,5.0,2,2,3,4,1,5,3,0,1,3,IMPROPER OVERTAKING/PASSING,2,1,0.0,0.0,0.0,0.0,0.0,3.0,6,5,11,11/21/2024,2024-11-21,06:10:00
11/21/2024 10:45:00 AM,1.0,5,1,4,6,1,1,1,0,1,1,UNABLE TO DETERMINE,2,1,0.0,0.0,0.0,0.0,0.0,2.0,10,5,11,11/21/2024,2024-11-21,10:45:00
11/21/2024 02:04:00 PM,5.0,5,1,6,5,1,5,3,1,1,3,FAILING TO YIELD RIGHT-OF-WAY,2,2,1.0,0.0,0.0,0.0,1.0,2.0,14,5,11,11/21/2024,2024-11-21,14:04:00
11/21/2024 05:58:00 PM,5.0,4,4,3,6,2,4,3,0,1,2,FOLLOWING TOO CLOSELY,2,1,0.0,0.0,0.0,0.0,0.0,2.0,17,5,11,11/21/2024,2024-11-21,17:58:00
11/21/2024 06:09:00 PM,3.0,4,5,6,3,1,4,3,0,1,3,IMPROPER TURNING/NO SIGNAL,2,1,0.0,0.0,0.0,0.0,0.0,2.0,18,5,11,11/21/2024,2024-11-21,18:09:00
11/21/2024 11:31:00 AM,5.0,5,1,4,14,1,5,3,1,1,3,WEATHER,2,2,1.0,0.0,0.0,0.0,1.0,1.0,11,5,11,11/21/2024,2024-11-21,11:31:00
11/21/2024 09:35:00 AM,3.0,5,1,4,5,1,5,3,0,1,3,WEATHER,2,1,0.0,0.0,0.0,0.0,0.0,2.0,9,5,11,11/21/2024,2024-11-21,09:35:00
11/21/2024 09:52:00 AM,5.0,5,1,4,5,1,4,1,0,1,3,FAILING TO REDUCE SPEED TO AVOID CRASH,2,1,0.0,0.0,0.0,0.0,0.0,2.0,9,5,11,11/21/2024,2024-11-21,09:52:00
11/21/2024 10:17:00 AM,3.0,5,1,6,7,1,5,3,0,1,2,FAILING TO YIELD RIGHT-OF-WAY,2,1,0.0,0.0,0.0,0.0,0.0,2.0,10,5,11,11/21/2024,2024-11-21,10:17:00
11/21/2024 01:50:00 PM,5.0,5,1,4,5,1,1,1,0,1,1,FAILING TO YIELD RIGHT-OF-WAY,2,1,0.0,0.0,0.0,0.0,0.0,2.0,13,5,11,11/21/2024,2024-11-21,13:50:00
11/21/2024 11:30:00 AM,5.0,5,1,4,6,1,5,3,1,0,3,FAILING TO REDUCE SPEED TO AVOID CRASH,2,3,1.0,0.0,0.0,1.0,0.0,1.0,11,5,11,11/21/2024,2024-11-21,11:30:00
11/21/2024 09:35:00 AM,7.0,5,1,6,7,2,5,3,0,1,2,IMPROPER TURNING/NO SIGNAL,2,1,0.0,0.0,0.0,0.0,0.0,2.0,9,5,11,11/21/2024,2024-11-21,09:35:00
11/21/2024 10:49:00 PM,5.0,2,4,6,5,1,4,3,0,1,3,IMPROPER TURNING/NO SIGNAL,2,1,0.0,0.0,0.0,0.0,0.0,3.0,22,5,11,11/21/2024,2024-11-21,22:49:00
11/21/2024 09:51:00 AM,7.0,5,1,4,6,1,5,3,0,1,3,FOLLOWING TOO CLOSELY,2,1,0.0,0.0,0.0,0.0,0.0,2.0,9,5,11,11/21/2024,2024-11-21,09:51:00
11/21/2024 05:30:00 PM,7.0,5,1,5,5,1,5,1,0,1,3,FAILING TO YIELD RIGHT-OF-WAY,2,1,0.0,0.0,0.0,0.0,0.0,2.0,17,5,11,11/21/2024,2024-11-21,17:30:00
11/21/2024 11:13:00 AM,7.0,5,1,4,5,1,5,3,0,1,3,WEATHER,2,1,0.0,0.0,0.0,0.0,0.0,2.0,11,5,11,11/21/2024,2024-11-21,11:13:00
11/21/2024 10:35:00 AM,7.0,5,1,6,7,1,5,3,0,1,3,UNABLE TO DETERMINE,2,1,0.0,0.0,0.0,0.0,0.0,3.0,10,5,11,11/21/2024,2024-11-21,10:35:00
11/21/2024 10:43:00 AM,5.0,5,1,9,4,1,5,2,1,1,3,WEATHER,2,1,0.0,0.0,0.0,0.0,0.0,2.0,10,5,11,11/21/2024,2024-11-21,10:43:00
11/21/2024 10:40:00 AM,3.0,2,1,6,10,2,5,3,0,1,2,FAILING TO YIELD RIGHT-OF-WAY,2,1,0.0,0.0,0.0,0.0,0.0,2.0,10,5,11,11/21/2024,2024-11-21,10:40:00
11/21/2024 09:15:00 AM,5.0,5,1,4,6,1,5,1,0,1,2,UNABLE TO DETERMINE,2,1,0.0,0.0,0.0,0.0,0.0,2.0,9,5,11,11/21/2024,2024-11-21,09:15:00
11/21/2024 05:23:00 PM,7.0,4,5,13,5,1,4,3,1,1,3,FAILING TO YIELD RIGHT-OF-WAY,2,3,1.0,0.0,0.0,1.0,0.0,1.0,17,5,11,11/21/2024,2024-11-21,17:23:00
11/21/2024 07:22:00 AM,3.0,2,1,6,7,1,4,3,1,1,3,FAILING TO YIELD RIGHT-OF-WAY,2,2,1.0,0.0,0.0,0.0,1.0,1.0,7,5,11,11/21/2024,2024-11-21,07:22:00
11/21/2024 08:22:00 PM,5.0,4,4,13,5,1,4,3,0,1,1,UNABLE TO DETERMINE,2,1,0.0,0.0,0.0,0.0,0.0,2.0,20,5,11,11/21/2024,2024-11-21,20:22:00
11/21/2024 12:15:00 PM,7.0,5,1,4,6,1,5,3,0,1,1,FOLLOWING TOO CLOSELY,2,1,0.0,0.0,0.0,0.0,0.0,3.0,12,5,11,11/21/2024,2024-11-21,12:15:00
11/21/2024 08:19:00 AM,3.0,5,1,6,5,1,5,3,1,1,3,UNABLE TO DETERMINE,2,3,1.0,0.0,0.0,1.0,0.0,1.0,8,5,11,11/21/2024,2024-11-21,08:19:00
11/21/2024 11:05:00 AM,7.0,5,1,4,6,1,5,3,0,1,2,UNABLE TO DETERMINE,2,1,0.0,0.0,0.0,0.0,0.0,2.0,11,5,11,11/21/2024,2024-11-21,11:05:00
11/21/2024 11:23:00 AM,7.0,5,1,4,4,1,5,1,0,1,3,UNABLE TO DETERMINE,2,1,0.0,0.0,0.0,0.0,0.0,2.0,11,5,11,11/21/2024,2024-11-21,11:23:00
11/21/2024 09:20:00 AM,1.0,2,1,5,6,1,1,1,0,1,1,UNABLE TO DETERMINE,2,1,0.0,0.0,0.0,0.0,0.0,2.0,9,5,11,11/21/2024,2024-11-21,09:20:00
11/21/2024 10:10:00 AM,5.0,5,1,5,4,1,5,3,0,1,1,WEATHER,2,1,0.0,0.0,0.0,0.0,0.0,2.0,10,5,11,11/21/2024,2024-11-21,10:10:00
11/21/2024 04:25:00 PM,5.0,2,1,6,5,1,1,1,0,1,2,FAILING TO YIELD RIGHT-OF-WAY,2,1,0.0,0.0,0.0,0.0,0.0,2.0,16,5,11,11/21/2024,2024-11-21,16:25:00
11/21/2024 09:59:00 AM,7.0,5,1,5,5,1,5,1,0,1,3,FAILING TO YIELD RIGHT-OF-WAY,2,1,0.0,0.0,0.0,0.0,0.0,4.0,9,5,11,11/21/2024,2024-11-21,09:59:00
11/21/2024 11:00:00 AM,3.0,5,1,6,17,1,4,2,0,1,3,UNABLE TO DETERMINE,2,1,0.0,0.0,0.0,0.0,0.0,3.0,11,5,11,11/21/2024,2024-11-21,11:00:00
11/21/2024 07:28:00 PM,7.0,4,4,6,5,1,4,3,1,1,3,DRIVING SKILLS/KNOWLEDGE/EXPERIENCE,2,3,1.0,0.0,0.0,1.0,0.0,1.0,19,5,11,11/21/2024,2024-11-21,19:28:00
11/21/2024 09:15:00 AM,7.0,5,1,4,7,1,5,1,0,1,3,FOLLOWING TOO CLOSELY,2,1,0.0,0.0,0.0,0.0,0.0,2.0,9,5,11,11/21/2024,2024-11-21,09:15:00
11/21/2024 06:00:00 PM,5.0,5,4,4,3,1,5,3,1,1,1,FAILING TO REDUCE SPEED TO AVOID CRASH,2,2,1.0,0.0,0.0,0.0,1.0,1.0,18,5,11,11/21/2024,2024-11-21,18:00:00
11/21/2024 10:57:00 AM,5.0,5,1,4,4,1,5,3,0,1,3,FOLLOWING TOO CLOSELY,2,1,0.0,0.0,0.0,0.0,0.0,2.0,10,5,11,11/21/2024,2024-11-21,10:57:00
11/21/2024 11:15:00 AM,5.0,5,3,4,5,1,5,3,0,1,2,UNABLE TO DETERMINE,2,1,0.0,0.0,0.0,0.0,0.0,3.0,11,5,11,11/21/2024,2024-11-21,11:15:00
11/21/2024 10:59:00 AM,7.0,5,1,6,6,1,5,3,0,1,3,FAILING TO YIELD RIGHT-OF-WAY,2,1,0.0,0.0,0.0,0.0,0.0,2.0,10,5,11,11/21/2024,2024-11-21,10:59:00
11/21/2024 11:00:00 AM,5.0,5,1,4,6,1,5,3,0,1,3,FOLLOWING TOO CLOSELY,2,1,0.0,0.0,0.0,0.0,0.0,4.0,11,5,11,11/21/2024,2024-11-21,11:00:00
11/21/2024 08:05:00 AM,5.0,5,1,3,5,1,5,3,0,1,3,IMPROPER LANE USAGE,2,1,0.0,0.0,0.0,0.0,0.0,2.0,8,5,11,11/21/2024,2024-11-21,08:05:00
11/21/2024 09:46:00 AM,3.0,5,4,11,9,1,5,3,0,1,3,WEATHER,2,1,0.0,0.0,0.0,0.0,0.0,1.0,9,5,11,11/21/2024,2024-11-21,09:46:00
11/21/2024 04:30:00 PM,5.0,4,4,6,7,1,4,3,1,1,3,UNABLE TO DETERMINE,2,1,0.0,0.0,0.0,0.0,0.0,2.0,16,5,11,11/21/2024,2024-11-21,16:30:00
11/21/2024 07:05:00 AM,7.0,3,1,4,5,1,5,3,0,1,3,FOLLOWING TOO CLOSELY,2,1,0.0,0.0,0.0,0.0,0.0,2.0,7,5,11,11/21/2024,2024-11-21,07:05:00
11/21/2024 08:23:00 PM,5.0,4,4,4,3,1,4,3,0,1,2,DISTRACTION - FROM INSIDE VEHICLE,2,1,0.0,0.0,0.0,0.0,0.0,2.0,20,5,11,11/21/2024,2024-11-21,20:23:00
11/21/2024 10:15:00 AM,3.0,5,1,4,6,1,4,3,0,1,3,WEATHER,2,1,0.0,0.0,0.0,0.0,0.0,2.0,10,5,11,11/21/2024,2024-11-21,10:15:00
11/21/2024 09:45:00 AM,5.0,5,1,4,7,1,5,1,0,1,3,UNABLE TO DETERMINE,2,1,0.0,0.0,0.0,0.0,0.0,2.0,9,5,11,11/21/2024,2024-11-21,09:45:00
11/21/2024 11:15:00 AM,5.0,5,1,4,6,1,5,3,0,1,2,FAILING TO YIELD RIGHT-OF-WAY,2,1,0.0,0.0,0.0,0.0,0.0,2.0,11,5,11,11/21/2024,2024-11-21,11:15:00
11/21/2024 08:25:00 AM,7.0,5,1,5,5,1,4,3,0,1,1,UNABLE TO DETERMINE,2,1,0.0,0.0,0.0,0.0,0.0,2.0,8,5,11,11/21/2024,2024-11-21,08:25:00
11/21/2024 04:01:00 PM,7.0,5,1,5,5,1,4,3,1,1,3,FAILING TO YIELD RIGHT-OF-WAY,2,2,1.0,0.0,0.0,0.0,1.0,2.0,16,5,11,11/21/2024,2024-11-21,16:01:00
11/21/2024 04:27:00 PM,7.0,5,3,9,6,1,5,1,0,1,3,DRIVING SKILLS/KNOWLEDGE/EXPERIENCE,2,1,0.0,0.0,0.0,0.0,0.0,3.0,16,5,11,11/21/2024,2024-11-21,16:27:00
11/21/2024 07:06:00 PM,7.0,4,4,5,5,2,4,3,0,1,2,FAILING TO YIELD RIGHT-OF-WAY,2,1,0.0,0.0,0.0,0.0,0.0,2.0,19,5,11,11/21/2024,2024-11-21,19:06:00
11/21/2024 11:14:00 AM,1.0,5,1,5,7,1,5,1,0,1,1,UNABLE TO DETERMINE,2,1,0.0,0.0,0.0,0.0,0.0,2.0,11,5,11,11/21/2024,2024-11-21,11:14:00
11/21/2024 11:00:00 AM,1.0,5,1,6,6,1,5,1,0,1,2,NOT APPLICABLE,2,1,0.0,0.0,0.0,0.0,0.0,2.0,11,5,11,11/21/2024,2024-11-21,11:00:00
11/21/2024 12:34:00 PM,7.0,5,1,5,5,1,5,3,1,1,2,DISREGARDING STOP SIGN,2,2,1.0,0.0,0.0,0.0,1.0,2.0,12,5,11,11/21/2024,2024-11-21,12:34:00
11/21/2024 10:05:00 AM,5.0,5,1,11,7,1,5,3,0,1,3,WEATHER,2,1,0.0,0.0,0.0,0.0,0.0,2.0,10,5,11,11/21/2024,2024-11-21,10:05:00
11/21/2024 05:54:00 PM,5.0,5,4,6,6,1,4,1,1,1,3,FAILING TO YIELD RIGHT-OF-WAY,2,1,0.0,0.0,0.0,0.0,0.0,3.0,17,5,11,11/21/2024,2024-11-21,17:54:00
11/21/2024 11:15:00 AM,7.0,5,1,4,6,1,5,1,0,1,3,FOLLOWING TOO CLOSELY,2,1,0.0,0.0,0.0,0.0,0.0,2.0,11,5,11,11/21/2024,2024-11-21,11:15:00
11/21/2024 10:30:00 AM,5.0,5,1,4,6,1,4,1,0,1,3,FOLLOWING TOO CLOSELY,2,1,0.0,0.0,0.0,0.0,0.0,2.0,10,5,11,11/21/2024,2024-11-21,10:30:00
11/21/2024 10:05:00 AM,5.0,5,1,6,14,1,5,1,0,1,2,FAILING TO YIELD RIGHT-OF-WAY,2,1,0.0,0.0,0.0,0.0,0.0,2.0,10,5,11,11/21/2024,2024-11-21,10:05:00
11/21/2024 12:15:00 PM,5.0,5,1,4,13,4,5,3,1,1,3,FOLLOWING TOO CLOSELY,2,3,2.0,0.0,0.0,1.0,1.0,0.0,12,5,11,11/21/2024,2024-11-21,12:15:00
11/21/2024 11:30:00 AM,1.0,7,1,4,5,1,4,1,0,1,3,UNABLE TO DETERMINE,2,1,0.0,0.0,0.0,0.0,0.0,2.0,11,5,11,11/21/2024,2024-11-21,11:30:00
11/21/2024 10:00:00 AM,5.0,5,1,4,4,1,5,3,0,1,2,TURNING RIGHT ON RED,2,1,0.0,0.0,0.0,0.0,0.0,4.0,10,5,11,11/21/2024,2024-11-21,10:00:00
11/21/2024 10:30:00 AM,5.0,5,1,11,5,1,5,3,0,1,3,WEATHER,2,1,0.0,0.0,0.0,0.0,0.0,1.0,10,5,11,11/21/2024,2024-11-21,10:30:00
11/21/2024 11:56:00 AM,7.0,5,1,4,5,1,5,3,0,1,2,WEATHER,2,1,0.0,0.0,0.0,0.0,0.0,3.0,11,5,11,11/21/2024,2024-11-21,11:56:00
11/21/2024 09:30:00 AM,5.0,5,1,4,4,1,1,1,0,1,3,UNABLE TO DETERMINE,2,1,0.0,0.0,0.0,0.0,0.0,2.0,9,5,11,11/21/2024,2024-11-21,09:30:00
11/21/2024 11:10:00 AM,5.0,5,1,3,6,1,5,3,0,1,1,WEATHER,2,1,0.0,0.0,0.0,0.0,0.0,2.0,11,5,11,11/21/2024,2024-11-21,11:10:00
11/21/2024 06:00:00 PM,7.0,5,4,5,4,1,5,3,0,1,3,UNABLE TO DETERMINE,2,1,0.0,0.0,0.0,0.0,0.0,4.0,18,5,11,11/21/2024,2024-11-21,18:00:00
11/21/2024 08:40:00 AM,6.0,6,5,13,5,1,4,3,1,1,1,FAILING TO YIELD RIGHT-OF-WAY,2,2,1.0,0.0,0.0,0.0,1.0,1.0,8,5,11,11/21/2024,2024-11-21,08:40:00
11/21/2024 05:15:00 PM,7.0,5,4,5,5,1,4,1,1,1,2,DISREGARDING STOP SIGN,2,1,0.0,0.0,0.0,0.0,0.0,3.0,17,5,11,11/21/2024,2024-11-21,17:15:00
11/21/2024 08:41:00 AM,5.0,5,1,6,1,1,5,1,0,1,3,IMPROPER LANE USAGE,2,1,0.0,0.0,0.0,0.0,0.0,2.0,8,5,11,11/21/2024,2024-11-21,08:41:00
11/21/2024 04:47:00 PM,7.0,4,5,5,5,1,4,3,0,1,3,DISREGARDING STOP SIGN,2,1,0.0,0.0,0.0,0.0,0.0,2.0,16,5,11,11/21/2024,2024-11-21,16:47:00
11/21/2024 11:30:00 AM,5.0,5,1,4,4,1,5,1,0,0,3,WEATHER,2,1,0.0,0.0,0.0,0.0,0.0,2.0,11,5,11,11/21/2024,2024-11-21,11:30:00
11/21/2024 09:15:00 AM,5.0,5,1,4,4,1,5,3,0,1,3,WEATHER,2,1,0.0,0.0,0.0,0.0,0.0,2.0,9,5,11,11/21/2024,2024-11-21,09:15:00
11/21/2024 06:20:00 AM,7.0,5,1,4,10,1,5,3,0,1,3,FOLLOWING TOO CLOSELY,2,1,0.0,0.0,0.0,0.0,0.0,2.0,6,5,11,11/21/2024,2024-11-21,06:20:00
11/21/2024 11:40:00 AM,7.0,5,1,4,4,1,5,3,0,1,3,WEATHER,2,1,0.0,0.0,0.0,0.0,0.0,2.0,11,5,11,11/21/2024,2024-11-21,11:40:00
11/21/2024 11:28:00 AM,5.0,5,1,4,4,1,5,3,0,1,3,WEATHER,2,1,0.0,0.0,0.0,0.0,0.0,2.0,11,5,11,11/21/2024,2024-11-21,11:28:00
11/21/2024 12:07:00 PM,5.0,5,1,4,4,1,5,3,1,1,3,FOLLOWING TOO CLOSELY,2,1,0.0,0.0,0.0,0.0,0.0,2.0,12,5,11,11/21/2024,2024-11-21,12:07:00
11/21/2024 10:00:00 AM,5.0,5,1,8,5,1,5,3,0,1,3,UNABLE TO DETERMINE,2,1,0.0,0.0,0.0,0.0,0.0,2.0,10,5,11,11/21/2024,2024-11-21,10:00:00
11/21/2024 09:52:00 AM,5.0,5,1,5,4,1,5,3,0,1,3,UNABLE TO DETERMINE,2,1,0.0,0.0,0.0,0.0,0.0,5.0,9,5,11,11/21/2024,2024-11-21,09:52:00