crash_date,traffic_control_device,weather_condition,lighting_condition,first_crash_type,trafficway_type,alignment,roadway_surface_cond,road_defect,crash_type,intersection_related_i,damage,prim_contributory_cause,num_units,most_severe_injury,injuries_total,injuries_fatal,injuries_incapacitating,injuries_non_incapacitating,injuries_reported_not_evident,injuries_no_indication,crash_hour,crash_day_of_week,crash_month,parsed_datetime,date,time
11/21/2024 09:45:00 AM,1.0,2,1,4,6,1,1,1,0,1,3,UNABLE TO DETERMINE,2,1,0.0,0.0,0.0,0.0,0.0,2.0,9,5,11,11/21/2024,2024-11-21,09:45:00
11/21/2024 08:15:00 AM,5.0,2,1,6,6,1,5,3,0,1,3,NOT APPLICABLE,2,1,0.0,0.0,0.0,0.0,0.0,2.0,8,5,11,11/21/2024,2024-11-21,08:15:00
11/21/2024 05:54:00 PM,5.0,2,4,13,5,1,4,3,1,1,3,FAILING TO YIELD RIGHT-OF-WAY,2,3,1.0,0.0,0.0,1.0,0.0,1.0,17,5,11,11/21/2024,2024-11-21,17:54:00
11/21/2024 05:13:00 PM,1.0,4,3,14,5,1,5,1,1,1,3,DISREGARDING TRAFFIC SIGNALS,2,4,1.0,0.0,1.0,0.0,0.0,1.0,17,5,11,11/21/2024,2024-11-21,17:13:00
11/21/2024 09:51:00 AM,5.0,5,1,4,6,1,5,1,0,1,3,NOT APPLICABLE,2,1,0.0,0.0,0.0,0.0,0.0,4.0,9,5,11,11/21/2024,2024-11-21,09:51:00
12/03/2024 02:10:00 AM,7.0,2,4,11,6,1,3,3,1,1,3,FAILING TO YIELD RIGHT-OF-WAY,2,1,0.0,0.0,0.0,0.0,0.0,1.0,2,3,12,12/03/2024,2024-12-03,02:10:00
12/06/2024 04:34:00 AM,5.0,2,4,5,5,1,3,1,1,1,3,FAILING TO YIELD RIGHT-OF-WAY,2,3,1.0,0.0,0.0,1.0,0.0,1.0,4,6,12,12/06/2024,2024-12-06,04:34:00
12/04/2024 04:30:00 PM,7.0,2,4,5,4,1,3,3,0,1,2,UNABLE TO DETERMINE,2,1,0.0,0.0,0.0,0.0,0.0,2.0,16,4,12,12/04/2024,2024-12-04,16:30:00
12/06/2024 07:40:00 AM,7.0,2,1,6,5,1,3,3,0,1,3,UNABLE TO DETERMINE,2,1,0.0,0.0,0.0,0.0,0.0,2.0,7,6,12,12/06/2024,2024-12-06,07:40:00
12/06/2024 08:45:00 PM,5.0,2,4,18,10,1,3,3,0,1,3,UNABLE TO DETERMINE,2,1,0.0,0.0,0.0,0.0,0.0,2.0,20,6,12,12/06/2024,2024-12-06,20:45:00
12/05/2024 11:23:00 AM,5.0,2,4,5,13,1,3,3,1,1,3,FAILING TO REDUCE SPEED TO AVOID CRASH,2,1,0.0,0.0,0.0,0.0,0.0,3.0,11,5,12,12/05/2024,2024-12-05,11:23:00
11/29/2024 06:00:00 PM,1.0,2,1,11,17,1,1,1,0,1,3,UNABLE TO DETERMINE,2,1,0.0,0.0,0.0,0.0,0.0,1.0,18,6,11,11/29/2024,2024-11-29,18:00:00
12/05/2024 04:47:00 AM,5.0,2,4,4,6,1,3,1,0,1,3,FAILING TO REDUCE SPEED TO AVOID CRASH,2,1,0.0,0.0,0.0,0.0,0.0,2.0,4,5,12,12/05/2024,2024-12-05,04:47:00
12/05/2024 09:43:00 PM,5.0,2,4,4,4,1,3,3,0,1,2,FOLLOWING TOO CLOSELY,2,1,0.0,0.0,0.0,0.0,0.0,3.0,21,5,12,12/05/2024,2024-12-05,21:43:00
12/06/2024 05:55:00 AM,5.0,2,1,6,5,1,3,3,0,1,1,IMPROPER TURNING/NO SIGNAL,2,1,0.0,0.0,0.0,0.0,0.0,2.0,5,6,12,12/06/2024,2024-12-06,05:55:00
12/06/2024 07:45:00 AM,5.0,2,1,3,6,1,3,3,0,1,1,UNABLE TO DETERMINE,2,1,0.0,0.0,0.0,0.0,0.0,4.0,7,6,12,12/06/2024,2024-12-06,07:45:00
12/06/2024 06:56:00 PM,7.0,2,5,5,5,1,3,3,1,1,3,FAILING TO YIELD RIGHT-OF-WAY,2,1,0.0,0.0,0.0,0.0,0.0,4.0,18,6,12,12/06/2024,2024-12-06,18:56:00
12/05/2024 12:43:00 PM,5.0,2,1,13,5,1,3,1,1,1,1,FAILING TO YIELD RIGHT-OF-WAY,2,2,1.0,0.0,0.0,0.0,1.0,1.0,12,5,12,12/05/2024,2024-12-05,12:43:00
12/06/2024 04:15:00 PM,5.0,2,4,6,5,1,1,1,0,1,3,FAILING TO YIELD RIGHT-OF-WAY,2,1,0.0,0.0,0.0,0.0,0.0,2.0,16,6,12,12/06/2024,2024-12-06,16:15:00
12/02/2024 03:15:00 PM,5.0,2,1,6,5,1,1,1,0,1,3,IMPROPER TURNING/NO SIGNAL,2,1,0.0,0.0,0.0,0.0,0.0,2.0,15,2,12,12/02/2024,2024-12-02,15:15:00
12/05/2024 12:35:00 PM,7.0,2,1,5,5,1,3,1,1,1,3,DISREGARDING STOP SIGN,2,3,2.0,0.0,0.0,2.0,0.0,0.0,12,5,12,12/05/2024,2024-12-05,12:35:00
12/06/2024 07:25:00 AM,3.0,2,1,6,5,1,1,1,0,1,3,FAILING TO YIELD RIGHT-OF-WAY,2,1,0.0,0.0,0.0,0.0,0.0,2.0,7,6,12,12/06/2024,2024-12-06,07:25:00
12/05/2024 08:57:00 PM,5.0,2,4,5,2,1,3,1,1,1,3,DISREGARDING OTHER TRAFFIC SIGNS,2,1,0.0,0.0,0.0,0.0,0.0,2.0,20,5,12,12/05/2024,2024-12-05,20:57:00
12/06/2024 07:01:00 PM,7.0,2,4,5,4,1,1,1,1,1,2,FAILING TO YIELD RIGHT-OF-WAY,2,1,0.0,0.0,0.0,0.0,0.0,2.0,19,6,12,12/06/2024,2024-12-06,19:01:00
12/06/2024 12:00:00 PM,5.0,2,1,4,7,1,1,1,0,1,3,UNABLE TO DETERMINE,2,1,0.0,0.0,0.0,0.0,0.0,2.0,12,6,12,12/06/2024,2024-12-06,12:00:00
12/05/2024 03:20:00 PM,5.0,2,1,5,5,1,3,3,1,1,3,DRIVING SKILLS/KNOWLEDGE/EXPERIENCE,2,2,1.0,0.0,0.0,0.0,1.0,1.0,15,5,12,12/05/2024,2024-12-05,15:20:00
12/06/2024 01:20:00 PM,7.0,2,1,4,5,1,1,1,1,1,3,UNABLE TO DETERMINE,2,3,1.0,0.0,0.0,1.0,0.0,2.0,13,6,12,12/06/2024,2024-12-06,13:20:00
12/05/2024 08:27:00 AM,7.0,2,1,5,4,1,3,3,1,1,3,FAILING TO REDUCE SPEED TO AVOID CRASH,2,1,0.0,0.0,0.0,0.0,0.0,4.0,8,5,12,12/05/2024,2024-12-05,08:27:00
12/06/2024 05:33:00 PM,7.0,2,1,3,6,1,3,3,0,1,1,UNABLE TO DETERMINE,2,1,0.0,0.0,0.0,0.0,0.0,2.0,17,6,12,12/06/2024,2024-12-06,17:33:00
12/06/2024 05:55:00 PM,5.0,2,4,6,5,1,3,3,1,1,3,IMPROPER OVERTAKING/PASSING,2,2,1.0,0.0,0.0,0.0,1.0,2.0,17,6,12,12/06/2024,2024-12-06,17:55:00
11/21/2024 09:50:00 AM,7.0,2,1,5,5,1,3,3,1,1,3,UNABLE TO DETERMINE,2,2,1.0,0.0,0.0,0.0,1.0,2.0,9,5,11,11/21/2024,2024-11-21,09:50:00
12/04/2024 04:29:00 PM,5.0,2,4,6,5,1,3,3,0,1,2,UNABLE TO DETERMINE,2,1,0.0,0.0,0.0,0.0,0.0,2.0,16,4,12,12/04/2024,2024-12-04,16:29:00
12/05/2024 08:59:00 PM,5.0,2,4,5,4,1,3,3,1,1,3,FAILING TO YIELD RIGHT-OF-WAY,2,4,1.0,0.0,1.0,0.0,0.0,2.0,20,5,12,12/05/2024,2024-12-05,20:59:00
12/06/2024 08:22:00 AM,5.0,2,1,6,5,1,3,3,1,1,3,UNABLE TO DETERMINE,2,2,2.0,0.0,0.0,0.0,2.0,2.0,8,6,12,12/06/2024,2024-12-06,08:22:00
12/07/2024 01:14:00 AM,5.0,2,4,5,5,1,3,3,1,1,3,UNABLE TO DETERMINE,2,2,1.0,0.0,0.0,0.0,1.0,2.0,1,7,12,12/07/2024,2024-12-07,01:14:00
12/06/2024 11:45:00 PM,5.0,2,4,5,4,1,3,1,1,1,3,DISREGARDING TRAFFIC SIGNALS,2,1,0.0,0.0,0.0,0.0,0.0,2.0,23,6,12,12/06/2024,2024-12-06,23:45:00
12/06/2024 05:02:00 PM,7.0,2,4,5,2,1,3,1,1,1,3,FAILING TO YIELD RIGHT-OF-WAY,2,3,2.0,0.0,0.0,2.0,0.0,1.0,17,6,12,12/06/2024,2024-12-06,17:02:00
12/04/2024 01:00:00 PM,3.0,2,1,11,10,1,3,3,1,1,3,IMPROPER LANE USAGE,2,1,0.0,0.0,0.0,0.0,0.0,1.0,13,4,12,12/04/2024,2024-12-04,13:00:00
12/06/2024 05:15:00 PM,3.0,3,4,4,3,1,3,3,0,1,1,FAILING TO REDUCE SPEED TO AVOID CRASH,2,1,0.0,0.0,0.0,0.0,0.0,2.0,17,6,12,12/06/2024,2024-12-06,17:15:00
12/04/2024 09:09:00 PM,3.0,2,4,6,6,1,3,3,1,1,3,UNABLE TO DETERMINE,2,3,1.0,0.0,0.0,1.0,0.0,2.0,21,4,12,12/04/2024,2024-12-04,21:09:00
12/05/2024 05:00:00 PM,5.0,2,2,5,5,2,3,1,0,1,1,UNABLE TO DETERMINE,2,1,0.0,0.0,0.0,0.0,0.0,2.0,17,5,12,12/05/2024,2024-12-05,17:00:00
12/06/2024 06:20:00 AM,7.0,2,1,6,5,1,3,3,0,1,3,UNABLE TO DETERMINE,2,1,0.0,0.0,0.0,0.0,0.0,2.0,6,6,12,12/06/2024,2024-12-06,06:20:00
12/05/2024 08:59:00 PM,5.0,2,4,6,5,1,3,3,1,1,2,IMPROPER TURNING/NO SIGNAL,2,2,2.0,0.0,0.0,0.0,2.0,3.0,20,5,12,12/05/2024,2024-12-05,20:59:00
12/06/2024 01:04:00 PM,5.0,2,1,5,4,1,3,3,0,1,1,UNABLE TO DETERMINE,2,1,0.0,0.0,0.0,0.0,0.0,2.0,13,6,12,12/06/2024,2024-12-06,13:04:00
12/04/2024 12:11:00 PM,1.0,2,1,4,6,1,1,1,0,1,3,DISTRACTION - FROM INSIDE VEHICLE,2,1,0.0,0.0,0.0,0.0,0.0,3.0,12,4,12,12/04/2024,2024-12-04,12:11:00
12/03/2024 11:05:00 PM,5.0,2,4,5,5,1,1,1,1,1,3,DISREGARDING TRAFFIC SIGNALS,2,1,0.0,0.0,0.0,0.0,0.0,5.0,23,3,12,12/03/2024,2024-12-03,23:05:00
12/06/2024 10:09:00 AM,5.0,2,1,6,4,1,3,3,1,1,3,FAILING TO REDUCE SPEED TO AVOID CRASH,2,2,1.0,0.0,0.0,0.0,1.0,1.0,10,6,12,12/06/2024,2024-12-06,10:09:00
12/06/2024 02:29:00 PM,5.0,2,1,6,5,1,3,1,1,1,3,DISREGARDING TRAFFIC SIGNALS,2,1,0.0,0.0,0.0,0.0,0.0,2.0,14,6,12,12/06/2024,2024-12-06,14:29:00
12/06/2024 07:49:00 AM,7.0,2,1,5,5,1,3,3,1,1,3,UNABLE TO DETERMINE,2,1,0.0,0.0,0.0,0.0,0.0,3.0,7,6,12,12/06/2024,2024-12-06,07:49:00
12/06/2024 06:15:00 PM,7.0,3,4,5,5,1,3,3,0,1,3,FAILING TO YIELD RIGHT-OF-WAY,2,1,0.0,0.0,0.0,0.0,0.0,4.0,18,6,12,12/06/2024,2024-12-06,18:15:00
12/06/2024 11:22:00 AM,1.0,2,1,3,6,1,1,1,0,1,2,IMPROPER OVERTAKING/PASSING,2,1,0.0,0.0,0.0,0.0,0.0,2.0,11,6,12,12/06/2024,2024-12-06,11:22:00
12/06/2024 07:40:00 AM,7.0,2,1,6,6,1,1,1,0,1,2,UNABLE TO DETERMINE,2,1,0.0,0.0,0.0,0.0,0.0,2.0,7,6,12,12/06/2024,2024-12-06,07:40:00
11/22/2024 06:41:00 AM,5.0,3,4,10,6,1,4,3,1,1,3,EQUIPMENT - VEHICLE CONDITION,2,1,0.0,0.0,0.0,0.0,0.0,2.0,6,6,11,11/22/2024,2024-11-22,06:41:00
11/22/2024 05:28:00 PM,5.0,2,4,9,5,1,3,3,1,1,3,UNABLE TO DETERMINE,2,1,0.0,0.0,0.0,0.0,0.0,3.0,17,6,11,11/22/2024,2024-11-22,17:28:00
11/22/2024 04:40:00 PM,2.0,2,3,5,5,1,3,3,0,1,3,FAILING TO YIELD RIGHT-OF-WAY,2,1,0.0,0.0,0.0,0.0,0.0,2.0,16,6,11,11/22/2024,2024-11-22,16:40:00
11/22/2024 09:06:00 AM,3.0,2,1,6,4,1,3,3,0,1,3,UNABLE TO DETERMINE,2,1,0.0,0.0,0.0,0.0,0.0,2.0,9,6,11,11/22/2024,2024-11-22,09:06:00
11/22/2024 06:30:00 PM,1.0,2,1,6,7,1,1,1,0,1,2,UNABLE TO DETERMINE,2,1,0.0,0.0,0.0,0.0,0.0,4.0,18,6,11,11/22/2024,2024-11-22,18:30:00
11/22/2024 01:15:00 PM,5.0,2,1,3,14,1,3,3,0,1,2,DRIVING SKILLS/KNOWLEDGE/EXPERIENCE,2,1,0.0,0.0,0.0,0.0,0.0,2.0,13,6,11,11/22/2024,2024-11-22,13:15:00
11/22/2024 08:05:00 AM,7.0,2,1,6,6,1,3,3,0,1,3,UNABLE TO DETERMINE,2,1,0.0,0.0,0.0,0.0,0.0,2.0,8,6,11,11/22/2024,2024-11-22,08:05:00
11/22/2024 08:35:00 PM,5.0,2,4,3,6,1,3,3,1,1,3,FAILING TO YIELD RIGHT-OF-WAY,2,3,1.0,0.0,0.0,1.0,0.0,2.0,20,6,11,11/22/2024,2024-11-22,20:35:00
11/22/2024 12:40:00 PM,5.0,3,1,6,4,1,3,3,1,1,3,FAILING TO YIELD RIGHT-OF-WAY,2,3,1.0,0.0,0.0,1.0,0.0,1.0,12,6,11,11/22/2024,2024-11-22,12:40:00
11/22/2024 12:00:00 PM,7.0,2,1,5,5,1,3,3,1,1,3,UNABLE TO DETERMINE,2,2,2.0,0.0,0.0,0.0,2.0,1.0,12,6,11,11/22/2024,2024-11-22,12:00:00
11/22/2024 01:07:00 PM,5.0,2,1,6,10,1,4,3,1,1,3,IMPROPER TURNING/NO SIGNAL,2,2,1.0,0.0,0.0,0.0,1.0,2.0,13,6,11,11/22/2024,2024-11-22,13:07:00
11/22/2024 09:40:00 AM,5.0,2,1,4,7,1,3,3,0,1,1,UNABLE TO DETERMINE,2,1,0.0,0.0,0.0,0.0,0.0,2.0,9,6,11,11/22/2024,2024-11-22,09:40:00
11/22/2024 08:00:00 AM,5.0,3,1,6,4,1,3,3,0,0,3,DRIVING SKILLS/KNOWLEDGE/EXPERIENCE,2,1,0.0,0.0,0.0,0.0,0.0,3.0,8,6,11,11/22/2024,2024-11-22,08:00:00
11/22/2024 09:10:00 AM,5.0,2,1,4,5,1,1,1,0,1,1,UNABLE TO DETERMINE,2,1,0.0,0.0,0.0,0.0,0.0,2.0,9,6,11,11/22/2024,2024-11-22,09:10:00
11/22/2024 04:35:00 PM,5.0,2,4,6,5,1,3,1,0,1,2,DRIVING SKILLS/KNOWLEDGE/EXPERIENCE,2,1,0.0,0.0,0.0,0.0,0.0,2.0,16,6,11,11/22/2024,2024-11-22,16:35:00
11/22/2024 04:45:00 PM,5.0,2,4,4,7,1,3,1,0,1,2,FOLLOWING TOO CLOSELY,2,1,0.0,0.0,0.0,0.0,0.0,2.0,16,6,11,11/22/2024,2024-11-22,16:45:00
11/22/2024 11:15:00 PM,5.0,3,4,13,5,1,3,1,1,1,2,FAILING TO YIELD RIGHT-OF-WAY,2,2,1.0,0.0,0.0,0.0,1.0,1.0,23,6,11,11/22/2024,2024-11-22,23:15:00
11/22/2024 08:40:00 AM,7.0,2,1,5,6,1,3,3,0,1,2,FAILING TO YIELD RIGHT-OF-WAY,2,1,0.0,0.0,0.0,0.0,0.0,3.0,8,6,11,11/22/2024,2024-11-22,08:40:00
11/22/2024 05:15:00 PM,7.0,2,3,5,5,1,3,3,1,1,3,FAILING TO YIELD RIGHT-OF-WAY,2,2,1.0,0.0,0.0,0.0,1.0,1.0,17,6,11,11/22/2024,2024-11-22,17:15:00
11/22/2024 09:15:00 AM,5.0,2,1,5,5,1,3,1,0,1,2,FAILING TO REDUCE SPEED TO AVOID CRASH,2,1,0.0,0.0,0.0,0.0,0.0,2.0,9,6,11,11/22/2024,2024-11-22,09:15:00
11/22/2024 03:45:00 PM,7.0,2,4,6,5,1,3,3,0,1,3,IMPROPER TURNING/NO SIGNAL,2,1,0.0,0.0,0.0,0.0,0.0,2.0,15,6,11,11/22/2024,2024-11-22,15:45:00
11/22/2024 04:00:00 PM,7.0,2,3,13,4,1,3,3,1,1,1,UNABLE TO DETERMINE,2,4,1.0,0.0,1.0,0.0,0.0,1.0,16,6,11,11/22/2024,2024-11-22,16:00:00
11/22/2024 07:08:00 PM,5.0,2,4,8,5,1,1,1,0,1,3,UNABLE TO DETERMINE,2,1,0.0,0.0,0.0,0.0,0.0,2.0,19,6,11,11/22/2024,2024-11-22,19:08:00
11/22/2024 03:30:00 PM,5.0,2,3,6,5,1,3,3,0,1,3,IMPROPER TURNING/NO SIGNAL,2,1,0.0,0.0,0.0,0.0,0.0,2.0,15,6,11,11/22/2024,2024-11-22,15:30:00
11/22/2024 03:44:00 PM,3.0,2,1,6,7,1,3,1,1,1,3,UNABLE TO DETERMINE,2,1,0.0,0.0,0.0,0.0,0.0,3.0,15,6,11,11/22/2024,2024-11-22,15:44:00
11/22/2024 08:10:00 AM,3.0,2,1,13,7,1,3,3,1,1,3,FAILING TO YIELD RIGHT-OF-WAY,2,3,1.0,0.0,0.0,1.0,0.0,1.0,8,6,11,11/22/2024,2024-11-22,08:10:00
11/22/2024 10:00:00 PM,5.0,2,4,3,12,1,3,2,0,1,1,FOLLOWING TOO CLOSELY,2,1,0.0,0.0,0.0,0.0,0.0,3.0,22,6,11,11/22/2024,2024-11-22,22:00:00
11/22/2024 06:50:00 PM,5.0,2,4,6,5,1,3,3,0,0,3,IMPROPER LANE USAGE,2,1,0.0,0.0,0.0,0.0,0.0,2.0,18,6,11,11/22/2024,2024-11-22,18:50:00
11/22/2024 04:30:00 PM,5.0,2,4,4,6,1,1,1,0,1,3,FOLLOWING TOO CLOSELY,2,1,0.0,0.0,0.0,0.0,0.0,2.0,16,6,11,11/22/2024,2024-11-22,16:30:00
11/22/2024 03:05:00 PM,5.0,2,1,6,3,1,3,3,0,1,3,IMPROPER TURNING/NO SIGNAL,2,1,0.0,0.0,0.0,0.0,0.0,2.0,15,6,11,11/22/2024,2024-11-22,15:05:00
12/06/2024 07:57:00 PM,3.0,2,4,6,4,1,3,3,0,1,3,FAILING TO YIELD RIGHT-OF-WAY,2,1,0.0,0.0,0.0,0.0,0.0,2.0,19,6,12,12/06/2024,2024-12-06,19:57:00
12/07/2024 07:23:00 AM,5.0,2,4,4,4,1,3,3,0,1,3,UNABLE TO DETERMINE,2,1,0.0,0.0,0.0,0.0,0.0,2.0,7,7,12,12/07/2024,2024-12-07,07:23:00
11/28/2024 12:26:00 AM,5.0,2,5,4,6,1,3,3,0,1,3,FOLLOWING TOO CLOSELY,2,1,0.0,0.0,0.0,0.0,0.0,2.0,0,5,11,11/28/2024,2024-11-28,00:26:00
12/07/2024 01:15:00 PM,5.0,2,1,3,5,1,1,1,0,1,3,IMPROPER OVERTAKING/PASSING,2,1,0.0,0.0,0.0,0.0,0.0,3.0,13,7,12,12/07/2024,2024-12-07,13:15:00
12/07/2024 12:58:00 PM,3.0,2,1,5,7,1,3,1,1,1,3,FAILING TO YIELD RIGHT-OF-WAY,2,1,0.0,0.0,0.0,0.0,0.0,5.0,12,7,12,12/07/2024,2024-12-07,12:58:00
12/05/2024 06:15:00 PM,7.0,2,1,4,5,1,1,1,0,1,3,UNABLE TO DETERMINE,2,1,0.0,0.0,0.0,0.0,0.0,3.0,18,5,12,12/05/2024,2024-12-05,18:15:00
12/07/2024 05:40:00 PM,7.0,2,4,5,5,1,3,3,0,1,2,FAILING TO YIELD RIGHT-OF-WAY,2,1,0.0,0.0,0.0,0.0,0.0,2.0,17,7,12,12/07/2024,2024-12-07,17:40:00
12/08/2024 01:01:00 AM,5.0,2,4,7,4,1,3,3,1,1,3,DISREGARDING TRAFFIC SIGNALS,2,1,0.0,0.0,0.0,0.0,0.0,3.0,1,1,12,12/08/2024,2024-12-08,01:01:00
12/07/2024 04:40:00 PM,3.0,2,5,6,6,1,3,3,1,1,3,FAILING TO YIELD RIGHT-OF-WAY,2,2,1.0,0.0,0.0,0.0,1.0,2.0,16,7,12,12/07/2024,2024-12-07,16:40:00
12/07/2024 05:00:00 PM,7.0,2,4,6,11,1,3,3,0,1,2,FAILING TO YIELD RIGHT-OF-WAY,2,1,0.0,0.0,0.0,0.0,0.0,2.0,17,7,12,12/07/2024,2024-12-07,17:00:00
12/07/2024 09:10:00 AM,3.0,2,1,5,16,1,3,3,1,1,3,FAILING TO YIELD RIGHT-OF-WAY,2,3,2.0,0.0,0.0,1.0,1.0,0.0,9,7,12,12/07/2024,2024-12-07,09:10:00
12/07/2024 06:00:00 PM,7.0,2,4,3,4,1,3,3,0,1,3,DRIVING SKILLS/KNOWLEDGE/EXPERIENCE,2,1,0.0,0.0,0.0,0.0,0.0,2.0,18,7,12,12/07/2024,2024-12-07,18:00:00
12/07/2024 06:00:00 PM,3.0,2,1,3,9,1,1,1,0,1,3,UNABLE TO DETERMINE,2,1,0.0,0.0,0.0,0.0,0.0,2.0,18,7,12,12/07/2024,2024-12-07,18:00:00
12/02/2024 08:40:00 PM,7.0,2,4,3,5,1,3,3,0,1,2,FAILING TO YIELD RIGHT-OF-WAY,2,1,0.0,0.0,0.0,0.0,0.0,2.0,20,2,12,12/02/2024,2024-12-02,20:40:00
12/07/2024 05:45:00 PM,3.0,2,3,6,4,1,3,3,0,1,3,FAILING TO YIELD RIGHT-OF-WAY,2,1,0.0,0.0,0.0,0.0,0.0,5.0,17,7,12,12/07/2024,2024-12-07,17:45:00
12/08/2024 12:41:00 AM,3.0,2,4,6,6,1,3,3,1,1,3,FAILING TO YIELD RIGHT-OF-WAY,2,2,1.0,0.0,0.0,0.0,1.0,1.0,0,1,12,12/08/2024,2024-12-08,00:41:00
12/05/2024 10:45:00 PM,5.0,2,4,4,4,1,3,3,1,1,2,UNABLE TO DETERMINE,2,2,1.0,0.0,0.0,0.0,1.0,2.0,22,5,12,12/05/2024,2024-12-05,22:45:00
12/07/2024 08:17:00 PM,7.0,2,4,5,7,1,3,3,1,1,3,FAILING TO YIELD RIGHT-OF-WAY,2,1,0.0,0.0,0.0,0.0,0.0,3.0,20,7,12,12/07/2024,2024-12-07,20:17:00
12/07/2024 04:30:00 AM,5.0,2,5,4,3,1,1,1,0,0,3,FOLLOWING TOO CLOSELY,2,1,0.0,0.0,0.0,0.0,0.0,2.0,4,7,12,12/07/2024,2024-12-07,04:30:00
12/07/2024 07:23:00 AM,5.0,2,2,6,5,1,3,3,1,1,3,FAILING TO YIELD RIGHT-OF-WAY,2,1,0.0,0.0,0.0,0.0,0.0,2.0,7,7,12,12/07/2024,2024-12-07,07:23:00
12/08/2024 02:00:00 AM,1.0,2,4,3,6,1,3,1,0,0,3,UNABLE TO DETERMINE,2,1,0.0,0.0,0.0,0.0,0.0,2.0,2,1,12,12/08/2024,2024-12-08,02:00:00
11/23/2024 08:30:00 PM,5.0,2,4,6,1,1,3,3,0,1,3,UNABLE TO DETERMINE,2,1,0.0,0.0,0.0,0.0,0.0,2.0,20,7,11,11/23/2024,2024-11-23,20:30:00
11/23/2024 05:27:00 AM,7.0,2,4,5,5,1,3,1,0,1,3,FAILING TO YIELD RIGHT-OF-WAY,2,1,0.0,0.0,0.0,0.0,0.0,2.0,5,7,11,11/23/2024,2024-11-23,05:27:00
11/23/2024 03:00:00 PM,5.0,3,1,4,4,1,3,3,1,1,3,FOLLOWING TOO CLOSELY,2,2,1.0,0.0,0.0,0.0,1.0,1.0,15,7,11,11/23/2024,2024-11-23,15:00:00
12/07/2024 02:00:00 PM,5.0,2,1,3,4,1,3,3,0,1,2,FAILING TO YIELD RIGHT-OF-WAY,2,1,0.0,0.0,0.0,0.0,0.0,3.0,14,7,12,12/07/2024,2024-12-07,14:00:00
11/23/2024 02:00:00 AM,3.0,2,4,7,5,1,3,3,1,1,3,DISREGARDING TRAFFIC SIGNALS,2,2,1.0,0.0,0.0,0.0,1.0,2.0,2,7,11,11/23/2024,2024-11-23,02:00:00
11/23/2024 03:00:00 PM,5.0,2,1,5,1,1,1,1,1,1,3,DISREGARDING TRAFFIC SIGNALS,2,1,0.0,0.0,0.0,0.0,0.0,2.0,15,7,11,11/23/2024,2024-11-23,15:00:00
11/23/2024 08:20:00 PM,7.0,2,4,5,5,1,3,3,0,1,3,DISREGARDING STOP SIGN,2,1,0.0,0.0,0.0,0.0,0.0,9.0,20,7,11,11/23/2024,2024-11-23,20:20:00
11/23/2024 04:30:00 PM,7.0,2,1,5,6,1,3,3,0,1,3,FAILING TO YIELD RIGHT-OF-WAY,2,1,0.0,0.0,0.0,0.0,0.0,2.0,16,7,11,11/23/2024,2024-11-23,16:30:00
11/23/2024 11:38:00 AM,7.0,2,1,6,6,1,3,3,0,1,3,UNABLE TO DETERMINE,2,1,0.0,0.0,0.0,0.0,0.0,3.0,11,7,11,11/23/2024,2024-11-23,11:38:00
11/23/2024 03:50:00 AM,7.0,2,4,5,10,1,3,3,1,1,3,UNABLE TO DETERMINE,2,1,0.0,0.0,0.0,0.0,0.0,2.0,3,7,11,11/23/2024,2024-11-23,03:50:00
11/23/2024 11:40:00 AM,3.0,3,1,6,4,1,3,3,0,1,3,FAILING TO YIELD RIGHT-OF-WAY,2,1,0.0,0.0,0.0,0.0,0.0,2.0,11,7,11,11/23/2024,2024-11-23,11:40:00
11/23/2024 06:30:00 PM,1.0,2,1,3,6,1,1,1,0,1,3,IMPROPER LANE USAGE,2,1,0.0,0.0,0.0,0.0,0.0,3.0,18,7,11,11/23/2024,2024-11-23,18:30:00
11/23/2024 04:47:00 AM,5.0,2,2,10,1,1,3,1,1,1,3,FAILING TO REDUCE SPEED TO AVOID CRASH,2,1,0.0,0.0,0.0,0.0,0.0,2.0,4,7,11,11/23/2024,2024-11-23,04:47:00
11/23/2024 09:54:00 AM,7.0,2,1,6,7,1,3,3,1,1,3,FAILING TO YIELD RIGHT-OF-WAY,2,3,1.0,0.0,0.0,1.0,0.0,1.0,9,7,11,11/23/2024,2024-11-23,09:54:00
11/23/2024 04:18:00 PM,3.0,2,3,4,13,1,3,3,0,1,1,FAILING TO REDUCE SPEED TO AVOID CRASH,2,1,0.0,0.0,0.0,0.0,0.0,2.0,16,7,11,11/23/2024,2024-11-23,16:18:00
11/23/2024 06:32:00 PM,5.0,2,5,5,5,1,3,3,0,0,3,FAILING TO YIELD RIGHT-OF-WAY,2,1,0.0,0.0,0.0,0.0,0.0,2.0,18,7,11,11/23/2024,2024-11-23,18:32:00
11/23/2024 08:15:00 PM,5.0,3,4,5,5,1,3,1,0,1,2,FAILING TO YIELD RIGHT-OF-WAY,2,1,0.0,0.0,0.0,0.0,0.0,2.0,20,7,11,11/23/2024,2024-11-23,20:15:00
11/23/2024 11:05:00 AM,5.0,3,1,6,4,1,3,3,0,1,3,UNABLE TO DETERMINE,2,1,0.0,0.0,0.0,0.0,0.0,4.0,11,7,11,11/23/2024,2024-11-23,11:05:00