crash_date,traffic_control_device,weather_condition,lighting_condition,first_crash_type,trafficway_type,alignment,roadway_surface_cond,road_defect,crash_type,intersection_related_i,damage,prim_contributory_cause,num_units,most_severe_injury,injuries_total,injuries_fatal,injuries_incapacitating,injuries_non_incapacitating,injuries_reported_not_evident,injuries_no_indication,crash_hour,crash_day_of_week,crash_month,parsed_datetime,date,time
11/26/2024 04:00:00 PM,5.0,2,1,3,5,1,3,3,0,1,2,IMPROPER OVERTAKING/PASSING,2,1,0.0,0.0,0.0,0.0,0.0,2.0,16,3,11,11/26/2024,2024-11-26,16:00:00
11/26/2024 04:00:00 PM,5.0,2,1,6,5,1,1,1,0,1,3,UNABLE TO DETERMINE,2,1,0.0,0.0,0.0,0.0,0.0,2.0,16,3,11,11/26/2024,2024-11-26,16:00:00
11/26/2024 09:45:00 AM,5.0,2,1,5,6,1,3,3,0,1,3,"VISION OBSCURED (SIGNS, TREE LIMBS, BUILDINGS, ETC.)",2,1,0.0,0.0,0.0,0.0,0.0,2.0,9,3,11,11/26/2024,2024-11-26,09:45:00
11/26/2024 07:40:00 PM,7.0,2,4,6,6,1,3,3,0,1,3,UNABLE TO DETERMINE,2,1,0.0,0.0,0.0,0.0,0.0,2.0,19,3,11,11/26/2024,2024-11-26,19:40:00
11/26/2024 04:28:00 PM,5.0,2,4,4,6,1,3,3,0,1,3,FOLLOWING TOO CLOSELY,2,1,0.0,0.0,0.0,0.0,0.0,2.0,16,3,11,11/26/2024,2024-11-26,16:28:00
11/26/2024 04:50:00 PM,5.0,2,3,13,2,1,3,3,1,0,3,UNABLE TO DETERMINE,2,3,1.0,0.0,0.0,1.0,0.0,1.0,16,3,11,11/26/2024,2024-11-26,16:50:00
11/26/2024 10:30:00 AM,3.0,2,4,5,6,1,3,3,1,1,3,UNABLE TO DETERMINE,2,3,1.0,0.0,0.0,1.0,0.0,1.0,10,3,11,11/26/2024,2024-11-26,10:30:00
11/26/2024 11:05:00 AM,5.0,2,1,5,2,1,3,3,1,1,3,DISREGARDING OTHER TRAFFIC SIGNS,2,2,1.0,0.0,0.0,0.0,1.0,2.0,11,3,11,11/26/2024,2024-11-26,11:05:00
11/26/2024 07:00:00 PM,5.0,2,4,6,5,1,1,1,0,1,3,FAILING TO YIELD RIGHT-OF-WAY,2,1,0.0,0.0,0.0,0.0,0.0,2.0,19,3,11,11/26/2024,2024-11-26,19:00:00
11/26/2024 08:00:00 PM,5.0,2,4,11,7,1,3,3,0,1,3,UNABLE TO DETERMINE,2,1,0.0,0.0,0.0,0.0,0.0,1.0,20,3,11,11/26/2024,2024-11-26,20:00:00
11/26/2024 11:30:00 AM,3.0,2,1,5,6,1,3,3,1,1,3,DISREGARDING STOP SIGN,2,3,1.0,0.0,0.0,1.0,0.0,1.0,11,3,11,11/26/2024,2024-11-26,11:30:00
11/26/2024 01:59:00 PM,3.0,2,1,13,7,1,3,3,1,1,1,FAILING TO YIELD RIGHT-OF-WAY,2,2,1.0,0.0,0.0,0.0,1.0,2.0,13,3,11,11/26/2024,2024-11-26,13:59:00
12/10/2024 07:12:00 PM,5.0,2,4,6,5,1,3,3,0,1,2,FAILING TO YIELD RIGHT-OF-WAY,2,1,0.0,0.0,0.0,0.0,0.0,2.0,19,3,12,12/10/2024,2024-12-10,19:12:00
11/26/2024 12:25:00 PM,1.0,2,1,6,5,1,1,1,0,1,3,UNABLE TO DETERMINE,2,1,0.0,0.0,0.0,0.0,0.0,4.0,12,3,11,11/26/2024,2024-11-26,12:25:00
11/26/2024 05:20:00 PM,3.0,2,4,4,6,1,3,3,0,1,3,FOLLOWING TOO CLOSELY,2,1,0.0,0.0,0.0,0.0,0.0,2.0,17,3,11,11/26/2024,2024-11-26,17:20:00
11/26/2024 01:45:00 PM,7.0,2,1,6,5,1,3,3,0,1,2,UNABLE TO DETERMINE,2,1,0.0,0.0,0.0,0.0,0.0,2.0,13,3,11,11/26/2024,2024-11-26,13:45:00
11/26/2024 02:32:00 PM,5.0,2,1,6,14,4,3,1,0,1,3,IMPROPER LANE USAGE,2,1,0.0,0.0,0.0,0.0,0.0,2.0,14,3,11,11/26/2024,2024-11-26,14:32:00
11/26/2024 06:12:00 AM,5.0,2,1,5,5,1,3,3,1,1,3,CELL PHONE USE OTHER THAN TEXTING,2,4,2.0,0.0,2.0,0.0,0.0,5.0,6,3,11,11/26/2024,2024-11-26,06:12:00
11/26/2024 01:00:00 PM,5.0,2,1,6,6,1,3,3,1,1,3,IMPROPER OVERTAKING/PASSING,2,1,0.0,0.0,0.0,0.0,0.0,2.0,13,3,11,11/26/2024,2024-11-26,13:00:00
11/26/2024 08:16:00 AM,7.0,2,1,5,5,1,3,3,0,1,3,NOT APPLICABLE,2,1,0.0,0.0,0.0,0.0,0.0,2.0,8,3,11,11/26/2024,2024-11-26,08:16:00
11/26/2024 05:00:00 PM,7.0,2,1,6,4,1,1,1,0,1,2,FAILING TO YIELD RIGHT-OF-WAY,2,1,0.0,0.0,0.0,0.0,0.0,3.0,17,3,11,11/26/2024,2024-11-26,17:00:00
11/26/2024 11:00:00 AM,9.0,2,1,6,5,1,3,3,0,1,3,IMPROPER TURNING/NO SIGNAL,2,1,0.0,0.0,0.0,0.0,0.0,2.0,11,3,11,11/26/2024,2024-11-26,11:00:00
11/26/2024 06:45:00 AM,5.0,2,2,5,5,1,3,3,1,1,3,FAILING TO YIELD RIGHT-OF-WAY,2,1,0.0,0.0,0.0,0.0,0.0,3.0,6,3,11,11/26/2024,2024-11-26,06:45:00
11/26/2024 03:37:00 PM,7.0,2,1,5,5,1,3,3,0,1,3,DISREGARDING STOP SIGN,2,1,0.0,0.0,0.0,0.0,0.0,2.0,15,3,11,11/26/2024,2024-11-26,15:37:00
11/26/2024 05:19:00 AM,3.0,2,5,3,5,1,3,3,1,1,3,"OPERATING VEHICLE IN ERRATIC, RECKLESS, CARELESS, NEGLIGENT OR AGGRESSIVE MANNER",2,4,1.0,0.0,1.0,0.0,0.0,2.0,5,3,11,11/26/2024,2024-11-26,05:19:00
11/26/2024 02:10:00 PM,5.0,2,1,6,7,1,3,3,0,1,3,IMPROPER TURNING/NO SIGNAL,2,1,0.0,0.0,0.0,0.0,0.0,2.0,14,3,11,11/26/2024,2024-11-26,14:10:00
11/26/2024 04:40:00 PM,5.0,2,3,6,6,2,3,3,0,1,2,FAILING TO YIELD RIGHT-OF-WAY,2,1,0.0,0.0,0.0,0.0,0.0,2.0,16,3,11,11/26/2024,2024-11-26,16:40:00
11/26/2024 10:07:00 AM,5.0,2,1,5,6,1,3,3,1,1,3,DISREGARDING TRAFFIC SIGNALS,2,3,1.0,0.0,0.0,1.0,0.0,1.0,10,3,11,11/26/2024,2024-11-26,10:07:00
12/03/2024 02:10:00 PM,5.0,2,1,13,4,1,3,3,1,1,3,FAILING TO YIELD RIGHT-OF-WAY,2,3,1.0,0.0,0.0,1.0,0.0,2.0,14,3,12,12/03/2024,2024-12-03,14:10:00
12/19/2024 12:10:00 AM,5.0,2,4,5,5,1,3,1,1,1,3,DISREGARDING TRAFFIC SIGNALS,2,3,1.0,0.0,0.0,1.0,0.0,2.0,0,5,12,12/19/2024,2024-12-19,00:10:00
12/03/2024 04:20:00 PM,5.0,3,3,6,6,1,3,3,0,1,1,IMPROPER OVERTAKING/PASSING,2,1,0.0,0.0,0.0,0.0,0.0,2.0,16,3,12,12/03/2024,2024-12-03,16:20:00
12/11/2024 07:45:00 AM,5.0,2,1,8,6,1,3,3,0,1,3,UNABLE TO DETERMINE,2,1,0.0,0.0,0.0,0.0,0.0,2.0,7,4,12,12/11/2024,2024-12-11,07:45:00
12/11/2024 06:30:00 PM,5.0,2,5,6,5,1,3,3,1,1,3,UNABLE TO DETERMINE,2,2,2.0,0.0,0.0,0.0,2.0,0.0,18,4,12,12/11/2024,2024-12-11,18:30:00
12/05/2024 10:04:00 AM,5.0,2,1,14,5,1,3,3,0,1,3,FAILING TO YIELD RIGHT-OF-WAY,2,1,0.0,0.0,0.0,0.0,0.0,2.0,10,5,12,12/05/2024,2024-12-05,10:04:00
12/08/2024 07:00:00 PM,7.0,2,4,5,4,1,3,3,0,1,3,DISREGARDING STOP SIGN,2,1,0.0,0.0,0.0,0.0,0.0,3.0,19,1,12,12/08/2024,2024-12-08,19:00:00
12/10/2024 01:07:00 PM,5.0,2,1,3,3,1,3,3,0,1,2,FAILING TO REDUCE SPEED TO AVOID CRASH,2,1,0.0,0.0,0.0,0.0,0.0,3.0,13,3,12,12/10/2024,2024-12-10,13:07:00
12/11/2024 07:50:00 AM,3.0,2,1,6,6,1,3,3,0,1,1,UNABLE TO DETERMINE,2,1,0.0,0.0,0.0,0.0,0.0,4.0,7,4,12,12/11/2024,2024-12-11,07:50:00
11/06/2024 06:30:00 PM,3.0,2,5,11,6,1,3,3,0,1,2,UNABLE TO DETERMINE,2,1,0.0,0.0,0.0,0.0,0.0,1.0,18,4,11,11/06/2024,2024-11-06,18:30:00
12/11/2024 05:00:00 PM,5.0,2,4,5,5,1,1,1,1,1,3,UNABLE TO DETERMINE,2,3,1.0,0.0,0.0,1.0,0.0,1.0,17,4,12,12/11/2024,2024-12-11,17:00:00
12/10/2024 06:15:00 PM,5.0,2,4,4,1,1,3,3,0,1,3,UNABLE TO DETERMINE,2,1,0.0,0.0,0.0,0.0,0.0,2.0,18,3,12,12/10/2024,2024-12-10,18:15:00
12/10/2024 08:15:00 AM,13.0,2,1,5,6,1,3,3,1,1,3,FAILING TO YIELD RIGHT-OF-WAY,2,1,0.0,0.0,0.0,0.0,0.0,2.0,8,3,12,12/10/2024,2024-12-10,08:15:00
12/11/2024 11:10:00 AM,3.0,2,1,5,3,1,3,3,1,1,3,FAILING TO YIELD RIGHT-OF-WAY,2,1,0.0,0.0,0.0,0.0,0.0,2.0,11,4,12,12/11/2024,2024-12-11,11:10:00
11/27/2024 08:10:00 PM,5.0,2,4,6,6,1,3,3,1,1,3,FOLLOWING TOO CLOSELY,2,1,0.0,0.0,0.0,0.0,0.0,2.0,20,4,11,11/27/2024,2024-11-27,20:10:00
11/27/2024 07:00:00 AM,5.0,2,1,6,10,1,3,3,0,1,3,FAILING TO YIELD RIGHT-OF-WAY,2,1,0.0,0.0,0.0,0.0,0.0,2.0,7,4,11,11/27/2024,2024-11-27,07:00:00
11/27/2024 07:36:00 AM,5.0,2,1,6,4,1,3,1,1,1,3,FAILING TO YIELD RIGHT-OF-WAY,2,1,0.0,0.0,0.0,0.0,0.0,2.0,7,4,11,11/27/2024,2024-11-27,07:36:00
11/27/2024 10:25:00 PM,5.0,2,1,6,9,1,1,1,0,1,3,UNABLE TO DETERMINE,2,1,0.0,0.0,0.0,0.0,0.0,2.0,22,4,11,11/27/2024,2024-11-27,22:25:00
11/27/2024 08:00:00 AM,5.0,2,1,4,5,1,3,3,1,1,3,FAILING TO REDUCE SPEED TO AVOID CRASH,2,2,1.0,0.0,0.0,0.0,1.0,2.0,8,4,11,11/27/2024,2024-11-27,08:00:00
11/27/2024 02:15:00 PM,7.0,2,1,6,5,1,3,3,1,1,3,UNABLE TO DETERMINE,2,1,0.0,0.0,0.0,0.0,0.0,2.0,14,4,11,11/27/2024,2024-11-27,14:15:00
11/27/2024 05:18:00 AM,7.0,2,4,6,5,1,3,3,1,1,3,FAILING TO YIELD RIGHT-OF-WAY,2,3,2.0,0.0,0.0,2.0,0.0,2.0,5,4,11,11/27/2024,2024-11-27,05:18:00
11/27/2024 09:15:00 PM,5.0,2,4,3,10,1,3,3,0,1,3,IMPROPER LANE USAGE,2,1,0.0,0.0,0.0,0.0,0.0,3.0,21,4,11,11/27/2024,2024-11-27,21:15:00
11/27/2024 10:35:00 AM,5.0,2,1,6,3,1,3,3,1,1,3,UNABLE TO DETERMINE,2,1,0.0,0.0,0.0,0.0,0.0,2.0,10,4,11,11/27/2024,2024-11-27,10:35:00
11/27/2024 02:49:00 PM,5.0,2,1,3,5,1,3,3,0,1,1,DRIVING SKILLS/KNOWLEDGE/EXPERIENCE,2,1,0.0,0.0,0.0,0.0,0.0,2.0,14,4,11,11/27/2024,2024-11-27,14:49:00
11/27/2024 03:30:00 PM,5.0,2,1,3,5,1,3,3,0,1,3,IMPROPER LANE USAGE,2,1,0.0,0.0,0.0,0.0,0.0,2.0,15,4,11,11/27/2024,2024-11-27,15:30:00
11/28/2024 12:00:00 AM,5.0,2,1,5,4,1,1,1,0,1,1,IMPROPER LANE USAGE,2,1,0.0,0.0,0.0,0.0,0.0,2.0,0,5,11,11/28/2024,2024-11-28,00:00:00
11/27/2024 02:55:00 PM,7.0,2,1,4,4,1,1,1,0,0,3,FOLLOWING TOO CLOSELY,2,1,0.0,0.0,0.0,0.0,0.0,2.0,14,4,11,11/27/2024,2024-11-27,14:55:00
11/27/2024 05:21:00 PM,7.0,2,5,5,5,1,3,3,1,1,3,FAILING TO YIELD RIGHT-OF-WAY,2,1,0.0,0.0,0.0,0.0,0.0,3.0,17,4,11,11/27/2024,2024-11-27,17:21:00
11/27/2024 07:00:00 PM,5.0,2,4,6,5,1,3,3,0,1,3,IMPROPER TURNING/NO SIGNAL,2,1,0.0,0.0,0.0,0.0,0.0,2.0,19,4,11,11/27/2024,2024-11-27,19:00:00
11/27/2024 09:46:00 AM,7.0,2,1,6,6,1,3,3,0,1,3,DISREGARDING STOP SIGN,2,1,0.0,0.0,0.0,0.0,0.0,3.0,9,4,11,11/27/2024,2024-11-27,09:46:00
11/27/2024 07:03:00 PM,3.0,2,4,6,3,1,3,3,1,1,3,IMPROPER TURNING/NO SIGNAL,2,3,1.0,0.0,0.0,1.0,0.0,1.0,19,4,11,11/27/2024,2024-11-27,19:03:00
11/27/2024 05:36:00 PM,5.0,2,1,6,5,1,1,2,0,1,2,IMPROPER TURNING/NO SIGNAL,2,1,0.0,0.0,0.0,0.0,0.0,2.0,17,4,11,11/27/2024,2024-11-27,17:36:00
11/27/2024 02:52:00 PM,5.0,2,1,6,6,1,3,3,0,1,3,UNABLE TO DETERMINE,2,1,0.0,0.0,0.0,0.0,0.0,2.0,14,4,11,11/27/2024,2024-11-27,14:52:00
11/27/2024 07:10:00 AM,7.0,2,4,11,7,1,3,3,0,1,3,DRIVING SKILLS/KNOWLEDGE/EXPERIENCE,2,1,0.0,0.0,0.0,0.0,0.0,1.0,7,4,11,11/27/2024,2024-11-27,07:10:00
11/27/2024 05:50:00 PM,7.0,2,1,6,7,1,1,1,0,1,2,UNABLE TO DETERMINE,2,1,0.0,0.0,0.0,0.0,0.0,4.0,17,4,11,11/27/2024,2024-11-27,17:50:00
11/27/2024 09:23:00 PM,5.0,2,5,3,10,1,3,3,1,1,3,IMPROPER TURNING/NO SIGNAL,2,1,0.0,0.0,0.0,0.0,0.0,2.0,21,4,11,11/27/2024,2024-11-27,21:23:00
11/27/2024 09:00:00 AM,5.0,2,1,5,5,1,1,1,0,1,3,UNABLE TO DETERMINE,2,1,0.0,0.0,0.0,0.0,0.0,2.0,9,4,11,11/27/2024,2024-11-27,09:00:00
11/27/2024 10:23:00 AM,7.0,2,1,6,4,1,3,3,1,1,3,IMPROPER TURNING/NO SIGNAL,2,1,0.0,0.0,0.0,0.0,0.0,2.0,10,4,11,11/27/2024,2024-11-27,10:23:00
11/27/2024 04:02:00 PM,5.0,2,2,6,5,1,3,3,1,1,3,DRIVING SKILLS/KNOWLEDGE/EXPERIENCE,2,1,0.0,0.0,0.0,0.0,0.0,3.0,16,4,11,11/27/2024,2024-11-27,16:02:00
11/27/2024 05:31:00 PM,3.0,2,1,3,5,1,3,3,0,1,3,FAILING TO YIELD RIGHT-OF-WAY,2,1,0.0,0.0,0.0,0.0,0.0,2.0,17,4,11,11/27/2024,2024-11-27,17:31:00
11/27/2024 04:40:00 PM,5.0,2,1,3,4,1,1,1,0,1,2,IMPROPER LANE USAGE,2,1,0.0,0.0,0.0,0.0,0.0,3.0,16,4,11,11/27/2024,2024-11-27,16:40:00
11/27/2024 05:28:00 PM,5.0,2,4,6,4,1,3,3,1,1,1,UNABLE TO DETERMINE,2,2,1.0,0.0,0.0,0.0,1.0,1.0,17,4,11,11/27/2024,2024-11-27,17:28:00
11/27/2024 04:50:00 PM,5.0,3,4,4,7,1,3,3,0,1,3,FOLLOWING TOO CLOSELY,2,1,0.0,0.0,0.0,0.0,0.0,2.0,16,4,11,11/27/2024,2024-11-27,16:50:00
11/27/2024 02:40:00 PM,3.0,2,1,6,5,1,3,3,1,1,3,FAILING TO YIELD RIGHT-OF-WAY,2,3,1.0,0.0,0.0,1.0,0.0,1.0,14,4,11,11/27/2024,2024-11-27,14:40:00
11/27/2024 11:42:00 AM,5.0,2,1,4,6,1,3,3,0,1,2,UNABLE TO DETERMINE,2,1,0.0,0.0,0.0,0.0,0.0,2.0,11,4,11,11/27/2024,2024-11-27,11:42:00
11/27/2024 01:00:00 PM,1.0,2,1,5,5,1,3,3,0,1,3,UNABLE TO DETERMINE,2,1,0.0,0.0,0.0,0.0,0.0,2.0,13,4,11,11/27/2024,2024-11-27,13:00:00
11/27/2024 05:30:00 PM,5.0,3,4,4,5,1,3,3,0,1,3,FOLLOWING TOO CLOSELY,2,1,0.0,0.0,0.0,0.0,0.0,3.0,17,4,11,11/27/2024,2024-11-27,17:30:00
12/12/2024 06:28:00 AM,5.0,1,1,6,5,1,3,3,0,1,3,FAILING TO YIELD RIGHT-OF-WAY,2,1,0.0,0.0,0.0,0.0,0.0,2.0,6,5,12,12/12/2024,2024-12-12,06:28:00
12/10/2024 04:07:00 PM,7.0,2,3,6,5,1,3,3,1,1,3,UNABLE TO DETERMINE,2,3,1.0,0.0,0.0,1.0,0.0,1.0,16,3,12,12/10/2024,2024-12-10,16:07:00
12/12/2024 11:04:00 AM,5.0,2,1,5,5,1,3,3,0,1,3,NOT APPLICABLE,2,1,0.0,0.0,0.0,0.0,0.0,3.0,11,5,12,12/12/2024,2024-12-12,11:04:00
12/12/2024 11:45:00 AM,3.0,2,1,5,6,1,3,3,0,1,3,FAILING TO YIELD RIGHT-OF-WAY,2,1,0.0,0.0,0.0,0.0,0.0,2.0,11,5,12,12/12/2024,2024-12-12,11:45:00
12/12/2024 05:47:00 AM,5.0,2,3,13,5,1,3,3,1,1,3,UNABLE TO DETERMINE,2,3,1.0,0.0,0.0,1.0,0.0,1.0,5,5,12,12/12/2024,2024-12-12,05:47:00
12/12/2024 08:24:00 PM,7.0,2,5,6,6,1,3,1,0,1,3,FAILING TO YIELD RIGHT-OF-WAY,2,1,0.0,0.0,0.0,0.0,0.0,2.0,20,5,12,12/12/2024,2024-12-12,20:24:00
12/05/2024 07:50:00 PM,3.0,3,4,3,6,1,3,3,0,1,3,IMPROPER LANE USAGE,2,1,0.0,0.0,0.0,0.0,0.0,3.0,19,5,12,12/05/2024,2024-12-05,19:50:00
12/11/2024 03:00:00 PM,3.0,2,1,8,6,1,3,3,0,1,1,IMPROPER OVERTAKING/PASSING,2,1,0.0,0.0,0.0,0.0,0.0,2.0,15,4,12,12/11/2024,2024-12-11,15:00:00
12/12/2024 01:30:00 PM,5.0,2,1,3,6,1,3,3,0,0,3,UNABLE TO DETERMINE,2,1,0.0,0.0,0.0,0.0,0.0,2.0,13,5,12,12/12/2024,2024-12-12,13:30:00
12/12/2024 11:50:00 AM,5.0,2,1,4,5,1,3,3,1,1,3,NOT APPLICABLE,2,1,0.0,0.0,0.0,0.0,0.0,3.0,11,5,12,12/12/2024,2024-12-12,11:50:00
12/12/2024 03:40:00 PM,5.0,2,4,6,4,1,3,1,1,1,3,UNABLE TO DETERMINE,2,1,0.0,0.0,0.0,0.0,0.0,2.0,15,5,12,12/12/2024,2024-12-12,15:40:00
11/28/2024 11:00:00 PM,5.0,2,5,5,5,1,3,1,0,1,3,DISREGARDING TRAFFIC SIGNALS,2,1,0.0,0.0,0.0,0.0,0.0,2.0,23,5,11,11/28/2024,2024-11-28,23:00:00
11/28/2024 02:30:00 PM,7.0,2,1,5,1,1,3,3,0,1,3,UNABLE TO DETERMINE,2,1,0.0,0.0,0.0,0.0,0.0,2.0,14,5,11,11/28/2024,2024-11-28,14:30:00
11/28/2024 02:50:00 PM,5.0,2,1,4,6,1,3,3,0,1,3,UNABLE TO DETERMINE,2,1,0.0,0.0,0.0,0.0,0.0,2.0,14,5,11,11/28/2024,2024-11-28,14:50:00
11/28/2024 08:20:00 PM,3.0,2,4,6,6,1,3,1,0,1,3,"OPERATING VEHICLE IN ERRATIC, RECKLESS, CARELESS, NEGLIGENT OR AGGRESSIVE MANNER",2,1,0.0,0.0,0.0,0.0,0.0,2.0,20,5,11,11/28/2024,2024-11-28,20:20:00
11/28/2024 07:49:00 PM,5.0,2,4,13,6,1,3,3,1,1,1,NOT APPLICABLE,2,3,1.0,0.0,0.0,1.0,0.0,1.0,19,5,11,11/28/2024,2024-11-28,19:49:00
11/28/2024 11:24:00 PM,7.0,2,4,5,5,1,3,1,0,1,1,UNABLE TO DETERMINE,2,1,0.0,0.0,0.0,0.0,0.0,5.0,23,5,11,11/28/2024,2024-11-28,23:24:00
11/28/2024 07:04:00 PM,7.0,2,4,14,10,1,3,3,1,1,1,UNABLE TO DETERMINE,2,2,1.0,0.0,0.0,0.0,1.0,1.0,19,5,11,11/28/2024,2024-11-28,19:04:00
11/28/2024 07:20:00 PM,5.0,2,4,5,6,1,3,3,1,1,3,DISREGARDING TRAFFIC SIGNALS,2,1,0.0,0.0,0.0,0.0,0.0,2.0,19,5,11,11/28/2024,2024-11-28,19:20:00
12/09/2024 02:51:00 PM,5.0,2,1,6,5,1,3,3,1,1,3,FAILING TO REDUCE SPEED TO AVOID CRASH,2,3,2.0,0.0,0.0,1.0,1.0,0.0,14,2,12,12/09/2024,2024-12-09,14:51:00
11/28/2024 11:30:00 AM,5.0,5,1,4,3,1,5,3,1,1,3,FOLLOWING TOO CLOSELY,2,2,1.0,0.0,0.0,0.0,1.0,1.0,11,5,11,11/28/2024,2024-11-28,11:30:00
11/28/2024 04:52:00 PM,7.0,2,5,5,5,1,3,1,0,1,2,NOT APPLICABLE,2,1,0.0,0.0,0.0,0.0,0.0,2.0,16,5,11,11/28/2024,2024-11-28,16:52:00
11/28/2024 06:40:00 PM,3.0,2,4,4,4,1,3,3,0,1,2,FOLLOWING TOO CLOSELY,2,1,0.0,0.0,0.0,0.0,0.0,2.0,18,5,11,11/28/2024,2024-11-28,18:40:00
11/28/2024 08:39:00 AM,7.0,2,1,5,6,1,3,3,1,1,3,DISREGARDING STOP SIGN,2,3,1.0,0.0,0.0,1.0,0.0,2.0,8,5,11,11/28/2024,2024-11-28,08:39:00
11/28/2024 07:24:00 AM,5.0,2,1,5,5,1,3,3,1,1,3,DISREGARDING TRAFFIC SIGNALS,2,3,2.0,0.0,0.0,1.0,1.0,1.0,7,5,11,11/28/2024,2024-11-28,07:24:00
11/28/2024 04:41:00 PM,5.0,2,5,13,13,1,3,3,1,1,1,FAILING TO YIELD RIGHT-OF-WAY,2,2,1.0,0.0,0.0,0.0,1.0,1.0,16,5,11,11/28/2024,2024-11-28,16:41:00
11/28/2024 06:30:00 PM,5.0,2,5,3,5,1,1,1,0,1,3,UNABLE TO DETERMINE,2,1,0.0,0.0,0.0,0.0,0.0,2.0,18,5,11,11/28/2024,2024-11-28,18:30:00
11/28/2024 09:30:00 PM,5.0,2,4,13,5,1,3,3,1,1,1,UNABLE TO DETERMINE,2,2,1.0,0.0,0.0,0.0,1.0,1.0,21,5,11,11/28/2024,2024-11-28,21:30:00
12/12/2024 10:54:00 AM,1.0,2,1,3,6,1,1,1,0,1,2,DRIVING SKILLS/KNOWLEDGE/EXPERIENCE,2,1,0.0,0.0,0.0,0.0,0.0,3.0,10,5,12,12/12/2024,2024-12-12,10:54:00
12/05/2024 03:45:00 PM,3.0,2,1,14,6,1,3,3,0,1,3,UNABLE TO DETERMINE,2,1,0.0,0.0,0.0,0.0,0.0,2.0,15,5,12,12/05/2024,2024-12-05,15:45:00
12/12/2024 10:35:00 PM,5.0,2,4,13,5,1,3,3,1,1,3,UNABLE TO DETERMINE,2,3,1.0,0.0,0.0,1.0,0.0,1.0,22,5,12,12/12/2024,2024-12-12,22:35:00
12/13/2024 12:00:00 PM,5.0,2,1,14,4,1,3,3,1,1,2,"VISION OBSCURED (SIGNS, TREE LIMBS, BUILDINGS, ETC.)",2,3,1.0,0.0,0.0,1.0,0.0,1.0,12,6,12,12/13/2024,2024-12-13,12:00:00
12/13/2024 09:00:00 AM,5.0,2,1,4,6,1,3,1,0,1,3,FOLLOWING TOO CLOSELY,2,1,0.0,0.0,0.0,0.0,0.0,2.0,9,6,12,12/13/2024,2024-12-13,09:00:00
12/12/2024 05:45:00 PM,5.0,3,4,4,9,1,3,3,1,0,3,FOLLOWING TOO CLOSELY,2,1,0.0,0.0,0.0,0.0,0.0,3.0,17,5,12,12/12/2024,2024-12-12,17:45:00
12/05/2024 03:45:00 PM,5.0,2,1,6,7,1,3,3,0,1,2,IMPROPER TURNING/NO SIGNAL,2,1,0.0,0.0,0.0,0.0,0.0,2.0,15,5,12,12/05/2024,2024-12-05,15:45:00
12/13/2024 02:58:00 PM,7.0,2,1,6,4,1,1,1,0,1,2,UNABLE TO DETERMINE,2,1,0.0,0.0,0.0,0.0,0.0,2.0,14,6,12,12/13/2024,2024-12-13,14:58:00
12/13/2024 08:00:00 AM,7.0,2,1,4,6,1,3,3,0,1,2,UNABLE TO DETERMINE,2,1,0.0,0.0,0.0,0.0,0.0,2.0,8,6,12,12/13/2024,2024-12-13,08:00:00
12/06/2024 05:40:00 PM,7.0,2,4,4,10,1,3,3,0,1,2,UNABLE TO DETERMINE,2,1,0.0,0.0,0.0,0.0,0.0,2.0,17,6,12,12/06/2024,2024-12-06,17:40:00
12/12/2024 07:35:00 PM,5.0,2,4,4,5,1,3,3,0,1,2,FAILING TO REDUCE SPEED TO AVOID CRASH,2,1,0.0,0.0,0.0,0.0,0.0,2.0,19,5,12,12/12/2024,2024-12-12,19:35:00
12/12/2024 11:17:00 PM,1.0,2,5,4,6,1,3,1,0,1,3,NOT APPLICABLE,2,1,0.0,0.0,0.0,0.0,0.0,2.0,23,5,12,12/12/2024,2024-12-12,23:17:00
11/29/2024 06:23:00 PM,5.0,2,4,5,4,1,3,3,1,1,3,DISREGARDING TRAFFIC SIGNALS,2,2,1.0,0.0,0.0,0.0,1.0,1.0,18,6,11,11/29/2024,2024-11-29,18:23:00
11/29/2024 12:00:00 PM,5.0,3,1,6,5,1,3,3,0,1,3,IMPROPER TURNING/NO SIGNAL,2,1,0.0,0.0,0.0,0.0,0.0,2.0,12,6,11,11/29/2024,2024-11-29,12:00:00
11/29/2024 09:18:00 PM,7.0,2,4,5,5,1,3,3,1,1,3,FAILING TO YIELD RIGHT-OF-WAY,2,1,0.0,0.0,0.0,0.0,0.0,2.0,21,6,11,11/29/2024,2024-11-29,21:18:00
11/29/2024 05:10:00 PM,5.0,3,4,3,5,1,3,3,0,1,3,IMPROPER LANE USAGE,2,1,0.0,0.0,0.0,0.0,0.0,2.0,17,6,11,11/29/2024,2024-11-29,17:10:00
11/29/2024 01:25:00 PM,5.0,2,1,6,6,1,3,3,0,1,3,NOT APPLICABLE,2,1,0.0,0.0,0.0,0.0,0.0,4.0,13,6,11,11/29/2024,2024-11-29,13:25:00
11/29/2024 01:30:00 PM,5.0,2,1,4,6,1,3,3,0,1,3,NOT APPLICABLE,2,1,0.0,0.0,0.0,0.0,0.0,3.0,13,6,11,11/29/2024,2024-11-29,13:30:00