crash_date,traffic_control_device,weather_condition,lighting_condition,first_crash_type,trafficway_type,alignment,roadway_surface_cond,road_defect,crash_type,intersection_related_i,damage,prim_contributory_cause,num_units,most_severe_injury,injuries_total,injuries_fatal,injuries_incapacitating,injuries_non_incapacitating,injuries_reported_not_evident,injuries_no_indication,crash_hour,crash_day_of_week,crash_month,parsed_datetime,date,time
11/29/2024 05:00:00 PM,7.0,2,4,5,5,1,3,3,0,1,3,FAILING TO YIELD RIGHT-OF-WAY,2,1,0.0,0.0,0.0,0.0,0.0,3.0,17,6,11,11/29/2024,2024-11-29,17:00:00
11/29/2024 08:07:00 PM,7.0,2,4,4,6,1,3,3,0,1,3,NOT APPLICABLE,2,1,0.0,0.0,0.0,0.0,0.0,2.0,20,6,11,11/29/2024,2024-11-29,20:07:00
11/29/2024 12:30:00 PM,5.0,2,1,6,6,1,3,3,0,1,3,FAILING TO YIELD RIGHT-OF-WAY,2,1,0.0,0.0,0.0,0.0,0.0,4.0,12,6,11,11/29/2024,2024-11-29,12:30:00
11/29/2024 04:40:00 AM,7.0,2,5,6,7,1,3,3,1,1,3,UNABLE TO DETERMINE,2,3,2.0,0.0,0.0,2.0,0.0,1.0,4,6,11,11/29/2024,2024-11-29,04:40:00
11/29/2024 02:30:00 PM,5.0,2,1,3,5,1,3,3,0,1,3,IMPROPER TURNING/NO SIGNAL,2,1,0.0,0.0,0.0,0.0,0.0,3.0,14,6,11,11/29/2024,2024-11-29,14:30:00
11/29/2024 12:48:00 PM,5.0,3,1,4,5,1,3,1,0,1,1,FAILING TO REDUCE SPEED TO AVOID CRASH,2,1,0.0,0.0,0.0,0.0,0.0,2.0,12,6,11,11/29/2024,2024-11-29,12:48:00
11/29/2024 09:00:00 PM,5.0,2,4,5,5,1,3,3,1,1,3,DISREGARDING TRAFFIC SIGNALS,2,1,0.0,0.0,0.0,0.0,0.0,3.0,21,6,11,11/29/2024,2024-11-29,21:00:00
12/14/2024 06:06:00 PM,7.0,4,5,3,5,1,4,1,0,1,2,WEATHER,2,1,0.0,0.0,0.0,0.0,0.0,2.0,18,7,12,12/14/2024,2024-12-14,18:06:00
11/18/2024 04:30:00 PM,7.0,4,4,14,7,1,4,1,1,0,1,DRIVING SKILLS/KNOWLEDGE/EXPERIENCE,2,2,1.0,0.0,0.0,0.0,1.0,1.0,16,2,11,11/18/2024,2024-11-18,16:30:00
12/14/2024 12:11:00 PM,5.0,2,1,13,6,1,3,3,1,1,1,FAILING TO YIELD RIGHT-OF-WAY,2,4,1.0,0.0,1.0,0.0,0.0,1.0,12,7,12,12/14/2024,2024-12-14,12:11:00
12/13/2024 08:00:00 PM,5.0,2,4,3,5,1,3,3,0,1,3,IMPROPER OVERTAKING/PASSING,2,1,0.0,0.0,0.0,0.0,0.0,5.0,20,6,12,12/13/2024,2024-12-13,20:00:00
12/14/2024 10:20:00 AM,5.0,2,1,6,6,1,3,3,0,1,3,FAILING TO REDUCE SPEED TO AVOID CRASH,2,1,0.0,0.0,0.0,0.0,0.0,2.0,10,7,12,12/14/2024,2024-12-14,10:20:00
12/15/2024 12:15:00 AM,5.0,4,4,6,5,1,4,3,1,1,3,IMPROPER TURNING/NO SIGNAL,2,3,1.0,0.0,0.0,1.0,0.0,1.0,0,1,12,12/15/2024,2024-12-15,00:15:00
12/14/2024 03:00:00 PM,5.0,3,1,4,6,1,3,1,1,1,3,UNABLE TO DETERMINE,2,2,1.0,0.0,0.0,0.0,1.0,1.0,15,7,12,12/14/2024,2024-12-14,15:00:00
12/13/2024 11:37:00 PM,5.0,2,4,5,5,2,1,1,1,1,3,DISREGARDING TRAFFIC SIGNALS,2,1,0.0,0.0,0.0,0.0,0.0,3.0,23,6,12,12/13/2024,2024-12-13,23:37:00
12/13/2024 10:20:00 AM,7.0,2,1,5,6,1,3,3,0,1,3,FAILING TO REDUCE SPEED TO AVOID CRASH,2,1,0.0,0.0,0.0,0.0,0.0,3.0,10,6,12,12/13/2024,2024-12-13,10:20:00
12/14/2024 09:00:00 PM,5.0,4,4,4,4,1,4,3,1,1,3,FAILING TO REDUCE SPEED TO AVOID CRASH,2,1,0.0,0.0,0.0,0.0,0.0,4.0,21,7,12,12/14/2024,2024-12-14,21:00:00
11/30/2024 07:57:00 PM,3.0,2,4,4,4,1,3,3,0,0,2,FOLLOWING TOO CLOSELY,2,1,0.0,0.0,0.0,0.0,0.0,2.0,19,7,11,11/30/2024,2024-11-30,19:57:00
11/30/2024 09:50:00 AM,3.0,2,4,10,4,1,3,3,0,1,2,UNABLE TO DETERMINE,2,1,0.0,0.0,0.0,0.0,0.0,3.0,9,7,11,11/30/2024,2024-11-30,09:50:00
11/30/2024 02:36:00 PM,5.0,2,1,6,5,1,3,3,1,1,3,FAILING TO YIELD RIGHT-OF-WAY,2,1,0.0,0.0,0.0,0.0,0.0,2.0,14,7,11,11/30/2024,2024-11-30,14:36:00
11/30/2024 06:00:00 PM,7.0,2,1,5,5,1,1,1,0,1,3,UNABLE TO DETERMINE,2,1,0.0,0.0,0.0,0.0,0.0,2.0,18,7,11,11/30/2024,2024-11-30,18:00:00
11/30/2024 04:40:00 PM,5.0,2,4,4,4,1,3,3,0,1,3,UNABLE TO DETERMINE,2,1,0.0,0.0,0.0,0.0,0.0,5.0,16,7,11,11/30/2024,2024-11-30,16:40:00
11/30/2024 01:33:00 PM,7.0,2,1,5,5,1,3,3,1,1,3,FAILING TO YIELD RIGHT-OF-WAY,2,1,0.0,0.0,0.0,0.0,0.0,3.0,13,7,11,11/30/2024,2024-11-30,13:33:00
11/30/2024 09:26:00 PM,5.0,2,4,4,5,1,1,1,0,1,1,UNABLE TO DETERMINE,2,1,0.0,0.0,0.0,0.0,0.0,6.0,21,7,11,11/30/2024,2024-11-30,21:26:00
11/30/2024 03:38:00 PM,7.0,2,1,5,5,1,3,3,0,1,2,FAILING TO YIELD RIGHT-OF-WAY,2,1,0.0,0.0,0.0,0.0,0.0,4.0,15,7,11,11/30/2024,2024-11-30,15:38:00
11/30/2024 11:10:00 AM,5.0,2,1,6,6,2,3,3,0,1,3,FAILING TO YIELD RIGHT-OF-WAY,2,1,0.0,0.0,0.0,0.0,0.0,2.0,11,7,11,11/30/2024,2024-11-30,11:10:00
11/30/2024 05:28:00 AM,4.0,2,4,6,5,1,3,3,1,1,3,UNABLE TO DETERMINE,2,1,0.0,0.0,0.0,0.0,0.0,5.0,5,7,11,11/30/2024,2024-11-30,05:28:00
11/30/2024 05:50:00 PM,5.0,2,4,13,5,1,3,3,1,1,3,UNABLE TO DETERMINE,2,3,1.0,0.0,0.0,1.0,0.0,1.0,17,7,11,11/30/2024,2024-11-30,17:50:00
11/30/2024 05:43:00 PM,5.0,2,4,4,5,1,3,3,1,0,1,UNDER THE INFLUENCE OF ALCOHOL/DRUGS (USE WHEN ARREST IS EFFECTED),2,1,0.0,0.0,0.0,0.0,0.0,3.0,17,7,11,11/30/2024,2024-11-30,17:43:00
11/30/2024 02:00:00 PM,5.0,2,1,6,5,1,3,1,1,1,2,UNABLE TO DETERMINE,2,3,1.0,0.0,0.0,1.0,0.0,3.0,14,7,11,11/30/2024,2024-11-30,14:00:00
11/30/2024 04:36:00 PM,5.0,2,5,6,5,1,3,3,0,1,3,IMPROPER TURNING/NO SIGNAL,2,1,0.0,0.0,0.0,0.0,0.0,2.0,16,7,11,11/30/2024,2024-11-30,16:36:00
11/30/2024 11:08:00 AM,7.0,2,1,5,5,1,3,3,1,1,3,DISREGARDING STOP SIGN,2,2,1.0,0.0,0.0,0.0,1.0,1.0,11,7,11,11/30/2024,2024-11-30,11:08:00
11/30/2024 11:40:00 AM,5.0,2,1,6,3,1,3,3,0,1,3,FAILING TO YIELD RIGHT-OF-WAY,2,1,0.0,0.0,0.0,0.0,0.0,2.0,11,7,11,11/30/2024,2024-11-30,11:40:00
11/30/2024 05:38:00 PM,7.0,2,4,5,7,1,3,3,0,1,2,UNABLE TO DETERMINE,2,1,0.0,0.0,0.0,0.0,0.0,3.0,17,7,11,11/30/2024,2024-11-30,17:38:00
11/30/2024 05:05:00 PM,5.0,2,4,6,6,1,1,1,0,1,3,FOLLOWING TOO CLOSELY,2,1,0.0,0.0,0.0,0.0,0.0,2.0,17,7,11,11/30/2024,2024-11-30,17:05:00
11/30/2024 05:30:00 PM,7.0,2,4,5,6,1,3,3,0,1,3,DISREGARDING STOP SIGN,2,1,0.0,0.0,0.0,0.0,0.0,3.0,17,7,11,11/30/2024,2024-11-30,17:30:00
11/30/2024 11:00:00 PM,7.0,2,4,6,1,1,3,3,0,1,3,UNABLE TO DETERMINE,2,1,0.0,0.0,0.0,0.0,0.0,2.0,23,7,11,11/30/2024,2024-11-30,23:00:00
11/30/2024 08:37:00 AM,5.0,2,1,12,4,1,3,3,1,1,3,PHYSICAL CONDITION OF DRIVER,2,3,1.0,0.0,0.0,1.0,0.0,1.0,8,7,11,11/30/2024,2024-11-30,08:37:00
11/30/2024 12:22:00 PM,5.0,2,1,5,6,1,3,1,1,1,3,FAILING TO YIELD RIGHT-OF-WAY,2,3,2.0,0.0,0.0,2.0,0.0,0.0,12,7,11,11/30/2024,2024-11-30,12:22:00
11/30/2024 09:58:00 PM,5.0,2,4,6,5,1,3,1,1,1,2,IMPROPER TURNING/NO SIGNAL,2,1,0.0,0.0,0.0,0.0,0.0,2.0,21,7,11,11/30/2024,2024-11-30,21:58:00
12/14/2024 11:06:00 PM,5.0,4,5,6,5,1,4,3,1,1,3,FAILING TO YIELD RIGHT-OF-WAY,2,1,0.0,0.0,0.0,0.0,0.0,4.0,23,7,12,12/14/2024,2024-12-14,23:06:00
12/15/2024 03:00:00 AM,5.0,4,4,6,6,1,4,3,0,1,3,EQUIPMENT - VEHICLE CONDITION,2,1,0.0,0.0,0.0,0.0,0.0,2.0,3,1,12,12/15/2024,2024-12-15,03:00:00
12/15/2024 01:09:00 PM,5.0,3,1,4,5,1,4,3,0,1,3,FOLLOWING TOO CLOSELY,2,1,0.0,0.0,0.0,0.0,0.0,3.0,13,1,12,12/15/2024,2024-12-15,13:09:00
12/14/2024 11:21:00 AM,5.0,4,4,6,5,1,4,3,1,1,3,IMPROPER TURNING/NO SIGNAL,2,1,0.0,0.0,0.0,0.0,0.0,2.0,11,7,12,12/14/2024,2024-12-14,11:21:00
12/15/2024 12:30:00 PM,7.0,2,1,5,5,1,4,1,1,1,3,UNABLE TO DETERMINE,2,1,0.0,0.0,0.0,0.0,0.0,4.0,12,1,12,12/15/2024,2024-12-15,12:30:00
11/23/2024 07:50:00 PM,7.0,2,4,4,4,1,3,3,0,1,2,FOLLOWING TOO CLOSELY,2,1,0.0,0.0,0.0,0.0,0.0,3.0,19,7,11,11/23/2024,2024-11-23,19:50:00
12/14/2024 11:30:00 PM,7.0,4,4,3,5,1,4,3,0,1,3,IMPROPER TURNING/NO SIGNAL,2,1,0.0,0.0,0.0,0.0,0.0,2.0,23,7,12,12/14/2024,2024-12-14,23:30:00
12/15/2024 06:05:00 PM,5.0,4,3,5,7,1,4,1,1,1,2,FAILING TO YIELD RIGHT-OF-WAY,2,3,1.0,0.0,0.0,1.0,0.0,1.0,18,1,12,12/15/2024,2024-12-15,18:05:00
12/15/2024 02:00:00 PM,5.0,3,1,4,6,1,4,3,0,1,3,FOLLOWING TOO CLOSELY,2,1,0.0,0.0,0.0,0.0,0.0,2.0,14,1,12,12/15/2024,2024-12-15,14:00:00
12/15/2024 04:45:00 PM,3.0,4,5,5,5,1,4,3,1,1,3,FAILING TO YIELD RIGHT-OF-WAY,2,1,0.0,0.0,0.0,0.0,0.0,2.0,16,1,12,12/15/2024,2024-12-15,16:45:00
12/14/2024 12:40:00 AM,5.0,2,4,5,7,1,3,3,1,1,3,UNABLE TO DETERMINE,2,1,0.0,0.0,0.0,0.0,0.0,2.0,0,7,12,12/14/2024,2024-12-14,00:40:00
12/15/2024 09:00:00 AM,5.0,8,2,4,7,1,4,3,0,1,3,FOLLOWING TOO CLOSELY,2,1,0.0,0.0,0.0,0.0,0.0,3.0,9,1,12,12/15/2024,2024-12-15,09:00:00
12/15/2024 04:00:00 PM,7.0,4,1,5,7,1,4,3,0,1,3,UNABLE TO DETERMINE,2,1,0.0,0.0,0.0,0.0,0.0,3.0,16,1,12,12/15/2024,2024-12-15,16:00:00
12/01/2024 12:30:00 PM,3.0,2,1,6,5,1,3,1,1,1,3,UNABLE TO DETERMINE,2,3,2.0,0.0,0.0,2.0,0.0,1.0,12,1,12,12/01/2024,2024-12-01,12:30:00
12/01/2024 01:00:00 PM,5.0,2,1,4,4,1,3,3,0,1,1,UNABLE TO DETERMINE,2,1,0.0,0.0,0.0,0.0,0.0,5.0,13,1,12,12/01/2024,2024-12-01,13:00:00
12/01/2024 09:55:00 PM,7.0,2,4,5,7,1,3,3,0,1,2,UNABLE TO DETERMINE,2,1,0.0,0.0,0.0,0.0,0.0,3.0,21,1,12,12/01/2024,2024-12-01,21:55:00
12/01/2024 11:31:00 PM,7.0,2,4,6,7,1,3,3,0,1,3,FAILING TO YIELD RIGHT-OF-WAY,2,1,0.0,0.0,0.0,0.0,0.0,3.0,23,1,12,12/01/2024,2024-12-01,23:31:00
12/01/2024 08:20:00 AM,5.0,2,1,6,6,1,3,3,1,1,3,IMPROPER OVERTAKING/PASSING,2,1,0.0,0.0,0.0,0.0,0.0,2.0,8,1,12,12/01/2024,2024-12-01,08:20:00
12/01/2024 11:38:00 AM,5.0,2,1,3,4,1,3,3,0,0,3,IMPROPER OVERTAKING/PASSING,2,1,0.0,0.0,0.0,0.0,0.0,2.0,11,1,12,12/01/2024,2024-12-01,11:38:00
12/01/2024 02:42:00 AM,8.0,2,5,4,4,1,3,3,1,1,3,FAILING TO REDUCE SPEED TO AVOID CRASH,2,3,1.0,0.0,0.0,1.0,0.0,2.0,2,1,12,12/01/2024,2024-12-01,02:42:00
12/01/2024 07:30:00 PM,5.0,2,1,4,5,1,1,1,0,1,3,UNABLE TO DETERMINE,2,1,0.0,0.0,0.0,0.0,0.0,3.0,19,1,12,12/01/2024,2024-12-01,19:30:00
12/01/2024 07:43:00 PM,7.0,2,4,11,7,1,3,3,0,1,2,IMPROPER LANE USAGE,2,1,0.0,0.0,0.0,0.0,0.0,3.0,19,1,12,12/01/2024,2024-12-01,19:43:00
12/01/2024 07:17:00 PM,5.0,2,4,6,6,1,3,3,1,1,3,FAILING TO YIELD RIGHT-OF-WAY,2,1,0.0,0.0,0.0,0.0,0.0,2.0,19,1,12,12/01/2024,2024-12-01,19:17:00
12/01/2024 07:05:00 PM,5.0,2,4,6,3,1,3,3,1,0,3,UNABLE TO DETERMINE,2,3,2.0,0.0,0.0,1.0,1.0,2.0,19,1,12,12/01/2024,2024-12-01,19:05:00
12/01/2024 02:00:00 AM,5.0,2,5,4,4,4,3,3,0,0,3,FOLLOWING TOO CLOSELY,2,1,0.0,0.0,0.0,0.0,0.0,3.0,2,1,12,12/01/2024,2024-12-01,02:00:00
12/06/2024 08:30:00 AM,5.0,2,1,5,6,1,3,3,0,1,2,DISREGARDING TRAFFIC SIGNALS,2,1,0.0,0.0,0.0,0.0,0.0,4.0,8,6,12,12/06/2024,2024-12-06,08:30:00
12/01/2024 12:34:00 PM,7.0,2,1,4,6,1,3,3,0,1,3,UNABLE TO DETERMINE,2,1,0.0,0.0,0.0,0.0,0.0,2.0,12,1,12,12/01/2024,2024-12-01,12:34:00
12/01/2024 09:50:00 AM,7.0,2,1,6,10,1,1,1,0,1,2,UNABLE TO DETERMINE,2,1,0.0,0.0,0.0,0.0,0.0,2.0,9,1,12,12/01/2024,2024-12-01,09:50:00
12/01/2024 06:57:00 AM,5.0,2,1,13,6,1,3,3,1,1,1,FAILING TO YIELD RIGHT-OF-WAY,2,2,1.0,0.0,0.0,0.0,1.0,1.0,6,1,12,12/01/2024,2024-12-01,06:57:00
12/01/2024 09:10:00 PM,3.0,2,5,11,10,1,3,3,0,0,3,IMPROPER OVERTAKING/PASSING,2,1,0.0,0.0,0.0,0.0,0.0,1.0,21,1,12,12/01/2024,2024-12-01,21:10:00
12/01/2024 07:14:00 AM,5.0,2,1,5,5,1,3,3,1,1,3,FAILING TO REDUCE SPEED TO AVOID CRASH,2,3,1.0,0.0,0.0,1.0,0.0,1.0,7,1,12,12/01/2024,2024-12-01,07:14:00
12/01/2024 07:00:00 PM,7.0,2,1,6,7,1,1,1,0,1,3,FAILING TO YIELD RIGHT-OF-WAY,2,1,0.0,0.0,0.0,0.0,0.0,3.0,19,1,12,12/01/2024,2024-12-01,19:00:00
12/01/2024 03:00:00 AM,5.0,2,4,5,5,1,3,3,1,1,3,UNABLE TO DETERMINE,2,2,1.0,0.0,0.0,0.0,1.0,2.0,3,1,12,12/01/2024,2024-12-01,03:00:00
12/01/2024 04:45:00 AM,5.0,2,4,5,5,1,3,3,1,1,3,FAILING TO YIELD RIGHT-OF-WAY,2,1,0.0,0.0,0.0,0.0,0.0,3.0,4,1,12,12/01/2024,2024-12-01,04:45:00
12/01/2024 11:20:00 AM,5.0,2,1,5,5,1,3,3,1,1,3,DISREGARDING TRAFFIC SIGNALS,2,3,1.0,0.0,0.0,1.0,0.0,4.0,11,1,12,12/01/2024,2024-12-01,11:20:00
12/01/2024 06:20:00 PM,5.0,2,5,4,9,1,1,1,0,1,3,UNABLE TO DETERMINE,2,1,0.0,0.0,0.0,0.0,0.0,2.0,18,1,12,12/01/2024,2024-12-01,18:20:00
12/01/2024 02:07:00 PM,5.0,2,1,4,3,1,3,1,1,0,3,FOLLOWING TOO CLOSELY,2,2,1.0,0.0,0.0,0.0,1.0,2.0,14,1,12,12/01/2024,2024-12-01,14:07:00
12/01/2024 12:42:00 AM,5.0,2,4,6,5,1,3,3,1,1,3,DISREGARDING TRAFFIC SIGNALS,2,1,0.0,0.0,0.0,0.0,0.0,4.0,0,1,12,12/01/2024,2024-12-01,00:42:00
12/01/2024 06:50:00 AM,3.0,2,2,3,6,1,3,1,0,1,3,NOT APPLICABLE,2,1,0.0,0.0,0.0,0.0,0.0,2.0,6,1,12,12/01/2024,2024-12-01,06:50:00
12/15/2024 05:01:00 PM,7.0,2,1,6,9,1,1,1,0,1,3,FAILING TO YIELD RIGHT-OF-WAY,2,1,0.0,0.0,0.0,0.0,0.0,3.0,17,1,12,12/15/2024,2024-12-15,17:01:00
12/16/2024 08:30:00 AM,3.0,4,1,6,7,1,4,3,0,1,3,UNABLE TO DETERMINE,2,1,0.0,0.0,0.0,0.0,0.0,2.0,8,2,12,12/16/2024,2024-12-16,08:30:00
12/14/2024 11:58:00 PM,5.0,4,4,4,3,1,4,3,0,1,2,FOLLOWING TOO CLOSELY,2,1,0.0,0.0,0.0,0.0,0.0,2.0,23,7,12,12/14/2024,2024-12-14,23:58:00
12/06/2024 07:28:00 AM,3.0,2,1,3,3,1,3,3,1,1,3,IMPROPER OVERTAKING/PASSING,2,3,1.0,0.0,0.0,1.0,0.0,2.0,7,6,12,12/06/2024,2024-12-06,07:28:00
12/15/2024 01:50:00 AM,5.0,2,1,6,4,1,1,1,0,1,2,FOLLOWING TOO CLOSELY,2,1,0.0,0.0,0.0,0.0,0.0,2.0,1,1,12,12/15/2024,2024-12-15,01:50:00
12/16/2024 08:55:00 AM,5.0,2,1,6,5,1,3,3,0,1,3,UNABLE TO DETERMINE,2,1,0.0,0.0,0.0,0.0,0.0,2.0,8,2,12,12/16/2024,2024-12-16,08:55:00
12/16/2024 08:45:00 AM,7.0,2,1,5,1,1,1,1,0,1,3,DRIVING SKILLS/KNOWLEDGE/EXPERIENCE,2,1,0.0,0.0,0.0,0.0,0.0,2.0,8,2,12,12/16/2024,2024-12-16,08:45:00
12/13/2024 12:00:00 PM,5.0,2,1,4,7,1,3,3,0,1,3,NOT APPLICABLE,2,1,0.0,0.0,0.0,0.0,0.0,2.0,12,6,12,12/13/2024,2024-12-13,12:00:00
12/16/2024 08:20:00 PM,7.0,2,4,5,5,1,3,3,0,1,3,UNABLE TO DETERMINE,2,1,0.0,0.0,0.0,0.0,0.0,2.0,20,2,12,12/16/2024,2024-12-16,20:20:00
12/16/2024 03:00:00 PM,5.0,2,1,4,5,1,3,1,0,0,3,FOLLOWING TOO CLOSELY,2,1,0.0,0.0,0.0,0.0,0.0,2.0,15,2,12,12/16/2024,2024-12-16,15:00:00
12/16/2024 05:50:00 AM,3.0,4,4,5,10,1,4,3,1,1,3,DRIVING ON WRONG SIDE/WRONG WAY,2,3,1.0,0.0,0.0,1.0,0.0,1.0,5,2,12,12/16/2024,2024-12-16,05:50:00
12/13/2024 09:00:00 PM,7.0,2,4,5,7,1,1,1,0,1,3,UNABLE TO DETERMINE,2,1,0.0,0.0,0.0,0.0,0.0,2.0,21,6,12,12/13/2024,2024-12-13,21:00:00
12/14/2024 09:20:00 PM,5.0,4,4,6,5,1,4,1,0,1,3,FOLLOWING TOO CLOSELY,2,1,0.0,0.0,0.0,0.0,0.0,3.0,21,7,12,12/14/2024,2024-12-14,21:20:00
12/16/2024 10:05:00 AM,5.0,3,1,6,4,1,4,3,1,1,3,FAILING TO YIELD RIGHT-OF-WAY,2,3,1.0,0.0,0.0,1.0,0.0,2.0,10,2,12,12/16/2024,2024-12-16,10:05:00
12/02/2024 05:40:00 PM,7.0,2,1,4,4,1,3,3,0,1,2,UNABLE TO DETERMINE,2,1,0.0,0.0,0.0,0.0,0.0,2.0,17,2,12,12/02/2024,2024-12-02,17:40:00
12/02/2024 04:31:00 PM,5.0,2,3,5,5,1,3,3,1,1,3,FAILING TO YIELD RIGHT-OF-WAY,2,2,2.0,0.0,0.0,0.0,2.0,0.0,16,2,12,12/02/2024,2024-12-02,16:31:00
12/02/2024 10:33:00 AM,7.0,3,1,5,4,1,3,3,1,1,3,FAILING TO YIELD RIGHT-OF-WAY,2,3,1.0,0.0,0.0,1.0,0.0,4.0,10,2,12,12/02/2024,2024-12-02,10:33:00
12/02/2024 03:45:00 PM,1.0,2,1,3,6,1,1,1,0,1,2,DRIVING SKILLS/KNOWLEDGE/EXPERIENCE,2,1,0.0,0.0,0.0,0.0,0.0,2.0,15,2,12,12/02/2024,2024-12-02,15:45:00
12/02/2024 11:28:00 AM,5.0,2,1,6,4,1,3,3,1,1,3,IMPROPER TURNING/NO SIGNAL,2,2,1.0,0.0,0.0,0.0,1.0,1.0,11,2,12,12/02/2024,2024-12-02,11:28:00
12/02/2024 08:20:00 AM,5.0,2,1,4,5,1,3,3,0,1,1,UNABLE TO DETERMINE,2,1,0.0,0.0,0.0,0.0,0.0,3.0,8,2,12,12/02/2024,2024-12-02,08:20:00
12/02/2024 05:23:00 PM,5.0,2,4,6,5,1,3,1,0,1,2,IMPROPER TURNING/NO SIGNAL,2,1,0.0,0.0,0.0,0.0,0.0,2.0,17,2,12,12/02/2024,2024-12-02,17:23:00
12/02/2024 11:40:00 AM,7.0,2,1,6,4,1,3,3,0,1,3,UNABLE TO DETERMINE,2,1,0.0,0.0,0.0,0.0,0.0,2.0,11,2,12,12/02/2024,2024-12-02,11:40:00
12/02/2024 02:18:00 PM,5.0,2,1,6,5,1,1,1,1,1,3,UNABLE TO DETERMINE,2,1,0.0,0.0,0.0,0.0,0.0,2.0,14,2,12,12/02/2024,2024-12-02,14:18:00
12/16/2024 07:40:00 AM,7.0,3,1,5,5,1,4,3,1,1,3,FAILING TO YIELD RIGHT-OF-WAY,2,3,2.0,0.0,0.0,2.0,0.0,3.0,7,2,12,12/16/2024,2024-12-16,07:40:00
12/02/2024 04:54:00 PM,3.0,2,3,6,5,1,3,3,0,1,3,FAILING TO REDUCE SPEED TO AVOID CRASH,2,1,0.0,0.0,0.0,0.0,0.0,2.0,16,2,12,12/02/2024,2024-12-02,16:54:00
12/02/2024 06:13:00 PM,5.0,2,4,4,6,1,3,3,0,1,3,UNABLE TO DETERMINE,2,1,0.0,0.0,0.0,0.0,0.0,7.0,18,2,12,12/02/2024,2024-12-02,18:13:00
12/05/2024 05:55:00 PM,7.0,2,4,5,6,1,3,3,1,1,1,NOT APPLICABLE,2,1,0.0,0.0,0.0,0.0,0.0,2.0,17,5,12,12/05/2024,2024-12-05,17:55:00
12/02/2024 11:50:00 AM,5.0,2,1,6,5,1,1,1,0,1,3,IMPROPER TURNING/NO SIGNAL,2,1,0.0,0.0,0.0,0.0,0.0,2.0,11,2,12,12/02/2024,2024-12-02,11:50:00
12/02/2024 08:30:00 PM,7.0,2,4,6,7,1,3,3,0,1,3,FAILING TO YIELD RIGHT-OF-WAY,2,1,0.0,0.0,0.0,0.0,0.0,2.0,20,2,12,12/02/2024,2024-12-02,20:30:00
12/02/2024 11:50:00 AM,5.0,2,1,6,5,1,1,1,0,1,2,UNABLE TO DETERMINE,2,1,0.0,0.0,0.0,0.0,0.0,2.0,11,2,12,12/02/2024,2024-12-02,11:50:00
12/02/2024 05:38:00 PM,5.0,2,5,4,5,1,3,3,0,1,3,UNABLE TO DETERMINE,2,1,0.0,0.0,0.0,0.0,0.0,2.0,17,2,12,12/02/2024,2024-12-02,17:38:00
12/02/2024 08:00:00 AM,5.0,2,1,6,6,1,3,3,1,1,3,DISREGARDING TRAFFIC SIGNALS,2,1,0.0,0.0,0.0,0.0,0.0,2.0,8,2,12,12/02/2024,2024-12-02,08:00:00
12/02/2024 05:45:00 AM,7.0,2,1,6,13,1,3,3,1,1,3,IMPROPER TURNING/NO SIGNAL,2,1,0.0,0.0,0.0,0.0,0.0,2.0,5,2,12,12/02/2024,2024-12-02,05:45:00
12/02/2024 06:40:00 PM,7.0,2,4,14,17,1,3,3,1,0,2,UNABLE TO DETERMINE,2,2,1.0,0.0,0.0,0.0,1.0,1.0,18,2,12,12/02/2024,2024-12-02,18:40:00
12/02/2024 03:00:00 PM,5.0,2,1,5,5,1,3,3,0,1,3,FAILING TO YIELD RIGHT-OF-WAY,2,1,0.0,0.0,0.0,0.0,0.0,2.0,15,2,12,12/02/2024,2024-12-02,15:00:00
12/02/2024 08:09:00 PM,5.0,2,4,4,5,1,4,3,0,1,3,UNABLE TO DETERMINE,2,1,0.0,0.0,0.0,0.0,0.0,2.0,20,2,12,12/02/2024,2024-12-02,20:09:00
12/02/2024 11:50:00 PM,7.0,2,4,6,7,1,3,1,0,1,3,FAILING TO YIELD RIGHT-OF-WAY,2,1,0.0,0.0,0.0,0.0,0.0,2.0,23,2,12,12/02/2024,2024-12-02,23:50:00
12/02/2024 07:15:00 AM,5.0,2,1,5,6,1,1,1,0,1,2,UNABLE TO DETERMINE,2,1,0.0,0.0,0.0,0.0,0.0,3.0,7,2,12,12/02/2024,2024-12-02,07:15:00
12/02/2024 03:30:00 PM,5.0,2,1,3,5,1,3,3,0,1,2,UNABLE TO DETERMINE,2,1,0.0,0.0,0.0,0.0,0.0,2.0,15,2,12,12/02/2024,2024-12-02,15:30:00
12/02/2024 04:12:00 PM,1.0,2,1,11,6,1,3,1,0,0,2,UNABLE TO DETERMINE,2,1,0.0,0.0,0.0,0.0,0.0,1.0,16,2,12,12/02/2024,2024-12-02,16:12:00
12/02/2024 03:13:00 PM,3.0,2,1,5,5,1,3,3,1,1,3,FAILING TO YIELD RIGHT-OF-WAY,2,3,1.0,0.0,0.0,1.0,0.0,1.0,15,2,12,12/02/2024,2024-12-02,15:13:00
12/02/2024 04:30:00 PM,3.0,2,2,3,6,1,3,3,0,1,2,UNABLE TO DETERMINE,2,1,0.0,0.0,0.0,0.0,0.0,2.0,16,2,12,12/02/2024,2024-12-02,16:30:00