crash_date,traffic_control_device,weather_condition,lighting_condition,first_crash_type,trafficway_type,alignment,roadway_surface_cond,road_defect,crash_type,intersection_related_i,damage,prim_contributory_cause,num_units,most_severe_injury,injuries_total,injuries_fatal,injuries_incapacitating,injuries_non_incapacitating,injuries_reported_not_evident,injuries_no_indication,crash_hour,crash_day_of_week,crash_month,parsed_datetime,date,time
12/02/2024 11:27:00 AM,5.0,2,1,3,6,1,3,3,0,1,1,UNABLE TO DETERMINE,2,1,0.0,0.0,0.0,0.0,0.0,2.0,11,2,12,12/02/2024,2024-12-02,11:27:00
12/02/2024 05:00:00 PM,5.0,2,5,4,5,1,1,1,1,1,3,UNABLE TO DETERMINE,2,1,0.0,0.0,0.0,0.0,0.0,2.0,17,2,12,12/02/2024,2024-12-02,17:00:00
12/02/2024 11:13:00 PM,5.0,2,4,6,6,1,3,3,1,1,3,FAILING TO YIELD RIGHT-OF-WAY,2,3,1.0,0.0,0.0,1.0,0.0,2.0,23,2,12,12/02/2024,2024-12-02,23:13:00
12/02/2024 11:10:00 PM,5.0,2,4,6,4,1,3,3,1,1,3,UNABLE TO DETERMINE,2,1,0.0,0.0,0.0,0.0,0.0,5.0,23,2,12,12/02/2024,2024-12-02,23:10:00
12/02/2024 03:15:00 PM,7.0,2,1,5,5,1,3,3,1,1,3,UNABLE TO DETERMINE,2,3,2.0,0.0,0.0,2.0,0.0,1.0,15,2,12,12/02/2024,2024-12-02,15:15:00
12/02/2024 04:30:00 PM,3.0,2,4,4,6,1,6,3,0,1,3,FOLLOWING TOO CLOSELY,2,1,0.0,0.0,0.0,0.0,0.0,3.0,16,2,12,12/02/2024,2024-12-02,16:30:00
12/17/2024 12:30:00 PM,5.0,2,1,4,7,1,3,3,0,1,2,UNABLE TO DETERMINE,2,1,0.0,0.0,0.0,0.0,0.0,2.0,12,3,12,12/17/2024,2024-12-17,12:30:00
12/06/2024 08:45:00 AM,3.0,2,1,8,10,1,3,3,0,1,3,UNABLE TO DETERMINE,2,1,0.0,0.0,0.0,0.0,0.0,2.0,8,6,12,12/06/2024,2024-12-06,08:45:00
12/16/2024 06:34:00 PM,7.0,2,4,5,5,1,3,3,1,1,3,FAILING TO YIELD RIGHT-OF-WAY,2,1,0.0,0.0,0.0,0.0,0.0,2.0,18,2,12,12/16/2024,2024-12-16,18:34:00
12/15/2024 07:15:00 PM,1.0,1,3,3,2,1,4,1,0,1,3,NOT APPLICABLE,2,1,0.0,0.0,0.0,0.0,0.0,2.0,19,1,12,12/15/2024,2024-12-15,19:15:00
12/17/2024 05:50:00 PM,7.0,3,3,5,6,1,3,1,1,1,3,FAILING TO YIELD RIGHT-OF-WAY,2,1,0.0,0.0,0.0,0.0,0.0,3.0,17,3,12,12/17/2024,2024-12-17,17:50:00
12/17/2024 10:00:00 AM,5.0,2,1,6,3,1,3,3,0,1,3,IMPROPER TURNING/NO SIGNAL,2,1,0.0,0.0,0.0,0.0,0.0,2.0,10,3,12,12/17/2024,2024-12-17,10:00:00
12/17/2024 02:40:00 PM,5.0,2,1,5,5,1,3,3,1,1,3,DISREGARDING TRAFFIC SIGNALS,2,3,1.0,0.0,0.0,1.0,0.0,2.0,14,3,12,12/17/2024,2024-12-17,14:40:00
12/17/2024 06:00:00 PM,5.0,2,4,6,5,1,3,3,0,1,3,FAILING TO YIELD RIGHT-OF-WAY,2,1,0.0,0.0,0.0,0.0,0.0,3.0,18,3,12,12/17/2024,2024-12-17,18:00:00
12/06/2024 04:40:00 PM,5.0,2,1,5,5,1,3,3,0,1,3,UNABLE TO DETERMINE,2,1,0.0,0.0,0.0,0.0,0.0,2.0,16,6,12,12/06/2024,2024-12-06,16:40:00
12/16/2024 04:55:00 PM,5.0,2,5,6,6,1,1,1,0,1,3,IMPROPER TURNING/NO SIGNAL,2,1,0.0,0.0,0.0,0.0,0.0,2.0,16,2,12,12/16/2024,2024-12-16,16:55:00
12/17/2024 06:49:00 AM,5.0,2,1,3,3,1,3,3,0,1,3,IMPROPER OVERTAKING/PASSING,2,1,0.0,0.0,0.0,0.0,0.0,2.0,6,3,12,12/17/2024,2024-12-17,06:49:00
12/17/2024 05:48:00 PM,4.0,2,5,13,4,1,3,3,1,1,3,FAILING TO YIELD RIGHT-OF-WAY,2,3,1.0,0.0,0.0,1.0,0.0,1.0,17,3,12,12/17/2024,2024-12-17,17:48:00
12/17/2024 04:19:00 PM,7.0,2,1,14,6,1,3,3,1,1,1,FAILING TO YIELD RIGHT-OF-WAY,2,3,1.0,0.0,0.0,1.0,0.0,1.0,16,3,12,12/17/2024,2024-12-17,16:19:00
12/17/2024 03:00:00 PM,3.0,2,1,6,6,1,3,3,0,1,3,FAILING TO YIELD RIGHT-OF-WAY,2,1,0.0,0.0,0.0,0.0,0.0,2.0,15,3,12,12/17/2024,2024-12-17,15:00:00
12/03/2024 08:44:00 AM,5.0,2,1,4,7,4,3,1,0,1,3,FOLLOWING TOO CLOSELY,2,1,0.0,0.0,0.0,0.0,0.0,2.0,8,3,12,12/03/2024,2024-12-03,08:44:00
12/03/2024 12:36:00 PM,5.0,2,1,6,5,1,3,3,1,1,3,UNABLE TO DETERMINE,2,1,0.0,0.0,0.0,0.0,0.0,5.0,12,3,12,12/03/2024,2024-12-03,12:36:00
12/03/2024 07:20:00 AM,1.0,2,1,6,5,1,1,1,0,1,3,UNABLE TO DETERMINE,2,1,0.0,0.0,0.0,0.0,0.0,2.0,7,3,12,12/03/2024,2024-12-03,07:20:00
12/03/2024 02:40:00 PM,5.0,2,1,5,4,1,3,3,0,1,2,FAILING TO YIELD RIGHT-OF-WAY,2,1,0.0,0.0,0.0,0.0,0.0,2.0,14,3,12,12/03/2024,2024-12-03,14:40:00
12/16/2024 03:15:00 PM,5.0,2,1,6,10,1,3,3,0,1,3,IMPROPER TURNING/NO SIGNAL,2,1,0.0,0.0,0.0,0.0,0.0,2.0,15,2,12,12/16/2024,2024-12-16,15:15:00
12/03/2024 03:38:00 PM,7.0,2,4,5,4,1,3,3,1,1,3,FAILING TO YIELD RIGHT-OF-WAY,2,2,1.0,0.0,0.0,0.0,1.0,1.0,15,3,12,12/03/2024,2024-12-03,15:38:00
12/03/2024 05:15:00 PM,3.0,2,1,6,4,1,3,3,0,1,3,FAILING TO YIELD RIGHT-OF-WAY,2,1,0.0,0.0,0.0,0.0,0.0,2.0,17,3,12,12/03/2024,2024-12-03,17:15:00
12/03/2024 03:20:00 PM,7.0,2,1,6,4,1,3,3,0,1,3,UNABLE TO DETERMINE,2,1,0.0,0.0,0.0,0.0,0.0,2.0,15,3,12,12/03/2024,2024-12-03,15:20:00
12/03/2024 09:56:00 AM,3.0,2,1,6,7,1,3,3,0,1,2,FAILING TO YIELD RIGHT-OF-WAY,2,1,0.0,0.0,0.0,0.0,0.0,2.0,9,3,12,12/03/2024,2024-12-03,09:56:00
12/03/2024 05:45:00 PM,5.0,2,4,8,5,1,3,3,1,1,3,DRIVING SKILLS/KNOWLEDGE/EXPERIENCE,2,2,2.0,0.0,0.0,0.0,2.0,1.0,17,3,12,12/03/2024,2024-12-03,17:45:00
11/29/2024 12:01:00 AM,1.0,2,1,5,5,1,1,1,1,1,3,UNABLE TO DETERMINE,2,3,1.0,0.0,0.0,1.0,0.0,2.0,0,6,11,11/29/2024,2024-11-29,00:01:00
12/03/2024 12:05:00 PM,7.0,2,1,6,6,1,3,3,1,1,3,UNABLE TO DETERMINE,2,1,0.0,0.0,0.0,0.0,0.0,2.0,12,3,12,12/03/2024,2024-12-03,12:05:00
07/29/2024 04:30:00 PM,5.0,2,1,6,4,1,3,3,0,1,3,FAILING TO YIELD RIGHT-OF-WAY,2,1,0.0,0.0,0.0,0.0,0.0,3.0,16,2,7,07/29/2024,2024-07-29,16:30:00
12/18/2024 08:37:00 PM,5.0,2,4,4,6,1,3,3,1,1,3,EQUIPMENT - VEHICLE CONDITION,2,1,0.0,0.0,0.0,0.0,0.0,3.0,20,4,12,12/18/2024,2024-12-18,20:37:00
12/18/2024 03:23:00 PM,5.0,2,1,6,5,1,1,1,0,1,2,IMPROPER OVERTAKING/PASSING,2,1,0.0,0.0,0.0,0.0,0.0,5.0,15,4,12,12/18/2024,2024-12-18,15:23:00
12/18/2024 09:50:00 AM,7.0,2,1,5,10,1,3,3,1,1,3,FAILING TO YIELD RIGHT-OF-WAY,2,3,2.0,0.0,0.0,1.0,1.0,0.0,9,4,12,12/18/2024,2024-12-18,09:50:00
12/18/2024 04:30:00 PM,5.0,2,1,8,5,1,3,3,0,1,3,UNABLE TO DETERMINE,2,1,0.0,0.0,0.0,0.0,0.0,2.0,16,4,12,12/18/2024,2024-12-18,16:30:00
12/05/2024 06:50:00 PM,7.0,2,4,5,5,1,1,1,0,1,3,FAILING TO YIELD RIGHT-OF-WAY,2,1,0.0,0.0,0.0,0.0,0.0,2.0,18,5,12,12/05/2024,2024-12-05,18:50:00
12/18/2024 03:47:00 PM,3.0,2,1,6,6,1,3,3,0,1,3,UNABLE TO DETERMINE,2,1,0.0,0.0,0.0,0.0,0.0,4.0,15,4,12,12/18/2024,2024-12-18,15:47:00
12/12/2024 05:30:00 AM,5.0,2,1,6,4,1,3,3,1,1,3,FAILING TO YIELD RIGHT-OF-WAY,2,1,0.0,0.0,0.0,0.0,0.0,3.0,5,5,12,12/12/2024,2024-12-12,05:30:00
12/18/2024 08:00:00 AM,5.0,2,1,6,7,1,3,3,1,1,3,FOLLOWING TOO CLOSELY,2,1,0.0,0.0,0.0,0.0,0.0,2.0,8,4,12,12/18/2024,2024-12-18,08:00:00
12/18/2024 06:45:00 AM,5.0,2,2,6,6,1,1,3,0,1,2,UNABLE TO DETERMINE,2,1,0.0,0.0,0.0,0.0,0.0,3.0,6,4,12,12/18/2024,2024-12-18,06:45:00
12/17/2024 11:37:00 AM,5.0,2,1,6,4,1,3,3,1,1,3,FAILING TO YIELD RIGHT-OF-WAY,2,1,0.0,0.0,0.0,0.0,0.0,2.0,11,3,12,12/17/2024,2024-12-17,11:37:00
12/04/2024 07:20:00 AM,5.0,2,1,3,6,1,3,3,0,1,3,IMPROPER LANE USAGE,2,1,0.0,0.0,0.0,0.0,0.0,2.0,7,4,12,12/04/2024,2024-12-04,07:20:00
12/04/2024 08:47:00 AM,7.0,2,1,4,5,1,3,3,0,1,2,FOLLOWING TOO CLOSELY,2,1,0.0,0.0,0.0,0.0,0.0,2.0,8,4,12,12/04/2024,2024-12-04,08:47:00
12/04/2024 08:45:00 AM,5.0,2,1,6,6,1,1,1,0,1,3,IMPROPER LANE USAGE,2,1,0.0,0.0,0.0,0.0,0.0,2.0,8,4,12,12/04/2024,2024-12-04,08:45:00
12/04/2024 02:24:00 PM,5.0,3,1,4,3,1,3,3,1,1,3,UNABLE TO DETERMINE,2,1,0.0,0.0,0.0,0.0,0.0,3.0,14,4,12,12/04/2024,2024-12-04,14:24:00
12/04/2024 02:46:00 PM,7.0,2,1,6,7,1,3,1,1,1,3,IMPROPER TURNING/NO SIGNAL,2,3,1.0,0.0,0.0,1.0,0.0,1.0,14,4,12,12/04/2024,2024-12-04,14:46:00
12/04/2024 09:30:00 AM,5.0,2,1,5,6,1,3,3,1,1,3,DISREGARDING TRAFFIC SIGNALS,2,1,0.0,0.0,0.0,0.0,0.0,2.0,9,4,12,12/04/2024,2024-12-04,09:30:00
12/04/2024 11:16:00 AM,5.0,2,1,3,5,1,3,3,0,1,3,IMPROPER OVERTAKING/PASSING,2,1,0.0,0.0,0.0,0.0,0.0,2.0,11,4,12,12/04/2024,2024-12-04,11:16:00
12/04/2024 06:55:00 AM,7.0,2,1,5,6,1,3,3,1,1,3,UNABLE TO DETERMINE,2,1,0.0,0.0,0.0,0.0,0.0,2.0,6,4,12,12/04/2024,2024-12-04,06:55:00
12/04/2024 03:50:00 PM,5.0,2,1,3,7,1,1,1,0,1,2,UNABLE TO DETERMINE,2,1,0.0,0.0,0.0,0.0,0.0,2.0,15,4,12,12/04/2024,2024-12-04,15:50:00
12/04/2024 02:35:00 PM,3.0,3,1,14,16,1,3,1,1,1,1,FAILING TO YIELD RIGHT-OF-WAY,2,2,1.0,0.0,0.0,0.0,1.0,1.0,14,4,12,12/04/2024,2024-12-04,14:35:00
12/04/2024 03:15:00 PM,5.0,2,1,3,4,1,1,1,0,1,3,IMPROPER LANE USAGE,2,1,0.0,0.0,0.0,0.0,0.0,2.0,15,4,12,12/04/2024,2024-12-04,15:15:00
12/04/2024 10:05:00 AM,1.0,2,1,11,2,1,1,1,0,0,3,UNABLE TO DETERMINE,2,1,0.0,0.0,0.0,0.0,0.0,1.0,10,4,12,12/04/2024,2024-12-04,10:05:00
12/04/2024 12:25:00 PM,5.0,2,1,4,6,1,3,3,0,1,3,UNABLE TO DETERMINE,2,1,0.0,0.0,0.0,0.0,0.0,4.0,12,4,12,12/04/2024,2024-12-04,12:25:00
12/04/2024 01:24:00 PM,5.0,2,1,4,4,1,3,3,0,1,3,UNABLE TO DETERMINE,2,1,0.0,0.0,0.0,0.0,0.0,2.0,13,4,12,12/04/2024,2024-12-04,13:24:00
12/04/2024 09:29:00 AM,7.0,2,1,6,5,1,3,3,1,1,3,UNABLE TO DETERMINE,2,1,0.0,0.0,0.0,0.0,0.0,2.0,9,4,12,12/04/2024,2024-12-04,09:29:00
12/04/2024 07:45:00 PM,3.0,2,4,3,7,1,1,1,0,0,3,UNABLE TO DETERMINE,2,1,0.0,0.0,0.0,0.0,0.0,3.0,19,4,12,12/04/2024,2024-12-04,19:45:00
12/04/2024 09:45:00 PM,5.0,2,4,6,9,1,3,3,0,1,3,IMPROPER LANE USAGE,2,1,0.0,0.0,0.0,0.0,0.0,2.0,21,4,12,12/04/2024,2024-12-04,21:45:00
12/04/2024 12:30:00 PM,1.0,3,1,4,5,1,1,1,0,1,3,UNABLE TO DETERMINE,2,1,0.0,0.0,0.0,0.0,0.0,2.0,12,4,12,12/04/2024,2024-12-04,12:30:00
12/04/2024 10:30:00 AM,5.0,2,1,6,14,1,1,1,0,0,2,UNABLE TO DETERMINE,2,1,0.0,0.0,0.0,0.0,0.0,2.0,10,4,12,12/04/2024,2024-12-04,10:30:00
12/04/2024 07:44:00 PM,7.0,2,5,6,5,1,3,3,1,1,3,FAILING TO REDUCE SPEED TO AVOID CRASH,2,1,0.0,0.0,0.0,0.0,0.0,3.0,19,4,12,12/04/2024,2024-12-04,19:44:00
12/04/2024 04:48:00 AM,5.0,2,4,4,4,1,1,1,0,0,3,FOLLOWING TOO CLOSELY,2,1,0.0,0.0,0.0,0.0,0.0,2.0,4,4,12,12/04/2024,2024-12-04,04:48:00
12/04/2024 10:13:00 PM,5.0,2,4,6,6,1,3,3,0,1,3,DRIVING SKILLS/KNOWLEDGE/EXPERIENCE,2,1,0.0,0.0,0.0,0.0,0.0,3.0,22,4,12,12/04/2024,2024-12-04,22:13:00
12/04/2024 03:45:00 PM,1.0,2,1,5,1,1,1,1,0,1,3,UNABLE TO DETERMINE,2,1,0.0,0.0,0.0,0.0,0.0,2.0,15,4,12,12/04/2024,2024-12-04,15:45:00
12/04/2024 09:00:00 AM,3.0,2,1,3,6,1,3,3,0,1,2,EQUIPMENT - VEHICLE CONDITION,2,1,0.0,0.0,0.0,0.0,0.0,2.0,9,4,12,12/04/2024,2024-12-04,09:00:00
12/04/2024 12:28:00 PM,5.0,2,1,3,4,1,3,3,0,1,3,IMPROPER OVERTAKING/PASSING,2,1,0.0,0.0,0.0,0.0,0.0,2.0,12,4,12,12/04/2024,2024-12-04,12:28:00
12/04/2024 05:07:00 PM,5.0,2,4,9,14,1,3,3,1,1,3,UNABLE TO DETERMINE,2,3,2.0,0.0,0.0,2.0,0.0,2.0,17,4,12,12/04/2024,2024-12-04,17:07:00
12/04/2024 06:20:00 AM,7.0,2,1,5,5,1,3,3,0,1,3,FAILING TO YIELD RIGHT-OF-WAY,2,1,0.0,0.0,0.0,0.0,0.0,2.0,6,4,12,12/04/2024,2024-12-04,06:20:00
12/04/2024 12:00:00 PM,3.0,2,1,6,6,1,3,3,0,1,2,UNABLE TO DETERMINE,2,1,0.0,0.0,0.0,0.0,0.0,2.0,12,4,12,12/04/2024,2024-12-04,12:00:00
12/04/2024 09:03:00 AM,3.0,2,1,3,10,1,3,1,0,1,3,FAILING TO YIELD RIGHT-OF-WAY,2,1,0.0,0.0,0.0,0.0,0.0,2.0,9,4,12,12/04/2024,2024-12-04,09:03:00
12/04/2024 08:49:00 AM,5.0,2,1,4,6,1,3,3,1,1,2,UNABLE TO DETERMINE,2,2,1.0,0.0,0.0,0.0,1.0,1.0,8,4,12,12/04/2024,2024-12-04,08:49:00
12/04/2024 07:56:00 PM,5.0,2,4,6,6,1,3,3,1,1,3,FAILING TO YIELD RIGHT-OF-WAY,2,3,1.0,0.0,0.0,1.0,0.0,2.0,19,4,12,12/04/2024,2024-12-04,19:56:00
12/04/2024 02:45:00 PM,5.0,2,1,6,5,1,3,3,0,1,2,UNABLE TO DETERMINE,2,1,0.0,0.0,0.0,0.0,0.0,2.0,14,4,12,12/04/2024,2024-12-04,14:45:00
12/04/2024 05:50:00 PM,7.0,2,4,5,3,1,3,3,1,1,3,FAILING TO YIELD RIGHT-OF-WAY,2,2,1.0,0.0,0.0,0.0,1.0,1.0,17,4,12,12/04/2024,2024-12-04,17:50:00
12/04/2024 11:14:00 PM,5.0,9,4,6,5,1,4,3,1,1,3,FAILING TO YIELD RIGHT-OF-WAY,2,2,1.0,0.0,0.0,0.0,1.0,1.0,23,4,12,12/04/2024,2024-12-04,23:14:00
12/04/2024 04:00:00 PM,4.0,2,3,5,7,1,3,3,1,1,3,FAILING TO YIELD RIGHT-OF-WAY,2,1,0.0,0.0,0.0,0.0,0.0,3.0,16,4,12,12/04/2024,2024-12-04,16:00:00
12/04/2024 06:50:00 AM,5.0,2,1,6,6,1,3,3,0,1,3,DRIVING SKILLS/KNOWLEDGE/EXPERIENCE,2,1,0.0,0.0,0.0,0.0,0.0,5.0,6,4,12,12/04/2024,2024-12-04,06:50:00
12/04/2024 04:38:00 AM,5.0,2,4,5,5,1,3,3,1,1,3,FAILING TO REDUCE SPEED TO AVOID CRASH,2,4,2.0,0.0,1.0,0.0,1.0,0.0,4,4,12,12/04/2024,2024-12-04,04:38:00
12/04/2024 04:52:00 PM,5.0,2,4,6,5,1,3,3,1,1,3,FAILING TO YIELD RIGHT-OF-WAY,2,3,2.0,0.0,0.0,1.0,1.0,1.0,16,4,12,12/04/2024,2024-12-04,16:52:00
12/04/2024 08:35:00 AM,5.0,2,1,6,6,1,3,3,0,1,3,FOLLOWING TOO CLOSELY,2,1,0.0,0.0,0.0,0.0,0.0,2.0,8,4,12,12/04/2024,2024-12-04,08:35:00
12/14/2024 05:15:00 PM,5.0,2,4,4,6,1,3,3,0,1,3,DRIVING SKILLS/KNOWLEDGE/EXPERIENCE,2,1,0.0,0.0,0.0,0.0,0.0,2.0,17,7,12,12/14/2024,2024-12-14,17:15:00
12/19/2024 03:30:00 PM,5.0,2,1,3,12,1,3,3,0,1,3,UNABLE TO DETERMINE,2,1,0.0,0.0,0.0,0.0,0.0,2.0,15,5,12,12/19/2024,2024-12-19,15:30:00
12/19/2024 11:22:00 AM,7.0,2,1,6,7,1,3,3,0,1,3,UNABLE TO DETERMINE,2,1,0.0,0.0,0.0,0.0,0.0,3.0,11,5,12,12/19/2024,2024-12-19,11:22:00
12/13/2024 02:45:00 PM,3.0,2,1,4,1,1,3,3,0,1,3,UNABLE TO DETERMINE,2,1,0.0,0.0,0.0,0.0,0.0,2.0,14,6,12,12/13/2024,2024-12-13,14:45:00
12/19/2024 06:50:00 AM,5.0,2,2,6,5,1,1,1,1,1,3,UNABLE TO DETERMINE,2,1,0.0,0.0,0.0,0.0,0.0,2.0,6,5,12,12/19/2024,2024-12-19,06:50:00
12/19/2024 05:00:00 PM,1.0,1,5,13,5,1,1,1,1,1,1,FAILING TO YIELD RIGHT-OF-WAY,2,4,2.0,0.0,1.0,0.0,1.0,0.0,17,5,12,12/19/2024,2024-12-19,17:00:00
11/21/2024 10:18:00 AM,7.0,5,1,5,7,1,5,3,0,1,3,WEATHER,2,1,0.0,0.0,0.0,0.0,0.0,2.0,10,5,11,11/21/2024,2024-11-21,10:18:00
12/18/2024 03:42:00 PM,5.0,2,1,6,5,1,1,1,0,1,3,IMPROPER LANE USAGE,2,1,0.0,0.0,0.0,0.0,0.0,2.0,15,4,12,12/18/2024,2024-12-18,15:42:00
12/19/2024 12:26:00 PM,5.0,2,1,9,6,1,3,3,1,1,3,NOT APPLICABLE,2,1,0.0,0.0,0.0,0.0,0.0,2.0,12,5,12,12/19/2024,2024-12-19,12:26:00
12/19/2024 07:09:00 AM,3.0,2,1,6,17,1,3,3,0,1,3,FAILING TO YIELD RIGHT-OF-WAY,2,1,0.0,0.0,0.0,0.0,0.0,2.0,7,5,12,12/19/2024,2024-12-19,07:09:00
12/18/2024 05:30:00 PM,3.0,2,5,6,7,1,3,3,1,1,3,IMPROPER TURNING/NO SIGNAL,2,1,0.0,0.0,0.0,0.0,0.0,2.0,17,4,12,12/18/2024,2024-12-18,17:30:00
12/19/2024 04:30:00 PM,5.0,2,4,10,4,1,3,3,0,1,3,NOT APPLICABLE,2,1,0.0,0.0,0.0,0.0,0.0,2.0,16,5,12,12/19/2024,2024-12-19,16:30:00
12/18/2024 08:05:00 PM,7.0,2,1,13,10,1,1,1,1,1,1,UNABLE TO DETERMINE,2,2,1.0,0.0,0.0,0.0,1.0,1.0,20,4,12,12/18/2024,2024-12-18,20:05:00
12/15/2024 07:35:00 PM,5.0,2,5,4,5,1,3,3,0,0,3,FOLLOWING TOO CLOSELY,2,1,0.0,0.0,0.0,0.0,0.0,2.0,19,1,12,12/15/2024,2024-12-15,19:35:00
12/17/2024 02:00:00 AM,5.0,2,4,5,7,1,3,1,1,1,3,UNABLE TO DETERMINE,2,1,0.0,0.0,0.0,0.0,0.0,2.0,2,3,12,12/17/2024,2024-12-17,02:00:00
12/05/2024 06:15:00 PM,5.0,2,4,14,7,1,3,3,1,1,3,DISREGARDING TRAFFIC SIGNALS,2,3,1.0,0.0,0.0,1.0,0.0,1.0,18,5,12,12/05/2024,2024-12-05,18:15:00
12/05/2024 01:15:00 PM,5.0,2,1,6,5,1,3,3,1,1,3,IMPROPER OVERTAKING/PASSING,2,1,0.0,0.0,0.0,0.0,0.0,2.0,13,5,12,12/05/2024,2024-12-05,13:15:00
12/05/2024 08:33:00 AM,3.0,2,1,6,4,1,3,1,0,1,1,UNABLE TO DETERMINE,2,1,0.0,0.0,0.0,0.0,0.0,2.0,8,5,12,12/05/2024,2024-12-05,08:33:00
12/05/2024 08:45:00 PM,3.0,2,4,4,5,1,1,1,0,1,3,IMPROPER TURNING/NO SIGNAL,2,1,0.0,0.0,0.0,0.0,0.0,2.0,20,5,12,12/05/2024,2024-12-05,20:45:00
12/05/2024 06:00:00 PM,5.0,2,3,6,5,1,3,1,0,1,3,IMPROPER TURNING/NO SIGNAL,2,1,0.0,0.0,0.0,0.0,0.0,2.0,18,5,12,12/05/2024,2024-12-05,18:00:00
12/05/2024 11:10:00 AM,7.0,2,1,13,5,1,3,3,1,1,1,"VISION OBSCURED (SIGNS, TREE LIMBS, BUILDINGS, ETC.)",2,3,1.0,0.0,0.0,1.0,0.0,1.0,11,5,12,12/05/2024,2024-12-05,11:10:00
12/05/2024 12:13:00 PM,5.0,2,1,6,5,1,3,1,0,1,3,FAILING TO YIELD RIGHT-OF-WAY,2,1,0.0,0.0,0.0,0.0,0.0,2.0,12,5,12,12/05/2024,2024-12-05,12:13:00
12/05/2024 07:28:00 PM,3.0,2,4,6,4,1,3,1,0,1,3,IMPROPER OVERTAKING/PASSING,2,1,0.0,0.0,0.0,0.0,0.0,2.0,19,5,12,12/05/2024,2024-12-05,19:28:00
12/05/2024 07:30:00 AM,7.0,2,1,5,5,1,3,3,0,1,1,FAILING TO YIELD RIGHT-OF-WAY,2,1,0.0,0.0,0.0,0.0,0.0,2.0,7,5,12,12/05/2024,2024-12-05,07:30:00
12/05/2024 03:37:00 PM,7.0,2,1,6,10,1,3,3,0,1,2,DRIVING SKILLS/KNOWLEDGE/EXPERIENCE,2,1,0.0,0.0,0.0,0.0,0.0,2.0,15,5,12,12/05/2024,2024-12-05,15:37:00
12/05/2024 02:22:00 AM,7.0,2,4,4,6,1,3,3,0,1,1,FOLLOWING TOO CLOSELY,2,1,0.0,0.0,0.0,0.0,0.0,3.0,2,5,12,12/05/2024,2024-12-05,02:22:00
12/05/2024 09:14:00 AM,7.0,2,1,5,4,1,3,3,1,1,3,FAILING TO YIELD RIGHT-OF-WAY,2,1,0.0,0.0,0.0,0.0,0.0,2.0,9,5,12,12/05/2024,2024-12-05,09:14:00
12/05/2024 11:11:00 AM,5.0,2,1,6,6,1,3,3,0,1,3,FOLLOWING TOO CLOSELY,2,1,0.0,0.0,0.0,0.0,0.0,2.0,11,5,12,12/05/2024,2024-12-05,11:11:00
12/05/2024 11:08:00 AM,5.0,2,1,5,5,1,3,1,1,1,3,DISREGARDING TRAFFIC SIGNALS,2,3,2.0,0.0,0.0,2.0,0.0,1.0,11,5,12,12/05/2024,2024-12-05,11:08:00
12/05/2024 07:50:00 AM,7.0,2,1,6,6,1,3,3,1,1,3,FAILING TO YIELD RIGHT-OF-WAY,2,1,0.0,0.0,0.0,0.0,0.0,3.0,7,5,12,12/05/2024,2024-12-05,07:50:00
12/05/2024 03:26:00 PM,7.0,2,1,5,5,1,3,3,1,1,3,FAILING TO YIELD RIGHT-OF-WAY,2,1,0.0,0.0,0.0,0.0,0.0,4.0,15,5,12,12/05/2024,2024-12-05,15:26:00
12/05/2024 12:35:00 PM,7.0,2,1,5,10,1,3,1,1,1,3,FAILING TO YIELD RIGHT-OF-WAY,2,1,0.0,0.0,0.0,0.0,0.0,2.0,12,5,12,12/05/2024,2024-12-05,12:35:00
12/05/2024 05:40:00 PM,5.0,2,4,6,4,1,3,3,0,1,3,UNABLE TO DETERMINE,2,1,0.0,0.0,0.0,0.0,0.0,2.0,17,5,12,12/05/2024,2024-12-05,17:40:00
12/05/2024 01:52:00 PM,5.0,2,1,6,5,1,1,3,1,1,3,UNABLE TO DETERMINE,2,3,2.0,0.0,0.0,2.0,0.0,1.0,13,5,12,12/05/2024,2024-12-05,13:52:00
12/05/2024 09:00:00 AM,5.0,2,1,4,5,1,3,3,0,1,2,FOLLOWING TOO CLOSELY,2,1,0.0,0.0,0.0,0.0,0.0,2.0,9,5,12,12/05/2024,2024-12-05,09:00:00
12/05/2024 09:43:00 AM,5.0,2,1,13,6,1,3,3,0,1,1,FAILING TO YIELD RIGHT-OF-WAY,2,1,0.0,0.0,0.0,0.0,0.0,2.0,9,5,12,12/05/2024,2024-12-05,09:43:00
12/05/2024 09:20:00 PM,5.0,2,4,5,5,1,3,3,1,1,3,DISREGARDING TRAFFIC SIGNALS,2,3,1.0,0.0,0.0,1.0,0.0,1.0,21,5,12,12/05/2024,2024-12-05,21:20:00
12/05/2024 11:47:00 AM,7.0,2,1,6,1,1,3,3,0,1,3,FAILING TO YIELD RIGHT-OF-WAY,2,1,0.0,0.0,0.0,0.0,0.0,2.0,11,5,12,12/05/2024,2024-12-05,11:47:00
12/05/2024 07:10:00 PM,1.0,2,4,4,12,1,3,1,0,1,3,UNABLE TO DETERMINE,2,1,0.0,0.0,0.0,0.0,0.0,2.0,19,5,12,12/05/2024,2024-12-05,19:10:00
12/05/2024 12:02:00 PM,5.0,2,1,6,4,1,1,1,0,1,3,DRIVING SKILLS/KNOWLEDGE/EXPERIENCE,2,1,0.0,0.0,0.0,0.0,0.0,3.0,12,5,12,12/05/2024,2024-12-05,12:02:00