crash_date,traffic_control_device,weather_condition,lighting_condition,first_crash_type,trafficway_type,alignment,roadway_surface_cond,road_defect,crash_type,intersection_related_i,damage,prim_contributory_cause,num_units,most_severe_injury,injuries_total,injuries_fatal,injuries_incapacitating,injuries_non_incapacitating,injuries_reported_not_evident,injuries_no_indication,crash_hour,crash_day_of_week,crash_month,parsed_datetime,date,time
12/05/2024 08:11:00 AM,7.0,2,1,5,6,1,3,1,0,1,1,UNABLE TO DETERMINE,2,1,0.0,0.0,0.0,0.0,0.0,2.0,8,5,12,12/05/2024,2024-12-05,08:11:00
12/05/2024 08:51:00 AM,5.0,2,1,13,4,1,3,3,1,0,1,RELATED TO BUS STOP,2,2,1.0,0.0,0.0,0.0,1.0,1.0,8,5,12,12/05/2024,2024-12-05,08:51:00
12/05/2024 05:00:00 PM,5.0,2,1,4,5,1,3,3,0,1,3,FOLLOWING TOO CLOSELY,2,1,0.0,0.0,0.0,0.0,0.0,3.0,17,5,12,12/05/2024,2024-12-05,17:00:00
12/05/2024 05:10:00 PM,7.0,2,5,13,2,1,1,1,1,0,1,DRIVING SKILLS/KNOWLEDGE/EXPERIENCE,2,3,1.0,0.0,0.0,1.0,0.0,1.0,17,5,12,12/05/2024,2024-12-05,17:10:00
12/05/2024 08:00:00 AM,3.0,2,1,5,2,1,3,3,1,1,3,FAILING TO YIELD RIGHT-OF-WAY,2,1,0.0,0.0,0.0,0.0,0.0,2.0,8,5,12,12/05/2024,2024-12-05,08:00:00
12/05/2024 05:35:00 PM,4.0,2,4,6,5,1,1,1,1,1,3,UNABLE TO DETERMINE,2,2,2.0,0.0,0.0,0.0,2.0,0.0,17,5,12,12/05/2024,2024-12-05,17:35:00
12/05/2024 04:19:00 PM,5.0,2,3,6,7,1,3,3,0,1,2,IMPROPER TURNING/NO SIGNAL,2,1,0.0,0.0,0.0,0.0,0.0,2.0,16,5,12,12/05/2024,2024-12-05,16:19:00
12/05/2024 02:30:00 PM,7.0,2,1,6,5,1,3,3,0,1,3,UNABLE TO DETERMINE,2,1,0.0,0.0,0.0,0.0,0.0,2.0,14,5,12,12/05/2024,2024-12-05,14:30:00
12/05/2024 10:55:00 AM,5.0,2,1,4,5,1,3,3,0,1,3,UNABLE TO DETERMINE,2,1,0.0,0.0,0.0,0.0,0.0,2.0,10,5,12,12/05/2024,2024-12-05,10:55:00
12/20/2024 05:50:00 PM,5.0,2,1,3,3,1,1,1,0,1,2,FAILING TO REDUCE SPEED TO AVOID CRASH,2,1,0.0,0.0,0.0,0.0,0.0,2.0,17,6,12,12/20/2024,2024-12-20,17:50:00
12/20/2024 04:22:00 PM,5.0,3,3,4,6,1,4,3,0,1,3,FOLLOWING TOO CLOSELY,2,1,0.0,0.0,0.0,0.0,0.0,2.0,16,6,12,12/20/2024,2024-12-20,16:22:00
12/20/2024 12:05:00 PM,7.0,2,1,5,4,1,3,3,0,1,3,UNABLE TO DETERMINE,2,1,0.0,0.0,0.0,0.0,0.0,2.0,12,6,12,12/20/2024,2024-12-20,12:05:00
12/20/2024 03:30:00 PM,5.0,2,1,6,4,1,3,3,0,1,3,IMPROPER TURNING/NO SIGNAL,2,1,0.0,0.0,0.0,0.0,0.0,2.0,15,6,12,12/20/2024,2024-12-20,15:30:00
12/20/2024 02:00:00 AM,5.0,5,4,4,6,1,4,3,0,1,3,FAILING TO YIELD RIGHT-OF-WAY,2,1,0.0,0.0,0.0,0.0,0.0,2.0,2,6,12,12/20/2024,2024-12-20,02:00:00
12/20/2024 01:45:00 PM,5.0,2,1,4,3,1,3,3,0,1,3,UNABLE TO DETERMINE,2,1,0.0,0.0,0.0,0.0,0.0,2.0,13,6,12,12/20/2024,2024-12-20,13:45:00
12/20/2024 03:24:00 PM,3.0,2,1,3,6,1,3,3,0,1,3,IMPROPER OVERTAKING/PASSING,2,1,0.0,0.0,0.0,0.0,0.0,3.0,15,6,12,12/20/2024,2024-12-20,15:24:00
12/10/2024 06:48:00 PM,5.0,2,3,4,4,1,3,3,0,1,3,FOLLOWING TOO CLOSELY,2,1,0.0,0.0,0.0,0.0,0.0,2.0,18,3,12,12/10/2024,2024-12-10,18:48:00
12/20/2024 07:04:00 PM,7.0,2,4,5,5,1,3,3,1,1,3,FAILING TO YIELD RIGHT-OF-WAY,2,2,1.0,0.0,0.0,0.0,1.0,1.0,19,6,12,12/20/2024,2024-12-20,19:04:00
12/20/2024 08:16:00 PM,5.0,2,3,3,3,1,4,3,1,1,3,FAILING TO YIELD RIGHT-OF-WAY,2,1,0.0,0.0,0.0,0.0,0.0,3.0,20,6,12,12/20/2024,2024-12-20,20:16:00
12/20/2024 07:48:00 AM,3.0,2,1,5,6,1,4,1,0,1,3,DISREGARDING STOP SIGN,2,1,0.0,0.0,0.0,0.0,0.0,3.0,7,6,12,12/20/2024,2024-12-20,07:48:00
12/20/2024 10:50:00 AM,7.0,2,1,5,6,1,4,3,0,1,3,FAILING TO YIELD RIGHT-OF-WAY,2,1,0.0,0.0,0.0,0.0,0.0,2.0,10,6,12,12/20/2024,2024-12-20,10:50:00
12/20/2024 01:30:00 PM,7.0,5,1,5,5,1,4,1,0,1,3,UNABLE TO DETERMINE,2,1,0.0,0.0,0.0,0.0,0.0,2.0,13,6,12,12/20/2024,2024-12-20,13:30:00
12/19/2024 07:49:00 PM,7.0,2,1,6,7,1,1,1,1,1,3,FAILING TO YIELD RIGHT-OF-WAY,2,1,0.0,0.0,0.0,0.0,0.0,4.0,19,5,12,12/19/2024,2024-12-19,19:49:00
12/20/2024 05:05:00 PM,5.0,2,3,6,5,1,3,1,1,1,3,FAILING TO YIELD RIGHT-OF-WAY,2,2,1.0,0.0,0.0,0.0,1.0,1.0,17,6,12,12/20/2024,2024-12-20,17:05:00
12/20/2024 05:56:00 PM,5.0,2,3,6,5,1,3,3,1,1,3,FAILING TO YIELD RIGHT-OF-WAY,2,1,0.0,0.0,0.0,0.0,0.0,2.0,17,6,12,12/20/2024,2024-12-20,17:56:00
12/16/2024 06:12:00 PM,7.0,2,4,5,6,1,3,3,1,1,3,FAILING TO YIELD RIGHT-OF-WAY,2,1,0.0,0.0,0.0,0.0,0.0,2.0,18,2,12,12/16/2024,2024-12-16,18:12:00
12/20/2024 03:41:00 PM,7.0,2,1,5,5,1,4,3,1,1,3,FAILING TO YIELD RIGHT-OF-WAY,2,2,1.0,0.0,0.0,0.0,1.0,1.0,15,6,12,12/20/2024,2024-12-20,15:41:00
12/20/2024 10:15:00 PM,5.0,2,4,6,4,1,1,1,1,1,3,FAILING TO YIELD RIGHT-OF-WAY,2,1,0.0,0.0,0.0,0.0,0.0,2.0,22,6,12,12/20/2024,2024-12-20,22:15:00
12/19/2024 06:50:00 AM,5.0,4,4,5,4,1,4,3,1,1,2,UNABLE TO DETERMINE,2,2,1.0,0.0,0.0,0.0,1.0,2.0,6,5,12,12/19/2024,2024-12-19,06:50:00
12/14/2024 01:58:00 AM,5.0,2,4,4,6,1,1,3,0,1,3,FOLLOWING TOO CLOSELY,2,1,0.0,0.0,0.0,0.0,0.0,2.0,1,7,12,12/14/2024,2024-12-14,01:58:00
12/21/2024 02:51:00 AM,5.0,2,4,6,5,2,3,3,1,1,3,DISREGARDING TRAFFIC SIGNALS,2,1,0.0,0.0,0.0,0.0,0.0,2.0,2,7,12,12/21/2024,2024-12-21,02:51:00
12/19/2024 11:55:00 AM,5.0,2,1,14,5,1,3,3,0,1,3,UNABLE TO DETERMINE,2,1,0.0,0.0,0.0,0.0,0.0,2.0,11,5,12,12/19/2024,2024-12-19,11:55:00
12/20/2024 08:44:00 PM,4.0,2,4,5,1,1,3,3,1,1,3,UNABLE TO DETERMINE,2,1,0.0,0.0,0.0,0.0,0.0,4.0,20,6,12,12/20/2024,2024-12-20,20:44:00
12/20/2024 05:30:00 AM,3.0,5,4,5,7,1,4,3,1,1,3,UNABLE TO DETERMINE,2,2,2.0,0.0,0.0,0.0,2.0,1.0,5,6,12,12/20/2024,2024-12-20,05:30:00
12/19/2024 09:30:00 PM,5.0,7,4,6,10,1,4,1,0,1,2,IMPROPER TURNING/NO SIGNAL,2,1,0.0,0.0,0.0,0.0,0.0,2.0,21,5,12,12/19/2024,2024-12-19,21:30:00
12/20/2024 03:30:00 PM,3.0,2,1,6,6,1,3,3,0,1,3,FAILING TO YIELD RIGHT-OF-WAY,2,1,0.0,0.0,0.0,0.0,0.0,2.0,15,6,12,12/20/2024,2024-12-20,15:30:00
12/20/2024 09:30:00 AM,5.0,3,1,3,5,2,4,3,0,1,2,FAILING TO YIELD RIGHT-OF-WAY,2,1,0.0,0.0,0.0,0.0,0.0,2.0,9,6,12,12/20/2024,2024-12-20,09:30:00
12/20/2024 11:28:00 AM,7.0,3,1,5,4,1,4,3,1,1,3,FAILING TO YIELD RIGHT-OF-WAY,2,3,1.0,0.0,0.0,1.0,0.0,2.0,11,6,12,12/20/2024,2024-12-20,11:28:00
12/20/2024 03:55:00 PM,5.0,2,3,6,5,1,3,3,0,1,3,IMPROPER OVERTAKING/PASSING,2,1,0.0,0.0,0.0,0.0,0.0,3.0,15,6,12,12/20/2024,2024-12-20,15:55:00
12/20/2024 11:30:00 AM,7.0,2,1,5,6,1,4,1,0,1,3,FAILING TO YIELD RIGHT-OF-WAY,2,1,0.0,0.0,0.0,0.0,0.0,3.0,11,6,12,12/20/2024,2024-12-20,11:30:00
12/06/2024 12:45:00 PM,5.0,2,1,4,5,1,3,3,0,1,3,UNABLE TO DETERMINE,2,1,0.0,0.0,0.0,0.0,0.0,2.0,12,6,12,12/06/2024,2024-12-06,12:45:00
12/06/2024 06:23:00 PM,7.0,2,2,5,4,1,3,3,1,1,3,FAILING TO YIELD RIGHT-OF-WAY,2,2,1.0,0.0,0.0,0.0,1.0,1.0,18,6,12,12/06/2024,2024-12-06,18:23:00
12/06/2024 04:00:00 AM,5.0,2,1,4,6,1,3,3,0,1,3,FOLLOWING TOO CLOSELY,2,1,0.0,0.0,0.0,0.0,0.0,2.0,4,6,12,12/06/2024,2024-12-06,04:00:00
12/06/2024 02:15:00 PM,7.0,3,1,5,5,1,3,3,1,1,3,FAILING TO YIELD RIGHT-OF-WAY,2,2,1.0,0.0,0.0,0.0,1.0,1.0,14,6,12,12/06/2024,2024-12-06,14:15:00
12/06/2024 11:17:00 PM,5.0,2,4,6,5,1,3,3,0,1,2,DISREGARDING TRAFFIC SIGNALS,2,1,0.0,0.0,0.0,0.0,0.0,2.0,23,6,12,12/06/2024,2024-12-06,23:17:00
12/06/2024 03:00:00 PM,7.0,2,1,11,5,1,1,1,0,1,3,UNABLE TO DETERMINE,2,1,0.0,0.0,0.0,0.0,0.0,4.0,15,6,12,12/06/2024,2024-12-06,15:00:00
12/06/2024 08:10:00 AM,5.0,2,1,6,6,1,3,1,0,1,3,IMPROPER TURNING/NO SIGNAL,2,1,0.0,0.0,0.0,0.0,0.0,2.0,8,6,12,12/06/2024,2024-12-06,08:10:00
12/06/2024 06:00:00 PM,5.0,2,4,6,5,1,3,3,1,1,3,FAILING TO YIELD RIGHT-OF-WAY,2,3,1.0,0.0,0.0,1.0,0.0,1.0,18,6,12,12/06/2024,2024-12-06,18:00:00
12/06/2024 02:35:00 PM,7.0,2,1,13,7,1,3,3,1,1,3,"VISION OBSCURED (SIGNS, TREE LIMBS, BUILDINGS, ETC.)",2,3,1.0,0.0,0.0,1.0,0.0,1.0,14,6,12,12/06/2024,2024-12-06,14:35:00
12/06/2024 03:45:00 PM,7.0,2,1,5,5,1,3,3,0,1,3,FAILING TO YIELD RIGHT-OF-WAY,2,1,0.0,0.0,0.0,0.0,0.0,2.0,15,6,12,12/06/2024,2024-12-06,15:45:00
12/06/2024 03:20:00 PM,3.0,4,1,11,5,1,1,1,0,1,1,NOT APPLICABLE,2,1,0.0,0.0,0.0,0.0,0.0,1.0,15,6,12,12/06/2024,2024-12-06,15:20:00
12/06/2024 03:49:00 PM,5.0,2,1,6,5,1,3,3,1,1,3,FOLLOWING TOO CLOSELY,2,3,1.0,0.0,0.0,1.0,0.0,3.0,15,6,12,12/06/2024,2024-12-06,15:49:00
12/06/2024 07:20:00 PM,3.0,2,1,4,6,1,3,3,0,1,3,UNABLE TO DETERMINE,2,1,0.0,0.0,0.0,0.0,0.0,2.0,19,6,12,12/06/2024,2024-12-06,19:20:00
12/06/2024 04:30:00 PM,5.0,2,1,3,6,1,3,3,0,1,3,IMPROPER OVERTAKING/PASSING,2,1,0.0,0.0,0.0,0.0,0.0,2.0,16,6,12,12/06/2024,2024-12-06,16:30:00
12/06/2024 11:30:00 PM,7.0,2,4,4,5,1,3,3,0,1,1,FOLLOWING TOO CLOSELY,2,1,0.0,0.0,0.0,0.0,0.0,2.0,23,6,12,12/06/2024,2024-12-06,23:30:00
12/06/2024 03:54:00 PM,5.0,2,1,3,6,1,1,1,0,1,2,FAILING TO REDUCE SPEED TO AVOID CRASH,2,1,0.0,0.0,0.0,0.0,0.0,3.0,15,6,12,12/06/2024,2024-12-06,15:54:00
12/06/2024 04:19:00 PM,7.0,2,5,5,10,1,3,3,1,1,3,DISREGARDING STOP SIGN,2,3,1.0,0.0,0.0,1.0,0.0,2.0,16,6,12,12/06/2024,2024-12-06,16:19:00
12/06/2024 02:45:00 PM,5.0,3,1,6,5,1,3,3,0,1,2,EQUIPMENT - VEHICLE CONDITION,2,1,0.0,0.0,0.0,0.0,0.0,2.0,14,6,12,12/06/2024,2024-12-06,14:45:00
12/06/2024 12:57:00 PM,3.0,2,1,8,6,1,3,3,0,1,2,UNABLE TO DETERMINE,2,1,0.0,0.0,0.0,0.0,0.0,2.0,12,6,12,12/06/2024,2024-12-06,12:57:00
12/06/2024 07:54:00 PM,5.0,2,4,13,5,1,1,1,1,1,1,FAILING TO REDUCE SPEED TO AVOID CRASH,2,2,1.0,0.0,0.0,0.0,1.0,1.0,19,6,12,12/06/2024,2024-12-06,19:54:00
12/06/2024 09:55:00 PM,5.0,2,4,6,6,1,3,3,0,1,3,UNABLE TO DETERMINE,2,1,0.0,0.0,0.0,0.0,0.0,2.0,21,6,12,12/06/2024,2024-12-06,21:55:00
12/06/2024 11:56:00 PM,5.0,2,4,4,4,1,3,3,0,1,3,FAILING TO REDUCE SPEED TO AVOID CRASH,2,1,0.0,0.0,0.0,0.0,0.0,2.0,23,6,12,12/06/2024,2024-12-06,23:56:00
12/06/2024 03:00:00 PM,7.0,2,1,5,6,1,3,3,0,1,3,FAILING TO YIELD RIGHT-OF-WAY,2,1,0.0,0.0,0.0,0.0,0.0,5.0,15,6,12,12/06/2024,2024-12-06,15:00:00
12/06/2024 06:45:00 PM,3.0,2,4,6,7,1,3,3,1,1,3,FAILING TO YIELD RIGHT-OF-WAY,2,1,0.0,0.0,0.0,0.0,0.0,3.0,18,6,12,12/06/2024,2024-12-06,18:45:00
12/06/2024 01:30:00 PM,3.0,2,1,3,4,1,3,3,0,1,3,FAILING TO YIELD RIGHT-OF-WAY,2,1,0.0,0.0,0.0,0.0,0.0,2.0,13,6,12,12/06/2024,2024-12-06,13:30:00
12/06/2024 11:15:00 AM,5.0,2,1,3,5,1,3,3,1,1,3,IMPROPER OVERTAKING/PASSING,2,3,1.0,0.0,0.0,1.0,0.0,1.0,11,6,12,12/06/2024,2024-12-06,11:15:00
12/06/2024 10:30:00 AM,3.0,2,1,11,16,1,3,3,0,1,3,UNABLE TO DETERMINE,2,1,0.0,0.0,0.0,0.0,0.0,1.0,10,6,12,12/06/2024,2024-12-06,10:30:00
12/06/2024 09:30:00 PM,5.0,3,4,6,5,1,3,3,0,1,3,FAILING TO YIELD RIGHT-OF-WAY,2,1,0.0,0.0,0.0,0.0,0.0,3.0,21,6,12,12/06/2024,2024-12-06,21:30:00
12/06/2024 06:02:00 AM,1.0,2,4,6,4,1,3,1,0,1,3,IMPROPER TURNING/NO SIGNAL,2,1,0.0,0.0,0.0,0.0,0.0,2.0,6,6,12,12/06/2024,2024-12-06,06:02:00
12/18/2024 12:00:00 PM,5.0,2,1,5,6,1,3,3,0,1,3,UNABLE TO DETERMINE,2,1,0.0,0.0,0.0,0.0,0.0,2.0,12,4,12,12/18/2024,2024-12-18,12:00:00
12/14/2024 10:00:00 PM,5.0,2,3,3,6,1,3,3,0,1,2,IMPROPER LANE USAGE,2,1,0.0,0.0,0.0,0.0,0.0,2.0,22,7,12,12/14/2024,2024-12-14,22:00:00
12/06/2024 01:29:00 PM,5.0,2,1,3,7,1,1,1,0,1,1,UNABLE TO DETERMINE,2,1,0.0,0.0,0.0,0.0,0.0,2.0,13,6,12,12/06/2024,2024-12-06,13:29:00
12/06/2024 06:00:00 PM,3.0,2,4,4,6,1,3,3,0,1,3,FOLLOWING TOO CLOSELY,2,1,0.0,0.0,0.0,0.0,0.0,2.0,18,6,12,12/06/2024,2024-12-06,18:00:00
12/06/2024 03:22:00 PM,7.0,2,1,13,5,1,3,3,1,1,1,FAILING TO YIELD RIGHT-OF-WAY,2,2,1.0,0.0,0.0,0.0,1.0,1.0,15,6,12,12/06/2024,2024-12-06,15:22:00
12/06/2024 11:25:00 PM,5.0,2,4,5,1,1,1,1,0,1,3,DISREGARDING TRAFFIC SIGNALS,2,1,0.0,0.0,0.0,0.0,0.0,2.0,23,6,12,12/06/2024,2024-12-06,23:25:00
12/06/2024 07:20:00 PM,1.0,2,4,13,10,1,1,1,1,1,2,UNABLE TO DETERMINE,2,3,1.0,0.0,0.0,1.0,0.0,1.0,19,6,12,12/06/2024,2024-12-06,19:20:00
12/06/2024 07:15:00 PM,7.0,2,4,5,5,1,3,7,0,1,3,"VISION OBSCURED (SIGNS, TREE LIMBS, BUILDINGS, ETC.)",2,1,0.0,0.0,0.0,0.0,0.0,2.0,19,6,12,12/06/2024,2024-12-06,19:15:00
12/06/2024 11:08:00 AM,7.0,2,1,3,7,1,3,3,0,1,3,UNABLE TO DETERMINE,2,1,0.0,0.0,0.0,0.0,0.0,2.0,11,6,12,12/06/2024,2024-12-06,11:08:00
12/06/2024 01:10:00 PM,7.0,2,1,5,1,1,3,3,1,1,3,DISREGARDING STOP SIGN,2,1,0.0,0.0,0.0,0.0,0.0,2.0,13,6,12,12/06/2024,2024-12-06,13:10:00
12/06/2024 01:45:00 PM,5.0,3,1,3,4,1,3,3,0,1,1,DRIVING SKILLS/KNOWLEDGE/EXPERIENCE,2,1,0.0,0.0,0.0,0.0,0.0,3.0,13,6,12,12/06/2024,2024-12-06,13:45:00
12/19/2024 07:21:00 PM,5.0,4,4,5,5,1,4,3,1,1,3,FAILING TO YIELD RIGHT-OF-WAY,2,1,0.0,0.0,0.0,0.0,0.0,3.0,19,5,12,12/19/2024,2024-12-19,19:21:00
12/06/2024 04:58:00 PM,5.0,2,4,4,4,1,3,3,0,1,2,UNABLE TO DETERMINE,2,1,0.0,0.0,0.0,0.0,0.0,2.0,16,6,12,12/06/2024,2024-12-06,16:58:00
12/06/2024 12:34:00 PM,5.0,2,1,3,3,1,3,3,0,1,2,IMPROPER OVERTAKING/PASSING,2,1,0.0,0.0,0.0,0.0,0.0,4.0,12,6,12,12/06/2024,2024-12-06,12:34:00
12/06/2024 11:25:00 AM,5.0,2,1,6,5,1,1,1,0,1,3,FAILING TO YIELD RIGHT-OF-WAY,2,1,0.0,0.0,0.0,0.0,0.0,2.0,11,6,12,12/06/2024,2024-12-06,11:25:00
12/10/2024 05:10:00 PM,3.0,2,2,6,5,1,3,3,0,1,3,UNABLE TO DETERMINE,2,1,0.0,0.0,0.0,0.0,0.0,5.0,17,3,12,12/10/2024,2024-12-10,17:10:00
12/06/2024 12:45:00 PM,5.0,3,1,3,6,1,3,3,0,0,1,IMPROPER OVERTAKING/PASSING,2,1,0.0,0.0,0.0,0.0,0.0,2.0,12,6,12,12/06/2024,2024-12-06,12:45:00
12/06/2024 02:30:00 PM,5.0,2,1,4,5,1,3,3,0,1,3,UNABLE TO DETERMINE,2,1,0.0,0.0,0.0,0.0,0.0,2.0,14,6,12,12/06/2024,2024-12-06,14:30:00
12/06/2024 06:25:00 AM,5.0,2,2,6,5,1,3,3,0,1,3,DISREGARDING TRAFFIC SIGNALS,2,1,0.0,0.0,0.0,0.0,0.0,2.0,6,6,12,12/06/2024,2024-12-06,06:25:00
12/06/2024 08:30:00 AM,1.0,2,1,4,5,1,1,1,0,1,3,UNABLE TO DETERMINE,2,1,0.0,0.0,0.0,0.0,0.0,2.0,8,6,12,12/06/2024,2024-12-06,08:30:00
12/06/2024 10:00:00 AM,3.0,2,1,6,6,1,3,3,0,1,3,IMPROPER TURNING/NO SIGNAL,2,1,0.0,0.0,0.0,0.0,0.0,2.0,10,6,12,12/06/2024,2024-12-06,10:00:00
12/06/2024 02:15:00 PM,5.0,2,1,6,5,1,3,3,1,1,3,UNABLE TO DETERMINE,2,2,2.0,0.0,0.0,0.0,2.0,0.0,14,6,12,12/06/2024,2024-12-06,14:15:00
12/06/2024 08:08:00 AM,5.0,2,1,5,5,1,3,3,0,1,2,DISREGARDING TRAFFIC SIGNALS,2,1,0.0,0.0,0.0,0.0,0.0,2.0,8,6,12,12/06/2024,2024-12-06,08:08:00
12/06/2024 07:25:00 AM,7.0,2,1,6,5,1,3,3,0,1,3,FAILING TO YIELD RIGHT-OF-WAY,2,1,0.0,0.0,0.0,0.0,0.0,2.0,7,6,12,12/06/2024,2024-12-06,07:25:00
12/21/2024 02:27:00 PM,5.0,2,1,6,10,1,4,3,0,1,3,IMPROPER TURNING/NO SIGNAL,2,1,0.0,0.0,0.0,0.0,0.0,3.0,14,7,12,12/21/2024,2024-12-21,14:27:00
12/21/2024 02:45:00 PM,7.0,2,1,6,6,1,3,3,0,1,3,IMPROPER TURNING/NO SIGNAL,2,1,0.0,0.0,0.0,0.0,0.0,2.0,14,7,12,12/21/2024,2024-12-21,14:45:00
12/21/2024 05:17:00 PM,3.0,2,4,5,5,1,3,3,0,1,3,UNABLE TO DETERMINE,2,1,0.0,0.0,0.0,0.0,0.0,3.0,17,7,12,12/21/2024,2024-12-21,17:17:00
12/19/2024 08:30:00 PM,3.0,5,4,4,5,1,5,3,0,1,3,FOLLOWING TOO CLOSELY,2,1,0.0,0.0,0.0,0.0,0.0,2.0,20,5,12,12/19/2024,2024-12-19,20:30:00
12/20/2024 01:30:00 PM,5.0,2,1,13,5,1,4,3,1,1,1,NOT APPLICABLE,2,3,1.0,0.0,0.0,1.0,0.0,2.0,13,6,12,12/20/2024,2024-12-20,13:30:00
12/21/2024 06:20:00 AM,5.0,2,2,6,5,1,3,3,0,1,3,FAILING TO YIELD RIGHT-OF-WAY,2,1,0.0,0.0,0.0,0.0,0.0,2.0,6,7,12,12/21/2024,2024-12-21,06:20:00
12/21/2024 03:20:00 PM,5.0,2,1,6,5,1,3,3,0,1,3,FAILING TO YIELD RIGHT-OF-WAY,2,1,0.0,0.0,0.0,0.0,0.0,3.0,15,7,12,12/21/2024,2024-12-21,15:20:00
12/20/2024 07:51:00 PM,7.0,2,4,6,5,1,4,1,1,1,2,UNABLE TO DETERMINE,2,1,0.0,0.0,0.0,0.0,0.0,3.0,19,6,12,12/20/2024,2024-12-20,19:51:00
12/20/2024 08:00:00 PM,5.0,2,5,6,13,1,4,3,0,1,3,DRIVING ON WRONG SIDE/WRONG WAY,2,1,0.0,0.0,0.0,0.0,0.0,2.0,20,6,12,12/20/2024,2024-12-20,20:00:00
12/21/2024 08:36:00 PM,5.0,2,4,6,5,1,3,3,0,1,3,FAILING TO REDUCE SPEED TO AVOID CRASH,2,1,0.0,0.0,0.0,0.0,0.0,2.0,20,7,12,12/21/2024,2024-12-21,20:36:00
12/21/2024 04:23:00 PM,5.0,2,1,13,5,1,3,3,1,1,3,FAILING TO YIELD RIGHT-OF-WAY,2,2,1.0,0.0,0.0,0.0,1.0,1.0,16,7,12,12/21/2024,2024-12-21,16:23:00
12/20/2024 01:00:00 PM,3.0,5,1,3,5,1,5,3,0,1,3,UNABLE TO DETERMINE,2,1,0.0,0.0,0.0,0.0,0.0,2.0,13,6,12,12/20/2024,2024-12-20,13:00:00
12/19/2024 05:00:00 PM,5.0,2,1,6,14,1,1,1,0,1,3,UNABLE TO DETERMINE,2,1,0.0,0.0,0.0,0.0,0.0,2.0,17,5,12,12/19/2024,2024-12-19,17:00:00
12/21/2024 01:30:00 PM,5.0,2,1,6,6,1,3,1,0,1,2,UNABLE TO DETERMINE,2,1,0.0,0.0,0.0,0.0,0.0,2.0,13,7,12,12/21/2024,2024-12-21,13:30:00
12/20/2024 04:00:00 PM,6.0,2,1,13,6,1,5,3,1,1,3,UNABLE TO DETERMINE,2,2,1.0,0.0,0.0,0.0,1.0,1.0,16,6,12,12/20/2024,2024-12-20,16:00:00
12/21/2024 08:39:00 PM,7.0,2,4,11,5,1,3,1,0,1,2,UNABLE TO DETERMINE,2,1,0.0,0.0,0.0,0.0,0.0,1.0,20,7,12,12/21/2024,2024-12-21,20:39:00
12/21/2024 06:29:00 PM,5.0,2,4,6,5,1,3,1,1,1,3,UNABLE TO DETERMINE,2,2,1.0,0.0,0.0,0.0,1.0,1.0,18,7,12,12/21/2024,2024-12-21,18:29:00
12/21/2024 08:55:00 AM,3.0,5,1,3,4,1,5,3,0,0,1,IMPROPER LANE USAGE,2,1,0.0,0.0,0.0,0.0,0.0,2.0,8,7,12,12/21/2024,2024-12-21,08:55:00
12/21/2024 12:19:00 PM,5.0,2,1,6,4,1,3,3,0,1,3,NOT APPLICABLE,2,1,0.0,0.0,0.0,0.0,0.0,3.0,12,7,12,12/21/2024,2024-12-21,12:19:00
12/21/2024 11:30:00 AM,5.0,2,1,5,5,1,3,3,0,1,3,UNABLE TO DETERMINE,2,1,0.0,0.0,0.0,0.0,0.0,5.0,11,7,12,12/21/2024,2024-12-21,11:30:00
12/21/2024 08:02:00 PM,1.0,2,5,6,6,1,1,1,0,1,3,UNABLE TO DETERMINE,2,1,0.0,0.0,0.0,0.0,0.0,4.0,20,7,12,12/21/2024,2024-12-21,20:02:00
12/21/2024 08:48:00 AM,7.0,2,1,5,4,1,3,1,1,1,3,FAILING TO YIELD RIGHT-OF-WAY,2,3,1.0,0.0,0.0,1.0,0.0,1.0,8,7,12,12/21/2024,2024-12-21,08:48:00
12/21/2024 06:30:00 PM,7.0,2,4,14,7,1,1,1,1,1,3,CELL PHONE USE OTHER THAN TEXTING,2,3,1.0,0.0,0.0,1.0,0.0,4.0,18,7,12,12/21/2024,2024-12-21,18:30:00
12/21/2024 12:33:00 PM,3.0,2,1,5,5,1,3,1,0,1,3,UNABLE TO DETERMINE,2,1,0.0,0.0,0.0,0.0,0.0,3.0,12,7,12,12/21/2024,2024-12-21,12:33:00
12/14/2024 10:50:00 AM,7.0,2,1,6,6,1,3,3,1,1,3,IMPROPER TURNING/NO SIGNAL,2,1,0.0,0.0,0.0,0.0,0.0,2.0,10,7,12,12/14/2024,2024-12-14,10:50:00
12/21/2024 03:30:00 PM,5.0,2,1,5,6,1,3,3,0,1,3,IMPROPER BACKING,2,1,0.0,0.0,0.0,0.0,0.0,3.0,15,7,12,12/21/2024,2024-12-21,15:30:00
12/08/2024 11:30:00 AM,5.0,2,1,4,4,2,3,3,0,1,2,IMPROPER LANE USAGE,2,1,0.0,0.0,0.0,0.0,0.0,2.0,11,1,12,12/08/2024,2024-12-08,11:30:00
12/13/2024 09:50:00 PM,7.0,2,4,5,5,1,3,3,0,1,3,FAILING TO YIELD RIGHT-OF-WAY,2,1,0.0,0.0,0.0,0.0,0.0,3.0,21,6,12,12/13/2024,2024-12-13,21:50:00