crash_date,traffic_control_device,weather_condition,lighting_condition,first_crash_type,trafficway_type,alignment,roadway_surface_cond,road_defect,crash_type,intersection_related_i,damage,prim_contributory_cause,num_units,most_severe_injury,injuries_total,injuries_fatal,injuries_incapacitating,injuries_non_incapacitating,injuries_reported_not_evident,injuries_no_indication,crash_hour,crash_day_of_week,crash_month,parsed_datetime,date,time
12/13/2024 05:55:00 AM,5.0,2,1,6,5,1,3,3,1,1,3,DISREGARDING TRAFFIC SIGNALS,2,1,0.0,0.0,0.0,0.0,0.0,3.0,5,6,12,12/13/2024,2024-12-13,05:55:00
12/09/2024 07:20:00 PM,3.0,2,4,5,4,1,3,3,0,1,3,UNABLE TO DETERMINE,2,1,0.0,0.0,0.0,0.0,0.0,2.0,19,2,12,12/09/2024,2024-12-09,19:20:00
12/10/2024 07:19:00 AM,5.0,2,1,6,5,1,3,3,0,1,3,UNABLE TO DETERMINE,2,1,0.0,0.0,0.0,0.0,0.0,2.0,7,3,12,12/10/2024,2024-12-10,07:19:00
12/18/2024 08:40:00 AM,5.0,2,1,6,5,1,3,3,1,1,3,FAILING TO YIELD RIGHT-OF-WAY,2,3,2.0,0.0,0.0,2.0,0.0,0.0,8,4,12,12/18/2024,2024-12-18,08:40:00
12/19/2024 07:30:00 PM,5.0,5,4,4,5,1,4,3,1,0,1,UNABLE TO DETERMINE,2,3,1.0,0.0,0.0,1.0,0.0,1.0,19,5,12,12/19/2024,2024-12-19,19:30:00
12/07/2024 05:17:00 PM,5.0,2,4,5,5,1,3,3,1,1,3,DISREGARDING TRAFFIC SIGNALS,2,1,0.0,0.0,0.0,0.0,0.0,3.0,17,7,12,12/07/2024,2024-12-07,17:17:00
12/11/2024 01:02:00 PM,5.0,2,1,14,5,1,3,3,0,1,2,UNABLE TO DETERMINE,2,1,0.0,0.0,0.0,0.0,0.0,2.0,13,4,12,12/11/2024,2024-12-11,13:02:00
12/18/2024 09:47:00 PM,5.0,2,4,6,5,1,3,3,0,1,3,"VISION OBSCURED (SIGNS, TREE LIMBS, BUILDINGS, ETC.)",2,1,0.0,0.0,0.0,0.0,0.0,3.0,21,4,12,12/18/2024,2024-12-18,21:47:00
12/13/2024 11:43:00 AM,3.0,2,1,6,6,1,3,3,0,1,3,FAILING TO YIELD RIGHT-OF-WAY,2,1,0.0,0.0,0.0,0.0,0.0,3.0,11,6,12,12/13/2024,2024-12-13,11:43:00
12/16/2024 06:50:00 AM,5.0,4,2,6,6,1,4,3,1,1,3,FAILING TO YIELD RIGHT-OF-WAY,2,2,2.0,0.0,0.0,0.0,2.0,1.0,6,2,12,12/16/2024,2024-12-16,06:50:00
12/12/2024 11:43:00 AM,5.0,2,1,3,7,1,3,3,0,1,2,DRIVING SKILLS/KNOWLEDGE/EXPERIENCE,2,1,0.0,0.0,0.0,0.0,0.0,3.0,11,5,12,12/12/2024,2024-12-12,11:43:00
12/11/2024 04:30:00 PM,1.0,2,1,3,6,1,1,1,0,1,3,IMPROPER OVERTAKING/PASSING,2,1,0.0,0.0,0.0,0.0,0.0,3.0,16,4,12,12/11/2024,2024-12-11,16:30:00
12/18/2024 08:59:00 AM,5.0,2,1,4,6,1,3,3,0,0,3,UNABLE TO DETERMINE,2,1,0.0,0.0,0.0,0.0,0.0,2.0,8,4,12,12/18/2024,2024-12-18,08:59:00
12/17/2024 07:45:00 PM,5.0,2,1,3,5,1,1,1,0,1,3,UNABLE TO DETERMINE,2,1,0.0,0.0,0.0,0.0,0.0,3.0,19,3,12,12/17/2024,2024-12-17,19:45:00
12/17/2024 04:21:00 PM,5.0,2,1,6,5,1,3,3,1,1,3,UNABLE TO DETERMINE,2,1,0.0,0.0,0.0,0.0,0.0,3.0,16,3,12,12/17/2024,2024-12-17,16:21:00
12/16/2024 11:13:00 PM,5.0,2,4,3,6,1,3,3,0,1,2,IMPROPER OVERTAKING/PASSING,2,1,0.0,0.0,0.0,0.0,0.0,2.0,23,2,12,12/16/2024,2024-12-16,23:13:00
12/15/2024 10:00:00 AM,5.0,4,1,6,5,1,4,3,1,1,3,FAILING TO YIELD RIGHT-OF-WAY,2,1,0.0,0.0,0.0,0.0,0.0,4.0,10,1,12,12/15/2024,2024-12-15,10:00:00
12/14/2024 04:00:00 PM,7.0,2,3,6,5,1,1,1,0,1,3,UNABLE TO DETERMINE,2,1,0.0,0.0,0.0,0.0,0.0,2.0,16,7,12,12/14/2024,2024-12-14,16:00:00
12/12/2024 12:33:00 PM,1.0,2,1,3,10,1,1,1,0,1,3,IMPROPER BACKING,2,1,0.0,0.0,0.0,0.0,0.0,2.0,12,5,12,12/12/2024,2024-12-12,12:33:00
12/09/2024 09:29:00 AM,5.0,2,1,3,5,1,3,3,0,1,1,IMPROPER LANE USAGE,2,1,0.0,0.0,0.0,0.0,0.0,2.0,9,2,12,12/09/2024,2024-12-09,09:29:00
12/07/2024 10:45:00 AM,5.0,2,1,6,5,1,3,3,0,1,3,IMPROPER TURNING/NO SIGNAL,2,1,0.0,0.0,0.0,0.0,0.0,2.0,10,7,12,12/07/2024,2024-12-07,10:45:00
12/14/2024 07:48:00 AM,5.0,2,1,6,5,1,3,3,0,1,3,FAILING TO YIELD RIGHT-OF-WAY,2,1,0.0,0.0,0.0,0.0,0.0,5.0,7,7,12,12/14/2024,2024-12-14,07:48:00
12/15/2024 12:25:00 PM,3.0,2,1,5,5,1,3,3,1,1,3,NOT APPLICABLE,2,1,0.0,0.0,0.0,0.0,0.0,2.0,12,1,12,12/15/2024,2024-12-15,12:25:00
12/14/2024 10:20:00 PM,5.0,4,4,4,1,1,4,1,0,1,2,UNABLE TO DETERMINE,2,1,0.0,0.0,0.0,0.0,0.0,2.0,22,7,12,12/14/2024,2024-12-14,22:20:00
12/09/2024 07:30:00 AM,5.0,2,1,4,6,1,1,3,0,1,2,UNABLE TO DETERMINE,2,1,0.0,0.0,0.0,0.0,0.0,2.0,7,2,12,12/09/2024,2024-12-09,07:30:00
12/18/2024 04:30:00 PM,7.0,2,1,13,6,1,3,3,1,1,3,IMPROPER TURNING/NO SIGNAL,2,3,1.0,0.0,0.0,1.0,0.0,1.0,16,4,12,12/18/2024,2024-12-18,16:30:00
12/13/2024 03:21:00 PM,3.0,2,1,6,5,1,3,3,0,1,3,FAILING TO YIELD RIGHT-OF-WAY,2,1,0.0,0.0,0.0,0.0,0.0,2.0,15,6,12,12/13/2024,2024-12-13,15:21:00
12/15/2024 08:30:00 PM,7.0,2,4,6,9,1,4,3,1,1,2,IMPROPER TURNING/NO SIGNAL,2,3,1.0,0.0,0.0,1.0,0.0,2.0,20,1,12,12/15/2024,2024-12-15,20:30:00
12/09/2024 08:03:00 AM,5.0,2,1,6,5,1,3,3,0,1,2,FAILING TO YIELD RIGHT-OF-WAY,2,1,0.0,0.0,0.0,0.0,0.0,4.0,8,2,12,12/09/2024,2024-12-09,08:03:00
12/15/2024 02:15:00 AM,5.0,4,4,6,5,1,4,3,0,1,2,EQUIPMENT - VEHICLE CONDITION,2,1,0.0,0.0,0.0,0.0,0.0,2.0,2,1,12,12/15/2024,2024-12-15,02:15:00
12/15/2024 01:45:00 PM,5.0,4,1,6,7,1,4,3,1,1,3,FAILING TO YIELD RIGHT-OF-WAY,2,3,1.0,0.0,0.0,1.0,0.0,1.0,13,1,12,12/15/2024,2024-12-15,13:45:00
12/10/2024 12:00:00 PM,7.0,2,1,4,5,1,1,1,0,1,3,UNABLE TO DETERMINE,2,1,0.0,0.0,0.0,0.0,0.0,2.0,12,3,12,12/10/2024,2024-12-10,12:00:00
12/10/2024 02:55:00 PM,5.0,2,1,6,6,1,3,3,0,1,3,UNABLE TO DETERMINE,2,1,0.0,0.0,0.0,0.0,0.0,2.0,14,3,12,12/10/2024,2024-12-10,14:55:00
12/12/2024 06:00:00 PM,5.0,2,3,4,6,1,3,3,0,1,3,FOLLOWING TOO CLOSELY,2,1,0.0,0.0,0.0,0.0,0.0,2.0,18,5,12,12/12/2024,2024-12-12,18:00:00
12/10/2024 01:34:00 AM,2.0,2,5,6,5,1,3,3,0,1,3,IMPROPER TURNING/NO SIGNAL,2,1,0.0,0.0,0.0,0.0,0.0,5.0,1,3,12,12/10/2024,2024-12-10,01:34:00
12/07/2024 11:15:00 AM,5.0,2,1,6,9,1,3,3,1,1,3,IMPROPER TURNING/NO SIGNAL,2,1,0.0,0.0,0.0,0.0,0.0,2.0,11,7,12,12/07/2024,2024-12-07,11:15:00
12/10/2024 01:21:00 PM,3.0,2,1,4,5,1,1,1,0,1,1,UNABLE TO DETERMINE,2,1,0.0,0.0,0.0,0.0,0.0,2.0,13,3,12,12/10/2024,2024-12-10,13:21:00
12/10/2024 07:50:00 AM,5.0,2,1,3,5,1,3,3,0,1,3,DRIVING SKILLS/KNOWLEDGE/EXPERIENCE,2,1,0.0,0.0,0.0,0.0,0.0,2.0,7,3,12,12/10/2024,2024-12-10,07:50:00
12/08/2024 02:57:00 PM,5.0,2,3,4,5,1,3,3,0,1,3,UNABLE TO DETERMINE,2,1,0.0,0.0,0.0,0.0,0.0,2.0,14,1,12,12/08/2024,2024-12-08,14:57:00
12/10/2024 04:55:00 PM,5.0,2,1,6,12,1,3,3,0,1,3,IMPROPER OVERTAKING/PASSING,2,1,0.0,0.0,0.0,0.0,0.0,2.0,16,3,12,12/10/2024,2024-12-10,16:55:00
12/12/2024 02:30:00 PM,5.0,2,1,3,6,1,3,1,0,1,2,IMPROPER OVERTAKING/PASSING,2,1,0.0,0.0,0.0,0.0,0.0,4.0,14,5,12,12/12/2024,2024-12-12,14:30:00
12/17/2024 04:06:00 PM,1.0,2,1,6,7,1,3,3,0,1,3,UNABLE TO DETERMINE,2,1,0.0,0.0,0.0,0.0,0.0,2.0,16,3,12,12/17/2024,2024-12-17,16:06:00
12/10/2024 04:10:00 PM,7.0,2,1,5,8,1,1,1,0,1,3,FAILING TO YIELD RIGHT-OF-WAY,2,1,0.0,0.0,0.0,0.0,0.0,2.0,16,3,12,12/10/2024,2024-12-10,16:10:00
12/10/2024 07:49:00 PM,7.0,2,4,4,5,1,3,1,1,1,3,DISREGARDING STOP SIGN,2,3,1.0,0.0,0.0,1.0,0.0,2.0,19,3,12,12/10/2024,2024-12-10,19:49:00
12/08/2024 12:34:00 PM,5.0,2,1,6,5,1,3,3,1,1,3,DISREGARDING OTHER TRAFFIC SIGNS,2,1,0.0,0.0,0.0,0.0,0.0,3.0,12,1,12,12/08/2024,2024-12-08,12:34:00
12/10/2024 09:15:00 PM,5.0,2,4,5,3,1,3,3,1,1,3,UNABLE TO DETERMINE,2,1,0.0,0.0,0.0,0.0,0.0,2.0,21,3,12,12/10/2024,2024-12-10,21:15:00
12/13/2024 02:30:00 PM,5.0,2,1,4,6,1,3,3,0,1,3,FOLLOWING TOO CLOSELY,2,1,0.0,0.0,0.0,0.0,0.0,2.0,14,6,12,12/13/2024,2024-12-13,14:30:00
12/12/2024 12:10:00 PM,5.0,2,1,6,5,1,1,1,0,1,3,FAILING TO YIELD RIGHT-OF-WAY,2,1,0.0,0.0,0.0,0.0,0.0,2.0,12,5,12,12/12/2024,2024-12-12,12:10:00
12/13/2024 04:23:00 PM,5.0,2,2,5,5,1,3,3,1,1,3,"VISION OBSCURED (SIGNS, TREE LIMBS, BUILDINGS, ETC.)",2,1,0.0,0.0,0.0,0.0,0.0,3.0,16,6,12,12/13/2024,2024-12-13,16:23:00
12/14/2024 09:28:00 PM,3.0,4,4,5,16,1,4,3,0,1,3,FAILING TO YIELD RIGHT-OF-WAY,2,1,0.0,0.0,0.0,0.0,0.0,3.0,21,7,12,12/14/2024,2024-12-14,21:28:00
12/11/2024 12:54:00 AM,5.0,2,4,5,6,1,3,1,1,1,3,UNABLE TO DETERMINE,2,1,0.0,0.0,0.0,0.0,0.0,2.0,0,4,12,12/11/2024,2024-12-11,00:54:00
12/07/2024 11:13:00 AM,7.0,2,1,13,5,1,3,3,1,1,3,FAILING TO YIELD RIGHT-OF-WAY,2,3,1.0,0.0,0.0,1.0,0.0,1.0,11,7,12,12/07/2024,2024-12-07,11:13:00
12/18/2024 05:38:00 PM,3.0,2,4,5,16,1,3,3,1,0,3,NOT APPLICABLE,2,2,1.0,0.0,0.0,0.0,1.0,1.0,17,4,12,12/18/2024,2024-12-18,17:38:00
12/17/2024 06:34:00 AM,5.0,2,1,6,5,1,3,3,0,1,1,IMPROPER TURNING/NO SIGNAL,2,1,0.0,0.0,0.0,0.0,0.0,2.0,6,3,12,12/17/2024,2024-12-17,06:34:00
12/12/2024 03:30:00 PM,7.0,2,1,13,10,1,3,3,0,1,1,UNABLE TO DETERMINE,2,1,0.0,0.0,0.0,0.0,0.0,2.0,15,5,12,12/12/2024,2024-12-12,15:30:00
12/13/2024 02:30:00 PM,5.0,2,1,4,5,1,3,3,0,1,3,UNABLE TO DETERMINE,2,1,0.0,0.0,0.0,0.0,0.0,2.0,14,6,12,12/13/2024,2024-12-13,14:30:00
12/14/2024 11:27:00 PM,5.0,4,4,4,5,1,4,3,0,1,1,FOLLOWING TOO CLOSELY,2,1,0.0,0.0,0.0,0.0,0.0,2.0,23,7,12,12/14/2024,2024-12-14,23:27:00
12/14/2024 10:21:00 PM,5.0,4,4,5,6,1,4,3,0,1,3,WEATHER,2,1,0.0,0.0,0.0,0.0,0.0,2.0,22,7,12,12/14/2024,2024-12-14,22:21:00
12/08/2024 12:30:00 AM,5.0,2,4,3,6,1,3,3,0,1,3,IMPROPER LANE USAGE,2,1,0.0,0.0,0.0,0.0,0.0,3.0,0,1,12,12/08/2024,2024-12-08,00:30:00
12/10/2024 09:50:00 PM,5.0,2,4,6,1,1,3,3,0,1,3,UNABLE TO DETERMINE,2,1,0.0,0.0,0.0,0.0,0.0,2.0,21,3,12,12/10/2024,2024-12-10,21:50:00
12/12/2024 10:01:00 AM,5.0,2,1,6,5,1,1,1,0,1,3,IMPROPER OVERTAKING/PASSING,2,1,0.0,0.0,0.0,0.0,0.0,2.0,10,5,12,12/12/2024,2024-12-12,10:01:00
12/08/2024 09:30:00 PM,3.0,2,4,4,6,1,3,3,1,1,3,FOLLOWING TOO CLOSELY,2,2,1.0,0.0,0.0,0.0,1.0,4.0,21,1,12,12/08/2024,2024-12-08,21:30:00
12/16/2024 04:10:00 PM,7.0,2,2,5,4,1,4,3,0,1,3,UNABLE TO DETERMINE,2,1,0.0,0.0,0.0,0.0,0.0,7.0,16,2,12,12/16/2024,2024-12-16,16:10:00
12/19/2024 02:31:00 PM,7.0,2,1,5,5,1,3,3,1,1,3,FAILING TO YIELD RIGHT-OF-WAY,2,2,2.0,0.0,0.0,0.0,2.0,2.0,14,5,12,12/19/2024,2024-12-19,14:31:00
12/07/2024 06:42:00 PM,3.0,2,4,6,5,1,3,3,1,1,3,FAILING TO YIELD RIGHT-OF-WAY,2,2,1.0,0.0,0.0,0.0,1.0,1.0,18,7,12,12/07/2024,2024-12-07,18:42:00
12/07/2024 04:37:00 AM,5.0,2,4,5,6,1,3,3,0,1,3,DISREGARDING TRAFFIC SIGNALS,2,1,0.0,0.0,0.0,0.0,0.0,2.0,4,7,12,12/07/2024,2024-12-07,04:37:00
12/18/2024 05:23:00 PM,5.0,2,4,4,5,1,3,3,0,1,3,FAILING TO REDUCE SPEED TO AVOID CRASH,2,1,0.0,0.0,0.0,0.0,0.0,2.0,17,4,12,12/18/2024,2024-12-18,17:23:00
12/08/2024 03:14:00 PM,1.0,2,1,6,4,1,3,3,1,1,3,UNABLE TO DETERMINE,2,1,0.0,0.0,0.0,0.0,0.0,2.0,15,1,12,12/08/2024,2024-12-08,15:14:00
12/14/2024 08:10:00 PM,5.0,4,4,4,4,2,4,3,0,1,3,FAILING TO REDUCE SPEED TO AVOID CRASH,2,1,0.0,0.0,0.0,0.0,0.0,3.0,20,7,12,12/14/2024,2024-12-14,20:10:00
12/11/2024 04:20:00 AM,7.0,2,4,6,10,1,3,1,0,1,1,FAILING TO YIELD RIGHT-OF-WAY,2,1,0.0,0.0,0.0,0.0,0.0,2.0,4,4,12,12/11/2024,2024-12-11,04:20:00
12/09/2024 04:30:00 PM,5.0,2,1,5,5,1,1,1,0,1,1,UNABLE TO DETERMINE,2,1,0.0,0.0,0.0,0.0,0.0,2.0,16,2,12,12/09/2024,2024-12-09,16:30:00
12/16/2024 08:09:00 AM,5.0,4,3,14,4,1,4,1,1,1,3,NOT APPLICABLE,2,2,1.0,0.0,0.0,0.0,1.0,2.0,8,2,12,12/16/2024,2024-12-16,08:09:00
12/08/2024 12:00:00 AM,5.0,2,4,4,5,1,1,1,0,0,2,UNABLE TO DETERMINE,2,1,0.0,0.0,0.0,0.0,0.0,2.0,0,1,12,12/08/2024,2024-12-08,00:00:00
12/13/2024 04:43:00 PM,5.0,2,4,6,14,1,3,1,1,1,3,DRIVING SKILLS/KNOWLEDGE/EXPERIENCE,2,2,2.0,0.0,0.0,0.0,2.0,1.0,16,6,12,12/13/2024,2024-12-13,16:43:00
12/14/2024 09:15:00 PM,7.0,4,4,6,7,1,4,3,0,1,2,WEATHER,2,1,0.0,0.0,0.0,0.0,0.0,6.0,21,7,12,12/14/2024,2024-12-14,21:15:00
12/07/2024 02:25:00 PM,5.0,2,1,6,7,1,3,3,0,1,3,IMPROPER TURNING/NO SIGNAL,2,1,0.0,0.0,0.0,0.0,0.0,3.0,14,7,12,12/07/2024,2024-12-07,14:25:00
12/13/2024 08:12:00 AM,7.0,2,1,5,5,1,3,1,0,1,3,FAILING TO YIELD RIGHT-OF-WAY,2,1,0.0,0.0,0.0,0.0,0.0,2.0,8,6,12,12/13/2024,2024-12-13,08:12:00
12/08/2024 05:20:00 PM,7.0,2,4,5,5,2,3,1,1,1,3,DISREGARDING STOP SIGN,2,3,1.0,0.0,0.0,1.0,0.0,1.0,17,1,12,12/08/2024,2024-12-08,17:20:00
12/16/2024 12:45:00 PM,5.0,2,1,4,6,1,3,1,0,1,3,"OPERATING VEHICLE IN ERRATIC, RECKLESS, CARELESS, NEGLIGENT OR AGGRESSIVE MANNER",2,1,0.0,0.0,0.0,0.0,0.0,3.0,12,2,12,12/16/2024,2024-12-16,12:45:00
12/16/2024 06:32:00 PM,5.0,2,4,6,5,1,3,3,1,1,3,FAILING TO YIELD RIGHT-OF-WAY,2,1,0.0,0.0,0.0,0.0,0.0,2.0,18,2,12,12/16/2024,2024-12-16,18:32:00
12/18/2024 08:45:00 AM,5.0,2,1,5,5,2,3,1,0,1,3,DISREGARDING TRAFFIC SIGNALS,2,1,0.0,0.0,0.0,0.0,0.0,2.0,8,4,12,12/18/2024,2024-12-18,08:45:00
12/17/2024 04:30:00 PM,5.0,2,1,5,5,1,1,1,0,1,3,DISREGARDING TRAFFIC SIGNALS,2,1,0.0,0.0,0.0,0.0,0.0,3.0,16,3,12,12/17/2024,2024-12-17,16:30:00
12/11/2024 11:55:00 PM,7.0,2,5,10,5,1,3,1,1,1,3,FAILING TO YIELD RIGHT-OF-WAY,2,3,2.0,0.0,0.0,2.0,0.0,1.0,23,4,12,12/11/2024,2024-12-11,23:55:00
12/14/2024 06:30:00 PM,3.0,4,4,12,5,1,4,3,0,1,3,DRIVING SKILLS/KNOWLEDGE/EXPERIENCE,2,1,0.0,0.0,0.0,0.0,0.0,2.0,18,7,12,12/14/2024,2024-12-14,18:30:00
12/14/2024 06:20:00 PM,7.0,2,4,5,3,1,4,3,0,1,3,UNABLE TO DETERMINE,2,1,0.0,0.0,0.0,0.0,0.0,2.0,18,7,12,12/14/2024,2024-12-14,18:20:00
12/07/2024 02:20:00 PM,5.0,2,1,6,4,1,3,3,0,1,2,IMPROPER LANE USAGE,2,1,0.0,0.0,0.0,0.0,0.0,2.0,14,7,12,12/07/2024,2024-12-07,14:20:00
12/13/2024 07:38:00 PM,5.0,2,4,3,12,1,3,3,0,1,3,IMPROPER OVERTAKING/PASSING,2,1,0.0,0.0,0.0,0.0,0.0,2.0,19,6,12,12/13/2024,2024-12-13,19:38:00
12/10/2024 08:55:00 AM,5.0,2,1,3,4,1,3,3,0,1,3,IMPROPER OVERTAKING/PASSING,2,1,0.0,0.0,0.0,0.0,0.0,3.0,8,3,12,12/10/2024,2024-12-10,08:55:00
12/12/2024 12:30:00 PM,5.0,2,1,4,4,1,1,1,0,1,3,FOLLOWING TOO CLOSELY,2,1,0.0,0.0,0.0,0.0,0.0,2.0,12,5,12,12/12/2024,2024-12-12,12:30:00
12/18/2024 11:38:00 PM,5.0,2,4,3,5,1,3,3,0,1,2,FAILING TO YIELD RIGHT-OF-WAY,2,1,0.0,0.0,0.0,0.0,0.0,2.0,23,4,12,12/18/2024,2024-12-18,23:38:00
12/18/2024 05:05:00 PM,1.0,2,1,4,10,1,1,1,0,1,3,UNABLE TO DETERMINE,2,1,0.0,0.0,0.0,0.0,0.0,3.0,17,4,12,12/18/2024,2024-12-18,17:05:00
12/20/2024 01:15:00 PM,5.0,5,1,5,6,1,4,3,1,1,3,WEATHER,2,3,1.0,0.0,0.0,1.0,0.0,1.0,13,6,12,12/20/2024,2024-12-20,13:15:00
12/18/2024 11:05:00 AM,3.0,2,1,5,4,1,3,3,0,1,3,DRIVING SKILLS/KNOWLEDGE/EXPERIENCE,2,1,0.0,0.0,0.0,0.0,0.0,2.0,11,4,12,12/18/2024,2024-12-18,11:05:00
12/15/2024 12:31:00 PM,5.0,4,1,10,6,2,4,3,1,1,3,UNABLE TO DETERMINE,2,3,1.0,0.0,0.0,1.0,0.0,3.0,12,1,12,12/15/2024,2024-12-15,12:31:00
12/17/2024 09:05:00 AM,5.0,2,1,6,5,1,3,3,1,1,3,"VISION OBSCURED (SIGNS, TREE LIMBS, BUILDINGS, ETC.)",2,1,0.0,0.0,0.0,0.0,0.0,2.0,9,3,12,12/17/2024,2024-12-17,09:05:00
12/11/2024 01:30:00 PM,7.0,2,1,6,7,1,1,1,0,1,3,IMPROPER TURNING/NO SIGNAL,2,1,0.0,0.0,0.0,0.0,0.0,2.0,13,4,12,12/11/2024,2024-12-11,13:30:00
12/14/2024 06:45:00 AM,5.0,2,2,5,5,1,3,3,1,1,3,FAILING TO YIELD RIGHT-OF-WAY,2,2,2.0,0.0,0.0,0.0,2.0,1.0,6,7,12,12/14/2024,2024-12-14,06:45:00
12/07/2024 04:50:00 PM,5.0,2,4,6,10,1,3,3,0,1,3,IMPROPER TURNING/NO SIGNAL,2,1,0.0,0.0,0.0,0.0,0.0,2.0,16,7,12,12/07/2024,2024-12-07,16:50:00
12/16/2024 12:30:00 AM,3.0,2,4,5,1,1,3,3,1,1,3,FAILING TO YIELD RIGHT-OF-WAY,2,1,0.0,0.0,0.0,0.0,0.0,2.0,0,2,12,12/16/2024,2024-12-16,00:30:00
12/18/2024 05:05:00 PM,7.0,2,4,5,6,1,3,3,1,1,3,"OPERATING VEHICLE IN ERRATIC, RECKLESS, CARELESS, NEGLIGENT OR AGGRESSIVE MANNER",2,3,1.0,0.0,0.0,1.0,0.0,1.0,17,4,12,12/18/2024,2024-12-18,17:05:00
12/10/2024 12:35:00 PM,7.0,3,1,4,6,1,3,3,1,1,3,PHYSICAL CONDITION OF DRIVER,2,1,0.0,0.0,0.0,0.0,0.0,2.0,12,3,12,12/10/2024,2024-12-10,12:35:00
12/09/2024 04:41:00 PM,3.0,2,1,14,18,1,3,1,1,1,3,FAILING TO YIELD RIGHT-OF-WAY,2,3,1.0,0.0,0.0,1.0,0.0,1.0,16,2,12,12/09/2024,2024-12-09,16:41:00
12/17/2024 03:30:00 PM,5.0,2,1,3,6,1,3,3,0,1,3,IMPROPER LANE USAGE,2,1,0.0,0.0,0.0,0.0,0.0,2.0,15,3,12,12/17/2024,2024-12-17,15:30:00
12/08/2024 07:39:00 PM,5.0,2,1,6,1,1,1,1,0,1,2,DISREGARDING TRAFFIC SIGNALS,2,1,0.0,0.0,0.0,0.0,0.0,3.0,19,1,12,12/08/2024,2024-12-08,19:39:00
12/18/2024 02:57:00 PM,5.0,2,1,6,5,1,3,3,0,1,3,FAILING TO YIELD RIGHT-OF-WAY,2,1,0.0,0.0,0.0,0.0,0.0,3.0,14,4,12,12/18/2024,2024-12-18,14:57:00
12/16/2024 09:13:00 AM,7.0,4,4,3,5,1,4,3,1,1,2,UNABLE TO DETERMINE,2,2,1.0,0.0,0.0,0.0,1.0,1.0,9,2,12,12/16/2024,2024-12-16,09:13:00
12/13/2024 03:42:00 PM,5.0,2,1,4,6,1,3,3,0,1,3,FOLLOWING TOO CLOSELY,2,1,0.0,0.0,0.0,0.0,0.0,5.0,15,6,12,12/13/2024,2024-12-13,15:42:00
12/17/2024 07:45:00 AM,7.0,3,1,5,5,1,3,3,0,1,3,FAILING TO YIELD RIGHT-OF-WAY,2,1,0.0,0.0,0.0,0.0,0.0,2.0,7,3,12,12/17/2024,2024-12-17,07:45:00
12/07/2024 07:03:00 AM,5.0,2,1,6,5,1,3,3,0,1,3,UNABLE TO DETERMINE,2,1,0.0,0.0,0.0,0.0,0.0,2.0,7,7,12,12/07/2024,2024-12-07,07:03:00
12/09/2024 04:41:00 PM,7.0,2,5,5,5,1,3,1,0,1,3,FAILING TO YIELD RIGHT-OF-WAY,2,1,0.0,0.0,0.0,0.0,0.0,2.0,16,2,12,12/09/2024,2024-12-09,16:41:00
12/17/2024 12:47:00 PM,5.0,2,1,6,5,1,3,3,0,1,2,FAILING TO REDUCE SPEED TO AVOID CRASH,2,1,0.0,0.0,0.0,0.0,0.0,3.0,12,3,12,12/17/2024,2024-12-17,12:47:00
12/14/2024 12:08:00 AM,7.0,2,4,5,5,1,3,1,1,1,3,FAILING TO YIELD RIGHT-OF-WAY,2,1,0.0,0.0,0.0,0.0,0.0,5.0,0,7,12,12/14/2024,2024-12-14,00:08:00
12/09/2024 08:39:00 PM,5.0,2,4,6,6,1,3,3,0,1,3,IMPROPER TURNING/NO SIGNAL,2,1,0.0,0.0,0.0,0.0,0.0,2.0,20,2,12,12/09/2024,2024-12-09,20:39:00
12/11/2024 03:20:00 PM,7.0,2,1,5,6,1,1,1,1,1,3,UNABLE TO DETERMINE,2,2,1.0,0.0,0.0,0.0,1.0,2.0,15,4,12,12/11/2024,2024-12-11,15:20:00
12/08/2024 06:25:00 PM,5.0,2,4,6,10,1,3,3,0,1,3,UNABLE TO DETERMINE,2,1,0.0,0.0,0.0,0.0,0.0,2.0,18,1,12,12/08/2024,2024-12-08,18:25:00
12/19/2024 11:00:00 PM,5.0,5,4,4,3,1,5,2,1,1,3,DISTRACTION - FROM INSIDE VEHICLE,2,1,0.0,0.0,0.0,0.0,0.0,6.0,23,5,12,12/19/2024,2024-12-19,23:00:00
12/12/2024 08:25:00 AM,5.0,2,1,13,5,2,3,3,1,1,1,FAILING TO YIELD RIGHT-OF-WAY,2,3,1.0,0.0,0.0,1.0,0.0,1.0,8,5,12,12/12/2024,2024-12-12,08:25:00
12/09/2024 04:50:00 PM,3.0,2,1,4,6,1,3,3,0,1,3,FOLLOWING TOO CLOSELY,2,1,0.0,0.0,0.0,0.0,0.0,4.0,16,2,12,12/09/2024,2024-12-09,16:50:00
12/10/2024 01:30:00 PM,7.0,2,1,5,6,1,3,3,1,1,3,PHYSICAL CONDITION OF DRIVER,2,2,1.0,0.0,0.0,0.0,1.0,1.0,13,3,12,12/10/2024,2024-12-10,13:30:00
12/13/2024 11:54:00 AM,3.0,2,1,3,6,1,3,3,0,1,1,UNABLE TO DETERMINE,2,1,0.0,0.0,0.0,0.0,0.0,2.0,11,6,12,12/13/2024,2024-12-13,11:54:00