crash_date,traffic_control_device,weather_condition,lighting_condition,first_crash_type,trafficway_type,alignment,roadway_surface_cond,road_defect,crash_type,intersection_related_i,damage,prim_contributory_cause,num_units,most_severe_injury,injuries_total,injuries_fatal,injuries_incapacitating,injuries_non_incapacitating,injuries_reported_not_evident,injuries_no_indication,crash_hour,crash_day_of_week,crash_month,parsed_datetime,date,time
12/18/2024 04:28:00 PM,5.0,2,3,6,5,1,3,3,1,1,3,IMPROPER TURNING/NO SIGNAL,2,1,0.0,0.0,0.0,0.0,0.0,6.0,16,4,12,12/18/2024,2024-12-18,16:28:00
12/19/2024 07:35:00 AM,5.0,2,1,3,6,1,3,3,0,1,2,UNABLE TO DETERMINE,2,1,0.0,0.0,0.0,0.0,0.0,2.0,7,5,12,12/19/2024,2024-12-19,07:35:00
12/19/2024 04:18:00 PM,5.0,2,1,6,5,1,4,1,0,1,3,IMPROPER TURNING/NO SIGNAL,2,1,0.0,0.0,0.0,0.0,0.0,2.0,16,5,12,12/19/2024,2024-12-19,16:18:00
12/08/2024 04:05:00 PM,5.0,2,1,5,5,1,3,3,1,1,3,FAILING TO REDUCE SPEED TO AVOID CRASH,2,4,1.0,0.0,1.0,0.0,0.0,2.0,16,1,12,12/08/2024,2024-12-08,16:05:00
12/14/2024 03:46:00 PM,5.0,2,1,6,4,1,3,1,0,1,3,IMPROPER TURNING/NO SIGNAL,2,1,0.0,0.0,0.0,0.0,0.0,2.0,15,7,12,12/14/2024,2024-12-14,15:46:00
12/12/2024 08:15:00 AM,5.0,2,1,6,7,1,3,3,0,1,3,FAILING TO YIELD RIGHT-OF-WAY,2,1,0.0,0.0,0.0,0.0,0.0,2.0,8,5,12,12/12/2024,2024-12-12,08:15:00
12/18/2024 08:00:00 AM,7.0,2,1,5,5,1,3,3,0,1,3,FAILING TO YIELD RIGHT-OF-WAY,2,1,0.0,0.0,0.0,0.0,0.0,2.0,8,4,12,12/18/2024,2024-12-18,08:00:00
12/13/2024 05:00:00 PM,7.0,2,4,5,6,1,3,3,0,1,3,DISREGARDING TRAFFIC SIGNALS,2,1,0.0,0.0,0.0,0.0,0.0,3.0,17,6,12,12/13/2024,2024-12-13,17:00:00
12/08/2024 02:30:00 PM,7.0,2,1,3,5,1,3,1,0,1,1,UNABLE TO DETERMINE,2,1,0.0,0.0,0.0,0.0,0.0,2.0,14,1,12,12/08/2024,2024-12-08,14:30:00
12/08/2024 01:50:00 AM,5.0,2,4,5,3,1,3,3,1,1,3,FAILING TO YIELD RIGHT-OF-WAY,2,1,0.0,0.0,0.0,0.0,0.0,4.0,1,1,12,12/08/2024,2024-12-08,01:50:00
12/18/2024 05:20:00 PM,5.0,2,1,3,4,1,1,1,0,1,3,FAILING TO YIELD RIGHT-OF-WAY,2,1,0.0,0.0,0.0,0.0,0.0,2.0,17,4,12,12/18/2024,2024-12-18,17:20:00
12/17/2024 10:44:00 PM,7.0,3,4,5,13,1,3,3,1,1,3,FAILING TO YIELD RIGHT-OF-WAY,2,3,1.0,0.0,0.0,1.0,0.0,1.0,22,3,12,12/17/2024,2024-12-17,22:44:00
12/11/2024 02:00:00 PM,5.0,2,1,3,6,1,3,3,0,1,3,UNABLE TO DETERMINE,2,1,0.0,0.0,0.0,0.0,0.0,5.0,14,4,12,12/11/2024,2024-12-11,14:00:00
12/09/2024 01:50:00 PM,5.0,2,1,3,5,2,3,3,0,1,3,FAILING TO REDUCE SPEED TO AVOID CRASH,2,1,0.0,0.0,0.0,0.0,0.0,2.0,13,2,12,12/09/2024,2024-12-09,13:50:00
12/10/2024 07:09:00 PM,7.0,2,4,5,5,1,3,3,1,1,3,FAILING TO YIELD RIGHT-OF-WAY,2,1,0.0,0.0,0.0,0.0,0.0,2.0,19,3,12,12/10/2024,2024-12-10,19:09:00
12/07/2024 11:49:00 AM,7.0,2,1,4,7,1,3,3,1,1,3,DRIVING SKILLS/KNOWLEDGE/EXPERIENCE,2,4,1.0,0.0,1.0,0.0,0.0,2.0,11,7,12,12/07/2024,2024-12-07,11:49:00
12/13/2024 07:20:00 AM,3.0,2,1,6,6,1,3,3,0,1,3,IMPROPER TURNING/NO SIGNAL,2,1,0.0,0.0,0.0,0.0,0.0,2.0,7,6,12,12/13/2024,2024-12-13,07:20:00
12/10/2024 05:30:00 PM,3.0,2,4,5,6,1,3,3,0,1,3,UNABLE TO DETERMINE,2,1,0.0,0.0,0.0,0.0,0.0,2.0,17,3,12,12/10/2024,2024-12-10,17:30:00
12/14/2024 01:45:00 PM,1.0,2,1,8,17,1,1,1,0,1,3,IMPROPER BACKING,2,1,0.0,0.0,0.0,0.0,0.0,2.0,13,7,12,12/14/2024,2024-12-14,13:45:00
12/13/2024 08:20:00 PM,5.0,2,4,6,5,1,3,3,0,1,3,FAILING TO YIELD RIGHT-OF-WAY,2,1,0.0,0.0,0.0,0.0,0.0,2.0,20,6,12,12/13/2024,2024-12-13,20:20:00
12/19/2024 07:26:00 PM,5.0,4,4,3,10,1,4,3,0,1,3,UNABLE TO DETERMINE,2,1,0.0,0.0,0.0,0.0,0.0,2.0,19,5,12,12/19/2024,2024-12-19,19:26:00
12/16/2024 05:00:00 PM,7.0,2,4,5,5,1,3,3,0,1,3,FAILING TO YIELD RIGHT-OF-WAY,2,1,0.0,0.0,0.0,0.0,0.0,2.0,17,2,12,12/16/2024,2024-12-16,17:00:00
12/13/2024 05:04:00 PM,7.0,2,3,4,5,1,3,3,1,0,3,FOLLOWING TOO CLOSELY,2,2,1.0,0.0,0.0,0.0,1.0,1.0,17,6,12,12/13/2024,2024-12-13,17:04:00
12/17/2024 03:40:00 PM,5.0,2,1,3,5,1,3,1,0,1,2,IMPROPER TURNING/NO SIGNAL,2,1,0.0,0.0,0.0,0.0,0.0,2.0,15,3,12,12/17/2024,2024-12-17,15:40:00
12/17/2024 09:00:00 PM,5.0,2,4,5,2,1,3,3,1,1,2,FAILING TO YIELD RIGHT-OF-WAY,2,3,1.0,0.0,0.0,1.0,0.0,1.0,21,3,12,12/17/2024,2024-12-17,21:00:00
12/12/2024 05:10:00 PM,5.0,3,3,6,6,1,3,1,1,1,3,IMPROPER LANE USAGE,2,3,1.0,0.0,0.0,1.0,0.0,1.0,17,5,12,12/12/2024,2024-12-12,17:10:00
12/12/2024 05:10:00 PM,7.0,2,5,5,5,1,1,1,1,1,3,FAILING TO YIELD RIGHT-OF-WAY,2,3,1.0,0.0,0.0,1.0,0.0,1.0,17,5,12,12/12/2024,2024-12-12,17:10:00
12/12/2024 05:16:00 PM,1.0,2,1,4,5,1,1,1,0,1,3,UNABLE TO DETERMINE,2,1,0.0,0.0,0.0,0.0,0.0,3.0,17,5,12,12/12/2024,2024-12-12,17:16:00
12/11/2024 05:58:00 PM,5.0,2,4,5,5,1,3,1,0,1,3,DISREGARDING TRAFFIC SIGNALS,2,1,0.0,0.0,0.0,0.0,0.0,2.0,17,4,12,12/11/2024,2024-12-11,17:58:00
12/07/2024 01:30:00 PM,5.0,2,1,13,6,1,3,3,1,1,1,FAILING TO YIELD RIGHT-OF-WAY,2,3,1.0,0.0,0.0,1.0,0.0,1.0,13,7,12,12/07/2024,2024-12-07,13:30:00
12/17/2024 05:15:00 PM,3.0,2,4,6,4,1,3,1,0,1,3,UNABLE TO DETERMINE,2,1,0.0,0.0,0.0,0.0,0.0,2.0,17,3,12,12/17/2024,2024-12-17,17:15:00
12/18/2024 03:00:00 AM,5.0,2,4,5,5,1,1,1,0,1,3,FAILING TO YIELD RIGHT-OF-WAY,2,1,0.0,0.0,0.0,0.0,0.0,2.0,3,4,12,12/18/2024,2024-12-18,03:00:00
12/18/2024 06:58:00 AM,5.0,2,1,4,5,1,3,3,0,1,3,FAILING TO REDUCE SPEED TO AVOID CRASH,2,1,0.0,0.0,0.0,0.0,0.0,2.0,6,4,12,12/18/2024,2024-12-18,06:58:00
12/09/2024 11:00:00 AM,5.0,2,1,4,4,1,3,3,0,1,3,FOLLOWING TOO CLOSELY,2,1,0.0,0.0,0.0,0.0,0.0,2.0,11,2,12,12/09/2024,2024-12-09,11:00:00
12/07/2024 05:00:00 PM,7.0,2,4,5,6,1,3,3,0,1,3,FAILING TO YIELD RIGHT-OF-WAY,2,1,0.0,0.0,0.0,0.0,0.0,2.0,17,7,12,12/07/2024,2024-12-07,17:00:00
12/12/2024 08:15:00 AM,2.0,2,1,6,4,1,3,1,0,0,3,IMPROPER TURNING/NO SIGNAL,2,1,0.0,0.0,0.0,0.0,0.0,2.0,8,5,12,12/12/2024,2024-12-12,08:15:00
12/18/2024 04:43:00 PM,2.0,2,4,6,6,1,3,3,1,1,3,IMPROPER OVERTAKING/PASSING,2,2,1.0,0.0,0.0,0.0,1.0,3.0,16,4,12,12/18/2024,2024-12-18,16:43:00
12/07/2024 03:30:00 PM,7.0,2,1,5,5,1,3,1,1,1,3,UNABLE TO DETERMINE,2,2,2.0,0.0,0.0,0.0,2.0,1.0,15,7,12,12/07/2024,2024-12-07,15:30:00
12/10/2024 08:30:00 AM,1.0,2,1,14,5,1,3,3,1,1,1,UNABLE TO DETERMINE,2,3,1.0,0.0,0.0,1.0,0.0,1.0,8,3,12,12/10/2024,2024-12-10,08:30:00
12/07/2024 05:25:00 PM,5.0,2,4,4,1,1,3,3,0,1,3,FOLLOWING TOO CLOSELY,2,1,0.0,0.0,0.0,0.0,0.0,2.0,17,7,12,12/07/2024,2024-12-07,17:25:00
12/17/2024 05:20:00 AM,7.0,2,2,5,5,1,3,3,1,1,3,UNABLE TO DETERMINE,2,2,1.0,0.0,0.0,0.0,1.0,1.0,5,3,12,12/17/2024,2024-12-17,05:20:00
12/19/2024 10:20:00 AM,5.0,2,1,6,4,1,3,3,1,1,3,FAILING TO REDUCE SPEED TO AVOID CRASH,2,2,1.0,0.0,0.0,0.0,1.0,1.0,10,5,12,12/19/2024,2024-12-19,10:20:00
12/18/2024 03:51:00 PM,5.0,3,3,5,5,2,3,1,0,1,1,DISREGARDING TRAFFIC SIGNALS,2,1,0.0,0.0,0.0,0.0,0.0,2.0,15,4,12,12/18/2024,2024-12-18,15:51:00
12/12/2024 12:15:00 PM,5.0,3,1,13,5,1,3,1,1,1,3,FAILING TO YIELD RIGHT-OF-WAY,2,3,1.0,0.0,0.0,1.0,0.0,1.0,12,5,12,12/12/2024,2024-12-12,12:15:00
12/14/2024 12:18:00 AM,5.0,2,5,3,5,1,3,3,1,1,1,UNABLE TO DETERMINE,2,1,0.0,0.0,0.0,0.0,0.0,4.0,0,7,12,12/14/2024,2024-12-14,00:18:00
12/14/2024 10:12:00 PM,5.0,4,4,4,5,1,4,3,1,1,3,UNDER THE INFLUENCE OF ALCOHOL/DRUGS (USE WHEN ARREST IS EFFECTED),2,1,0.0,0.0,0.0,0.0,0.0,3.0,22,7,12,12/14/2024,2024-12-14,22:12:00
12/19/2024 04:08:00 PM,3.0,2,4,6,6,1,3,3,1,1,3,IMPROPER TURNING/NO SIGNAL,2,2,1.0,0.0,0.0,0.0,1.0,1.0,16,5,12,12/19/2024,2024-12-19,16:08:00
12/15/2024 01:35:00 AM,5.0,2,1,6,10,1,1,3,0,1,3,IMPROPER OVERTAKING/PASSING,2,1,0.0,0.0,0.0,0.0,0.0,2.0,1,1,12,12/15/2024,2024-12-15,01:35:00
12/07/2024 12:30:00 PM,5.0,2,1,4,4,1,3,3,0,1,2,FAILING TO REDUCE SPEED TO AVOID CRASH,2,1,0.0,0.0,0.0,0.0,0.0,2.0,12,7,12,12/07/2024,2024-12-07,12:30:00
12/07/2024 05:10:00 PM,5.0,2,5,6,6,1,3,1,0,1,3,UNABLE TO DETERMINE,2,1,0.0,0.0,0.0,0.0,0.0,3.0,17,7,12,12/07/2024,2024-12-07,17:10:00
12/10/2024 08:35:00 AM,5.0,3,1,5,5,1,3,3,1,1,3,FAILING TO YIELD RIGHT-OF-WAY,2,2,2.0,0.0,0.0,0.0,2.0,0.0,8,3,12,12/10/2024,2024-12-10,08:35:00
12/11/2024 07:02:00 AM,7.0,2,2,4,5,1,3,3,1,1,3,CELL PHONE USE OTHER THAN TEXTING,2,3,2.0,0.0,0.0,2.0,0.0,1.0,7,4,12,12/11/2024,2024-12-11,07:02:00
12/11/2024 10:50:00 AM,5.0,2,1,5,6,1,3,3,1,1,3,FAILING TO YIELD RIGHT-OF-WAY,2,1,0.0,0.0,0.0,0.0,0.0,3.0,10,4,12,12/11/2024,2024-12-11,10:50:00
12/17/2024 11:35:00 AM,3.0,2,1,4,4,1,3,1,0,1,3,FOLLOWING TOO CLOSELY,2,1,0.0,0.0,0.0,0.0,0.0,2.0,11,3,12,12/17/2024,2024-12-17,11:35:00
12/17/2024 09:00:00 AM,7.0,2,1,6,5,1,3,3,1,1,3,FAILING TO YIELD RIGHT-OF-WAY,2,1,0.0,0.0,0.0,0.0,0.0,2.0,9,3,12,12/17/2024,2024-12-17,09:00:00
12/12/2024 03:50:00 PM,7.0,2,1,6,6,1,3,3,0,1,3,FAILING TO YIELD RIGHT-OF-WAY,2,1,0.0,0.0,0.0,0.0,0.0,2.0,15,5,12,12/12/2024,2024-12-12,15:50:00
12/13/2024 04:41:00 AM,5.0,2,4,5,4,1,3,1,1,1,3,DISREGARDING TRAFFIC SIGNALS,2,1,0.0,0.0,0.0,0.0,0.0,3.0,4,6,12,12/13/2024,2024-12-13,04:41:00
12/10/2024 04:30:00 PM,5.0,2,1,8,6,1,3,3,0,1,3,IMPROPER BACKING,2,1,0.0,0.0,0.0,0.0,0.0,2.0,16,3,12,12/10/2024,2024-12-10,16:30:00
12/15/2024 07:30:00 AM,7.0,4,1,5,5,1,4,1,1,1,3,UNABLE TO DETERMINE,2,1,0.0,0.0,0.0,0.0,0.0,2.0,7,1,12,12/15/2024,2024-12-15,07:30:00
12/13/2024 04:00:00 PM,7.0,2,1,5,5,1,3,3,1,1,3,FAILING TO YIELD RIGHT-OF-WAY,2,3,1.0,0.0,0.0,1.0,0.0,2.0,16,6,12,12/13/2024,2024-12-13,16:00:00
12/19/2024 07:30:00 AM,5.0,2,1,8,5,1,3,3,0,1,1,IMPROPER BACKING,2,1,0.0,0.0,0.0,0.0,0.0,4.0,7,5,12,12/19/2024,2024-12-19,07:30:00
12/17/2024 08:15:00 AM,5.0,2,1,3,4,1,1,1,0,1,3,DRIVING SKILLS/KNOWLEDGE/EXPERIENCE,2,1,0.0,0.0,0.0,0.0,0.0,2.0,8,3,12,12/17/2024,2024-12-17,08:15:00
12/16/2024 11:22:00 AM,7.0,2,1,11,10,1,4,3,0,1,2,UNABLE TO DETERMINE,2,1,0.0,0.0,0.0,0.0,0.0,2.0,11,2,12,12/16/2024,2024-12-16,11:22:00
12/11/2024 02:33:00 PM,5.0,2,1,6,6,1,3,3,0,1,3,FAILING TO YIELD RIGHT-OF-WAY,2,1,0.0,0.0,0.0,0.0,0.0,2.0,14,4,12,12/11/2024,2024-12-11,14:33:00
12/15/2024 01:00:00 PM,5.0,2,1,3,5,1,1,1,0,1,2,UNABLE TO DETERMINE,2,1,0.0,0.0,0.0,0.0,0.0,2.0,13,1,12,12/15/2024,2024-12-15,13:00:00
12/17/2024 07:00:00 AM,7.0,2,1,14,5,1,1,1,0,1,2,UNABLE TO DETERMINE,2,1,0.0,0.0,0.0,0.0,0.0,2.0,7,3,12,12/17/2024,2024-12-17,07:00:00
12/13/2024 12:37:00 AM,7.0,2,4,5,3,1,6,3,1,1,3,UNABLE TO DETERMINE,2,2,1.0,0.0,0.0,0.0,1.0,1.0,0,6,12,12/13/2024,2024-12-13,00:37:00
12/16/2024 05:00:00 PM,5.0,2,1,14,3,1,3,3,0,1,1,FAILING TO YIELD RIGHT-OF-WAY,2,1,0.0,0.0,0.0,0.0,0.0,3.0,17,2,12,12/16/2024,2024-12-16,17:00:00
12/08/2024 12:55:00 PM,5.0,2,1,6,5,1,3,3,1,1,3,DISREGARDING TRAFFIC SIGNALS,2,1,0.0,0.0,0.0,0.0,0.0,2.0,12,1,12,12/08/2024,2024-12-08,12:55:00
12/19/2024 08:13:00 AM,7.0,2,1,5,6,1,3,3,1,1,3,FAILING TO YIELD RIGHT-OF-WAY,2,1,0.0,0.0,0.0,0.0,0.0,2.0,8,5,12,12/19/2024,2024-12-19,08:13:00
12/07/2024 10:15:00 AM,5.0,2,1,6,3,1,3,3,0,1,3,FAILING TO YIELD RIGHT-OF-WAY,2,1,0.0,0.0,0.0,0.0,0.0,2.0,10,7,12,12/07/2024,2024-12-07,10:15:00
12/14/2024 01:30:00 PM,5.0,2,1,6,4,1,3,1,0,1,3,UNABLE TO DETERMINE,2,1,0.0,0.0,0.0,0.0,0.0,3.0,13,7,12,12/14/2024,2024-12-14,13:30:00
12/08/2024 02:20:00 PM,3.0,2,1,14,10,1,3,3,1,1,3,UNABLE TO DETERMINE,2,3,1.0,0.0,0.0,1.0,0.0,1.0,14,1,12,12/08/2024,2024-12-08,14:20:00
12/09/2024 08:48:00 AM,3.0,2,1,5,6,1,3,3,1,1,3,DRIVING SKILLS/KNOWLEDGE/EXPERIENCE,2,1,0.0,0.0,0.0,0.0,0.0,2.0,8,2,12,12/09/2024,2024-12-09,08:48:00
12/15/2024 01:41:00 AM,5.0,4,5,6,5,1,4,3,0,1,3,FAILING TO YIELD RIGHT-OF-WAY,2,1,0.0,0.0,0.0,0.0,0.0,2.0,1,1,12,12/15/2024,2024-12-15,01:41:00
12/08/2024 09:33:00 PM,5.0,2,5,16,5,1,3,3,0,1,1,FAILING TO YIELD RIGHT-OF-WAY,2,1,0.0,0.0,0.0,0.0,0.0,2.0,21,1,12,12/08/2024,2024-12-08,21:33:00
12/19/2024 08:45:00 AM,5.0,2,1,4,6,1,3,3,0,1,3,UNABLE TO DETERMINE,2,1,0.0,0.0,0.0,0.0,0.0,4.0,8,5,12,12/19/2024,2024-12-19,08:45:00
12/14/2024 09:09:00 PM,5.0,4,4,6,5,1,4,1,1,1,3,DISREGARDING TRAFFIC SIGNALS,2,1,0.0,0.0,0.0,0.0,0.0,2.0,21,7,12,12/14/2024,2024-12-14,21:09:00
12/12/2024 05:00:00 AM,5.0,2,4,3,4,1,3,3,0,1,3,IMPROPER LANE USAGE,2,1,0.0,0.0,0.0,0.0,0.0,2.0,5,5,12,12/12/2024,2024-12-12,05:00:00
12/09/2024 08:15:00 AM,5.0,2,1,3,5,1,3,3,0,1,3,DRIVING SKILLS/KNOWLEDGE/EXPERIENCE,2,1,0.0,0.0,0.0,0.0,0.0,2.0,8,2,12,12/09/2024,2024-12-09,08:15:00
12/17/2024 04:00:00 PM,3.0,2,4,3,6,1,3,3,0,1,1,FAILING TO YIELD RIGHT-OF-WAY,2,1,0.0,0.0,0.0,0.0,0.0,2.0,16,3,12,12/17/2024,2024-12-17,16:00:00
12/09/2024 11:30:00 PM,5.0,2,5,6,5,1,3,3,0,1,2,IMPROPER OVERTAKING/PASSING,2,1,0.0,0.0,0.0,0.0,0.0,3.0,23,2,12,12/09/2024,2024-12-09,23:30:00
12/18/2024 03:00:00 PM,5.0,2,1,6,5,1,3,3,0,1,1,DRIVING SKILLS/KNOWLEDGE/EXPERIENCE,2,1,0.0,0.0,0.0,0.0,0.0,2.0,15,4,12,12/18/2024,2024-12-18,15:00:00
12/17/2024 06:29:00 PM,7.0,2,4,13,4,1,3,3,1,1,1,UNABLE TO DETERMINE,2,3,1.0,0.0,0.0,1.0,0.0,3.0,18,3,12,12/17/2024,2024-12-17,18:29:00
12/14/2024 06:54:00 PM,5.0,4,4,3,5,1,4,3,1,1,2,UNABLE TO DETERMINE,2,2,1.0,0.0,0.0,0.0,1.0,2.0,18,7,12,12/14/2024,2024-12-14,18:54:00
12/08/2024 04:50:00 AM,5.0,2,4,4,4,1,4,3,0,1,1,FOLLOWING TOO CLOSELY,2,1,0.0,0.0,0.0,0.0,0.0,2.0,4,1,12,12/08/2024,2024-12-08,04:50:00
12/09/2024 12:57:00 AM,7.0,4,4,11,6,1,4,3,0,1,3,WEATHER,2,1,0.0,0.0,0.0,0.0,0.0,1.0,0,2,12,12/09/2024,2024-12-09,00:57:00
12/09/2024 07:05:00 PM,7.0,2,5,3,6,1,3,3,1,0,3,IMPROPER OVERTAKING/PASSING,2,1,0.0,0.0,0.0,0.0,0.0,3.0,19,2,12,12/09/2024,2024-12-09,19:05:00
12/11/2024 09:03:00 AM,7.0,2,1,11,5,1,3,1,0,1,3,FAILING TO YIELD RIGHT-OF-WAY,2,1,0.0,0.0,0.0,0.0,0.0,1.0,9,4,12,12/11/2024,2024-12-11,09:03:00
12/07/2024 01:16:00 PM,5.0,2,1,6,6,1,3,3,0,1,2,DRIVING SKILLS/KNOWLEDGE/EXPERIENCE,2,1,0.0,0.0,0.0,0.0,0.0,2.0,13,7,12,12/07/2024,2024-12-07,13:16:00
12/11/2024 04:00:00 PM,1.0,2,1,4,5,1,1,1,0,1,3,FAILING TO YIELD RIGHT-OF-WAY,2,1,0.0,0.0,0.0,0.0,0.0,2.0,16,4,12,12/11/2024,2024-12-11,16:00:00
12/12/2024 07:45:00 AM,5.0,2,1,4,6,1,3,1,1,0,3,UNABLE TO DETERMINE,2,1,0.0,0.0,0.0,0.0,0.0,2.0,7,5,12,12/12/2024,2024-12-12,07:45:00
12/11/2024 05:59:00 AM,5.0,2,1,6,6,1,1,1,0,1,2,UNABLE TO DETERMINE,2,1,0.0,0.0,0.0,0.0,0.0,2.0,5,4,12,12/11/2024,2024-12-11,05:59:00
12/16/2024 10:45:00 AM,5.0,4,1,5,5,1,4,3,1,1,3,FAILING TO YIELD RIGHT-OF-WAY,2,1,0.0,0.0,0.0,0.0,0.0,2.0,10,2,12,12/16/2024,2024-12-16,10:45:00
12/09/2024 08:33:00 AM,5.0,2,1,13,5,1,3,3,1,1,3,"VISION OBSCURED (SIGNS, TREE LIMBS, BUILDINGS, ETC.)",2,3,1.0,0.0,0.0,1.0,0.0,1.0,8,2,12,12/09/2024,2024-12-09,08:33:00
12/09/2024 12:49:00 AM,5.0,2,4,5,5,1,3,1,1,1,3,DISREGARDING TRAFFIC SIGNALS,2,3,2.0,0.0,0.0,2.0,0.0,0.0,0,2,12,12/09/2024,2024-12-09,00:49:00
12/11/2024 09:15:00 AM,5.0,2,1,6,6,4,3,3,0,1,3,UNABLE TO DETERMINE,2,1,0.0,0.0,0.0,0.0,0.0,2.0,9,4,12,12/11/2024,2024-12-11,09:15:00
12/15/2024 11:00:00 AM,5.0,2,1,5,5,1,3,1,1,1,3,UNABLE TO DETERMINE,2,3,2.0,0.0,0.0,2.0,0.0,0.0,11,1,12,12/15/2024,2024-12-15,11:00:00
12/14/2024 11:15:00 PM,5.0,4,4,13,5,1,4,1,1,1,1,UNABLE TO DETERMINE,2,2,1.0,0.0,0.0,0.0,1.0,1.0,23,7,12,12/14/2024,2024-12-14,23:15:00
12/12/2024 12:05:00 PM,3.0,2,1,6,5,1,1,1,0,0,2,UNABLE TO DETERMINE,2,1,0.0,0.0,0.0,0.0,0.0,2.0,12,5,12,12/12/2024,2024-12-12,12:05:00
12/14/2024 11:30:00 PM,5.0,4,4,6,5,1,4,3,0,1,2,IMPROPER TURNING/NO SIGNAL,2,1,0.0,0.0,0.0,0.0,0.0,2.0,23,7,12,12/14/2024,2024-12-14,23:30:00
12/18/2024 05:05:00 PM,3.0,2,4,6,7,1,3,3,0,1,3,IMPROPER TURNING/NO SIGNAL,2,1,0.0,0.0,0.0,0.0,0.0,2.0,17,4,12,12/18/2024,2024-12-18,17:05:00
12/11/2024 06:40:00 AM,5.0,2,1,6,5,1,3,1,1,1,3,IMPROPER TURNING/NO SIGNAL,2,1,0.0,0.0,0.0,0.0,0.0,3.0,6,4,12,12/11/2024,2024-12-11,06:40:00
12/09/2024 06:45:00 AM,7.0,2,1,5,13,1,4,3,1,1,3,NOT APPLICABLE,2,1,0.0,0.0,0.0,0.0,0.0,2.0,6,2,12,12/09/2024,2024-12-09,06:45:00
12/15/2024 01:29:00 AM,5.0,4,4,5,4,1,4,3,1,1,3,DISREGARDING TRAFFIC SIGNALS,2,1,0.0,0.0,0.0,0.0,0.0,2.0,1,1,12,12/15/2024,2024-12-15,01:29:00
12/13/2024 11:30:00 AM,5.0,2,1,5,5,1,3,3,0,1,3,FAILING TO YIELD RIGHT-OF-WAY,2,1,0.0,0.0,0.0,0.0,0.0,4.0,11,6,12,12/13/2024,2024-12-13,11:30:00
12/09/2024 06:00:00 AM,3.0,2,5,6,7,1,3,3,0,1,3,NOT APPLICABLE,2,1,0.0,0.0,0.0,0.0,0.0,2.0,6,2,12,12/09/2024,2024-12-09,06:00:00
12/14/2024 09:34:00 PM,5.0,4,4,3,4,1,4,3,0,1,3,UNABLE TO DETERMINE,2,1,0.0,0.0,0.0,0.0,0.0,3.0,21,7,12,12/14/2024,2024-12-14,21:34:00
12/12/2024 10:00:00 AM,7.0,2,5,10,5,1,1,1,0,1,3,DRIVING SKILLS/KNOWLEDGE/EXPERIENCE,2,1,0.0,0.0,0.0,0.0,0.0,2.0,10,5,12,12/12/2024,2024-12-12,10:00:00
12/12/2024 05:06:00 PM,5.0,2,4,3,6,1,3,3,0,1,3,DRIVING SKILLS/KNOWLEDGE/EXPERIENCE,2,1,0.0,0.0,0.0,0.0,0.0,2.0,17,5,12,12/12/2024,2024-12-12,17:06:00
12/16/2024 02:56:00 PM,5.0,2,1,4,5,1,3,1,0,1,3,FOLLOWING TOO CLOSELY,2,1,0.0,0.0,0.0,0.0,0.0,2.0,14,2,12,12/16/2024,2024-12-16,14:56:00
12/07/2024 11:00:00 AM,3.0,2,1,6,3,1,3,3,0,1,1,FOLLOWING TOO CLOSELY,2,1,0.0,0.0,0.0,0.0,0.0,3.0,11,7,12,12/07/2024,2024-12-07,11:00:00
12/10/2024 04:55:00 PM,7.0,2,4,3,6,1,3,3,0,1,3,DRIVING SKILLS/KNOWLEDGE/EXPERIENCE,2,1,0.0,0.0,0.0,0.0,0.0,2.0,16,3,12,12/10/2024,2024-12-10,16:55:00
12/14/2024 01:30:00 PM,1.0,2,1,6,9,1,3,1,0,1,3,FAILING TO YIELD RIGHT-OF-WAY,2,1,0.0,0.0,0.0,0.0,0.0,2.0,13,7,12,12/14/2024,2024-12-14,13:30:00
12/09/2024 07:43:00 AM,3.0,2,1,4,6,1,3,3,0,0,3,FAILING TO REDUCE SPEED TO AVOID CRASH,2,1,0.0,0.0,0.0,0.0,0.0,2.0,7,2,12,12/09/2024,2024-12-09,07:43:00
12/16/2024 02:56:00 PM,5.0,3,1,6,5,1,4,3,0,1,2,UNABLE TO DETERMINE,2,1,0.0,0.0,0.0,0.0,0.0,2.0,14,2,12,12/16/2024,2024-12-16,14:56:00
12/17/2024 02:23:00 PM,5.0,2,1,6,14,1,3,3,1,1,3,TURNING RIGHT ON RED,2,2,1.0,0.0,0.0,0.0,1.0,1.0,14,3,12,12/17/2024,2024-12-17,14:23:00
12/16/2024 08:35:00 PM,5.0,2,4,4,5,1,3,3,0,1,3,FOLLOWING TOO CLOSELY,2,1,0.0,0.0,0.0,0.0,0.0,2.0,20,2,12,12/16/2024,2024-12-16,20:35:00
12/18/2024 05:50:00 PM,5.0,2,4,3,6,1,3,3,0,1,3,IMPROPER LANE USAGE,2,1,0.0,0.0,0.0,0.0,0.0,2.0,17,4,12,12/18/2024,2024-12-18,17:50:00
12/14/2024 07:03:00 PM,5.0,4,4,5,5,1,4,3,1,1,3,DRIVING SKILLS/KNOWLEDGE/EXPERIENCE,2,1,0.0,0.0,0.0,0.0,0.0,2.0,19,7,12,12/14/2024,2024-12-14,19:03:00