crash_date,traffic_control_device,weather_condition,lighting_condition,first_crash_type,trafficway_type,alignment,roadway_surface_cond,road_defect,crash_type,intersection_related_i,damage,prim_contributory_cause,num_units,most_severe_injury,injuries_total,injuries_fatal,injuries_incapacitating,injuries_non_incapacitating,injuries_reported_not_evident,injuries_no_indication,crash_hour,crash_day_of_week,crash_month,parsed_datetime,date,time
12/10/2024 05:00:00 PM,3.0,2,1,3,4,1,1,1,0,1,2,IMPROPER LANE USAGE,2,1,0.0,0.0,0.0,0.0,0.0,2.0,17,3,12,12/10/2024,2024-12-10,17:00:00
12/13/2024 06:02:00 PM,7.0,2,4,6,7,1,1,1,0,1,3,FAILING TO YIELD RIGHT-OF-WAY,2,1,0.0,0.0,0.0,0.0,0.0,2.0,18,6,12,12/13/2024,2024-12-13,18:02:00
12/20/2024 08:57:00 AM,7.0,5,1,4,3,3,4,3,1,1,3,UNABLE TO DETERMINE,2,3,2.0,0.0,0.0,2.0,0.0,0.0,8,6,12,12/20/2024,2024-12-20,08:57:00
12/15/2024 11:15:00 AM,7.0,2,1,6,7,1,4,3,0,1,2,FAILING TO YIELD RIGHT-OF-WAY,2,1,0.0,0.0,0.0,0.0,0.0,3.0,11,1,12,12/15/2024,2024-12-15,11:15:00
12/10/2024 06:48:00 AM,5.0,2,1,3,6,1,3,3,0,1,3,IMPROPER OVERTAKING/PASSING,2,1,0.0,0.0,0.0,0.0,0.0,5.0,6,3,12,12/10/2024,2024-12-10,06:48:00
12/18/2024 05:20:00 PM,5.0,2,4,3,3,3,3,3,0,1,3,FOLLOWING TOO CLOSELY,2,1,0.0,0.0,0.0,0.0,0.0,3.0,17,4,12,12/18/2024,2024-12-18,17:20:00
12/11/2024 02:40:00 PM,5.0,2,1,3,6,1,3,3,1,1,2,IMPROPER LANE USAGE,2,2,1.0,0.0,0.0,0.0,1.0,1.0,14,4,12,12/11/2024,2024-12-11,14:40:00
12/10/2024 02:00:00 PM,5.0,2,1,3,6,1,3,3,0,1,3,UNABLE TO DETERMINE,2,1,0.0,0.0,0.0,0.0,0.0,2.0,14,3,12,12/10/2024,2024-12-10,14:00:00
12/10/2024 07:37:00 AM,5.0,2,1,6,5,1,3,3,1,1,1,UNABLE TO DETERMINE,2,1,0.0,0.0,0.0,0.0,0.0,2.0,7,3,12,12/10/2024,2024-12-10,07:37:00
12/07/2024 12:03:00 PM,5.0,2,1,14,5,1,3,3,1,1,2,UNABLE TO DETERMINE,2,4,1.0,0.0,1.0,0.0,0.0,1.0,12,7,12,12/07/2024,2024-12-07,12:03:00
12/18/2024 09:12:00 AM,5.0,2,1,4,3,1,3,1,1,1,1,FAILING TO REDUCE SPEED TO AVOID CRASH,2,2,1.0,0.0,0.0,0.0,1.0,1.0,9,4,12,12/18/2024,2024-12-18,09:12:00
12/09/2024 09:30:00 AM,3.0,2,1,6,6,1,3,3,0,1,3,UNABLE TO DETERMINE,2,1,0.0,0.0,0.0,0.0,0.0,2.0,9,2,12,12/09/2024,2024-12-09,09:30:00
12/12/2024 04:10:00 PM,5.0,2,4,6,5,1,3,3,0,1,3,IMPROPER OVERTAKING/PASSING,2,1,0.0,0.0,0.0,0.0,0.0,2.0,16,5,12,12/12/2024,2024-12-12,16:10:00
12/13/2024 11:40:00 AM,7.0,2,1,6,5,1,3,3,0,1,3,UNABLE TO DETERMINE,2,1,0.0,0.0,0.0,0.0,0.0,3.0,11,6,12,12/13/2024,2024-12-13,11:40:00
12/10/2024 05:26:00 PM,5.0,2,4,6,14,1,3,3,0,1,3,FAILING TO YIELD RIGHT-OF-WAY,2,1,0.0,0.0,0.0,0.0,0.0,3.0,17,3,12,12/10/2024,2024-12-10,17:26:00
12/18/2024 04:57:00 PM,3.0,2,4,4,6,1,3,3,0,0,3,FAILING TO REDUCE SPEED TO AVOID CRASH,2,1,0.0,0.0,0.0,0.0,0.0,2.0,16,4,12,12/18/2024,2024-12-18,16:57:00
12/08/2024 07:39:00 PM,5.0,2,5,5,5,1,3,3,1,1,3,UNABLE TO DETERMINE,2,1,0.0,0.0,0.0,0.0,0.0,2.0,19,1,12,12/08/2024,2024-12-08,19:39:00
12/12/2024 04:00:00 PM,7.0,2,1,11,10,1,3,3,0,1,3,UNABLE TO DETERMINE,2,1,0.0,0.0,0.0,0.0,0.0,1.0,16,5,12,12/12/2024,2024-12-12,16:00:00
12/07/2024 10:39:00 AM,7.0,2,1,6,5,1,3,3,1,1,3,FAILING TO YIELD RIGHT-OF-WAY,2,1,0.0,0.0,0.0,0.0,0.0,5.0,10,7,12,12/07/2024,2024-12-07,10:39:00
12/09/2024 10:10:00 AM,5.0,2,1,6,6,1,3,3,0,1,3,IMPROPER TURNING/NO SIGNAL,2,1,0.0,0.0,0.0,0.0,0.0,2.0,10,2,12,12/09/2024,2024-12-09,10:10:00
12/16/2024 09:00:00 AM,7.0,2,1,5,5,1,1,3,1,1,3,UNABLE TO DETERMINE,2,2,1.0,0.0,0.0,0.0,1.0,1.0,9,2,12,12/16/2024,2024-12-16,09:00:00
12/16/2024 08:40:00 AM,5.0,4,1,6,14,1,4,3,1,1,3,UNABLE TO DETERMINE,2,2,1.0,0.0,0.0,0.0,1.0,3.0,8,2,12,12/16/2024,2024-12-16,08:40:00
12/12/2024 07:30:00 AM,3.0,2,1,4,5,1,3,3,0,1,1,UNABLE TO DETERMINE,2,1,0.0,0.0,0.0,0.0,0.0,2.0,7,5,12,12/12/2024,2024-12-12,07:30:00
12/09/2024 03:00:00 PM,5.0,2,1,6,5,1,3,3,0,0,2,FOLLOWING TOO CLOSELY,2,1,0.0,0.0,0.0,0.0,0.0,2.0,15,2,12,12/09/2024,2024-12-09,15:00:00
12/14/2024 03:00:00 AM,5.0,2,4,5,4,1,3,3,1,1,2,FAILING TO YIELD RIGHT-OF-WAY,2,2,1.0,0.0,0.0,0.0,1.0,1.0,3,7,12,12/14/2024,2024-12-14,03:00:00
12/07/2024 12:36:00 PM,7.0,2,1,5,5,1,3,3,0,1,3,FAILING TO YIELD RIGHT-OF-WAY,2,1,0.0,0.0,0.0,0.0,0.0,2.0,12,7,12,12/07/2024,2024-12-07,12:36:00
12/13/2024 11:00:00 AM,3.0,2,1,5,7,1,3,3,0,1,3,UNABLE TO DETERMINE,2,1,0.0,0.0,0.0,0.0,0.0,2.0,11,6,12,12/13/2024,2024-12-13,11:00:00
12/13/2024 03:36:00 PM,5.0,2,1,6,5,1,3,3,1,1,3,DRIVING ON WRONG SIDE/WRONG WAY,2,3,1.0,0.0,0.0,1.0,0.0,2.0,15,6,12,12/13/2024,2024-12-13,15:36:00
12/09/2024 08:46:00 PM,5.0,2,4,6,5,1,3,3,1,1,3,FAILING TO YIELD RIGHT-OF-WAY,2,2,1.0,0.0,0.0,0.0,1.0,1.0,20,2,12,12/09/2024,2024-12-09,20:46:00
12/14/2024 09:25:00 PM,5.0,4,4,6,5,1,4,3,1,1,3,IMPROPER TURNING/NO SIGNAL,2,1,0.0,0.0,0.0,0.0,0.0,3.0,21,7,12,12/14/2024,2024-12-14,21:25:00
12/08/2024 11:57:00 AM,5.0,2,1,5,5,1,3,3,1,1,3,DISREGARDING TRAFFIC SIGNALS,2,2,1.0,0.0,0.0,0.0,1.0,2.0,11,1,12,12/08/2024,2024-12-08,11:57:00
12/08/2024 04:44:00 PM,7.0,2,1,13,7,1,3,3,1,1,1,FAILING TO YIELD RIGHT-OF-WAY,2,3,1.0,0.0,0.0,1.0,0.0,2.0,16,1,12,12/08/2024,2024-12-08,16:44:00
12/19/2024 10:24:00 AM,7.0,2,1,9,6,1,3,3,0,1,3,DISREGARDING TRAFFIC SIGNALS,2,1,0.0,0.0,0.0,0.0,0.0,2.0,10,5,12,12/19/2024,2024-12-19,10:24:00
12/10/2024 06:00:00 AM,7.0,2,2,11,6,1,3,3,0,1,3,DRIVING ON WRONG SIDE/WRONG WAY,2,1,0.0,0.0,0.0,0.0,0.0,1.0,6,3,12,12/10/2024,2024-12-10,06:00:00
12/11/2024 05:40:00 PM,5.0,1,4,4,3,1,1,3,0,1,2,IMPROPER OVERTAKING/PASSING,2,1,0.0,0.0,0.0,0.0,0.0,2.0,17,4,12,12/11/2024,2024-12-11,17:40:00
12/12/2024 07:30:00 AM,7.0,2,1,5,1,2,3,3,0,1,3,DRIVING SKILLS/KNOWLEDGE/EXPERIENCE,2,1,0.0,0.0,0.0,0.0,0.0,2.0,7,5,12,12/12/2024,2024-12-12,07:30:00
12/15/2024 12:10:00 AM,2.0,4,4,4,6,1,4,3,0,1,3,FAILING TO REDUCE SPEED TO AVOID CRASH,2,1,0.0,0.0,0.0,0.0,0.0,2.0,0,1,12,12/15/2024,2024-12-15,00:10:00
12/14/2024 01:49:00 AM,5.0,2,4,6,5,2,3,1,1,1,3,IMPROPER TURNING/NO SIGNAL,2,3,1.0,0.0,0.0,1.0,0.0,1.0,1,7,12,12/14/2024,2024-12-14,01:49:00
12/09/2024 06:40:00 AM,7.0,2,1,6,5,1,3,1,0,1,2,IMPROPER TURNING/NO SIGNAL,2,1,0.0,0.0,0.0,0.0,0.0,2.0,6,2,12,12/09/2024,2024-12-09,06:40:00
12/08/2024 06:14:00 PM,7.0,2,4,3,6,1,3,1,0,1,3,IMPROPER OVERTAKING/PASSING,2,1,0.0,0.0,0.0,0.0,0.0,5.0,18,1,12,12/08/2024,2024-12-08,18:14:00
12/10/2024 04:50:00 PM,7.0,2,4,5,11,4,3,3,0,1,3,DISREGARDING STOP SIGN,2,1,0.0,0.0,0.0,0.0,0.0,2.0,16,3,12,12/10/2024,2024-12-10,16:50:00
12/16/2024 06:51:00 AM,5.0,4,2,5,6,1,4,3,1,1,3,DISREGARDING OTHER TRAFFIC SIGNS,2,3,1.0,0.0,0.0,1.0,0.0,1.0,6,2,12,12/16/2024,2024-12-16,06:51:00
12/09/2024 05:30:00 AM,5.0,4,4,4,4,1,4,3,1,1,3,FOLLOWING TOO CLOSELY,2,1,0.0,0.0,0.0,0.0,0.0,2.0,5,2,12,12/09/2024,2024-12-09,05:30:00
12/08/2024 03:30:00 PM,3.0,2,1,4,4,1,1,1,0,0,3,FOLLOWING TOO CLOSELY,2,1,0.0,0.0,0.0,0.0,0.0,2.0,15,1,12,12/08/2024,2024-12-08,15:30:00
12/14/2024 05:55:00 PM,3.0,4,4,5,5,1,4,3,0,1,3,FAILING TO YIELD RIGHT-OF-WAY,2,1,0.0,0.0,0.0,0.0,0.0,2.0,17,7,12,12/14/2024,2024-12-14,17:55:00
12/18/2024 06:30:00 AM,5.0,2,1,6,6,1,3,1,0,1,3,DISREGARDING ROAD MARKINGS,2,1,0.0,0.0,0.0,0.0,0.0,2.0,6,4,12,12/18/2024,2024-12-18,06:30:00
12/07/2024 12:32:00 PM,5.0,2,1,6,5,1,3,3,0,1,3,UNABLE TO DETERMINE,2,1,0.0,0.0,0.0,0.0,0.0,2.0,12,7,12,12/07/2024,2024-12-07,12:32:00
12/13/2024 03:30:00 PM,5.0,2,1,4,5,1,3,3,0,1,2,DRIVING SKILLS/KNOWLEDGE/EXPERIENCE,2,1,0.0,0.0,0.0,0.0,0.0,2.0,15,6,12,12/13/2024,2024-12-13,15:30:00
12/19/2024 03:50:00 PM,5.0,2,1,3,4,1,3,1,0,1,3,IMPROPER OVERTAKING/PASSING,2,1,0.0,0.0,0.0,0.0,0.0,2.0,15,5,12,12/19/2024,2024-12-19,15:50:00
12/19/2024 07:05:00 PM,7.0,5,4,5,6,1,4,3,1,1,3,DISREGARDING STOP SIGN,2,1,0.0,0.0,0.0,0.0,0.0,2.0,19,5,12,12/19/2024,2024-12-19,19:05:00
12/12/2024 08:42:00 AM,3.0,2,1,3,5,1,3,3,0,1,3,UNABLE TO DETERMINE,2,1,0.0,0.0,0.0,0.0,0.0,3.0,8,5,12,12/12/2024,2024-12-12,08:42:00
12/17/2024 06:00:00 AM,5.0,2,1,13,1,1,1,1,1,1,1,FAILING TO YIELD RIGHT-OF-WAY,2,4,1.0,0.0,1.0,0.0,0.0,1.0,6,3,12,12/17/2024,2024-12-17,06:00:00
12/17/2024 12:48:00 PM,5.0,2,1,6,5,1,3,3,1,1,3,FAILING TO YIELD RIGHT-OF-WAY,2,1,0.0,0.0,0.0,0.0,0.0,3.0,12,3,12,12/17/2024,2024-12-17,12:48:00
12/08/2024 02:40:00 PM,3.0,2,1,5,10,1,3,3,1,1,3,UNABLE TO DETERMINE,2,1,0.0,0.0,0.0,0.0,0.0,2.0,14,1,12,12/08/2024,2024-12-08,14:40:00
12/10/2024 02:16:00 PM,7.0,2,1,5,5,1,3,3,0,1,3,FAILING TO YIELD RIGHT-OF-WAY,2,1,0.0,0.0,0.0,0.0,0.0,2.0,14,3,12,12/10/2024,2024-12-10,14:16:00
12/13/2024 07:45:00 AM,3.0,2,1,3,6,1,3,3,0,1,1,UNABLE TO DETERMINE,2,1,0.0,0.0,0.0,0.0,0.0,3.0,7,6,12,12/13/2024,2024-12-13,07:45:00
12/09/2024 04:50:00 PM,5.0,2,4,6,5,1,3,1,0,1,3,IMPROPER TURNING/NO SIGNAL,2,1,0.0,0.0,0.0,0.0,0.0,2.0,16,2,12,12/09/2024,2024-12-09,16:50:00
12/09/2024 05:00:00 PM,5.0,2,5,6,6,1,3,3,0,1,2,UNABLE TO DETERMINE,2,1,0.0,0.0,0.0,0.0,0.0,2.0,17,2,12,12/09/2024,2024-12-09,17:00:00
12/18/2024 06:40:00 PM,7.0,2,4,5,7,1,1,1,1,1,3,UNABLE TO DETERMINE,2,1,0.0,0.0,0.0,0.0,0.0,2.0,18,4,12,12/18/2024,2024-12-18,18:40:00
12/12/2024 11:04:00 PM,7.0,2,4,5,4,1,3,3,1,1,3,UNABLE TO DETERMINE,2,2,1.0,0.0,0.0,0.0,1.0,1.0,23,5,12,12/12/2024,2024-12-12,23:04:00
12/17/2024 03:20:00 PM,5.0,2,1,3,5,1,1,1,0,1,2,UNABLE TO DETERMINE,2,1,0.0,0.0,0.0,0.0,0.0,2.0,15,3,12,12/17/2024,2024-12-17,15:20:00
12/18/2024 05:45:00 PM,7.0,2,5,4,5,1,1,1,0,1,3,UNABLE TO DETERMINE,2,1,0.0,0.0,0.0,0.0,0.0,2.0,17,4,12,12/18/2024,2024-12-18,17:45:00
12/16/2024 09:47:00 AM,5.0,3,1,5,6,1,4,3,1,1,3,FAILING TO YIELD RIGHT-OF-WAY,2,1,0.0,0.0,0.0,0.0,0.0,3.0,9,2,12,12/16/2024,2024-12-16,09:47:00
12/09/2024 06:30:00 AM,5.0,2,1,6,6,1,4,3,1,1,3,UNABLE TO DETERMINE,2,1,0.0,0.0,0.0,0.0,0.0,3.0,6,2,12,12/09/2024,2024-12-09,06:30:00
12/15/2024 11:40:00 AM,5.0,3,1,4,5,1,1,1,0,1,3,FOLLOWING TOO CLOSELY,2,1,0.0,0.0,0.0,0.0,0.0,2.0,11,1,12,12/15/2024,2024-12-15,11:40:00
12/11/2024 02:56:00 PM,3.0,2,1,14,16,1,3,3,1,1,3,UNABLE TO DETERMINE,2,3,1.0,0.0,0.0,1.0,0.0,1.0,14,4,12,12/11/2024,2024-12-11,14:56:00
12/11/2024 01:09:00 PM,5.0,2,1,3,6,1,3,1,0,1,3,IMPROPER LANE USAGE,2,1,0.0,0.0,0.0,0.0,0.0,2.0,13,4,12,12/11/2024,2024-12-11,13:09:00
12/13/2024 03:49:00 PM,7.0,2,1,4,5,1,3,1,0,1,2,UNABLE TO DETERMINE,2,1,0.0,0.0,0.0,0.0,0.0,2.0,15,6,12,12/13/2024,2024-12-13,15:49:00
12/17/2024 07:55:00 AM,7.0,2,1,5,5,1,3,3,1,1,3,IMPROPER OVERTAKING/PASSING,2,1,0.0,0.0,0.0,0.0,0.0,2.0,7,3,12,12/17/2024,2024-12-17,07:55:00
12/12/2024 10:42:00 PM,7.0,2,4,5,5,2,3,3,1,1,3,DISREGARDING STOP SIGN,2,1,0.0,0.0,0.0,0.0,0.0,2.0,22,5,12,12/12/2024,2024-12-12,22:42:00
12/14/2024 09:57:00 PM,5.0,4,4,13,5,1,4,1,1,1,3,FAILING TO YIELD RIGHT-OF-WAY,2,3,1.0,0.0,0.0,1.0,0.0,1.0,21,7,12,12/14/2024,2024-12-14,21:57:00
12/19/2024 02:45:00 PM,7.0,2,1,4,1,1,3,3,0,1,3,DRIVING SKILLS/KNOWLEDGE/EXPERIENCE,2,1,0.0,0.0,0.0,0.0,0.0,2.0,14,5,12,12/19/2024,2024-12-19,14:45:00
12/12/2024 11:39:00 PM,5.0,2,4,5,5,1,3,3,1,1,3,UNABLE TO DETERMINE,2,3,2.0,0.0,0.0,2.0,0.0,0.0,23,5,12,12/12/2024,2024-12-12,23:39:00
12/27/2024 06:58:00 AM,5.0,2,1,6,7,1,1,1,0,1,1,UNABLE TO DETERMINE,2,1,0.0,0.0,0.0,0.0,0.0,2.0,6,6,12,12/27/2024,2024-12-27,06:58:00
12/29/2024 05:40:00 PM,1.0,2,1,6,6,1,1,1,0,1,3,UNABLE TO DETERMINE,2,1,0.0,0.0,0.0,0.0,0.0,4.0,17,1,12,12/29/2024,2024-12-29,17:40:00
12/29/2024 11:45:00 AM,7.0,4,1,4,4,1,4,3,0,1,1,FOLLOWING TOO CLOSELY,2,1,0.0,0.0,0.0,0.0,0.0,4.0,11,1,12,12/29/2024,2024-12-29,11:45:00
12/30/2024 12:00:00 PM,7.0,2,1,5,5,1,3,3,1,1,3,FAILING TO YIELD RIGHT-OF-WAY,2,1,0.0,0.0,0.0,0.0,0.0,2.0,12,2,12,12/30/2024,2024-12-30,12:00:00
12/30/2024 09:21:00 AM,5.0,2,1,4,10,1,3,3,0,1,2,FOLLOWING TOO CLOSELY,2,1,0.0,0.0,0.0,0.0,0.0,2.0,9,2,12,12/30/2024,2024-12-30,09:21:00
12/30/2024 10:30:00 PM,5.0,2,4,13,6,1,3,3,1,1,3,FAILING TO YIELD RIGHT-OF-WAY,2,3,1.0,0.0,0.0,1.0,0.0,1.0,22,2,12,12/30/2024,2024-12-30,22:30:00
12/31/2024 08:15:00 AM,5.0,4,1,6,10,1,4,3,0,1,3,UNABLE TO DETERMINE,2,1,0.0,0.0,0.0,0.0,0.0,4.0,8,3,12,12/31/2024,2024-12-31,08:15:00
12/28/2024 02:32:00 AM,5.0,4,4,4,5,1,4,3,1,1,3,FAILING TO REDUCE SPEED TO AVOID CRASH,2,1,0.0,0.0,0.0,0.0,0.0,3.0,2,7,12,12/28/2024,2024-12-28,02:32:00
12/30/2024 12:15:00 PM,5.0,2,1,6,6,1,3,1,0,1,3,FAILING TO YIELD RIGHT-OF-WAY,2,1,0.0,0.0,0.0,0.0,0.0,2.0,12,2,12,12/30/2024,2024-12-30,12:15:00
12/30/2024 02:10:00 PM,5.0,2,1,6,6,1,1,1,1,1,3,UNABLE TO DETERMINE,2,1,0.0,0.0,0.0,0.0,0.0,2.0,14,2,12,12/30/2024,2024-12-30,14:10:00
12/31/2024 07:00:00 AM,5.0,4,5,9,4,1,4,3,1,1,3,FAILING TO YIELD RIGHT-OF-WAY,2,3,2.0,0.0,0.0,2.0,0.0,0.0,7,3,12,12/31/2024,2024-12-31,07:00:00
12/24/2024 01:50:00 PM,5.0,2,1,5,5,1,3,3,0,1,3,UNABLE TO DETERMINE,2,1,0.0,0.0,0.0,0.0,0.0,2.0,13,3,12,12/24/2024,2024-12-24,13:50:00
12/26/2024 09:00:00 AM,7.0,3,1,5,5,1,4,3,1,1,3,FAILING TO YIELD RIGHT-OF-WAY,2,1,0.0,0.0,0.0,0.0,0.0,2.0,9,5,12,12/26/2024,2024-12-26,09:00:00
12/27/2024 11:35:00 PM,5.0,2,4,4,5,1,1,1,1,1,3,FOLLOWING TOO CLOSELY,2,2,2.0,0.0,0.0,0.0,2.0,1.0,23,6,12,12/27/2024,2024-12-27,23:35:00
12/23/2024 08:33:00 PM,5.0,2,5,13,5,1,4,1,1,1,1,FAILING TO YIELD RIGHT-OF-WAY,2,3,1.0,0.0,0.0,1.0,0.0,1.0,20,2,12,12/23/2024,2024-12-23,20:33:00
12/28/2024 04:48:00 PM,5.0,2,3,3,2,1,3,3,0,1,3,FAILING TO YIELD RIGHT-OF-WAY,2,1,0.0,0.0,0.0,0.0,0.0,3.0,16,7,12,12/28/2024,2024-12-28,16:48:00
12/25/2024 01:42:00 AM,7.0,2,4,5,5,1,3,3,1,1,3,DISREGARDING STOP SIGN,2,3,2.0,0.0,0.0,2.0,0.0,1.0,1,4,12,12/25/2024,2024-12-25,01:42:00
12/26/2024 07:15:00 AM,1.0,4,5,3,1,1,4,1,0,0,3,UNABLE TO DETERMINE,2,1,0.0,0.0,0.0,0.0,0.0,2.0,7,5,12,12/26/2024,2024-12-26,07:15:00
12/26/2024 09:30:00 PM,5.0,2,3,7,6,1,3,1,0,1,2,IMPROPER LANE USAGE,2,1,0.0,0.0,0.0,0.0,0.0,2.0,21,5,12,12/26/2024,2024-12-26,21:30:00
12/30/2024 06:18:00 PM,7.0,2,4,14,10,1,3,1,1,1,3,DRIVING SKILLS/KNOWLEDGE/EXPERIENCE,2,3,1.0,0.0,0.0,1.0,0.0,1.0,18,2,12,12/30/2024,2024-12-30,18:18:00
12/29/2024 06:00:00 PM,5.0,2,1,6,7,1,1,1,0,1,3,UNABLE TO DETERMINE,2,1,0.0,0.0,0.0,0.0,0.0,2.0,18,1,12,12/29/2024,2024-12-29,18:00:00
12/27/2024 07:15:00 PM,7.0,4,4,14,6,2,4,3,1,1,3,FAILING TO YIELD RIGHT-OF-WAY,2,3,1.0,0.0,0.0,1.0,0.0,1.0,19,6,12,12/27/2024,2024-12-27,19:15:00
12/31/2024 06:45:00 PM,5.0,4,4,6,3,1,4,3,0,1,3,FAILING TO YIELD RIGHT-OF-WAY,2,1,0.0,0.0,0.0,0.0,0.0,2.0,18,3,12,12/31/2024,2024-12-31,18:45:00
12/15/2024 05:45:00 AM,5.0,2,4,5,6,1,4,3,1,1,3,DISREGARDING TRAFFIC SIGNALS,2,3,2.0,0.0,0.0,2.0,0.0,0.0,5,1,12,12/15/2024,2024-12-15,05:45:00
12/31/2024 07:20:00 PM,5.0,2,4,4,5,1,1,3,0,1,1,UNABLE TO DETERMINE,2,1,0.0,0.0,0.0,0.0,0.0,3.0,19,3,12,12/31/2024,2024-12-31,19:20:00
12/23/2024 04:38:00 PM,5.0,2,4,6,5,1,3,3,0,1,3,DISREGARDING TRAFFIC SIGNALS,2,1,0.0,0.0,0.0,0.0,0.0,2.0,16,2,12,12/23/2024,2024-12-23,16:38:00
12/24/2024 12:30:00 PM,3.0,2,1,3,5,1,3,3,0,1,2,UNABLE TO DETERMINE,2,1,0.0,0.0,0.0,0.0,0.0,3.0,12,3,12,12/24/2024,2024-12-24,12:30:00
12/25/2024 07:28:00 PM,7.0,4,4,4,7,1,4,3,0,1,3,UNABLE TO DETERMINE,2,1,0.0,0.0,0.0,0.0,0.0,9.0,19,4,12,12/25/2024,2024-12-25,19:28:00
12/24/2024 06:39:00 AM,7.0,2,3,5,5,1,3,3,1,1,3,FAILING TO YIELD RIGHT-OF-WAY,2,2,2.0,0.0,0.0,0.0,2.0,0.0,6,3,12,12/24/2024,2024-12-24,06:39:00
12/26/2024 09:00:00 PM,5.0,2,5,4,6,1,1,1,1,1,3,UNABLE TO DETERMINE,2,2,1.0,0.0,0.0,0.0,1.0,1.0,21,5,12,12/26/2024,2024-12-26,21:00:00
12/31/2024 06:26:00 PM,3.0,4,5,6,5,1,4,3,0,1,1,FAILING TO YIELD RIGHT-OF-WAY,2,1,0.0,0.0,0.0,0.0,0.0,2.0,18,3,12,12/31/2024,2024-12-31,18:26:00
12/23/2024 04:30:00 PM,5.0,2,1,3,5,1,3,3,0,1,3,UNABLE TO DETERMINE,2,1,0.0,0.0,0.0,0.0,0.0,2.0,16,2,12,12/23/2024,2024-12-23,16:30:00
12/28/2024 03:35:00 PM,5.0,2,1,3,6,1,3,3,0,1,2,UNABLE TO DETERMINE,2,1,0.0,0.0,0.0,0.0,0.0,3.0,15,7,12,12/28/2024,2024-12-28,15:35:00
12/26/2024 11:48:00 PM,3.0,4,4,11,6,1,4,3,0,1,3,UNABLE TO DETERMINE,2,1,0.0,0.0,0.0,0.0,0.0,1.0,23,5,12,12/26/2024,2024-12-26,23:48:00
12/27/2024 11:20:00 PM,3.0,4,5,6,7,1,4,3,0,1,3,UNABLE TO DETERMINE,2,1,0.0,0.0,0.0,0.0,0.0,2.0,23,6,12,12/27/2024,2024-12-27,23:20:00
12/21/2024 07:54:00 PM,5.0,2,3,4,6,1,3,3,0,1,2,IMPROPER LANE USAGE,2,1,0.0,0.0,0.0,0.0,0.0,2.0,19,7,12,12/21/2024,2024-12-21,19:54:00
12/26/2024 09:03:00 AM,5.0,4,1,13,5,1,4,3,1,1,1,UNABLE TO DETERMINE,2,2,1.0,0.0,0.0,0.0,1.0,1.0,9,5,12,12/26/2024,2024-12-26,09:03:00
12/29/2024 05:39:00 PM,7.0,4,4,5,1,1,4,1,1,1,3,UNABLE TO DETERMINE,2,2,2.0,0.0,0.0,0.0,2.0,3.0,17,1,12,12/29/2024,2024-12-29,17:39:00
12/25/2024 02:08:00 PM,5.0,3,1,5,6,1,3,3,1,1,3,FAILING TO YIELD RIGHT-OF-WAY,2,2,2.0,0.0,0.0,0.0,2.0,0.0,14,4,12,12/25/2024,2024-12-25,14:08:00
12/27/2024 08:10:00 PM,5.0,2,4,6,5,1,4,3,1,1,3,FAILING TO YIELD RIGHT-OF-WAY,2,1,0.0,0.0,0.0,0.0,0.0,2.0,20,6,12,12/27/2024,2024-12-27,20:10:00
12/31/2024 10:25:00 PM,5.0,4,4,4,5,1,4,3,0,1,2,FOLLOWING TOO CLOSELY,2,1,0.0,0.0,0.0,0.0,0.0,2.0,22,3,12,12/31/2024,2024-12-31,22:25:00
12/23/2024 02:01:00 AM,5.0,2,4,5,2,1,3,3,0,1,3,UNABLE TO DETERMINE,2,1,0.0,0.0,0.0,0.0,0.0,2.0,2,2,12,12/23/2024,2024-12-23,02:01:00
12/27/2024 09:30:00 AM,5.0,4,1,5,5,1,4,3,0,0,1,UNABLE TO DETERMINE,2,1,0.0,0.0,0.0,0.0,0.0,2.0,9,6,12,12/27/2024,2024-12-27,09:30:00
12/31/2024 12:30:00 PM,5.0,4,1,5,5,1,4,3,0,1,3,DISREGARDING OTHER TRAFFIC SIGNS,2,1,0.0,0.0,0.0,0.0,0.0,2.0,12,3,12,12/31/2024,2024-12-31,12:30:00
12/27/2024 11:48:00 AM,7.0,4,1,5,6,2,4,1,1,1,3,FAILING TO YIELD RIGHT-OF-WAY,2,1,0.0,0.0,0.0,0.0,0.0,2.0,11,6,12,12/27/2024,2024-12-27,11:48:00
12/29/2024 07:53:00 PM,5.0,2,4,6,4,1,4,3,1,1,3,FAILING TO YIELD RIGHT-OF-WAY,2,3,2.0,0.0,0.0,2.0,0.0,2.0,19,1,12,12/29/2024,2024-12-29,19:53:00
12/22/2024 05:15:00 AM,7.0,2,2,5,5,1,3,3,1,1,3,DISREGARDING STOP SIGN,2,3,2.0,0.0,0.0,2.0,0.0,0.0,5,1,12,12/22/2024,2024-12-22,05:15:00
12/27/2024 08:42:00 PM,5.0,4,4,5,6,1,4,3,1,1,3,DISREGARDING TRAFFIC SIGNALS,2,2,1.0,0.0,0.0,0.0,1.0,4.0,20,6,12,12/27/2024,2024-12-27,20:42:00
12/31/2024 01:15:00 PM,5.0,4,1,4,5,1,4,3,0,1,2,FOLLOWING TOO CLOSELY,2,1,0.0,0.0,0.0,0.0,0.0,3.0,13,3,12,12/31/2024,2024-12-31,13:15:00