crash_date,traffic_control_device,weather_condition,lighting_condition,first_crash_type,trafficway_type,alignment,roadway_surface_cond,road_defect,crash_type,intersection_related_i,damage,prim_contributory_cause,num_units,most_severe_injury,injuries_total,injuries_fatal,injuries_incapacitating,injuries_non_incapacitating,injuries_reported_not_evident,injuries_no_indication,crash_hour,crash_day_of_week,crash_month,parsed_datetime,date,time
12/29/2024 01:37:00 PM,5.0,4,1,6,3,1,4,1,1,1,3,FAILING TO YIELD RIGHT-OF-WAY,2,2,1.0,0.0,0.0,0.0,1.0,3.0,13,1,12,12/29/2024,2024-12-29,13:37:00
12/29/2024 08:22:00 AM,5.0,4,2,4,5,1,4,3,0,1,3,FOLLOWING TOO CLOSELY,2,1,0.0,0.0,0.0,0.0,0.0,7.0,8,1,12,12/29/2024,2024-12-29,08:22:00
12/30/2024 04:40:00 PM,3.0,2,4,4,5,1,3,3,0,1,3,UNABLE TO DETERMINE,2,1,0.0,0.0,0.0,0.0,0.0,3.0,16,2,12,12/30/2024,2024-12-30,16:40:00
12/30/2024 01:30:00 PM,7.0,2,1,6,10,1,3,3,0,1,3,UNABLE TO DETERMINE,2,1,0.0,0.0,0.0,0.0,0.0,2.0,13,2,12,12/30/2024,2024-12-30,13:30:00
12/27/2024 02:50:00 PM,5.0,4,1,5,5,1,4,3,1,1,3,UNABLE TO DETERMINE,2,1,0.0,0.0,0.0,0.0,0.0,4.0,14,6,12,12/27/2024,2024-12-27,14:50:00
12/28/2024 11:08:00 AM,5.0,2,1,3,5,1,3,3,0,1,3,UNABLE TO DETERMINE,2,1,0.0,0.0,0.0,0.0,0.0,2.0,11,7,12,12/28/2024,2024-12-28,11:08:00
12/29/2024 07:50:00 AM,5.0,4,1,5,6,1,4,3,1,1,3,FAILING TO YIELD RIGHT-OF-WAY,2,3,2.0,0.0,0.0,2.0,0.0,0.0,7,1,12,12/29/2024,2024-12-29,07:50:00
12/30/2024 02:20:00 PM,5.0,2,1,6,6,1,3,3,0,1,3,FOLLOWING TOO CLOSELY,2,1,0.0,0.0,0.0,0.0,0.0,2.0,14,2,12,12/30/2024,2024-12-30,14:20:00
12/23/2024 05:48:00 PM,5.0,2,4,6,14,1,3,3,0,1,3,FAILING TO YIELD RIGHT-OF-WAY,2,1,0.0,0.0,0.0,0.0,0.0,3.0,17,2,12,12/23/2024,2024-12-23,17:48:00
12/26/2024 06:20:00 PM,3.0,4,4,6,4,1,1,1,1,1,3,FAILING TO YIELD RIGHT-OF-WAY,2,1,0.0,0.0,0.0,0.0,0.0,5.0,18,5,12,12/26/2024,2024-12-26,18:20:00
12/27/2024 01:15:00 PM,5.0,4,1,6,6,1,4,1,0,1,3,FOLLOWING TOO CLOSELY,2,1,0.0,0.0,0.0,0.0,0.0,2.0,13,6,12,12/27/2024,2024-12-27,13:15:00
12/27/2024 10:42:00 PM,5.0,4,4,5,5,1,4,3,1,1,3,DISREGARDING TRAFFIC SIGNALS,2,1,0.0,0.0,0.0,0.0,0.0,6.0,22,6,12,12/27/2024,2024-12-27,22:42:00
12/22/2024 09:46:00 PM,5.0,2,4,4,5,1,3,3,1,1,3,FAILING TO REDUCE SPEED TO AVOID CRASH,2,3,2.0,0.0,0.0,2.0,0.0,0.0,21,1,12,12/22/2024,2024-12-22,21:46:00
12/30/2024 02:50:00 PM,3.0,2,1,4,6,1,3,3,1,1,3,UNABLE TO DETERMINE,2,1,0.0,0.0,0.0,0.0,0.0,2.0,14,2,12,12/30/2024,2024-12-30,14:50:00
12/28/2024 05:22:00 PM,5.0,2,4,4,5,1,3,3,0,1,3,"EVASIVE ACTION DUE TO ANIMAL, OBJECT, NONMOTORIST",2,1,0.0,0.0,0.0,0.0,0.0,2.0,17,7,12,12/28/2024,2024-12-28,17:22:00
12/27/2024 01:30:00 PM,5.0,1,1,4,12,1,4,3,1,0,3,UNABLE TO DETERMINE,2,3,1.0,0.0,0.0,1.0,0.0,1.0,13,6,12,12/27/2024,2024-12-27,13:30:00
12/27/2024 02:10:00 PM,7.0,2,1,5,4,1,4,3,0,1,3,FAILING TO YIELD RIGHT-OF-WAY,2,1,0.0,0.0,0.0,0.0,0.0,2.0,14,6,12,12/27/2024,2024-12-27,14:10:00
12/31/2024 11:10:00 AM,5.0,4,1,5,5,1,4,3,1,1,3,DISTRACTION - FROM INSIDE VEHICLE,2,1,0.0,0.0,0.0,0.0,0.0,3.0,11,3,12,12/31/2024,2024-12-31,11:10:00
12/29/2024 04:07:00 AM,5.0,4,4,5,5,1,4,3,1,1,3,FAILING TO YIELD RIGHT-OF-WAY,2,3,1.0,0.0,0.0,1.0,0.0,3.0,4,1,12,12/29/2024,2024-12-29,04:07:00
12/29/2024 01:00:00 AM,5.0,3,4,6,5,1,4,3,1,1,3,"OPERATING VEHICLE IN ERRATIC, RECKLESS, CARELESS, NEGLIGENT OR AGGRESSIVE MANNER",2,1,0.0,0.0,0.0,0.0,0.0,2.0,1,1,12,12/29/2024,2024-12-29,01:00:00
12/23/2024 04:24:00 PM,5.0,2,4,3,5,1,3,3,0,1,3,UNABLE TO DETERMINE,2,1,0.0,0.0,0.0,0.0,0.0,2.0,16,2,12,12/23/2024,2024-12-23,16:24:00
12/28/2024 04:55:00 PM,5.0,2,3,4,4,1,3,1,0,1,2,UNABLE TO DETERMINE,2,1,0.0,0.0,0.0,0.0,0.0,2.0,16,7,12,12/28/2024,2024-12-28,16:55:00
12/23/2024 06:23:00 PM,5.0,2,4,5,5,1,3,3,0,1,3,UNABLE TO DETERMINE,2,1,0.0,0.0,0.0,0.0,0.0,2.0,18,2,12,12/23/2024,2024-12-23,18:23:00
12/25/2024 04:59:00 PM,5.0,2,5,3,6,2,3,3,0,1,2,IMPROPER OVERTAKING/PASSING,2,1,0.0,0.0,0.0,0.0,0.0,2.0,16,4,12,12/25/2024,2024-12-25,16:59:00
12/31/2024 07:17:00 PM,5.0,2,4,4,6,1,3,3,0,0,3,FOLLOWING TOO CLOSELY,2,1,0.0,0.0,0.0,0.0,0.0,3.0,19,3,12,12/31/2024,2024-12-31,19:17:00
12/23/2024 06:48:00 AM,5.0,3,5,4,6,1,3,3,1,0,2,DRIVING SKILLS/KNOWLEDGE/EXPERIENCE,2,1,0.0,0.0,0.0,0.0,0.0,6.0,6,2,12,12/23/2024,2024-12-23,06:48:00
12/30/2024 04:18:00 PM,5.0,2,1,4,5,1,3,1,0,1,1,UNABLE TO DETERMINE,2,1,0.0,0.0,0.0,0.0,0.0,2.0,16,2,12,12/30/2024,2024-12-30,16:18:00
12/19/2024 02:00:00 PM,5.0,2,1,6,5,1,3,3,0,1,3,UNABLE TO DETERMINE,2,1,0.0,0.0,0.0,0.0,0.0,2.0,14,5,12,12/19/2024,2024-12-19,14:00:00
12/26/2024 10:43:00 AM,7.0,3,1,5,5,1,4,1,1,1,3,UNABLE TO DETERMINE,2,3,1.0,0.0,0.0,1.0,0.0,1.0,10,5,12,12/26/2024,2024-12-26,10:43:00
12/17/2024 11:35:00 PM,7.0,2,4,5,5,1,3,3,1,1,3,UNABLE TO DETERMINE,2,3,2.0,0.0,0.0,1.0,1.0,0.0,23,3,12,12/17/2024,2024-12-17,23:35:00
12/25/2024 09:30:00 PM,3.0,2,1,5,5,1,1,1,1,1,3,UNABLE TO DETERMINE,2,3,1.0,0.0,0.0,1.0,0.0,2.0,21,4,12,12/25/2024,2024-12-25,21:30:00
12/27/2024 02:35:00 PM,7.0,4,1,6,6,1,4,3,0,1,3,IMPROPER TURNING/NO SIGNAL,2,1,0.0,0.0,0.0,0.0,0.0,3.0,14,6,12,12/27/2024,2024-12-27,14:35:00
12/28/2024 09:50:00 AM,5.0,4,1,6,5,1,4,3,1,1,3,FAILING TO YIELD RIGHT-OF-WAY,2,1,0.0,0.0,0.0,0.0,0.0,3.0,9,7,12,12/28/2024,2024-12-28,09:50:00
12/25/2024 12:54:00 AM,5.0,2,5,4,4,1,3,3,0,1,3,FAILING TO REDUCE SPEED TO AVOID CRASH,2,1,0.0,0.0,0.0,0.0,0.0,5.0,0,4,12,12/25/2024,2024-12-25,00:54:00
12/27/2024 01:35:00 PM,7.0,4,1,3,6,1,4,3,0,1,2,FAILING TO YIELD RIGHT-OF-WAY,2,1,0.0,0.0,0.0,0.0,0.0,2.0,13,6,12,12/27/2024,2024-12-27,13:35:00
12/23/2024 07:30:00 PM,7.0,2,4,6,3,1,3,3,0,1,3,IMPROPER TURNING/NO SIGNAL,2,1,0.0,0.0,0.0,0.0,0.0,3.0,19,2,12,12/23/2024,2024-12-23,19:30:00
12/28/2024 01:30:00 PM,5.0,2,1,6,10,1,3,3,0,1,3,DISREGARDING ROAD MARKINGS,2,1,0.0,0.0,0.0,0.0,0.0,2.0,13,7,12,12/28/2024,2024-12-28,13:30:00
12/29/2024 11:00:00 PM,5.0,4,4,4,6,1,4,1,0,1,3,FAILING TO REDUCE SPEED TO AVOID CRASH,2,1,0.0,0.0,0.0,0.0,0.0,2.0,23,1,12,12/29/2024,2024-12-29,23:00:00
12/31/2024 03:14:00 PM,5.0,4,1,13,3,1,4,3,1,1,3,FAILING TO YIELD RIGHT-OF-WAY,2,4,1.0,0.0,1.0,0.0,0.0,1.0,15,3,12,12/31/2024,2024-12-31,15:14:00
12/27/2024 04:44:00 PM,5.0,4,5,3,2,1,4,3,0,1,3,IMPROPER OVERTAKING/PASSING,2,1,0.0,0.0,0.0,0.0,0.0,2.0,16,6,12,12/27/2024,2024-12-27,16:44:00
12/21/2024 04:05:00 PM,5.0,2,1,6,5,1,3,1,1,1,3,IMPROPER TURNING/NO SIGNAL,2,2,1.0,0.0,0.0,0.0,1.0,1.0,16,7,12,12/21/2024,2024-12-21,16:05:00
12/29/2024 01:30:00 PM,5.0,2,1,3,5,1,1,1,0,1,3,FAILING TO YIELD RIGHT-OF-WAY,2,1,0.0,0.0,0.0,0.0,0.0,2.0,13,1,12,12/29/2024,2024-12-29,13:30:00
12/27/2024 04:00:00 PM,7.0,2,1,4,5,1,1,1,0,1,3,UNABLE TO DETERMINE,2,1,0.0,0.0,0.0,0.0,0.0,2.0,16,6,12,12/27/2024,2024-12-27,16:00:00
12/30/2024 07:30:00 PM,5.0,2,5,6,14,1,3,3,0,1,3,IMPROPER TURNING/NO SIGNAL,2,1,0.0,0.0,0.0,0.0,0.0,2.0,19,2,12,12/30/2024,2024-12-30,19:30:00
12/22/2024 04:16:00 AM,7.0,2,4,6,4,1,3,3,0,1,3,DISREGARDING STOP SIGN,2,1,0.0,0.0,0.0,0.0,0.0,2.0,4,1,12,12/22/2024,2024-12-22,04:16:00
12/24/2024 06:26:00 PM,5.0,2,5,3,6,1,3,3,1,1,3,FAILING TO YIELD RIGHT-OF-WAY,2,2,1.0,0.0,0.0,0.0,1.0,1.0,18,3,12,12/24/2024,2024-12-24,18:26:00
12/28/2024 08:10:00 AM,5.0,3,1,4,5,1,3,3,0,1,3,UNABLE TO DETERMINE,2,1,0.0,0.0,0.0,0.0,0.0,2.0,8,7,12,12/28/2024,2024-12-28,08:10:00
12/22/2024 12:53:00 AM,5.0,2,4,4,5,1,3,3,0,1,1,UNABLE TO DETERMINE,2,1,0.0,0.0,0.0,0.0,0.0,4.0,0,1,12,12/22/2024,2024-12-22,00:53:00
12/24/2024 11:35:00 AM,5.0,2,1,6,5,1,3,3,1,1,3,FAILING TO YIELD RIGHT-OF-WAY,2,1,0.0,0.0,0.0,0.0,0.0,2.0,11,3,12,12/24/2024,2024-12-24,11:35:00
12/31/2024 02:45:00 PM,7.0,4,1,6,5,1,4,3,0,1,3,FAILING TO YIELD RIGHT-OF-WAY,2,1,0.0,0.0,0.0,0.0,0.0,3.0,14,3,12,12/31/2024,2024-12-31,14:45:00
12/17/2024 08:03:00 PM,5.0,2,4,5,6,1,3,3,1,1,3,DISREGARDING OTHER TRAFFIC SIGNS,2,1,0.0,0.0,0.0,0.0,0.0,3.0,20,3,12,12/17/2024,2024-12-17,20:03:00
12/23/2024 08:30:00 PM,3.0,2,4,6,6,1,3,3,0,1,3,UNABLE TO DETERMINE,2,1,0.0,0.0,0.0,0.0,0.0,2.0,20,2,12,12/23/2024,2024-12-23,20:30:00
12/27/2024 03:40:00 PM,3.0,4,1,14,6,1,4,3,1,1,1,IMPROPER LANE USAGE,2,3,1.0,0.0,0.0,1.0,0.0,1.0,15,6,12,12/27/2024,2024-12-27,15:40:00
12/28/2024 03:35:00 PM,5.0,2,1,6,4,1,3,3,0,1,3,FAILING TO YIELD RIGHT-OF-WAY,2,1,0.0,0.0,0.0,0.0,0.0,3.0,15,7,12,12/28/2024,2024-12-28,15:35:00
12/29/2024 07:05:00 PM,5.0,2,1,3,14,1,1,1,0,1,3,FAILING TO YIELD RIGHT-OF-WAY,2,1,0.0,0.0,0.0,0.0,0.0,2.0,19,1,12,12/29/2024,2024-12-29,19:05:00
12/18/2024 07:30:00 PM,3.0,2,4,14,16,1,3,1,1,1,2,FAILING TO YIELD RIGHT-OF-WAY,2,3,1.0,0.0,0.0,1.0,0.0,1.0,19,4,12,12/18/2024,2024-12-18,19:30:00
12/23/2024 03:08:00 PM,5.0,2,1,6,5,1,3,3,0,1,1,IMPROPER TURNING/NO SIGNAL,2,1,0.0,0.0,0.0,0.0,0.0,2.0,15,2,12,12/23/2024,2024-12-23,15:08:00
12/25/2024 08:41:00 PM,5.0,4,4,6,6,1,4,3,0,1,3,IMPROPER TURNING/NO SIGNAL,2,1,0.0,0.0,0.0,0.0,0.0,5.0,20,4,12,12/25/2024,2024-12-25,20:41:00
12/23/2024 08:50:00 PM,5.0,2,4,3,5,1,3,3,0,1,3,UNABLE TO DETERMINE,2,1,0.0,0.0,0.0,0.0,0.0,2.0,20,2,12,12/23/2024,2024-12-23,20:50:00
12/27/2024 07:50:00 PM,7.0,4,4,5,5,1,4,1,0,1,3,FAILING TO YIELD RIGHT-OF-WAY,2,1,0.0,0.0,0.0,0.0,0.0,2.0,19,6,12,12/27/2024,2024-12-27,19:50:00
12/23/2024 09:34:00 AM,7.0,2,1,5,6,1,3,1,1,1,3,UNABLE TO DETERMINE,2,1,0.0,0.0,0.0,0.0,0.0,2.0,9,2,12,12/23/2024,2024-12-23,09:34:00
12/24/2024 05:45:00 AM,5.0,2,4,4,4,1,3,3,0,1,3,FOLLOWING TOO CLOSELY,2,1,0.0,0.0,0.0,0.0,0.0,2.0,5,3,12,12/24/2024,2024-12-24,05:45:00
12/26/2024 11:35:00 AM,7.0,8,1,4,4,1,3,3,0,1,3,UNABLE TO DETERMINE,2,1,0.0,0.0,0.0,0.0,0.0,2.0,11,5,12,12/26/2024,2024-12-26,11:35:00
12/29/2024 03:00:00 PM,5.0,4,1,4,4,1,1,1,0,1,3,FOLLOWING TOO CLOSELY,2,1,0.0,0.0,0.0,0.0,0.0,2.0,15,1,12,12/29/2024,2024-12-29,15:00:00
12/26/2024 06:50:00 AM,7.0,3,2,8,5,1,4,3,1,1,3,UNABLE TO DETERMINE,2,3,1.0,0.0,0.0,1.0,0.0,1.0,6,5,12,12/26/2024,2024-12-26,06:50:00
12/27/2024 03:50:00 PM,5.0,4,4,4,5,1,4,3,0,1,3,UNABLE TO DETERMINE,2,1,0.0,0.0,0.0,0.0,0.0,2.0,15,6,12,12/27/2024,2024-12-27,15:50:00
12/28/2024 10:15:00 AM,3.0,2,1,5,5,1,3,3,1,1,3,FAILING TO YIELD RIGHT-OF-WAY,2,1,0.0,0.0,0.0,0.0,0.0,3.0,10,7,12,12/28/2024,2024-12-28,10:15:00
12/29/2024 01:33:00 PM,5.0,4,1,13,9,1,4,3,1,1,1,"VISION OBSCURED (SIGNS, TREE LIMBS, BUILDINGS, ETC.)",2,2,1.0,0.0,0.0,0.0,1.0,2.0,13,1,12,12/29/2024,2024-12-29,13:33:00
12/23/2024 02:16:00 PM,5.0,2,1,4,6,1,3,1,0,1,2,UNABLE TO DETERMINE,2,1,0.0,0.0,0.0,0.0,0.0,2.0,14,2,12,12/23/2024,2024-12-23,14:16:00
12/24/2024 08:50:00 AM,5.0,2,1,5,5,1,3,3,1,1,2,FAILING TO YIELD RIGHT-OF-WAY,2,1,0.0,0.0,0.0,0.0,0.0,2.0,8,3,12,12/24/2024,2024-12-24,08:50:00
12/28/2024 12:01:00 PM,3.0,2,1,8,7,1,3,3,0,1,3,UNABLE TO DETERMINE,2,1,0.0,0.0,0.0,0.0,0.0,2.0,12,7,12,12/28/2024,2024-12-28,12:01:00
12/31/2024 01:00:00 PM,7.0,2,1,5,4,1,4,1,0,1,2,FAILING TO YIELD RIGHT-OF-WAY,2,1,0.0,0.0,0.0,0.0,0.0,2.0,13,3,12,12/31/2024,2024-12-31,13:00:00
12/23/2024 06:29:00 PM,5.0,2,4,6,5,1,3,3,0,1,3,DRIVING SKILLS/KNOWLEDGE/EXPERIENCE,2,1,0.0,0.0,0.0,0.0,0.0,3.0,18,2,12,12/23/2024,2024-12-23,18:29:00
12/30/2024 09:30:00 AM,3.0,2,1,12,2,1,3,1,0,1,3,UNABLE TO DETERMINE,2,1,0.0,0.0,0.0,0.0,0.0,1.0,9,2,12,12/30/2024,2024-12-30,09:30:00
12/14/2024 05:30:00 PM,8.0,4,4,2,7,2,4,1,1,1,2,UNABLE TO DETERMINE,2,2,1.0,0.0,0.0,0.0,1.0,1.0,17,7,12,12/14/2024,2024-12-14,17:30:00
12/14/2024 07:10:00 PM,3.0,4,4,6,4,1,4,3,1,1,3,UNABLE TO DETERMINE,2,1,0.0,0.0,0.0,0.0,0.0,2.0,19,7,12,12/14/2024,2024-12-14,19:10:00
12/23/2024 06:00:00 PM,5.0,2,4,5,6,1,3,3,0,1,2,IMPROPER BACKING,2,1,0.0,0.0,0.0,0.0,0.0,2.0,18,2,12,12/23/2024,2024-12-23,18:00:00
12/25/2024 11:20:00 PM,5.0,7,4,7,5,1,4,3,0,1,3,UNABLE TO DETERMINE,2,1,0.0,0.0,0.0,0.0,0.0,3.0,23,4,12,12/25/2024,2024-12-25,23:20:00
12/31/2024 12:22:00 PM,3.0,4,1,6,4,1,4,3,0,1,3,FAILING TO YIELD RIGHT-OF-WAY,2,1,0.0,0.0,0.0,0.0,0.0,2.0,12,3,12,12/31/2024,2024-12-31,12:22:00
12/21/2024 10:00:00 AM,1.0,2,1,6,5,1,1,1,1,1,3,UNABLE TO DETERMINE,2,2,1.0,0.0,0.0,0.0,1.0,1.0,10,7,12,12/21/2024,2024-12-21,10:00:00
12/26/2024 04:41:00 PM,3.0,4,4,5,4,1,4,3,0,1,1,IMPROPER OVERTAKING/PASSING,2,1,0.0,0.0,0.0,0.0,0.0,2.0,16,5,12,12/26/2024,2024-12-26,16:41:00
12/29/2024 11:15:00 AM,5.0,4,1,4,6,1,4,3,1,1,3,NOT APPLICABLE,2,2,1.0,0.0,0.0,0.0,1.0,2.0,11,1,12,12/29/2024,2024-12-29,11:15:00
12/24/2024 05:40:00 PM,5.0,2,4,3,5,1,3,3,0,1,3,IMPROPER OVERTAKING/PASSING,2,1,0.0,0.0,0.0,0.0,0.0,2.0,17,3,12,12/24/2024,2024-12-24,17:40:00
12/30/2024 06:53:00 PM,7.0,2,4,6,7,1,3,3,1,1,3,UNABLE TO DETERMINE,2,3,1.0,0.0,0.0,1.0,0.0,3.0,18,2,12,12/30/2024,2024-12-30,18:53:00
12/23/2024 05:34:00 PM,5.0,3,4,6,6,1,3,3,0,1,3,UNABLE TO DETERMINE,2,1,0.0,0.0,0.0,0.0,0.0,2.0,17,2,12,12/23/2024,2024-12-23,17:34:00
12/31/2024 07:45:00 PM,5.0,4,4,3,6,1,4,3,0,1,3,FAILING TO YIELD RIGHT-OF-WAY,2,1,0.0,0.0,0.0,0.0,0.0,2.0,19,3,12,12/31/2024,2024-12-31,19:45:00
12/27/2024 12:28:00 PM,5.0,4,1,6,6,1,4,3,0,1,3,FAILING TO YIELD RIGHT-OF-WAY,2,1,0.0,0.0,0.0,0.0,0.0,2.0,12,6,12,12/27/2024,2024-12-27,12:28:00
12/28/2024 04:20:00 PM,3.0,3,4,6,7,1,4,1,0,1,3,DRIVING SKILLS/KNOWLEDGE/EXPERIENCE,2,1,0.0,0.0,0.0,0.0,0.0,2.0,16,7,12,12/28/2024,2024-12-28,16:20:00
12/29/2024 01:42:00 AM,5.0,2,4,5,7,1,3,1,0,1,3,DISREGARDING TRAFFIC SIGNALS,2,1,0.0,0.0,0.0,0.0,0.0,4.0,1,1,12,12/29/2024,2024-12-29,01:42:00
12/29/2024 09:15:00 PM,5.0,4,4,6,5,1,4,1,0,1,3,UNABLE TO DETERMINE,2,1,0.0,0.0,0.0,0.0,0.0,2.0,21,1,12,12/29/2024,2024-12-29,21:15:00
12/25/2024 05:39:00 PM,5.0,4,4,5,9,1,4,3,1,1,3,UNABLE TO DETERMINE,2,1,0.0,0.0,0.0,0.0,0.0,2.0,17,4,12,12/25/2024,2024-12-25,17:39:00
12/29/2024 03:03:00 PM,7.0,4,1,5,6,1,4,1,0,1,3,WEATHER,2,1,0.0,0.0,0.0,0.0,0.0,2.0,15,1,12,12/29/2024,2024-12-29,15:03:00
12/22/2024 01:10:00 AM,3.0,2,4,3,4,1,3,1,1,0,3,UNABLE TO DETERMINE,2,1,0.0,0.0,0.0,0.0,0.0,3.0,1,1,12,12/22/2024,2024-12-22,01:10:00
12/27/2024 10:10:00 PM,5.0,4,4,13,6,1,4,3,1,1,1,FAILING TO YIELD RIGHT-OF-WAY,2,4,1.0,0.0,1.0,0.0,0.0,2.0,22,6,12,12/27/2024,2024-12-27,22:10:00
12/23/2024 01:48:00 PM,3.0,2,3,5,14,1,4,3,1,0,1,UNABLE TO DETERMINE,2,3,2.0,0.0,0.0,2.0,0.0,1.0,13,2,12,12/23/2024,2024-12-23,13:48:00
12/24/2024 10:18:00 AM,3.0,2,1,6,4,1,3,3,1,1,3,FAILING TO REDUCE SPEED TO AVOID CRASH,2,1,0.0,0.0,0.0,0.0,0.0,3.0,10,3,12,12/24/2024,2024-12-24,10:18:00
12/25/2024 04:20:00 PM,7.0,2,1,6,10,1,3,3,0,1,3,DRIVING ON WRONG SIDE/WRONG WAY,2,1,0.0,0.0,0.0,0.0,0.0,2.0,16,4,12,12/25/2024,2024-12-25,16:20:00
12/27/2024 06:30:00 PM,7.0,4,5,5,5,1,4,3,0,1,2,DISREGARDING STOP SIGN,2,1,0.0,0.0,0.0,0.0,0.0,3.0,18,6,12,12/27/2024,2024-12-27,18:30:00
12/21/2024 09:32:00 PM,3.0,2,4,6,5,1,3,3,0,1,3,NOT APPLICABLE,2,1,0.0,0.0,0.0,0.0,0.0,3.0,21,7,12,12/21/2024,2024-12-21,21:32:00
12/26/2024 11:00:00 AM,5.0,3,1,5,14,1,4,3,0,1,3,DISREGARDING TRAFFIC SIGNALS,2,1,0.0,0.0,0.0,0.0,0.0,3.0,11,5,12,12/26/2024,2024-12-26,11:00:00
12/27/2024 09:34:00 AM,7.0,3,1,5,6,1,3,3,1,1,3,FAILING TO YIELD RIGHT-OF-WAY,2,1,0.0,0.0,0.0,0.0,0.0,2.0,9,6,12,12/27/2024,2024-12-27,09:34:00
12/29/2024 11:29:00 AM,3.0,4,2,6,7,1,4,1,1,0,1,FAILING TO YIELD RIGHT-OF-WAY,2,1,0.0,0.0,0.0,0.0,0.0,3.0,11,1,12,12/29/2024,2024-12-29,11:29:00
12/19/2024 01:24:00 PM,5.0,2,1,13,5,1,3,3,1,1,1,DISTRACTION - FROM OUTSIDE VEHICLE,2,3,1.0,0.0,0.0,1.0,0.0,1.0,13,5,12,12/19/2024,2024-12-19,13:24:00
12/23/2024 12:05:00 PM,5.0,2,1,5,5,1,3,1,0,1,2,UNABLE TO DETERMINE,2,1,0.0,0.0,0.0,0.0,0.0,2.0,12,2,12,12/23/2024,2024-12-23,12:05:00
12/28/2024 02:00:00 PM,7.0,2,1,11,5,1,1,3,0,0,3,UNABLE TO DETERMINE,2,1,0.0,0.0,0.0,0.0,0.0,1.0,14,7,12,12/28/2024,2024-12-28,14:00:00
12/30/2024 06:10:00 AM,5.0,2,2,5,5,1,3,3,1,1,3,UNABLE TO DETERMINE,2,3,2.0,0.0,0.0,2.0,0.0,0.0,6,2,12,12/30/2024,2024-12-30,06:10:00
12/30/2024 04:32:00 PM,5.0,2,1,13,5,1,3,3,1,1,1,IMPROPER BACKING,2,2,1.0,0.0,0.0,0.0,1.0,1.0,16,2,12,12/30/2024,2024-12-30,16:32:00
12/19/2024 10:04:00 AM,7.0,2,1,5,6,1,3,3,1,1,3,FAILING TO YIELD RIGHT-OF-WAY,2,2,1.0,0.0,0.0,0.0,1.0,1.0,10,5,12,12/19/2024,2024-12-19,10:04:00
12/27/2024 06:38:00 PM,5.0,4,4,13,5,1,4,3,1,1,1,UNABLE TO DETERMINE,2,3,1.0,0.0,0.0,1.0,0.0,1.0,18,6,12,12/27/2024,2024-12-27,18:38:00
12/28/2024 02:29:00 AM,5.0,4,4,4,6,1,4,3,0,1,3,FAILING TO YIELD RIGHT-OF-WAY,2,1,0.0,0.0,0.0,0.0,0.0,3.0,2,7,12,12/28/2024,2024-12-28,02:29:00
12/29/2024 04:40:00 PM,3.0,2,4,6,7,1,4,3,0,1,3,TURNING RIGHT ON RED,2,1,0.0,0.0,0.0,0.0,0.0,2.0,16,1,12,12/29/2024,2024-12-29,16:40:00
12/30/2024 03:32:00 PM,5.0,2,1,3,6,1,3,3,0,1,3,DRIVING SKILLS/KNOWLEDGE/EXPERIENCE,2,1,0.0,0.0,0.0,0.0,0.0,2.0,15,2,12,12/30/2024,2024-12-30,15:32:00
12/30/2024 02:50:00 PM,7.0,2,1,5,7,1,3,3,1,0,3,FAILING TO YIELD RIGHT-OF-WAY,2,3,1.0,0.0,0.0,1.0,0.0,1.0,14,2,12,12/30/2024,2024-12-30,14:50:00
12/28/2024 12:15:00 PM,3.0,2,1,6,6,1,3,3,0,1,3,UNABLE TO DETERMINE,2,1,0.0,0.0,0.0,0.0,0.0,4.0,12,7,12,12/28/2024,2024-12-28,12:15:00
12/30/2024 06:45:00 PM,5.0,2,4,4,6,1,3,3,0,1,3,DISTRACTION - FROM OUTSIDE VEHICLE,2,1,0.0,0.0,0.0,0.0,0.0,2.0,18,2,12,12/30/2024,2024-12-30,18:45:00
12/21/2024 07:28:00 PM,5.0,2,4,5,5,1,3,3,1,1,3,FAILING TO YIELD RIGHT-OF-WAY,2,1,0.0,0.0,0.0,0.0,0.0,5.0,19,7,12,12/21/2024,2024-12-21,19:28:00
12/30/2024 02:53:00 PM,3.0,2,1,5,10,1,3,3,0,1,3,UNABLE TO DETERMINE,2,1,0.0,0.0,0.0,0.0,0.0,2.0,14,2,12,12/30/2024,2024-12-30,14:53:00
12/23/2024 01:00:00 PM,5.0,2,1,6,1,1,3,1,0,1,3,UNABLE TO DETERMINE,2,1,0.0,0.0,0.0,0.0,0.0,3.0,13,2,12,12/23/2024,2024-12-23,13:00:00
12/31/2024 08:24:00 AM,5.0,4,1,6,5,1,4,3,0,1,2,IMPROPER OVERTAKING/PASSING,2,1,0.0,0.0,0.0,0.0,0.0,2.0,8,3,12,12/31/2024,2024-12-31,08:24:00
12/24/2024 09:35:00 PM,7.0,2,4,5,7,1,3,3,1,1,3,FAILING TO YIELD RIGHT-OF-WAY,2,1,0.0,0.0,0.0,0.0,0.0,2.0,21,3,12,12/24/2024,2024-12-24,21:35:00
12/24/2024 05:35:00 PM,7.0,2,5,13,6,1,3,3,1,1,1,FAILING TO YIELD RIGHT-OF-WAY,2,2,1.0,0.0,0.0,0.0,1.0,1.0,17,3,12,12/24/2024,2024-12-24,17:35:00